metric,adjustment,replicate,null_lr
speaker_centroid_cosine_distance,Unadjusted,0,0.6943684040110725
speaker_centroid_cosine_distance,Unadjusted,1,0.1634797497122804
speaker_centroid_cosine_distance,Unadjusted,2,0.37839549698929886
speaker_centroid_cosine_distance,Unadjusted,3,0.7396020558085183
speaker_centroid_cosine_distance,Unadjusted,4,0.02919957116785099
speaker_centroid_cosine_distance,Unadjusted,5,0.6733912390723162
speaker_centroid_cosine_distance,Unadjusted,6,3.259866576776858
speaker_centroid_cosine_distance,Unadjusted,7,0.7460191816909401
speaker_centroid_cosine_distance,Unadjusted,8,0.06149605296224081
speaker_centroid_cosine_distance,Unadjusted,9,0.06723084530227652
speaker_centroid_cosine_distance,Unadjusted,10,0.753693255778046
speaker_centroid_cosine_distance,Unadjusted,11,0.4188363691612267
speaker_centroid_cosine_distance,Unadjusted,12,0.8800529504199517
speaker_centroid_cosine_distance,Unadjusted,13,0.14432929101963055
speaker_centroid_cosine_distance,Unadjusted,14,3.674302946102671
speaker_centroid_cosine_distance,Unadjusted,15,0.06605045977113377
speaker_centroid_cosine_distance,Unadjusted,16,2.843190172692232
speaker_centroid_cosine_distance,Unadjusted,17,0.15912880881239744
speaker_centroid_cosine_distance,Unadjusted,18,2.789583735773931
speaker_centroid_cosine_distance,Unadjusted,19,0.6597831305056729
speaker_centroid_cosine_distance,Unadjusted,20,0.16973566794126782
speaker_centroid_cosine_distance,Unadjusted,21,1.2453071541426084
speaker_centroid_cosine_distance,Unadjusted,22,0.12497028055196324
speaker_centroid_cosine_distance,Unadjusted,23,0.7495873097540766
speaker_centroid_cosine_distance,Unadjusted,24,1.7187135363548123
speaker_centroid_cosine_distance,Unadjusted,25,0.8555389121884787
speaker_centroid_cosine_distance,Unadjusted,26,2.7551577449847287
speaker_centroid_cosine_distance,Unadjusted,27,0.012790873225810628
speaker_centroid_cosine_distance,Unadjusted,28,0.00045054109494913064
speaker_centroid_cosine_distance,Unadjusted,29,0.23322319534258895
speaker_centroid_cosine_distance,Unadjusted,30,8.541082564895191
speaker_centroid_cosine_distance,Unadjusted,31,0.0375508219995595
speaker_centroid_cosine_distance,Unadjusted,32,2.314143028270621
speaker_centroid_cosine_distance,Unadjusted,33,0.8601805017293032
speaker_centroid_cosine_distance,Unadjusted,34,8.250557349966869
speaker_centroid_cosine_distance,Unadjusted,35,2.58690017134586
speaker_centroid_cosine_distance,Unadjusted,36,0.3421542455268991
speaker_centroid_cosine_distance,Unadjusted,37,1.2834133854375978
speaker_centroid_cosine_distance,Unadjusted,38,3.3772990206625764
speaker_centroid_cosine_distance,Unadjusted,39,0.058270337234773706
speaker_centroid_cosine_distance,Unadjusted,40,2.3148391523633904
speaker_centroid_cosine_distance,Unadjusted,41,0.009049316117284434
speaker_centroid_cosine_distance,Unadjusted,42,0.1319907558141722
speaker_centroid_cosine_distance,Unadjusted,43,2.505000172173709
speaker_centroid_cosine_distance,Unadjusted,44,0.9170853649168293
speaker_centroid_cosine_distance,Unadjusted,45,0.7630928716092171
speaker_centroid_cosine_distance,Unadjusted,46,0.1525490034397876
speaker_centroid_cosine_distance,Unadjusted,47,0.09249866845811994
speaker_centroid_cosine_distance,Unadjusted,48,0.9402125387139222
speaker_centroid_cosine_distance,Unadjusted,49,0.05053655024590853
speaker_centroid_cosine_distance,Unadjusted,50,2.75963997929955
speaker_centroid_cosine_distance,Unadjusted,51,0.08231127654602233
speaker_centroid_cosine_distance,Unadjusted,52,0.32158691383659743
speaker_centroid_cosine_distance,Unadjusted,53,0.4576441399984219
speaker_centroid_cosine_distance,Unadjusted,54,0.08048687038422031
speaker_centroid_cosine_distance,Unadjusted,55,0.00013966620548444553
speaker_centroid_cosine_distance,Unadjusted,56,0.37305084108254505
speaker_centroid_cosine_distance,Unadjusted,57,0.7908870643450996
speaker_centroid_cosine_distance,Unadjusted,58,0.22081190984641808
speaker_centroid_cosine_distance,Unadjusted,59,0.058317071157773626
speaker_centroid_cosine_distance,Unadjusted,60,1.7663811216371528
speaker_centroid_cosine_distance,Unadjusted,61,0.6529556855326177
speaker_centroid_cosine_distance,Unadjusted,62,0.389986678787011
speaker_centroid_cosine_distance,Unadjusted,63,0.5607731945534624
speaker_centroid_cosine_distance,Unadjusted,64,2.0812266901148178
speaker_centroid_cosine_distance,Unadjusted,65,4.928771163579029
speaker_centroid_cosine_distance,Unadjusted,66,0.2287964430371403
speaker_centroid_cosine_distance,Unadjusted,67,1.4125576689159516
speaker_centroid_cosine_distance,Unadjusted,68,1.578842558299982
speaker_centroid_cosine_distance,Unadjusted,69,0.20734939787547546
speaker_centroid_cosine_distance,Unadjusted,70,2.6869706749507714
speaker_centroid_cosine_distance,Unadjusted,71,0.5953955298265896
speaker_centroid_cosine_distance,Unadjusted,72,0.11404438287831908
speaker_centroid_cosine_distance,Unadjusted,73,0.27112357224257266
speaker_centroid_cosine_distance,Unadjusted,74,0.49930663182135504
speaker_centroid_cosine_distance,Unadjusted,75,0.6162749331419377
speaker_centroid_cosine_distance,Unadjusted,76,0.2649750267377158
speaker_centroid_cosine_distance,Unadjusted,77,0.1321113000823857
speaker_centroid_cosine_distance,Unadjusted,78,0.22727804935743734
speaker_centroid_cosine_distance,Unadjusted,79,0.06087858049880879
speaker_centroid_cosine_distance,Unadjusted,80,0.3347495284307911
speaker_centroid_cosine_distance,Unadjusted,81,1.718364576596798
speaker_centroid_cosine_distance,Unadjusted,82,0.07580770230140388
speaker_centroid_cosine_distance,Unadjusted,83,3.8287936275340826
speaker_centroid_cosine_distance,Unadjusted,84,1.7840859001269678
speaker_centroid_cosine_distance,Unadjusted,85,0.33412899044361666
speaker_centroid_cosine_distance,Unadjusted,86,0.4599032128460294
speaker_centroid_cosine_distance,Unadjusted,87,3.7294494214182237
speaker_centroid_cosine_distance,Unadjusted,88,4.046416582401491
speaker_centroid_cosine_distance,Unadjusted,89,2.881228228452926
speaker_centroid_cosine_distance,Unadjusted,90,0.00967404292663332
speaker_centroid_cosine_distance,Unadjusted,91,0.30657095442506943
speaker_centroid_cosine_distance,Unadjusted,92,2.5111624830913684
speaker_centroid_cosine_distance,Unadjusted,93,0.040213774124197244
speaker_centroid_cosine_distance,Unadjusted,94,1.3939693515599743
speaker_centroid_cosine_distance,Unadjusted,95,0.34887765049705877
speaker_centroid_cosine_distance,Unadjusted,96,0.4377343549042507
speaker_centroid_cosine_distance,Unadjusted,97,0.036098097465469436
speaker_centroid_cosine_distance,Unadjusted,98,0.479564061729036
speaker_centroid_cosine_distance,Unadjusted,99,1.010793572155933
speaker_centroid_cosine_distance,Unadjusted,100,1.893276970631291
speaker_centroid_cosine_distance,Unadjusted,101,3.912209276022395
speaker_centroid_cosine_distance,Unadjusted,102,0.0038827302082609094
speaker_centroid_cosine_distance,Unadjusted,103,2.577745993419285
speaker_centroid_cosine_distance,Unadjusted,104,0.3407254593820426
speaker_centroid_cosine_distance,Unadjusted,105,1.218914773294614
speaker_centroid_cosine_distance,Unadjusted,106,1.6274911458776273
speaker_centroid_cosine_distance,Unadjusted,107,2.0489656150480755
speaker_centroid_cosine_distance,Unadjusted,108,3.187884087289035
speaker_centroid_cosine_distance,Unadjusted,109,0.08020905850435156
speaker_centroid_cosine_distance,Unadjusted,110,0.16716583544229024
speaker_centroid_cosine_distance,Unadjusted,111,0.0033740700242219646
speaker_centroid_cosine_distance,Unadjusted,112,0.0011557942878539507
speaker_centroid_cosine_distance,Unadjusted,113,2.4962900214044907
speaker_centroid_cosine_distance,Unadjusted,114,0.3694748985785168
speaker_centroid_cosine_distance,Unadjusted,115,0.18273121526885916
speaker_centroid_cosine_distance,Unadjusted,116,0.03689761310766926
speaker_centroid_cosine_distance,Unadjusted,117,0.8091075204392837
speaker_centroid_cosine_distance,Unadjusted,118,1.2996463721824512
speaker_centroid_cosine_distance,Unadjusted,119,2.3695813897089124
speaker_centroid_cosine_distance,Unadjusted,120,0.890226473287953
speaker_centroid_cosine_distance,Unadjusted,121,4.60912751989548
speaker_centroid_cosine_distance,Unadjusted,122,1.156223428330918
speaker_centroid_cosine_distance,Unadjusted,123,2.6230293701323717
speaker_centroid_cosine_distance,Unadjusted,124,1.6938394661925713
speaker_centroid_cosine_distance,Unadjusted,125,0.2512101090778742
speaker_centroid_cosine_distance,Unadjusted,126,0.4059429473706473
speaker_centroid_cosine_distance,Unadjusted,127,0.05975551633309806
speaker_centroid_cosine_distance,Unadjusted,128,1.977069905097835
speaker_centroid_cosine_distance,Unadjusted,129,3.8446370525345515
speaker_centroid_cosine_distance,Unadjusted,130,0.0010974029564749799
speaker_centroid_cosine_distance,Unadjusted,131,1.0698079090025203
speaker_centroid_cosine_distance,Unadjusted,132,5.192731067452485
speaker_centroid_cosine_distance,Unadjusted,133,1.8247531336232896
speaker_centroid_cosine_distance,Unadjusted,134,0.0009230021577195657
speaker_centroid_cosine_distance,Unadjusted,135,2.194046063089047
speaker_centroid_cosine_distance,Unadjusted,136,0.1990418842290751
speaker_centroid_cosine_distance,Unadjusted,137,0.046395002344240766
speaker_centroid_cosine_distance,Unadjusted,138,3.670683402143652
speaker_centroid_cosine_distance,Unadjusted,139,0.5264894221903091
speaker_centroid_cosine_distance,Unadjusted,140,0.04385884985146049
speaker_centroid_cosine_distance,Unadjusted,141,4.643660001414844
speaker_centroid_cosine_distance,Unadjusted,142,0.611358198498408
speaker_centroid_cosine_distance,Unadjusted,143,0.8138863747353753
speaker_centroid_cosine_distance,Unadjusted,144,0.2625869130076808
speaker_centroid_cosine_distance,Unadjusted,145,3.176044653958229
speaker_centroid_cosine_distance,Unadjusted,146,0.05582614186613455
speaker_centroid_cosine_distance,Unadjusted,147,0.07478406739710408
speaker_centroid_cosine_distance,Unadjusted,148,1.2132481593750413
speaker_centroid_cosine_distance,Unadjusted,149,0.024790702278266963
speaker_centroid_cosine_distance,Unadjusted,150,0.002967410649659996
speaker_centroid_cosine_distance,Unadjusted,151,2.7907421738606217
speaker_centroid_cosine_distance,Unadjusted,152,3.933286736696857
speaker_centroid_cosine_distance,Unadjusted,153,5.916864976227771
speaker_centroid_cosine_distance,Unadjusted,154,0.026231890873077646
speaker_centroid_cosine_distance,Unadjusted,155,2.8673277602464964
speaker_centroid_cosine_distance,Unadjusted,156,0.018324148871386114
speaker_centroid_cosine_distance,Unadjusted,157,0.43471934449871696
speaker_centroid_cosine_distance,Unadjusted,158,1.8024630867316205
speaker_centroid_cosine_distance,Unadjusted,159,0.3079383162937006
speaker_centroid_cosine_distance,Unadjusted,160,5.70107290794067
speaker_centroid_cosine_distance,Unadjusted,161,3.3209385360846113
speaker_centroid_cosine_distance,Unadjusted,162,0.8877164283057368
speaker_centroid_cosine_distance,Unadjusted,163,1.4028340809180122
speaker_centroid_cosine_distance,Unadjusted,164,0.01993996818737287
speaker_centroid_cosine_distance,Unadjusted,165,0.4683214315485884
speaker_centroid_cosine_distance,Unadjusted,166,0.2084664533786622
speaker_centroid_cosine_distance,Unadjusted,167,2.3643483276557618
speaker_centroid_cosine_distance,Unadjusted,168,0.5927972690107595
speaker_centroid_cosine_distance,Unadjusted,169,0.07063251953707095
speaker_centroid_cosine_distance,Unadjusted,170,0.0037069594867489286
speaker_centroid_cosine_distance,Unadjusted,171,0.684656412221841
speaker_centroid_cosine_distance,Unadjusted,172,0.08537600420612534
speaker_centroid_cosine_distance,Unadjusted,173,0.18955968674168844
speaker_centroid_cosine_distance,Unadjusted,174,0.030822990158640096
speaker_centroid_cosine_distance,Unadjusted,175,0.33829611683194116
speaker_centroid_cosine_distance,Unadjusted,176,2.617998521365166
speaker_centroid_cosine_distance,Unadjusted,177,1.0207305712485208
speaker_centroid_cosine_distance,Unadjusted,178,0.0028619235451401437
speaker_centroid_cosine_distance,Unadjusted,179,0.001998207924657436
speaker_centroid_cosine_distance,Unadjusted,180,0.3482115195236588
speaker_centroid_cosine_distance,Unadjusted,181,0.5757704042467253
speaker_centroid_cosine_distance,Unadjusted,182,0.13696386576532404
speaker_centroid_cosine_distance,Unadjusted,183,5.600341958077195
speaker_centroid_cosine_distance,Unadjusted,184,0.09339538487591881
speaker_centroid_cosine_distance,Unadjusted,185,0.7083054223837166
speaker_centroid_cosine_distance,Unadjusted,186,0.0032899022570518355
speaker_centroid_cosine_distance,Unadjusted,187,1.7077137940860325
speaker_centroid_cosine_distance,Unadjusted,188,0.06711906046569993
speaker_centroid_cosine_distance,Unadjusted,189,1.2214029768372257
speaker_centroid_cosine_distance,Unadjusted,190,0.2270598518945235
speaker_centroid_cosine_distance,Unadjusted,191,1.4279345097519922
speaker_centroid_cosine_distance,Unadjusted,192,0.5167282637353878
speaker_centroid_cosine_distance,Unadjusted,193,0.007673569852329365
speaker_centroid_cosine_distance,Unadjusted,194,0.35731779162358634
speaker_centroid_cosine_distance,Unadjusted,195,7.825023383669986
speaker_centroid_cosine_distance,Unadjusted,196,3.9595121236026216
speaker_centroid_cosine_distance,Unadjusted,197,4.248581706731727
speaker_centroid_cosine_distance,Unadjusted,198,0.13110069587287398
speaker_centroid_cosine_distance,Unadjusted,199,0.04615429583543573
speaker_centroid_cosine_distance,Unadjusted,200,0.3171246837525814
speaker_centroid_cosine_distance,Unadjusted,201,1.8128875286924426
speaker_centroid_cosine_distance,Unadjusted,202,0.8220115375752926
speaker_centroid_cosine_distance,Unadjusted,203,1.9278679208408676
speaker_centroid_cosine_distance,Unadjusted,204,0.14295962214987412
speaker_centroid_cosine_distance,Unadjusted,205,0.05350922631708954
speaker_centroid_cosine_distance,Unadjusted,206,1.2849795662299357
speaker_centroid_cosine_distance,Unadjusted,207,0.21791013255455027
speaker_centroid_cosine_distance,Unadjusted,208,0.004472902138019208
speaker_centroid_cosine_distance,Unadjusted,209,1.6207280222623126
speaker_centroid_cosine_distance,Unadjusted,210,0.0038413285245724182
speaker_centroid_cosine_distance,Unadjusted,211,1.2573991818020431
speaker_centroid_cosine_distance,Unadjusted,212,0.7010580438808915
speaker_centroid_cosine_distance,Unadjusted,213,3.502860345140448
speaker_centroid_cosine_distance,Unadjusted,214,0.6399065854817536
speaker_centroid_cosine_distance,Unadjusted,215,0.9556588799679275
speaker_centroid_cosine_distance,Unadjusted,216,0.020903320864022135
speaker_centroid_cosine_distance,Unadjusted,217,2.7187035365969905
speaker_centroid_cosine_distance,Unadjusted,218,0.2377367525838281
speaker_centroid_cosine_distance,Unadjusted,219,1.3958067885288301
speaker_centroid_cosine_distance,Unadjusted,220,0.0030529464539768014
speaker_centroid_cosine_distance,Unadjusted,221,1.0121626833165465
speaker_centroid_cosine_distance,Unadjusted,222,0.09095102817389034
speaker_centroid_cosine_distance,Unadjusted,223,0.986077280768086
speaker_centroid_cosine_distance,Unadjusted,224,0.2514256133386539
speaker_centroid_cosine_distance,Unadjusted,225,0.5924985798912985
speaker_centroid_cosine_distance,Unadjusted,226,0.061277976733094874
speaker_centroid_cosine_distance,Unadjusted,227,0.5666304504523509
speaker_centroid_cosine_distance,Unadjusted,228,0.2922845311448441
speaker_centroid_cosine_distance,Unadjusted,229,0.003839503490723928
speaker_centroid_cosine_distance,Unadjusted,230,2.3874069529814506
speaker_centroid_cosine_distance,Unadjusted,231,0.5983244818758067
speaker_centroid_cosine_distance,Unadjusted,232,1.180736255608224
speaker_centroid_cosine_distance,Unadjusted,233,0.062305493827409464
speaker_centroid_cosine_distance,Unadjusted,234,0.9892480757280282
speaker_centroid_cosine_distance,Unadjusted,235,1.1882210943130076
speaker_centroid_cosine_distance,Unadjusted,236,0.38490464621776255
speaker_centroid_cosine_distance,Unadjusted,237,0.6971449156048948
speaker_centroid_cosine_distance,Unadjusted,238,1.324789066339065
speaker_centroid_cosine_distance,Unadjusted,239,4.070562917633595
speaker_centroid_cosine_distance,Unadjusted,240,0.3038878865262973
speaker_centroid_cosine_distance,Unadjusted,241,0.6585769874248513
speaker_centroid_cosine_distance,Unadjusted,242,0.0024093710796364576
speaker_centroid_cosine_distance,Unadjusted,243,0.17273453644304482
speaker_centroid_cosine_distance,Unadjusted,244,0.9241967067331416
speaker_centroid_cosine_distance,Unadjusted,245,1.7008819060891938
speaker_centroid_cosine_distance,Unadjusted,246,0.05714494785388524
speaker_centroid_cosine_distance,Unadjusted,247,0.2705149388053769
speaker_centroid_cosine_distance,Unadjusted,248,1.2823446287151228
speaker_centroid_cosine_distance,Unadjusted,249,1.2176121811017424
speaker_centroid_cosine_distance,Unadjusted,250,0.9922914099567492
speaker_centroid_cosine_distance,Unadjusted,251,0.6509044560218626
speaker_centroid_cosine_distance,Unadjusted,252,0.7751259665418502
speaker_centroid_cosine_distance,Unadjusted,253,0.04608545779188944
speaker_centroid_cosine_distance,Unadjusted,254,2.3471661573801725
speaker_centroid_cosine_distance,Unadjusted,255,1.277562188910565
speaker_centroid_cosine_distance,Unadjusted,256,0.4502835035663111
speaker_centroid_cosine_distance,Unadjusted,257,0.10128668511902106
speaker_centroid_cosine_distance,Unadjusted,258,0.18643549743728727
speaker_centroid_cosine_distance,Unadjusted,259,0.37002434679749285
speaker_centroid_cosine_distance,Unadjusted,260,0.025218918641144228
speaker_centroid_cosine_distance,Unadjusted,261,2.4093775704281484
speaker_centroid_cosine_distance,Unadjusted,262,0.1214737775792969
speaker_centroid_cosine_distance,Unadjusted,263,0.21515373074669242
speaker_centroid_cosine_distance,Unadjusted,264,1.8235880004853016
speaker_centroid_cosine_distance,Unadjusted,265,0.7241441758690712
speaker_centroid_cosine_distance,Unadjusted,266,0.6448202983427223
speaker_centroid_cosine_distance,Unadjusted,267,1.3296739707633947
speaker_centroid_cosine_distance,Unadjusted,268,0.1196411196419831
speaker_centroid_cosine_distance,Unadjusted,269,0.3834687069071947
speaker_centroid_cosine_distance,Unadjusted,270,0.3224299816232019
speaker_centroid_cosine_distance,Unadjusted,271,0.013549523144888553
speaker_centroid_cosine_distance,Unadjusted,272,3.712272415449604
speaker_centroid_cosine_distance,Unadjusted,273,2.657790395697134
speaker_centroid_cosine_distance,Unadjusted,274,0.360324977436278
speaker_centroid_cosine_distance,Unadjusted,275,0.7984545351686165
speaker_centroid_cosine_distance,Unadjusted,276,1.7083966391965646
speaker_centroid_cosine_distance,Unadjusted,277,1.129913183479232
speaker_centroid_cosine_distance,Unadjusted,278,0.15164481139129293
speaker_centroid_cosine_distance,Unadjusted,279,3.16031326318938
speaker_centroid_cosine_distance,Unadjusted,280,1.0737743054136217
speaker_centroid_cosine_distance,Unadjusted,281,0.5211179192534701
speaker_centroid_cosine_distance,Unadjusted,282,1.697693784256046
speaker_centroid_cosine_distance,Unadjusted,283,2.589120225650049
speaker_centroid_cosine_distance,Unadjusted,284,0.28404153428829204
speaker_centroid_cosine_distance,Unadjusted,285,0.07935131583519706
speaker_centroid_cosine_distance,Unadjusted,286,2.4086415932054024
speaker_centroid_cosine_distance,Unadjusted,287,3.005797565971193
speaker_centroid_cosine_distance,Unadjusted,288,0.5017173130370338
speaker_centroid_cosine_distance,Unadjusted,289,0.0729216917800386
speaker_centroid_cosine_distance,Unadjusted,290,0.1263512067278043
speaker_centroid_cosine_distance,Unadjusted,291,3.0746629136046977e-06
speaker_centroid_cosine_distance,Unadjusted,292,0.05376383052521305
speaker_centroid_cosine_distance,Unadjusted,293,0.05723833569066983
speaker_centroid_cosine_distance,Unadjusted,294,2.465567630584303
speaker_centroid_cosine_distance,Unadjusted,295,1.8812014749931905
speaker_centroid_cosine_distance,Unadjusted,296,0.25343304844142267
speaker_centroid_cosine_distance,Unadjusted,297,0.4411729265237341
speaker_centroid_cosine_distance,Unadjusted,298,0.11866062334200933
speaker_centroid_cosine_distance,Unadjusted,299,1.1017987104222016
speaker_centroid_cosine_distance,Unadjusted,300,2.142746601932629
speaker_centroid_cosine_distance,Unadjusted,301,0.02395129526405526
speaker_centroid_cosine_distance,Unadjusted,302,0.3040374337725211
speaker_centroid_cosine_distance,Unadjusted,303,0.2312780619578234
speaker_centroid_cosine_distance,Unadjusted,304,0.15276563830741452
speaker_centroid_cosine_distance,Unadjusted,305,0.0640219736309291
speaker_centroid_cosine_distance,Unadjusted,306,0.06155989948518936
speaker_centroid_cosine_distance,Unadjusted,307,2.3939439597527326
speaker_centroid_cosine_distance,Unadjusted,308,0.05541031475593172
speaker_centroid_cosine_distance,Unadjusted,309,0.44639823713015403
speaker_centroid_cosine_distance,Unadjusted,310,0.11783090690101972
speaker_centroid_cosine_distance,Unadjusted,311,0.04061644872490433
speaker_centroid_cosine_distance,Unadjusted,312,0.487567650517974
speaker_centroid_cosine_distance,Unadjusted,313,0.055856507286023316
speaker_centroid_cosine_distance,Unadjusted,314,1.3949602072492553
speaker_centroid_cosine_distance,Unadjusted,315,0.0034402919773128815
speaker_centroid_cosine_distance,Unadjusted,316,7.002553485086423
speaker_centroid_cosine_distance,Unadjusted,317,0.8579911257894537
speaker_centroid_cosine_distance,Unadjusted,318,2.6239829183829784
speaker_centroid_cosine_distance,Unadjusted,319,0.1065560139347781
speaker_centroid_cosine_distance,Unadjusted,320,6.207446039775505
speaker_centroid_cosine_distance,Unadjusted,321,0.23707503940562447
speaker_centroid_cosine_distance,Unadjusted,322,0.02025836299912953
speaker_centroid_cosine_distance,Unadjusted,323,1.3082302603646667
speaker_centroid_cosine_distance,Unadjusted,324,0.02797590909608516
speaker_centroid_cosine_distance,Unadjusted,325,0.3730259028045566
speaker_centroid_cosine_distance,Unadjusted,326,0.052425236205181136
speaker_centroid_cosine_distance,Unadjusted,327,0.3433229838470311
speaker_centroid_cosine_distance,Unadjusted,328,0.3991042745383879
speaker_centroid_cosine_distance,Unadjusted,329,0.508421005193668
speaker_centroid_cosine_distance,Unadjusted,330,5.476547138360161
speaker_centroid_cosine_distance,Unadjusted,331,0.5709845750537283
speaker_centroid_cosine_distance,Unadjusted,332,0.026394452346778507
speaker_centroid_cosine_distance,Unadjusted,333,3.2347701613921345
speaker_centroid_cosine_distance,Unadjusted,334,1.3318897639376814
speaker_centroid_cosine_distance,Unadjusted,335,4.831960601542107
speaker_centroid_cosine_distance,Unadjusted,336,0.11490888240166441
speaker_centroid_cosine_distance,Unadjusted,337,1.4795910692764664
speaker_centroid_cosine_distance,Unadjusted,338,0.36289635756122607
speaker_centroid_cosine_distance,Unadjusted,339,0.06571687050876562
speaker_centroid_cosine_distance,Unadjusted,340,3.3908675352589626
speaker_centroid_cosine_distance,Unadjusted,341,0.0024120174675772432
speaker_centroid_cosine_distance,Unadjusted,342,0.5097328926112823
speaker_centroid_cosine_distance,Unadjusted,343,8.52638818524315
speaker_centroid_cosine_distance,Unadjusted,344,2.8642715448159493
speaker_centroid_cosine_distance,Unadjusted,345,0.16461237215497704
speaker_centroid_cosine_distance,Unadjusted,346,0.0012050972273414118
speaker_centroid_cosine_distance,Unadjusted,347,0.36961192281063404
speaker_centroid_cosine_distance,Unadjusted,348,0.38992210678253514
speaker_centroid_cosine_distance,Unadjusted,349,5.542063389722216
speaker_centroid_cosine_distance,Unadjusted,350,0.05402759247999711
speaker_centroid_cosine_distance,Unadjusted,351,0.20688626116515252
speaker_centroid_cosine_distance,Unadjusted,352,0.018478934262930125
speaker_centroid_cosine_distance,Unadjusted,353,0.5232306142503376
speaker_centroid_cosine_distance,Unadjusted,354,0.02040610158843492
speaker_centroid_cosine_distance,Unadjusted,355,0.36744038361985076
speaker_centroid_cosine_distance,Unadjusted,356,0.05283923218121345
speaker_centroid_cosine_distance,Unadjusted,357,0.8331926209928611
speaker_centroid_cosine_distance,Unadjusted,358,1.914341521464621
speaker_centroid_cosine_distance,Unadjusted,359,0.9998632356218877
speaker_centroid_cosine_distance,Unadjusted,360,0.12552180376872002
speaker_centroid_cosine_distance,Unadjusted,361,1.9351783974710202
speaker_centroid_cosine_distance,Unadjusted,362,0.7940491137902086
speaker_centroid_cosine_distance,Unadjusted,363,2.581266613731543
speaker_centroid_cosine_distance,Unadjusted,364,0.8344270304547763
speaker_centroid_cosine_distance,Unadjusted,365,3.613652672606122
speaker_centroid_cosine_distance,Unadjusted,366,0.7914836198250441
speaker_centroid_cosine_distance,Unadjusted,367,0.1563379901448343
speaker_centroid_cosine_distance,Unadjusted,368,0.13017206860405395
speaker_centroid_cosine_distance,Unadjusted,369,5.7153018543010035
speaker_centroid_cosine_distance,Unadjusted,370,6.577335063127066
speaker_centroid_cosine_distance,Unadjusted,371,0.5475939342526317
speaker_centroid_cosine_distance,Unadjusted,372,0.8089682975694359
speaker_centroid_cosine_distance,Unadjusted,373,0.5742907057139632
speaker_centroid_cosine_distance,Unadjusted,374,1.0971715803951838
speaker_centroid_cosine_distance,Unadjusted,375,0.4308825493110362
speaker_centroid_cosine_distance,Unadjusted,376,0.07666049295244193
speaker_centroid_cosine_distance,Unadjusted,377,0.6706039220325692
speaker_centroid_cosine_distance,Unadjusted,378,1.0942061328734098
speaker_centroid_cosine_distance,Unadjusted,379,0.21169091074250446
speaker_centroid_cosine_distance,Unadjusted,380,0.17470857709849952
speaker_centroid_cosine_distance,Unadjusted,381,1.0230362311225463
speaker_centroid_cosine_distance,Unadjusted,382,3.348346013212506
speaker_centroid_cosine_distance,Unadjusted,383,2.0004193954878815
speaker_centroid_cosine_distance,Unadjusted,384,0.6567568303323696
speaker_centroid_cosine_distance,Unadjusted,385,0.5752150023602667
speaker_centroid_cosine_distance,Unadjusted,386,4.816596806549171
speaker_centroid_cosine_distance,Unadjusted,387,0.30372875871063343
speaker_centroid_cosine_distance,Unadjusted,388,0.9162457037845684
speaker_centroid_cosine_distance,Unadjusted,389,0.6669812768062684
speaker_centroid_cosine_distance,Unadjusted,390,1.7211210557704248
speaker_centroid_cosine_distance,Unadjusted,391,0.019164707983634344
speaker_centroid_cosine_distance,Unadjusted,392,3.1939295226819695
speaker_centroid_cosine_distance,Unadjusted,393,0.12654854036509278
speaker_centroid_cosine_distance,Unadjusted,394,0.17119123409401027
speaker_centroid_cosine_distance,Unadjusted,395,0.17326486326300028
speaker_centroid_cosine_distance,Unadjusted,396,1.4091406459904192
speaker_centroid_cosine_distance,Unadjusted,397,0.14200812654360107
speaker_centroid_cosine_distance,Unadjusted,398,0.5874486092711777
speaker_centroid_cosine_distance,Unadjusted,399,0.19230389665210623
speaker_centroid_cosine_distance,Unadjusted,400,0.408820730822697
speaker_centroid_cosine_distance,Unadjusted,401,0.09427614377563032
speaker_centroid_cosine_distance,Unadjusted,402,0.0009219050119781969
speaker_centroid_cosine_distance,Unadjusted,403,2.0598202241721992
speaker_centroid_cosine_distance,Unadjusted,404,1.2475887545363094
speaker_centroid_cosine_distance,Unadjusted,405,0.003601175354390307
speaker_centroid_cosine_distance,Unadjusted,406,1.4209231593342224
speaker_centroid_cosine_distance,Unadjusted,407,0.3211410845256637
speaker_centroid_cosine_distance,Unadjusted,408,0.004175384925588332
speaker_centroid_cosine_distance,Unadjusted,409,0.024636420477293086
speaker_centroid_cosine_distance,Unadjusted,410,1.291816459501831
speaker_centroid_cosine_distance,Unadjusted,411,0.4838336258893605
speaker_centroid_cosine_distance,Unadjusted,412,0.696486130837684
speaker_centroid_cosine_distance,Unadjusted,413,0.7726012191783411
speaker_centroid_cosine_distance,Unadjusted,414,0.6134887709167174
speaker_centroid_cosine_distance,Unadjusted,415,0.49304842079169475
speaker_centroid_cosine_distance,Unadjusted,416,0.052846378480239764
speaker_centroid_cosine_distance,Unadjusted,417,0.3353260981421613
speaker_centroid_cosine_distance,Unadjusted,418,0.056347183580896854
speaker_centroid_cosine_distance,Unadjusted,419,0.5821431634598184
speaker_centroid_cosine_distance,Unadjusted,420,0.07500448623972034
speaker_centroid_cosine_distance,Unadjusted,421,0.6580042410042779
speaker_centroid_cosine_distance,Unadjusted,422,0.37945336186550094
speaker_centroid_cosine_distance,Unadjusted,423,0.1092340277467656
speaker_centroid_cosine_distance,Unadjusted,424,0.4240937317622979
speaker_centroid_cosine_distance,Unadjusted,425,0.46905270236931074
speaker_centroid_cosine_distance,Unadjusted,426,2.544331349787001
speaker_centroid_cosine_distance,Unadjusted,427,3.3871375543717477
speaker_centroid_cosine_distance,Unadjusted,428,0.65153153673117
speaker_centroid_cosine_distance,Unadjusted,429,0.40997779273334345
speaker_centroid_cosine_distance,Unadjusted,430,4.874068787330543e-05
speaker_centroid_cosine_distance,Unadjusted,431,0.26256757249467455
speaker_centroid_cosine_distance,Unadjusted,432,0.12185437741726446
speaker_centroid_cosine_distance,Unadjusted,433,0.9469413706506202
speaker_centroid_cosine_distance,Unadjusted,434,2.4508526066925356
speaker_centroid_cosine_distance,Unadjusted,435,0.07056479540733562
speaker_centroid_cosine_distance,Unadjusted,436,0.025860933247656703
speaker_centroid_cosine_distance,Unadjusted,437,1.9909634556996139
speaker_centroid_cosine_distance,Unadjusted,438,1.9721352243225283
speaker_centroid_cosine_distance,Unadjusted,439,5.347729973298556
speaker_centroid_cosine_distance,Unadjusted,440,13.137084614416324
speaker_centroid_cosine_distance,Unadjusted,441,0.11181578365778932
speaker_centroid_cosine_distance,Unadjusted,442,1.9895925392967797
speaker_centroid_cosine_distance,Unadjusted,443,0.04722119221116827
speaker_centroid_cosine_distance,Unadjusted,444,0.08980323116333011
speaker_centroid_cosine_distance,Unadjusted,445,0.013084657669992339
speaker_centroid_cosine_distance,Unadjusted,446,0.5611297878222956
speaker_centroid_cosine_distance,Unadjusted,447,1.5172769917629694
speaker_centroid_cosine_distance,Unadjusted,448,0.36731214588070316
speaker_centroid_cosine_distance,Unadjusted,449,0.06375838618555463
speaker_centroid_cosine_distance,Unadjusted,450,0.054386150381105836
speaker_centroid_cosine_distance,Unadjusted,451,3.6768317956671694
speaker_centroid_cosine_distance,Unadjusted,452,1.3890885970172349
speaker_centroid_cosine_distance,Unadjusted,453,0.04165545007504079
speaker_centroid_cosine_distance,Unadjusted,454,2.562711553104293
speaker_centroid_cosine_distance,Unadjusted,455,1.842438163223619
speaker_centroid_cosine_distance,Unadjusted,456,2.203998857341219
speaker_centroid_cosine_distance,Unadjusted,457,0.10601422221475332
speaker_centroid_cosine_distance,Unadjusted,458,0.11494055070664899
speaker_centroid_cosine_distance,Unadjusted,459,1.1030892523976945
speaker_centroid_cosine_distance,Unadjusted,460,0.028548378390553353
speaker_centroid_cosine_distance,Unadjusted,461,3.452070840521742
speaker_centroid_cosine_distance,Unadjusted,462,0.2208998035544596
speaker_centroid_cosine_distance,Unadjusted,463,0.03819592083397083
speaker_centroid_cosine_distance,Unadjusted,464,0.08173550328757528
speaker_centroid_cosine_distance,Unadjusted,465,1.9423040598140346
speaker_centroid_cosine_distance,Unadjusted,466,0.013515600679397721
speaker_centroid_cosine_distance,Unadjusted,467,1.1670650194294012
speaker_centroid_cosine_distance,Unadjusted,468,0.21552405021253662
speaker_centroid_cosine_distance,Unadjusted,469,1.1188713278586988
speaker_centroid_cosine_distance,Unadjusted,470,2.205649821886084
speaker_centroid_cosine_distance,Unadjusted,471,0.8572682416505017
speaker_centroid_cosine_distance,Unadjusted,472,2.1328445072492173
speaker_centroid_cosine_distance,Unadjusted,473,0.4691035755726034
speaker_centroid_cosine_distance,Unadjusted,474,3.1641513703437454
speaker_centroid_cosine_distance,Unadjusted,475,1.9860328123640443
speaker_centroid_cosine_distance,Unadjusted,476,0.07151012130140089
speaker_centroid_cosine_distance,Unadjusted,477,1.0212021723533553
speaker_centroid_cosine_distance,Unadjusted,478,2.176855427324824
speaker_centroid_cosine_distance,Unadjusted,479,0.01634869044971765
speaker_centroid_cosine_distance,Unadjusted,480,0.004349552538883472
speaker_centroid_cosine_distance,Unadjusted,481,0.09002804339189652
speaker_centroid_cosine_distance,Unadjusted,482,2.2190131480414834
speaker_centroid_cosine_distance,Unadjusted,483,2.152942132895191
speaker_centroid_cosine_distance,Unadjusted,484,0.12873036529913406
speaker_centroid_cosine_distance,Unadjusted,485,0.00393845737431775
speaker_centroid_cosine_distance,Unadjusted,486,0.10999861328036786
speaker_centroid_cosine_distance,Unadjusted,487,0.012204958038751101
speaker_centroid_cosine_distance,Unadjusted,488,0.15891697239976565
speaker_centroid_cosine_distance,Unadjusted,489,0.028304569444344452
speaker_centroid_cosine_distance,Unadjusted,490,1.5292942758974846
speaker_centroid_cosine_distance,Unadjusted,491,3.15634618794752
speaker_centroid_cosine_distance,Unadjusted,492,5.204137499411615
speaker_centroid_cosine_distance,Unadjusted,493,0.05081174329785654
speaker_centroid_cosine_distance,Unadjusted,494,4.9242279091446335
speaker_centroid_cosine_distance,Unadjusted,495,7.20652100850225
speaker_centroid_cosine_distance,Unadjusted,496,0.38064305682013355
speaker_centroid_cosine_distance,Unadjusted,497,0.13519511452847155
speaker_centroid_cosine_distance,Unadjusted,498,0.15122871667176696
speaker_centroid_cosine_distance,Unadjusted,499,1.1572838613831777
speaker_centroid_cosine_distance,Unadjusted,500,3.3701531237857694
speaker_centroid_cosine_distance,Unadjusted,501,3.549403062269505
speaker_centroid_cosine_distance,Unadjusted,502,0.8968975432376283
speaker_centroid_cosine_distance,Unadjusted,503,0.5359533275197919
speaker_centroid_cosine_distance,Unadjusted,504,0.28689179206315885
speaker_centroid_cosine_distance,Unadjusted,505,5.70988619512633
speaker_centroid_cosine_distance,Unadjusted,506,8.951194184824999
speaker_centroid_cosine_distance,Unadjusted,507,3.8162585887633327
speaker_centroid_cosine_distance,Unadjusted,508,1.8101254889186293
speaker_centroid_cosine_distance,Unadjusted,509,0.008481766716784023
speaker_centroid_cosine_distance,Unadjusted,510,0.060885169867447075
speaker_centroid_cosine_distance,Unadjusted,511,0.547455635802578
speaker_centroid_cosine_distance,Unadjusted,512,1.862447947360522
speaker_centroid_cosine_distance,Unadjusted,513,0.3969384915291698
speaker_centroid_cosine_distance,Unadjusted,514,0.03532676003561619
speaker_centroid_cosine_distance,Unadjusted,515,0.08282852826749831
speaker_centroid_cosine_distance,Unadjusted,516,1.3605625618409363
speaker_centroid_cosine_distance,Unadjusted,517,0.11851349591341886
speaker_centroid_cosine_distance,Unadjusted,518,0.3113743412704366
speaker_centroid_cosine_distance,Unadjusted,519,1.3773793366520977
speaker_centroid_cosine_distance,Unadjusted,520,0.672276796166841
speaker_centroid_cosine_distance,Unadjusted,521,0.023873205374400186
speaker_centroid_cosine_distance,Unadjusted,522,0.8826920138158698
speaker_centroid_cosine_distance,Unadjusted,523,0.0015113198529661531
speaker_centroid_cosine_distance,Unadjusted,524,1.3451108913948246
speaker_centroid_cosine_distance,Unadjusted,525,4.112458194807971
speaker_centroid_cosine_distance,Unadjusted,526,0.7314924630241535
speaker_centroid_cosine_distance,Unadjusted,527,0.27435523403261186
speaker_centroid_cosine_distance,Unadjusted,528,0.06209717215153887
speaker_centroid_cosine_distance,Unadjusted,529,1.8718274645834754e-06
speaker_centroid_cosine_distance,Unadjusted,530,0.7109256183410935
speaker_centroid_cosine_distance,Unadjusted,531,0.7378728957926342
speaker_centroid_cosine_distance,Unadjusted,532,3.221118409063365
speaker_centroid_cosine_distance,Unadjusted,533,0.6488793181835035
speaker_centroid_cosine_distance,Unadjusted,534,0.378676060304997
speaker_centroid_cosine_distance,Unadjusted,535,4.606608060434155
speaker_centroid_cosine_distance,Unadjusted,536,0.15766612268669178
speaker_centroid_cosine_distance,Unadjusted,537,1.209271284672468
speaker_centroid_cosine_distance,Unadjusted,538,1.0721916958852376
speaker_centroid_cosine_distance,Unadjusted,539,0.21861698497929183
speaker_centroid_cosine_distance,Unadjusted,540,0.2517086197681806
speaker_centroid_cosine_distance,Unadjusted,541,0.08286253596412507
speaker_centroid_cosine_distance,Unadjusted,542,0.0011480101340453075
speaker_centroid_cosine_distance,Unadjusted,543,0.5339152301090735
speaker_centroid_cosine_distance,Unadjusted,544,0.1415613583159825
speaker_centroid_cosine_distance,Unadjusted,545,2.0478541292381465
speaker_centroid_cosine_distance,Unadjusted,546,0.16945979512166787
speaker_centroid_cosine_distance,Unadjusted,547,0.5858397427981572
speaker_centroid_cosine_distance,Unadjusted,548,0.19326579839400893
speaker_centroid_cosine_distance,Unadjusted,549,0.09722377728974152
speaker_centroid_cosine_distance,Unadjusted,550,1.2252878284087387
speaker_centroid_cosine_distance,Unadjusted,551,0.052225194423954235
speaker_centroid_cosine_distance,Unadjusted,552,1.7601713217243855
speaker_centroid_cosine_distance,Unadjusted,553,0.5896879557810735
speaker_centroid_cosine_distance,Unadjusted,554,0.02276135361364595
speaker_centroid_cosine_distance,Unadjusted,555,1.7378119512078456
speaker_centroid_cosine_distance,Unadjusted,556,0.28244483142475474
speaker_centroid_cosine_distance,Unadjusted,557,0.4104765664973229
speaker_centroid_cosine_distance,Unadjusted,558,1.2246872937989224
speaker_centroid_cosine_distance,Unadjusted,559,0.11369567847935969
speaker_centroid_cosine_distance,Unadjusted,560,1.0428408465024859
speaker_centroid_cosine_distance,Unadjusted,561,0.14120008433047815
speaker_centroid_cosine_distance,Unadjusted,562,1.0844314679484341
speaker_centroid_cosine_distance,Unadjusted,563,0.005883154900914178
speaker_centroid_cosine_distance,Unadjusted,564,2.1486549651430096
speaker_centroid_cosine_distance,Unadjusted,565,0.7412122197748658
speaker_centroid_cosine_distance,Unadjusted,566,0.008275649208144387
speaker_centroid_cosine_distance,Unadjusted,567,1.8557315271642665
speaker_centroid_cosine_distance,Unadjusted,568,0.0056671915633614844
speaker_centroid_cosine_distance,Unadjusted,569,0.09498631313334727
speaker_centroid_cosine_distance,Unadjusted,570,0.013943514919617428
speaker_centroid_cosine_distance,Unadjusted,571,0.11580720002547196
speaker_centroid_cosine_distance,Unadjusted,572,0.06304329016876409
speaker_centroid_cosine_distance,Unadjusted,573,4.710427893907422
speaker_centroid_cosine_distance,Unadjusted,574,0.8472605395631376
speaker_centroid_cosine_distance,Unadjusted,575,3.5022307536337394
speaker_centroid_cosine_distance,Unadjusted,576,3.5695170467041066
speaker_centroid_cosine_distance,Unadjusted,577,0.1443886055253074
speaker_centroid_cosine_distance,Unadjusted,578,5.734125668407785
speaker_centroid_cosine_distance,Unadjusted,579,2.235455773179183
speaker_centroid_cosine_distance,Unadjusted,580,1.0706108150694718
speaker_centroid_cosine_distance,Unadjusted,581,0.003278961299884031
speaker_centroid_cosine_distance,Unadjusted,582,0.10377595356789016
speaker_centroid_cosine_distance,Unadjusted,583,3.489034820074039
speaker_centroid_cosine_distance,Unadjusted,584,5.499555699512484
speaker_centroid_cosine_distance,Unadjusted,585,5.032116786436632
speaker_centroid_cosine_distance,Unadjusted,586,0.4994702946606253
speaker_centroid_cosine_distance,Unadjusted,587,0.17248449648678843
speaker_centroid_cosine_distance,Unadjusted,588,0.0988272204752434
speaker_centroid_cosine_distance,Unadjusted,589,0.028117949344675708
speaker_centroid_cosine_distance,Unadjusted,590,0.02126083224283093
speaker_centroid_cosine_distance,Unadjusted,591,1.0510448016023588
speaker_centroid_cosine_distance,Unadjusted,592,0.8570115379225172
speaker_centroid_cosine_distance,Unadjusted,593,1.1252604141931783
speaker_centroid_cosine_distance,Unadjusted,594,2.523133809493686
speaker_centroid_cosine_distance,Unadjusted,595,1.054719278805294
speaker_centroid_cosine_distance,Unadjusted,596,0.8518674210657764
speaker_centroid_cosine_distance,Unadjusted,597,0.06883314001072449
speaker_centroid_cosine_distance,Unadjusted,598,0.17562063058682043
speaker_centroid_cosine_distance,Unadjusted,599,0.7038733940378847
speaker_centroid_cosine_distance,Unadjusted,600,0.00012565126968411278
speaker_centroid_cosine_distance,Unadjusted,601,0.12284532523869984
speaker_centroid_cosine_distance,Unadjusted,602,1.6272334134947073
speaker_centroid_cosine_distance,Unadjusted,603,0.3461843675814862
speaker_centroid_cosine_distance,Unadjusted,604,0.24766818201868546
speaker_centroid_cosine_distance,Unadjusted,605,0.046828529359117965
speaker_centroid_cosine_distance,Unadjusted,606,0.5113931506140261
speaker_centroid_cosine_distance,Unadjusted,607,1.9126205117880772
speaker_centroid_cosine_distance,Unadjusted,608,2.364184352563825
speaker_centroid_cosine_distance,Unadjusted,609,1.555430933142759
speaker_centroid_cosine_distance,Unadjusted,610,0.19810188114445282
speaker_centroid_cosine_distance,Unadjusted,611,0.13619502329163424
speaker_centroid_cosine_distance,Unadjusted,612,0.017048955505799768
speaker_centroid_cosine_distance,Unadjusted,613,1.1937606858396634
speaker_centroid_cosine_distance,Unadjusted,614,1.6653838033701618
speaker_centroid_cosine_distance,Unadjusted,615,0.5012867098749894
speaker_centroid_cosine_distance,Unadjusted,616,0.40390384903628274
speaker_centroid_cosine_distance,Unadjusted,617,1.1901876029052687
speaker_centroid_cosine_distance,Unadjusted,618,5.003857677665849
speaker_centroid_cosine_distance,Unadjusted,619,0.40319810947642054
speaker_centroid_cosine_distance,Unadjusted,620,0.46904212611678986
speaker_centroid_cosine_distance,Unadjusted,621,4.515318490059485
speaker_centroid_cosine_distance,Unadjusted,622,0.18013378959562942
speaker_centroid_cosine_distance,Unadjusted,623,0.06625185699562053
speaker_centroid_cosine_distance,Unadjusted,624,0.00011494073953599582
speaker_centroid_cosine_distance,Unadjusted,625,0.2283508372360643
speaker_centroid_cosine_distance,Unadjusted,626,1.2555351021338765
speaker_centroid_cosine_distance,Unadjusted,627,0.29019653064079876
speaker_centroid_cosine_distance,Unadjusted,628,0.10585649427815724
speaker_centroid_cosine_distance,Unadjusted,629,0.06718248681755767
speaker_centroid_cosine_distance,Unadjusted,630,1.377463461871514
speaker_centroid_cosine_distance,Unadjusted,631,1.4845315642145351
speaker_centroid_cosine_distance,Unadjusted,632,0.28827059297594815
speaker_centroid_cosine_distance,Unadjusted,633,0.0036613065765891406
speaker_centroid_cosine_distance,Unadjusted,634,0.3558245544070928
speaker_centroid_cosine_distance,Unadjusted,635,2.0883942063622385
speaker_centroid_cosine_distance,Unadjusted,636,0.059580092653845895
speaker_centroid_cosine_distance,Unadjusted,637,0.37602821786907725
speaker_centroid_cosine_distance,Unadjusted,638,2.491313156591957
speaker_centroid_cosine_distance,Unadjusted,639,0.01625406059628176
speaker_centroid_cosine_distance,Unadjusted,640,1.3466642516780212
speaker_centroid_cosine_distance,Unadjusted,641,1.710977306211305
speaker_centroid_cosine_distance,Unadjusted,642,0.28183406860830473
speaker_centroid_cosine_distance,Unadjusted,643,1.6981704417636934
speaker_centroid_cosine_distance,Unadjusted,644,0.14655527611643038
speaker_centroid_cosine_distance,Unadjusted,645,1.0011409354376042
speaker_centroid_cosine_distance,Unadjusted,646,1.2670866217006278
speaker_centroid_cosine_distance,Unadjusted,647,0.24958860691486962
speaker_centroid_cosine_distance,Unadjusted,648,0.0003530342441990797
speaker_centroid_cosine_distance,Unadjusted,649,0.14105709510226916
speaker_centroid_cosine_distance,Unadjusted,650,0.21927304814022364
speaker_centroid_cosine_distance,Unadjusted,651,3.900516839993827
speaker_centroid_cosine_distance,Unadjusted,652,0.20768706765238676
speaker_centroid_cosine_distance,Unadjusted,653,0.021922527004278436
speaker_centroid_cosine_distance,Unadjusted,654,0.04784922128709468
speaker_centroid_cosine_distance,Unadjusted,655,1.7375350363182065
speaker_centroid_cosine_distance,Unadjusted,656,1.766435320221376
speaker_centroid_cosine_distance,Unadjusted,657,1.0961315692407538
speaker_centroid_cosine_distance,Unadjusted,658,0.19911637736851162
speaker_centroid_cosine_distance,Unadjusted,659,0.055481656867812035
speaker_centroid_cosine_distance,Unadjusted,660,3.244523723540567
speaker_centroid_cosine_distance,Unadjusted,661,0.4283181993241669
speaker_centroid_cosine_distance,Unadjusted,662,0.012029697448440402
speaker_centroid_cosine_distance,Unadjusted,663,0.4769380804352181
speaker_centroid_cosine_distance,Unadjusted,664,0.009104928019212366
speaker_centroid_cosine_distance,Unadjusted,665,0.0014887195290498312
speaker_centroid_cosine_distance,Unadjusted,666,0.12105725459593941
speaker_centroid_cosine_distance,Unadjusted,667,0.8117233681056177
speaker_centroid_cosine_distance,Unadjusted,668,0.11060000823715654
speaker_centroid_cosine_distance,Unadjusted,669,2.1239280052906224
speaker_centroid_cosine_distance,Unadjusted,670,0.46180974078436066
speaker_centroid_cosine_distance,Unadjusted,671,3.1611913433084737
speaker_centroid_cosine_distance,Unadjusted,672,1.785805275750647
speaker_centroid_cosine_distance,Unadjusted,673,1.955605215481114
speaker_centroid_cosine_distance,Unadjusted,674,0.4175795429235336
speaker_centroid_cosine_distance,Unadjusted,675,0.12698965809852325
speaker_centroid_cosine_distance,Unadjusted,676,0.18472763974767759
speaker_centroid_cosine_distance,Unadjusted,677,0.1929509183584628
speaker_centroid_cosine_distance,Unadjusted,678,0.17586847129507532
speaker_centroid_cosine_distance,Unadjusted,679,0.06663471350105965
speaker_centroid_cosine_distance,Unadjusted,680,0.381954258254666
speaker_centroid_cosine_distance,Unadjusted,681,0.3814767225132414
speaker_centroid_cosine_distance,Unadjusted,682,0.07449473834844866
speaker_centroid_cosine_distance,Unadjusted,683,0.08954484672693752
speaker_centroid_cosine_distance,Unadjusted,684,0.928038027139678
speaker_centroid_cosine_distance,Unadjusted,685,3.104324609722539
speaker_centroid_cosine_distance,Unadjusted,686,0.8291226422780937
speaker_centroid_cosine_distance,Unadjusted,687,0.9040803223945773
speaker_centroid_cosine_distance,Unadjusted,688,0.6823330009796109
speaker_centroid_cosine_distance,Unadjusted,689,0.056820273923563036
speaker_centroid_cosine_distance,Unadjusted,690,1.6131026798813082
speaker_centroid_cosine_distance,Unadjusted,691,0.08031657718657925
speaker_centroid_cosine_distance,Unadjusted,692,0.5247873092291115
speaker_centroid_cosine_distance,Unadjusted,693,0.22777541740214247
speaker_centroid_cosine_distance,Unadjusted,694,0.7566600594847728
speaker_centroid_cosine_distance,Unadjusted,695,0.008163899687417597
speaker_centroid_cosine_distance,Unadjusted,696,0.663672225478706
speaker_centroid_cosine_distance,Unadjusted,697,0.027956993427551424
speaker_centroid_cosine_distance,Unadjusted,698,2.5307338509521173
speaker_centroid_cosine_distance,Unadjusted,699,0.9892450715183259
speaker_centroid_cosine_distance,Unadjusted,700,1.9214738209828965
speaker_centroid_cosine_distance,Unadjusted,701,0.9024102202762379
speaker_centroid_cosine_distance,Unadjusted,702,0.009458114401468265
speaker_centroid_cosine_distance,Unadjusted,703,3.2350715939913357
speaker_centroid_cosine_distance,Unadjusted,704,0.4527846154445001
speaker_centroid_cosine_distance,Unadjusted,705,1.1155782105198
speaker_centroid_cosine_distance,Unadjusted,706,0.25899885890129326
speaker_centroid_cosine_distance,Unadjusted,707,1.5346999245695656
speaker_centroid_cosine_distance,Unadjusted,708,2.5704366937321765
speaker_centroid_cosine_distance,Unadjusted,709,0.05290418414887199
speaker_centroid_cosine_distance,Unadjusted,710,0.18835891518398284
speaker_centroid_cosine_distance,Unadjusted,711,6.041852456515187
speaker_centroid_cosine_distance,Unadjusted,712,0.6862024239076732
speaker_centroid_cosine_distance,Unadjusted,713,7.301324410607435
speaker_centroid_cosine_distance,Unadjusted,714,0.03604233118596767
speaker_centroid_cosine_distance,Unadjusted,715,0.01031168161119922
speaker_centroid_cosine_distance,Unadjusted,716,0.010562197524222938
speaker_centroid_cosine_distance,Unadjusted,717,0.20550198802408204
speaker_centroid_cosine_distance,Unadjusted,718,1.872986020155679
speaker_centroid_cosine_distance,Unadjusted,719,1.8166324601885435
speaker_centroid_cosine_distance,Unadjusted,720,1.7175841083096657
speaker_centroid_cosine_distance,Unadjusted,721,1.9898664391308216
speaker_centroid_cosine_distance,Unadjusted,722,0.5519170856438222
speaker_centroid_cosine_distance,Unadjusted,723,0.5028292995751258
speaker_centroid_cosine_distance,Unadjusted,724,1.4898153056390129
speaker_centroid_cosine_distance,Unadjusted,725,0.01178458395315829
speaker_centroid_cosine_distance,Unadjusted,726,0.005267791743108319
speaker_centroid_cosine_distance,Unadjusted,727,0.5699858542798779
speaker_centroid_cosine_distance,Unadjusted,728,0.00686266715297279
speaker_centroid_cosine_distance,Unadjusted,729,0.03668948193256938
speaker_centroid_cosine_distance,Unadjusted,730,0.28795968985883746
speaker_centroid_cosine_distance,Unadjusted,731,0.5609645935032859
speaker_centroid_cosine_distance,Unadjusted,732,0.01054513435684612
speaker_centroid_cosine_distance,Unadjusted,733,1.7320256807825558
speaker_centroid_cosine_distance,Unadjusted,734,0.023019373906436158
speaker_centroid_cosine_distance,Unadjusted,735,0.23887411392519198
speaker_centroid_cosine_distance,Unadjusted,736,0.2154551263665212
speaker_centroid_cosine_distance,Unadjusted,737,0.010679931852678237
speaker_centroid_cosine_distance,Unadjusted,738,2.56614658696202
speaker_centroid_cosine_distance,Unadjusted,739,0.5967521735055357
speaker_centroid_cosine_distance,Unadjusted,740,0.022939016174120752
speaker_centroid_cosine_distance,Unadjusted,741,0.23878133971061288
speaker_centroid_cosine_distance,Unadjusted,742,0.4919804343599026
speaker_centroid_cosine_distance,Unadjusted,743,1.525987318507589
speaker_centroid_cosine_distance,Unadjusted,744,0.6040396710431537
speaker_centroid_cosine_distance,Unadjusted,745,0.006074863622700377
speaker_centroid_cosine_distance,Unadjusted,746,3.673155044161973
speaker_centroid_cosine_distance,Unadjusted,747,0.06867257488300993
speaker_centroid_cosine_distance,Unadjusted,748,1.562721382330892
speaker_centroid_cosine_distance,Unadjusted,749,1.3482558185617108
speaker_centroid_cosine_distance,Unadjusted,750,0.05132551491971071
speaker_centroid_cosine_distance,Unadjusted,751,0.009876616082124201
speaker_centroid_cosine_distance,Unadjusted,752,0.40062239583494375
speaker_centroid_cosine_distance,Unadjusted,753,0.8975812596277706
speaker_centroid_cosine_distance,Unadjusted,754,0.03665107589500849
speaker_centroid_cosine_distance,Unadjusted,755,2.1399657339733835
speaker_centroid_cosine_distance,Unadjusted,756,2.019993188056162
speaker_centroid_cosine_distance,Unadjusted,757,0.9942405342193297
speaker_centroid_cosine_distance,Unadjusted,758,1.6361399241340564
speaker_centroid_cosine_distance,Unadjusted,759,0.024291297006811874
speaker_centroid_cosine_distance,Unadjusted,760,0.03251492174848636
speaker_centroid_cosine_distance,Unadjusted,761,0.9637241606970406
speaker_centroid_cosine_distance,Unadjusted,762,0.25562437140797556
speaker_centroid_cosine_distance,Unadjusted,763,0.3104631898416983
speaker_centroid_cosine_distance,Unadjusted,764,0.02020687638810159
speaker_centroid_cosine_distance,Unadjusted,765,0.15406669961117814
speaker_centroid_cosine_distance,Unadjusted,766,0.030490226595873082
speaker_centroid_cosine_distance,Unadjusted,767,0.40981941909024044
speaker_centroid_cosine_distance,Unadjusted,768,1.7293104104336408
speaker_centroid_cosine_distance,Unadjusted,769,3.156946166544003
speaker_centroid_cosine_distance,Unadjusted,770,0.7292272908646851
speaker_centroid_cosine_distance,Unadjusted,771,0.19155243393987575
speaker_centroid_cosine_distance,Unadjusted,772,5.195425452721793
speaker_centroid_cosine_distance,Unadjusted,773,1.925711081535951
speaker_centroid_cosine_distance,Unadjusted,774,0.6052668598148898
speaker_centroid_cosine_distance,Unadjusted,775,0.4178863869238967
speaker_centroid_cosine_distance,Unadjusted,776,0.006852114945161247
speaker_centroid_cosine_distance,Unadjusted,777,0.5087656683015211
speaker_centroid_cosine_distance,Unadjusted,778,0.5934492603636272
speaker_centroid_cosine_distance,Unadjusted,779,0.6316365657194183
speaker_centroid_cosine_distance,Unadjusted,780,0.9944820309000875
speaker_centroid_cosine_distance,Unadjusted,781,3.88864822866708e-05
speaker_centroid_cosine_distance,Unadjusted,782,1.059770666165491
speaker_centroid_cosine_distance,Unadjusted,783,0.7137049543584908
speaker_centroid_cosine_distance,Unadjusted,784,1.296034272420286
speaker_centroid_cosine_distance,Unadjusted,785,2.254797733904809
speaker_centroid_cosine_distance,Unadjusted,786,0.4149640854856784
speaker_centroid_cosine_distance,Unadjusted,787,0.15057728714509722
speaker_centroid_cosine_distance,Unadjusted,788,1.4436440891005304
speaker_centroid_cosine_distance,Unadjusted,789,0.14831979449445498
speaker_centroid_cosine_distance,Unadjusted,790,1.998653854819338
speaker_centroid_cosine_distance,Unadjusted,791,1.8952386707222217
speaker_centroid_cosine_distance,Unadjusted,792,2.1150323528513013
speaker_centroid_cosine_distance,Unadjusted,793,2.261927938568192
speaker_centroid_cosine_distance,Unadjusted,794,1.6613338516034446
speaker_centroid_cosine_distance,Unadjusted,795,0.18804173438888938
speaker_centroid_cosine_distance,Unadjusted,796,0.004902190959626296
speaker_centroid_cosine_distance,Unadjusted,797,0.017845193289304007
speaker_centroid_cosine_distance,Unadjusted,798,0.19665080856708528
speaker_centroid_cosine_distance,Unadjusted,799,0.7094458833278168
speaker_centroid_cosine_distance,Unadjusted,800,1.335795053798904
speaker_centroid_cosine_distance,Unadjusted,801,0.03180886015820761
speaker_centroid_cosine_distance,Unadjusted,802,0.2679057775439446
speaker_centroid_cosine_distance,Unadjusted,803,0.013548447630455485
speaker_centroid_cosine_distance,Unadjusted,804,0.048615061634961876
speaker_centroid_cosine_distance,Unadjusted,805,1.715229431015132
speaker_centroid_cosine_distance,Unadjusted,806,0.496476432292809
speaker_centroid_cosine_distance,Unadjusted,807,0.3776492419113424
speaker_centroid_cosine_distance,Unadjusted,808,0.642777000701301
speaker_centroid_cosine_distance,Unadjusted,809,0.03211124935498333
speaker_centroid_cosine_distance,Unadjusted,810,0.0022889501137797197
speaker_centroid_cosine_distance,Unadjusted,811,0.3653809351655468
speaker_centroid_cosine_distance,Unadjusted,812,5.390340070199102
speaker_centroid_cosine_distance,Unadjusted,813,1.2638299621044666
speaker_centroid_cosine_distance,Unadjusted,814,0.9640259947704521
speaker_centroid_cosine_distance,Unadjusted,815,0.7056118697066154
speaker_centroid_cosine_distance,Unadjusted,816,1.0416343213136088
speaker_centroid_cosine_distance,Unadjusted,817,0.36623837969040096
speaker_centroid_cosine_distance,Unadjusted,818,4.953384556971571
speaker_centroid_cosine_distance,Unadjusted,819,0.13519426733273576
speaker_centroid_cosine_distance,Unadjusted,820,5.060973321090955
speaker_centroid_cosine_distance,Unadjusted,821,0.06729714327741476
speaker_centroid_cosine_distance,Unadjusted,822,0.0040896788356690195
speaker_centroid_cosine_distance,Unadjusted,823,1.5706008569692358
speaker_centroid_cosine_distance,Unadjusted,824,0.22620220290076531
speaker_centroid_cosine_distance,Unadjusted,825,3.6110392841237626e-05
speaker_centroid_cosine_distance,Unadjusted,826,1.4360782009343893
speaker_centroid_cosine_distance,Unadjusted,827,0.23823044580620945
speaker_centroid_cosine_distance,Unadjusted,828,3.5944389098306146
speaker_centroid_cosine_distance,Unadjusted,829,0.1445416545366811
speaker_centroid_cosine_distance,Unadjusted,830,0.011989875204847067
speaker_centroid_cosine_distance,Unadjusted,831,1.9838989516028391
speaker_centroid_cosine_distance,Unadjusted,832,1.1220193473964741
speaker_centroid_cosine_distance,Unadjusted,833,1.0892491264623345
speaker_centroid_cosine_distance,Unadjusted,834,0.006784859400283949
speaker_centroid_cosine_distance,Unadjusted,835,0.7788006398046718
speaker_centroid_cosine_distance,Unadjusted,836,0.001777749617133395
speaker_centroid_cosine_distance,Unadjusted,837,0.7606690323981411
speaker_centroid_cosine_distance,Unadjusted,838,1.0276369713808435
speaker_centroid_cosine_distance,Unadjusted,839,0.01554857664626752
speaker_centroid_cosine_distance,Unadjusted,840,0.012349804374764517
speaker_centroid_cosine_distance,Unadjusted,841,0.5792397044347126
speaker_centroid_cosine_distance,Unadjusted,842,0.43464214795778844
speaker_centroid_cosine_distance,Unadjusted,843,0.015739717038798062
speaker_centroid_cosine_distance,Unadjusted,844,0.012739518298474195
speaker_centroid_cosine_distance,Unadjusted,845,2.4770193257119786
speaker_centroid_cosine_distance,Unadjusted,846,0.0702969426303639
speaker_centroid_cosine_distance,Unadjusted,847,1.245459070757306
speaker_centroid_cosine_distance,Unadjusted,848,0.06198722374682575
speaker_centroid_cosine_distance,Unadjusted,849,2.3096772335613878
speaker_centroid_cosine_distance,Unadjusted,850,0.028848611107491706
speaker_centroid_cosine_distance,Unadjusted,851,0.18582433736099802
speaker_centroid_cosine_distance,Unadjusted,852,0.3216476944273836
speaker_centroid_cosine_distance,Unadjusted,853,3.8141678100440117
speaker_centroid_cosine_distance,Unadjusted,854,0.07383807144753973
speaker_centroid_cosine_distance,Unadjusted,855,2.3033921214218367
speaker_centroid_cosine_distance,Unadjusted,856,0.8745258596202348
speaker_centroid_cosine_distance,Unadjusted,857,0.2358360220415534
speaker_centroid_cosine_distance,Unadjusted,858,1.5934521752748765
speaker_centroid_cosine_distance,Unadjusted,859,1.8648677563942329
speaker_centroid_cosine_distance,Unadjusted,860,0.15705661378831337
speaker_centroid_cosine_distance,Unadjusted,861,0.0011115857384993433
speaker_centroid_cosine_distance,Unadjusted,862,6.486743318671188
speaker_centroid_cosine_distance,Unadjusted,863,0.8100811238583105
speaker_centroid_cosine_distance,Unadjusted,864,0.015010450757472427
speaker_centroid_cosine_distance,Unadjusted,865,0.5746598586677578
speaker_centroid_cosine_distance,Unadjusted,866,0.3790968505459773
speaker_centroid_cosine_distance,Unadjusted,867,0.3351222307343278
speaker_centroid_cosine_distance,Unadjusted,868,1.2306583587135265
speaker_centroid_cosine_distance,Unadjusted,869,3.11687582589866
speaker_centroid_cosine_distance,Unadjusted,870,0.11859154590553089
speaker_centroid_cosine_distance,Unadjusted,871,0.026908582114288038
speaker_centroid_cosine_distance,Unadjusted,872,0.18410644872994908
speaker_centroid_cosine_distance,Unadjusted,873,8.73914610211881
speaker_centroid_cosine_distance,Unadjusted,874,0.18430660180058567
speaker_centroid_cosine_distance,Unadjusted,875,1.0010599531444768
speaker_centroid_cosine_distance,Unadjusted,876,1.188750827482636
speaker_centroid_cosine_distance,Unadjusted,877,1.4786792343271031
speaker_centroid_cosine_distance,Unadjusted,878,0.8261781139452751
speaker_centroid_cosine_distance,Unadjusted,879,0.07343141954987686
speaker_centroid_cosine_distance,Unadjusted,880,3.3559853246233615
speaker_centroid_cosine_distance,Unadjusted,881,0.004573235861016656
speaker_centroid_cosine_distance,Unadjusted,882,1.4446854015944268
speaker_centroid_cosine_distance,Unadjusted,883,2.3184220104511155
speaker_centroid_cosine_distance,Unadjusted,884,0.1979872947663921
speaker_centroid_cosine_distance,Unadjusted,885,0.01038008337127394
speaker_centroid_cosine_distance,Unadjusted,886,3.022990765442728
speaker_centroid_cosine_distance,Unadjusted,887,0.04232555073150479
speaker_centroid_cosine_distance,Unadjusted,888,2.0998125546059327
speaker_centroid_cosine_distance,Unadjusted,889,0.002843061586531803
speaker_centroid_cosine_distance,Unadjusted,890,1.3339133859759045
speaker_centroid_cosine_distance,Unadjusted,891,1.1048557591686858
speaker_centroid_cosine_distance,Unadjusted,892,0.2596435065874516
speaker_centroid_cosine_distance,Unadjusted,893,0.13779730075759744
speaker_centroid_cosine_distance,Unadjusted,894,1.5726870669921595
speaker_centroid_cosine_distance,Unadjusted,895,0.5816520105376526
speaker_centroid_cosine_distance,Unadjusted,896,0.4401462686129207
speaker_centroid_cosine_distance,Unadjusted,897,0.011977889638330907
speaker_centroid_cosine_distance,Unadjusted,898,3.245321633624542
speaker_centroid_cosine_distance,Unadjusted,899,0.343233894594448
speaker_centroid_cosine_distance,Unadjusted,900,0.04003041084456527
speaker_centroid_cosine_distance,Unadjusted,901,2.0500941975437854
speaker_centroid_cosine_distance,Unadjusted,902,0.9135358356918459
speaker_centroid_cosine_distance,Unadjusted,903,0.022124801084032697
speaker_centroid_cosine_distance,Unadjusted,904,0.2166644587110227
speaker_centroid_cosine_distance,Unadjusted,905,4.957519955915643
speaker_centroid_cosine_distance,Unadjusted,906,0.43724043236079524
speaker_centroid_cosine_distance,Unadjusted,907,2.2074963820676885
speaker_centroid_cosine_distance,Unadjusted,908,0.3829008258949216
speaker_centroid_cosine_distance,Unadjusted,909,0.1637552586895481
speaker_centroid_cosine_distance,Unadjusted,910,0.668560404530524
speaker_centroid_cosine_distance,Unadjusted,911,0.7211807326055464
speaker_centroid_cosine_distance,Unadjusted,912,0.08265487224610979
speaker_centroid_cosine_distance,Unadjusted,913,0.32254180932039844
speaker_centroid_cosine_distance,Unadjusted,914,0.7620633990997021
speaker_centroid_cosine_distance,Unadjusted,915,2.5393952698382805
speaker_centroid_cosine_distance,Unadjusted,916,0.3666144044704538
speaker_centroid_cosine_distance,Unadjusted,917,0.9138812096636002
speaker_centroid_cosine_distance,Unadjusted,918,0.011449023023999416
speaker_centroid_cosine_distance,Unadjusted,919,1.2919481272444386
speaker_centroid_cosine_distance,Unadjusted,920,1.16721225107392
speaker_centroid_cosine_distance,Unadjusted,921,1.12699464769031
speaker_centroid_cosine_distance,Unadjusted,922,1.2007737241796121
speaker_centroid_cosine_distance,Unadjusted,923,0.02794856343268748
speaker_centroid_cosine_distance,Unadjusted,924,1.776739784092456
speaker_centroid_cosine_distance,Unadjusted,925,0.1272734414393426
speaker_centroid_cosine_distance,Unadjusted,926,1.192406865776718
speaker_centroid_cosine_distance,Unadjusted,927,0.05740742162618062
speaker_centroid_cosine_distance,Unadjusted,928,0.04941097552540441
speaker_centroid_cosine_distance,Unadjusted,929,1.9645365515401636
speaker_centroid_cosine_distance,Unadjusted,930,0.4351637133950135
speaker_centroid_cosine_distance,Unadjusted,931,0.369698993729628
speaker_centroid_cosine_distance,Unadjusted,932,9.295187404171827
speaker_centroid_cosine_distance,Unadjusted,933,1.0655376943477108
speaker_centroid_cosine_distance,Unadjusted,934,0.4144101450804669
speaker_centroid_cosine_distance,Unadjusted,935,2.4009053049647378
speaker_centroid_cosine_distance,Unadjusted,936,2.323789295487984
speaker_centroid_cosine_distance,Unadjusted,937,0.2531438325617046
speaker_centroid_cosine_distance,Unadjusted,938,1.2681249788917626
speaker_centroid_cosine_distance,Unadjusted,939,0.1348493239457298
speaker_centroid_cosine_distance,Unadjusted,940,0.23956690999875718
speaker_centroid_cosine_distance,Unadjusted,941,0.2270861438474867
speaker_centroid_cosine_distance,Unadjusted,942,2.8320084526754385
speaker_centroid_cosine_distance,Unadjusted,943,4.063503609426675
speaker_centroid_cosine_distance,Unadjusted,944,0.6340407302177482
speaker_centroid_cosine_distance,Unadjusted,945,0.0008244108751114254
speaker_centroid_cosine_distance,Unadjusted,946,0.7471253181082602
speaker_centroid_cosine_distance,Unadjusted,947,2.792272997854184
speaker_centroid_cosine_distance,Unadjusted,948,0.22685199791249033
speaker_centroid_cosine_distance,Unadjusted,949,0.20075387222635754
speaker_centroid_cosine_distance,Unadjusted,950,0.35575746909091777
speaker_centroid_cosine_distance,Unadjusted,951,0.052737585902150386
speaker_centroid_cosine_distance,Unadjusted,952,1.0929343005041687
speaker_centroid_cosine_distance,Unadjusted,953,0.6517939564460562
speaker_centroid_cosine_distance,Unadjusted,954,1.139255390528433
speaker_centroid_cosine_distance,Unadjusted,955,1.430018743386654
speaker_centroid_cosine_distance,Unadjusted,956,0.8425808354585342
speaker_centroid_cosine_distance,Unadjusted,957,0.9169377394532603
speaker_centroid_cosine_distance,Unadjusted,958,0.10607386611434322
speaker_centroid_cosine_distance,Unadjusted,959,2.894911263293068
speaker_centroid_cosine_distance,Unadjusted,960,0.8755520377944208
speaker_centroid_cosine_distance,Unadjusted,961,0.020250269351436145
speaker_centroid_cosine_distance,Unadjusted,962,0.1535527514611772
speaker_centroid_cosine_distance,Unadjusted,963,2.128817528665195
speaker_centroid_cosine_distance,Unadjusted,964,3.5677582923605655
speaker_centroid_cosine_distance,Unadjusted,965,0.14666251252435814
speaker_centroid_cosine_distance,Unadjusted,966,0.7870013174709243
speaker_centroid_cosine_distance,Unadjusted,967,0.006602584714585191
speaker_centroid_cosine_distance,Unadjusted,968,1.0463637881853742
speaker_centroid_cosine_distance,Unadjusted,969,0.19176831403291317
speaker_centroid_cosine_distance,Unadjusted,970,0.08154269332652575
speaker_centroid_cosine_distance,Unadjusted,971,0.5470708804276683
speaker_centroid_cosine_distance,Unadjusted,972,2.032031238959007
speaker_centroid_cosine_distance,Unadjusted,973,0.021786522221930227
speaker_centroid_cosine_distance,Unadjusted,974,0.048396612105022996
speaker_centroid_cosine_distance,Unadjusted,975,0.003261747695376016
speaker_centroid_cosine_distance,Unadjusted,976,0.04189400370836438
speaker_centroid_cosine_distance,Unadjusted,977,0.5366685706040926
speaker_centroid_cosine_distance,Unadjusted,978,0.41294519714119815
speaker_centroid_cosine_distance,Unadjusted,979,1.0371720769105082
speaker_centroid_cosine_distance,Unadjusted,980,0.2247914900667638
speaker_centroid_cosine_distance,Unadjusted,981,0.4178691848119911
speaker_centroid_cosine_distance,Unadjusted,982,2.071985232987572e-05
speaker_centroid_cosine_distance,Unadjusted,983,0.008492136071197365
speaker_centroid_cosine_distance,Unadjusted,984,0.20610850806838243
speaker_centroid_cosine_distance,Unadjusted,985,0.47385637863817465
speaker_centroid_cosine_distance,Unadjusted,986,0.267209167249689
speaker_centroid_cosine_distance,Unadjusted,987,1.5923545904212801
speaker_centroid_cosine_distance,Unadjusted,988,0.020811686018589626
speaker_centroid_cosine_distance,Unadjusted,989,0.019795738552886633
speaker_centroid_cosine_distance,Unadjusted,990,0.5926111186412868
speaker_centroid_cosine_distance,Unadjusted,991,14.777740655931836
speaker_centroid_cosine_distance,Unadjusted,992,0.720872315160193
speaker_centroid_cosine_distance,Unadjusted,993,3.847104004395021
speaker_centroid_cosine_distance,Unadjusted,994,0.6083095306884161
speaker_centroid_cosine_distance,Unadjusted,995,0.10543414759865755
speaker_centroid_cosine_distance,Unadjusted,996,0.006686444950616988
speaker_centroid_cosine_distance,Unadjusted,997,0.16653073475572455
speaker_centroid_cosine_distance,Unadjusted,998,1.364232811091881
speaker_centroid_cosine_distance,Count-adjusted,0,1.126215103441126
speaker_centroid_cosine_distance,Count-adjusted,1,0.3119015339461839
speaker_centroid_cosine_distance,Count-adjusted,2,0.01035802519322715
speaker_centroid_cosine_distance,Count-adjusted,3,0.44752165371869523
speaker_centroid_cosine_distance,Count-adjusted,4,0.6684756603387711
speaker_centroid_cosine_distance,Count-adjusted,5,1.5625693796507676
speaker_centroid_cosine_distance,Count-adjusted,6,0.3056876601067984
speaker_centroid_cosine_distance,Count-adjusted,7,0.06265525550674056
speaker_centroid_cosine_distance,Count-adjusted,8,1.3731057392881212
speaker_centroid_cosine_distance,Count-adjusted,9,0.36444319222829336
speaker_centroid_cosine_distance,Count-adjusted,10,1.258523184845842
speaker_centroid_cosine_distance,Count-adjusted,11,0.28788002392408885
speaker_centroid_cosine_distance,Count-adjusted,12,0.69890553809023
speaker_centroid_cosine_distance,Count-adjusted,13,1.6402193827675546
speaker_centroid_cosine_distance,Count-adjusted,14,1.2192401369863717
speaker_centroid_cosine_distance,Count-adjusted,15,3.6417690694179328e-06
speaker_centroid_cosine_distance,Count-adjusted,16,0.19010245912380697
speaker_centroid_cosine_distance,Count-adjusted,17,0.5636782039615298
speaker_centroid_cosine_distance,Count-adjusted,18,0.0007835953468884327
speaker_centroid_cosine_distance,Count-adjusted,19,0.33165740697288015
speaker_centroid_cosine_distance,Count-adjusted,20,1.454663292009883
speaker_centroid_cosine_distance,Count-adjusted,21,0.6770241542937754
speaker_centroid_cosine_distance,Count-adjusted,22,0.17565143737397193
speaker_centroid_cosine_distance,Count-adjusted,23,1.0504276509466877
speaker_centroid_cosine_distance,Count-adjusted,24,0.06969054901628624
speaker_centroid_cosine_distance,Count-adjusted,25,0.10384747298201091
speaker_centroid_cosine_distance,Count-adjusted,26,0.7919028611369185
speaker_centroid_cosine_distance,Count-adjusted,27,0.15846885435465197
speaker_centroid_cosine_distance,Count-adjusted,28,0.7456721507826671
speaker_centroid_cosine_distance,Count-adjusted,29,0.9631977267068805
speaker_centroid_cosine_distance,Count-adjusted,30,4.8764415040655535
speaker_centroid_cosine_distance,Count-adjusted,31,3.122376866203865
speaker_centroid_cosine_distance,Count-adjusted,32,0.05725069050060938
speaker_centroid_cosine_distance,Count-adjusted,33,0.040553795607991105
speaker_centroid_cosine_distance,Count-adjusted,34,0.002930602062917842
speaker_centroid_cosine_distance,Count-adjusted,35,4.4395447961373975
speaker_centroid_cosine_distance,Count-adjusted,36,3.9647461202467014
speaker_centroid_cosine_distance,Count-adjusted,37,1.4042126239788786
speaker_centroid_cosine_distance,Count-adjusted,38,0.815404555371174
speaker_centroid_cosine_distance,Count-adjusted,39,0.481553160353144
speaker_centroid_cosine_distance,Count-adjusted,40,1.1063076872499096
speaker_centroid_cosine_distance,Count-adjusted,41,0.4614490315709645
speaker_centroid_cosine_distance,Count-adjusted,42,0.04478854921524089
speaker_centroid_cosine_distance,Count-adjusted,43,1.2399767891718625
speaker_centroid_cosine_distance,Count-adjusted,44,0.19687340798299147
speaker_centroid_cosine_distance,Count-adjusted,45,1.1700330133039643
speaker_centroid_cosine_distance,Count-adjusted,46,0.08269663462212407
speaker_centroid_cosine_distance,Count-adjusted,47,0.2259608083508624
speaker_centroid_cosine_distance,Count-adjusted,48,2.524625512431669
speaker_centroid_cosine_distance,Count-adjusted,49,0.14658945872446338
speaker_centroid_cosine_distance,Count-adjusted,50,0.21935964864124458
speaker_centroid_cosine_distance,Count-adjusted,51,0.1519917393768253
speaker_centroid_cosine_distance,Count-adjusted,52,0.03345702274765472
speaker_centroid_cosine_distance,Count-adjusted,53,0.06641574600075728
speaker_centroid_cosine_distance,Count-adjusted,54,0.2082906549468646
speaker_centroid_cosine_distance,Count-adjusted,55,0.6925261683559825
speaker_centroid_cosine_distance,Count-adjusted,56,0.4602332109867575
speaker_centroid_cosine_distance,Count-adjusted,57,0.32466508436738195
speaker_centroid_cosine_distance,Count-adjusted,58,0.029535908453794946
speaker_centroid_cosine_distance,Count-adjusted,59,0.3547178409451135
speaker_centroid_cosine_distance,Count-adjusted,60,0.5761201837176486
speaker_centroid_cosine_distance,Count-adjusted,61,1.175811013078146
speaker_centroid_cosine_distance,Count-adjusted,62,0.7640073750128806
speaker_centroid_cosine_distance,Count-adjusted,63,1.350385922072718
speaker_centroid_cosine_distance,Count-adjusted,64,0.002017252522932722
speaker_centroid_cosine_distance,Count-adjusted,65,0.15545414909024657
speaker_centroid_cosine_distance,Count-adjusted,66,1.434735727164309
speaker_centroid_cosine_distance,Count-adjusted,67,0.2387356279292021
speaker_centroid_cosine_distance,Count-adjusted,68,1.1776392533320177
speaker_centroid_cosine_distance,Count-adjusted,69,0.03742216006912713
speaker_centroid_cosine_distance,Count-adjusted,70,2.2876511910228032
speaker_centroid_cosine_distance,Count-adjusted,71,0.22408015497398992
speaker_centroid_cosine_distance,Count-adjusted,72,0.6505689806879786
speaker_centroid_cosine_distance,Count-adjusted,73,2.0432342939437262
speaker_centroid_cosine_distance,Count-adjusted,74,0.5238750286357003
speaker_centroid_cosine_distance,Count-adjusted,75,2.0552000207311494
speaker_centroid_cosine_distance,Count-adjusted,76,5.1509417941250035
speaker_centroid_cosine_distance,Count-adjusted,77,0.25834779698476495
speaker_centroid_cosine_distance,Count-adjusted,78,5.182050408690628
speaker_centroid_cosine_distance,Count-adjusted,79,0.19596846709126226
speaker_centroid_cosine_distance,Count-adjusted,80,4.497360108115458
speaker_centroid_cosine_distance,Count-adjusted,81,0.23712997641860056
speaker_centroid_cosine_distance,Count-adjusted,82,0.026875105105375496
speaker_centroid_cosine_distance,Count-adjusted,83,2.3862478769855784
speaker_centroid_cosine_distance,Count-adjusted,84,0.04248577122748998
speaker_centroid_cosine_distance,Count-adjusted,85,0.9669753795312772
speaker_centroid_cosine_distance,Count-adjusted,86,5.920936190565641
speaker_centroid_cosine_distance,Count-adjusted,87,0.6769793531556161
speaker_centroid_cosine_distance,Count-adjusted,88,0.40956608145546625
speaker_centroid_cosine_distance,Count-adjusted,89,0.03617343831984954
speaker_centroid_cosine_distance,Count-adjusted,90,3.7144776153519388
speaker_centroid_cosine_distance,Count-adjusted,91,1.2319583234894367
speaker_centroid_cosine_distance,Count-adjusted,92,1.5658616426231902
speaker_centroid_cosine_distance,Count-adjusted,93,0.01638914832994942
speaker_centroid_cosine_distance,Count-adjusted,94,4.153652098628214
speaker_centroid_cosine_distance,Count-adjusted,95,0.21609969382649297
speaker_centroid_cosine_distance,Count-adjusted,96,0.0003747219535057411
speaker_centroid_cosine_distance,Count-adjusted,97,1.3729534637769234
speaker_centroid_cosine_distance,Count-adjusted,98,0.005746406103753543
speaker_centroid_cosine_distance,Count-adjusted,99,0.023215664176802875
speaker_centroid_cosine_distance,Count-adjusted,100,0.37750670413660714
speaker_centroid_cosine_distance,Count-adjusted,101,2.428336543607543
speaker_centroid_cosine_distance,Count-adjusted,102,0.5587211227853572
speaker_centroid_cosine_distance,Count-adjusted,103,2.2756478610238844
speaker_centroid_cosine_distance,Count-adjusted,104,0.20966532280192496
speaker_centroid_cosine_distance,Count-adjusted,105,6.379986097711651
speaker_centroid_cosine_distance,Count-adjusted,106,0.6752968969970539
speaker_centroid_cosine_distance,Count-adjusted,107,1.006517758509176
speaker_centroid_cosine_distance,Count-adjusted,108,0.06393623552560257
speaker_centroid_cosine_distance,Count-adjusted,109,0.5891511481579528
speaker_centroid_cosine_distance,Count-adjusted,110,1.5855865303808798
speaker_centroid_cosine_distance,Count-adjusted,111,0.02601660033127473
speaker_centroid_cosine_distance,Count-adjusted,112,0.04641071940312713
speaker_centroid_cosine_distance,Count-adjusted,113,0.6787166731019738
speaker_centroid_cosine_distance,Count-adjusted,114,0.005100086411715665
speaker_centroid_cosine_distance,Count-adjusted,115,0.1162979596406899
speaker_centroid_cosine_distance,Count-adjusted,116,4.10887722408782
speaker_centroid_cosine_distance,Count-adjusted,117,9.76429362253839e-07
speaker_centroid_cosine_distance,Count-adjusted,118,4.634875634797481
speaker_centroid_cosine_distance,Count-adjusted,119,0.1339121210714893
speaker_centroid_cosine_distance,Count-adjusted,120,0.00037094668999770875
speaker_centroid_cosine_distance,Count-adjusted,121,0.00209285136327253
speaker_centroid_cosine_distance,Count-adjusted,122,3.5265071916013824
speaker_centroid_cosine_distance,Count-adjusted,123,2.762403407176407
speaker_centroid_cosine_distance,Count-adjusted,124,0.008236658487703608
speaker_centroid_cosine_distance,Count-adjusted,125,0.0004920830838273105
speaker_centroid_cosine_distance,Count-adjusted,126,0.9049395211270337
speaker_centroid_cosine_distance,Count-adjusted,127,3.9759764035832745
speaker_centroid_cosine_distance,Count-adjusted,128,0.23594241118240689
speaker_centroid_cosine_distance,Count-adjusted,129,2.1393411681768555
speaker_centroid_cosine_distance,Count-adjusted,130,0.48664288217435114
speaker_centroid_cosine_distance,Count-adjusted,131,0.02492344183787054
speaker_centroid_cosine_distance,Count-adjusted,132,0.7379302011201503
speaker_centroid_cosine_distance,Count-adjusted,133,0.05648174880440138
speaker_centroid_cosine_distance,Count-adjusted,134,0.20773232838121203
speaker_centroid_cosine_distance,Count-adjusted,135,0.7939686259968539
speaker_centroid_cosine_distance,Count-adjusted,136,4.163097582932096e-05
speaker_centroid_cosine_distance,Count-adjusted,137,7.922364054139678
speaker_centroid_cosine_distance,Count-adjusted,138,0.04630475138492329
speaker_centroid_cosine_distance,Count-adjusted,139,4.119787647281726
speaker_centroid_cosine_distance,Count-adjusted,140,0.03205526348261856
speaker_centroid_cosine_distance,Count-adjusted,141,4.172091661338641
speaker_centroid_cosine_distance,Count-adjusted,142,6.575625718160865
speaker_centroid_cosine_distance,Count-adjusted,143,0.5788162547433444
speaker_centroid_cosine_distance,Count-adjusted,144,1.2832299413864234
speaker_centroid_cosine_distance,Count-adjusted,145,1.7215762529171457
speaker_centroid_cosine_distance,Count-adjusted,146,0.8556216197757749
speaker_centroid_cosine_distance,Count-adjusted,147,4.64615762811917
speaker_centroid_cosine_distance,Count-adjusted,148,4.801810021456134
speaker_centroid_cosine_distance,Count-adjusted,149,0.03379096374465007
speaker_centroid_cosine_distance,Count-adjusted,150,0.8355891249267984
speaker_centroid_cosine_distance,Count-adjusted,151,0.9455572144738085
speaker_centroid_cosine_distance,Count-adjusted,152,0.14856810374288898
speaker_centroid_cosine_distance,Count-adjusted,153,0.5926795076392182
speaker_centroid_cosine_distance,Count-adjusted,154,0.07139718989219546
speaker_centroid_cosine_distance,Count-adjusted,155,2.106240855715555
speaker_centroid_cosine_distance,Count-adjusted,156,0.006426533439082505
speaker_centroid_cosine_distance,Count-adjusted,157,0.8656973779606574
speaker_centroid_cosine_distance,Count-adjusted,158,0.8168858657468832
speaker_centroid_cosine_distance,Count-adjusted,159,4.432432006888348
speaker_centroid_cosine_distance,Count-adjusted,160,0.6809175589060033
speaker_centroid_cosine_distance,Count-adjusted,161,7.374715689172888
speaker_centroid_cosine_distance,Count-adjusted,162,0.0004969258556570821
speaker_centroid_cosine_distance,Count-adjusted,163,0.7802429743309176
speaker_centroid_cosine_distance,Count-adjusted,164,0.30789668593914143
speaker_centroid_cosine_distance,Count-adjusted,165,0.8627643439963322
speaker_centroid_cosine_distance,Count-adjusted,166,0.2251657770161728
speaker_centroid_cosine_distance,Count-adjusted,167,2.0150167661301452
speaker_centroid_cosine_distance,Count-adjusted,168,0.21089806166261837
speaker_centroid_cosine_distance,Count-adjusted,169,0.00030060370670526027
speaker_centroid_cosine_distance,Count-adjusted,170,0.509959762467588
speaker_centroid_cosine_distance,Count-adjusted,171,0.0453063428805649
speaker_centroid_cosine_distance,Count-adjusted,172,0.05302963788784609
speaker_centroid_cosine_distance,Count-adjusted,173,0.3370106049228525
speaker_centroid_cosine_distance,Count-adjusted,174,1.628320849620934
speaker_centroid_cosine_distance,Count-adjusted,175,3.10633233946686
speaker_centroid_cosine_distance,Count-adjusted,176,0.14130355690554097
speaker_centroid_cosine_distance,Count-adjusted,177,1.4266697794705294
speaker_centroid_cosine_distance,Count-adjusted,178,0.01448474946028
speaker_centroid_cosine_distance,Count-adjusted,179,0.23348106517568112
speaker_centroid_cosine_distance,Count-adjusted,180,0.2592428972022276
speaker_centroid_cosine_distance,Count-adjusted,181,2.14263900987541
speaker_centroid_cosine_distance,Count-adjusted,182,0.011002378639204835
speaker_centroid_cosine_distance,Count-adjusted,183,0.002857095522642794
speaker_centroid_cosine_distance,Count-adjusted,184,0.06955593332094168
speaker_centroid_cosine_distance,Count-adjusted,185,0.07781017282354696
speaker_centroid_cosine_distance,Count-adjusted,186,0.3100991431429918
speaker_centroid_cosine_distance,Count-adjusted,187,0.0012414874286719169
speaker_centroid_cosine_distance,Count-adjusted,188,0.5136027042996147
speaker_centroid_cosine_distance,Count-adjusted,189,0.38006481322662466
speaker_centroid_cosine_distance,Count-adjusted,190,1.0845429322606606
speaker_centroid_cosine_distance,Count-adjusted,191,0.05093685794960834
speaker_centroid_cosine_distance,Count-adjusted,192,2.144583949950288
speaker_centroid_cosine_distance,Count-adjusted,193,0.090725609334811
speaker_centroid_cosine_distance,Count-adjusted,194,0.0043329570276000595
speaker_centroid_cosine_distance,Count-adjusted,195,1.4053947868853243
speaker_centroid_cosine_distance,Count-adjusted,196,1.6946931260612246
speaker_centroid_cosine_distance,Count-adjusted,197,0.5651377455990314
speaker_centroid_cosine_distance,Count-adjusted,198,0.4305353836060135
speaker_centroid_cosine_distance,Count-adjusted,199,0.8410202744229878
speaker_centroid_cosine_distance,Count-adjusted,200,0.3103809013387604
speaker_centroid_cosine_distance,Count-adjusted,201,0.03745917532899057
speaker_centroid_cosine_distance,Count-adjusted,202,3.1545704712403904
speaker_centroid_cosine_distance,Count-adjusted,203,0.040032555380321355
speaker_centroid_cosine_distance,Count-adjusted,204,0.24667555690524523
speaker_centroid_cosine_distance,Count-adjusted,205,0.18331678913313
speaker_centroid_cosine_distance,Count-adjusted,206,3.8724398523323202
speaker_centroid_cosine_distance,Count-adjusted,207,0.05229608695128718
speaker_centroid_cosine_distance,Count-adjusted,208,0.19576553715404543
speaker_centroid_cosine_distance,Count-adjusted,209,0.08572813482615516
speaker_centroid_cosine_distance,Count-adjusted,210,0.0477443056185507
speaker_centroid_cosine_distance,Count-adjusted,211,0.003467498756066334
speaker_centroid_cosine_distance,Count-adjusted,212,2.185936805060578
speaker_centroid_cosine_distance,Count-adjusted,213,0.526286363889767
speaker_centroid_cosine_distance,Count-adjusted,214,0.039863564935387785
speaker_centroid_cosine_distance,Count-adjusted,215,3.274293529874541
speaker_centroid_cosine_distance,Count-adjusted,216,0.0001617971917085015
speaker_centroid_cosine_distance,Count-adjusted,217,0.18606530320096226
speaker_centroid_cosine_distance,Count-adjusted,218,0.010029493084118712
speaker_centroid_cosine_distance,Count-adjusted,219,0.012123616654150737
speaker_centroid_cosine_distance,Count-adjusted,220,1.5180947520916277
speaker_centroid_cosine_distance,Count-adjusted,221,0.7215404515585817
speaker_centroid_cosine_distance,Count-adjusted,222,0.6204167819573172
speaker_centroid_cosine_distance,Count-adjusted,223,1.923276532496459
speaker_centroid_cosine_distance,Count-adjusted,224,0.00038593258659602725
speaker_centroid_cosine_distance,Count-adjusted,225,0.9288547645832068
speaker_centroid_cosine_distance,Count-adjusted,226,0.6445886208040861
speaker_centroid_cosine_distance,Count-adjusted,227,0.1561717155048825
speaker_centroid_cosine_distance,Count-adjusted,228,0.012507913098488643
speaker_centroid_cosine_distance,Count-adjusted,229,0.6842898638181794
speaker_centroid_cosine_distance,Count-adjusted,230,3.591058342067299e-05
speaker_centroid_cosine_distance,Count-adjusted,231,0.9551991087280953
speaker_centroid_cosine_distance,Count-adjusted,232,0.2969933822622579
speaker_centroid_cosine_distance,Count-adjusted,233,0.10828343695243348
speaker_centroid_cosine_distance,Count-adjusted,234,1.2259607417311997
speaker_centroid_cosine_distance,Count-adjusted,235,0.006673246698596813
speaker_centroid_cosine_distance,Count-adjusted,236,0.304866965356382
speaker_centroid_cosine_distance,Count-adjusted,237,0.14391885323308884
speaker_centroid_cosine_distance,Count-adjusted,238,1.3584834875398997
speaker_centroid_cosine_distance,Count-adjusted,239,0.9624824369932412
speaker_centroid_cosine_distance,Count-adjusted,240,3.8553556020358997
speaker_centroid_cosine_distance,Count-adjusted,241,0.006184071444749861
speaker_centroid_cosine_distance,Count-adjusted,242,0.03173560417195631
speaker_centroid_cosine_distance,Count-adjusted,243,0.5072696116239399
speaker_centroid_cosine_distance,Count-adjusted,244,1.2240165071521005
speaker_centroid_cosine_distance,Count-adjusted,245,1.6076716646288105
speaker_centroid_cosine_distance,Count-adjusted,246,2.2753282485335546
speaker_centroid_cosine_distance,Count-adjusted,247,1.9893622836925715
speaker_centroid_cosine_distance,Count-adjusted,248,0.580551381915825
speaker_centroid_cosine_distance,Count-adjusted,249,0.03730206018622084
speaker_centroid_cosine_distance,Count-adjusted,250,0.003904157543331621
speaker_centroid_cosine_distance,Count-adjusted,251,0.585057897003594
speaker_centroid_cosine_distance,Count-adjusted,252,0.027888281252387515
speaker_centroid_cosine_distance,Count-adjusted,253,4.533469345175348
speaker_centroid_cosine_distance,Count-adjusted,254,0.33028650317180563
speaker_centroid_cosine_distance,Count-adjusted,255,3.033039405484942
speaker_centroid_cosine_distance,Count-adjusted,256,0.33587756463742835
speaker_centroid_cosine_distance,Count-adjusted,257,0.0021754568433038912
speaker_centroid_cosine_distance,Count-adjusted,258,0.18841947525106661
speaker_centroid_cosine_distance,Count-adjusted,259,1.271919331001584
speaker_centroid_cosine_distance,Count-adjusted,260,0.0007456524330677894
speaker_centroid_cosine_distance,Count-adjusted,261,3.2535609233087825
speaker_centroid_cosine_distance,Count-adjusted,262,0.003834369658250125
speaker_centroid_cosine_distance,Count-adjusted,263,0.11452354104494589
speaker_centroid_cosine_distance,Count-adjusted,264,0.16861208899157987
speaker_centroid_cosine_distance,Count-adjusted,265,1.3251382537455925
speaker_centroid_cosine_distance,Count-adjusted,266,0.007558175057027938
speaker_centroid_cosine_distance,Count-adjusted,267,0.5221969179606276
speaker_centroid_cosine_distance,Count-adjusted,268,0.022630681594876023
speaker_centroid_cosine_distance,Count-adjusted,269,0.07200514484526366
speaker_centroid_cosine_distance,Count-adjusted,270,1.3846381970506627
speaker_centroid_cosine_distance,Count-adjusted,271,1.435635273521541
speaker_centroid_cosine_distance,Count-adjusted,272,0.3634990837855412
speaker_centroid_cosine_distance,Count-adjusted,273,0.22660234843249327
speaker_centroid_cosine_distance,Count-adjusted,274,0.9593249885934654
speaker_centroid_cosine_distance,Count-adjusted,275,0.08949487314970384
speaker_centroid_cosine_distance,Count-adjusted,276,12.362999851284684
speaker_centroid_cosine_distance,Count-adjusted,277,0.0016516347388915165
speaker_centroid_cosine_distance,Count-adjusted,278,3.3778108005285503
speaker_centroid_cosine_distance,Count-adjusted,279,0.430543563040203
speaker_centroid_cosine_distance,Count-adjusted,280,0.27340514945259997
speaker_centroid_cosine_distance,Count-adjusted,281,2.7495663948152185
speaker_centroid_cosine_distance,Count-adjusted,282,0.7772123042080921
speaker_centroid_cosine_distance,Count-adjusted,283,1.2101356937788523
speaker_centroid_cosine_distance,Count-adjusted,284,0.256358726979272
speaker_centroid_cosine_distance,Count-adjusted,285,0.13744453423996106
speaker_centroid_cosine_distance,Count-adjusted,286,0.2603535024306325
speaker_centroid_cosine_distance,Count-adjusted,287,3.0042230225919866
speaker_centroid_cosine_distance,Count-adjusted,288,1.0045903713302096
speaker_centroid_cosine_distance,Count-adjusted,289,2.6016031875373073
speaker_centroid_cosine_distance,Count-adjusted,290,0.9207117507373823
speaker_centroid_cosine_distance,Count-adjusted,291,0.025557951979749305
speaker_centroid_cosine_distance,Count-adjusted,292,0.017361710772831884
speaker_centroid_cosine_distance,Count-adjusted,293,2.7175442815572524
speaker_centroid_cosine_distance,Count-adjusted,294,0.3850840393872943
speaker_centroid_cosine_distance,Count-adjusted,295,0.000391080193878679
speaker_centroid_cosine_distance,Count-adjusted,296,7.094135259867301
speaker_centroid_cosine_distance,Count-adjusted,297,4.12476453337851
speaker_centroid_cosine_distance,Count-adjusted,298,5.8908347584406044
speaker_centroid_cosine_distance,Count-adjusted,299,0.7303109748467591
speaker_centroid_cosine_distance,Count-adjusted,300,0.236932645867455
speaker_centroid_cosine_distance,Count-adjusted,301,0.6610463915025093
speaker_centroid_cosine_distance,Count-adjusted,302,0.4031721594703299
speaker_centroid_cosine_distance,Count-adjusted,303,0.5294456715445222
speaker_centroid_cosine_distance,Count-adjusted,304,1.5730044848752982
speaker_centroid_cosine_distance,Count-adjusted,305,0.9901257172742817
speaker_centroid_cosine_distance,Count-adjusted,306,0.1606587088928677
speaker_centroid_cosine_distance,Count-adjusted,307,1.8206527227702622
speaker_centroid_cosine_distance,Count-adjusted,308,1.0197556929723817
speaker_centroid_cosine_distance,Count-adjusted,309,0.40318727756789485
speaker_centroid_cosine_distance,Count-adjusted,310,0.0005524313665432601
speaker_centroid_cosine_distance,Count-adjusted,311,0.32410741737481885
speaker_centroid_cosine_distance,Count-adjusted,312,0.3892321941636965
speaker_centroid_cosine_distance,Count-adjusted,313,5.026036064782488
speaker_centroid_cosine_distance,Count-adjusted,314,0.36024020768070386
speaker_centroid_cosine_distance,Count-adjusted,315,0.6669750435532933
speaker_centroid_cosine_distance,Count-adjusted,316,0.2616617247817885
speaker_centroid_cosine_distance,Count-adjusted,317,4.422748264454583
speaker_centroid_cosine_distance,Count-adjusted,318,0.02865824363246361
speaker_centroid_cosine_distance,Count-adjusted,319,1.6358853638610071
speaker_centroid_cosine_distance,Count-adjusted,320,0.34202464152826906
speaker_centroid_cosine_distance,Count-adjusted,321,0.4832273184030669
speaker_centroid_cosine_distance,Count-adjusted,322,0.5093452535544429
speaker_centroid_cosine_distance,Count-adjusted,323,0.4021602641153663
speaker_centroid_cosine_distance,Count-adjusted,324,0.018500941844138197
speaker_centroid_cosine_distance,Count-adjusted,325,0.7154192494584208
speaker_centroid_cosine_distance,Count-adjusted,326,0.04625429535036574
speaker_centroid_cosine_distance,Count-adjusted,327,0.16460784305286325
speaker_centroid_cosine_distance,Count-adjusted,328,4.731074193716893
speaker_centroid_cosine_distance,Count-adjusted,329,0.7649525095279159
speaker_centroid_cosine_distance,Count-adjusted,330,0.005064416911977787
speaker_centroid_cosine_distance,Count-adjusted,331,1.088981151873952
speaker_centroid_cosine_distance,Count-adjusted,332,0.629242675597709
speaker_centroid_cosine_distance,Count-adjusted,333,0.0009357427442182598
speaker_centroid_cosine_distance,Count-adjusted,334,0.5367752300155644
speaker_centroid_cosine_distance,Count-adjusted,335,1.128927838134075
speaker_centroid_cosine_distance,Count-adjusted,336,0.8041222028942343
speaker_centroid_cosine_distance,Count-adjusted,337,3.4130073691302982
speaker_centroid_cosine_distance,Count-adjusted,338,0.11622340373969564
speaker_centroid_cosine_distance,Count-adjusted,339,0.47384965575417937
speaker_centroid_cosine_distance,Count-adjusted,340,0.10419907493678693
speaker_centroid_cosine_distance,Count-adjusted,341,0.35454137158819776
speaker_centroid_cosine_distance,Count-adjusted,342,2.484332902300139
speaker_centroid_cosine_distance,Count-adjusted,343,0.18750147781366877
speaker_centroid_cosine_distance,Count-adjusted,344,2.367533148732093
speaker_centroid_cosine_distance,Count-adjusted,345,0.06163448758280765
speaker_centroid_cosine_distance,Count-adjusted,346,0.0044226672175682324
speaker_centroid_cosine_distance,Count-adjusted,347,1.3948745846547865
speaker_centroid_cosine_distance,Count-adjusted,348,0.5718345566968424
speaker_centroid_cosine_distance,Count-adjusted,349,1.0399103045486413
speaker_centroid_cosine_distance,Count-adjusted,350,2.0555222958404613
speaker_centroid_cosine_distance,Count-adjusted,351,3.0125693797344866e-06
speaker_centroid_cosine_distance,Count-adjusted,352,1.7571748583461044
speaker_centroid_cosine_distance,Count-adjusted,353,2.6228353535815927
speaker_centroid_cosine_distance,Count-adjusted,354,2.3390296278637948
speaker_centroid_cosine_distance,Count-adjusted,355,0.22891715698250437
speaker_centroid_cosine_distance,Count-adjusted,356,0.9509363921737304
speaker_centroid_cosine_distance,Count-adjusted,357,0.028245833385028618
speaker_centroid_cosine_distance,Count-adjusted,358,0.005489967955895736
speaker_centroid_cosine_distance,Count-adjusted,359,0.06484481573596668
speaker_centroid_cosine_distance,Count-adjusted,360,0.0009251512225887382
speaker_centroid_cosine_distance,Count-adjusted,361,0.2560957770550658
speaker_centroid_cosine_distance,Count-adjusted,362,4.786003762083283
speaker_centroid_cosine_distance,Count-adjusted,363,0.1519583421029438
speaker_centroid_cosine_distance,Count-adjusted,364,0.8497920020845413
speaker_centroid_cosine_distance,Count-adjusted,365,0.10504255403228058
speaker_centroid_cosine_distance,Count-adjusted,366,2.5533556394260586
speaker_centroid_cosine_distance,Count-adjusted,367,0.2178383031346698
speaker_centroid_cosine_distance,Count-adjusted,368,2.8200141356300605
speaker_centroid_cosine_distance,Count-adjusted,369,2.59094335374391
speaker_centroid_cosine_distance,Count-adjusted,370,0.8899834060423473
speaker_centroid_cosine_distance,Count-adjusted,371,0.22877833276731963
speaker_centroid_cosine_distance,Count-adjusted,372,12.921591414668711
speaker_centroid_cosine_distance,Count-adjusted,373,0.2101751414244859
speaker_centroid_cosine_distance,Count-adjusted,374,2.5124116011799345
speaker_centroid_cosine_distance,Count-adjusted,375,0.26209804101637246
speaker_centroid_cosine_distance,Count-adjusted,376,0.07571797012789716
speaker_centroid_cosine_distance,Count-adjusted,377,0.033544049632837414
speaker_centroid_cosine_distance,Count-adjusted,378,1.5865520047867108
speaker_centroid_cosine_distance,Count-adjusted,379,0.8680453636401353
speaker_centroid_cosine_distance,Count-adjusted,380,0.81630741731135
speaker_centroid_cosine_distance,Count-adjusted,381,0.295133077305195
speaker_centroid_cosine_distance,Count-adjusted,382,0.04724152721973951
speaker_centroid_cosine_distance,Count-adjusted,383,0.111455423853414
speaker_centroid_cosine_distance,Count-adjusted,384,0.10393936293195338
speaker_centroid_cosine_distance,Count-adjusted,385,0.7219632337714756
speaker_centroid_cosine_distance,Count-adjusted,386,0.19539407089581573
speaker_centroid_cosine_distance,Count-adjusted,387,0.1463009715603789
speaker_centroid_cosine_distance,Count-adjusted,388,0.6174840332114968
speaker_centroid_cosine_distance,Count-adjusted,389,5.548474627386611
speaker_centroid_cosine_distance,Count-adjusted,390,0.003622656004779401
speaker_centroid_cosine_distance,Count-adjusted,391,0.1234689338735393
speaker_centroid_cosine_distance,Count-adjusted,392,0.3113467409760915
speaker_centroid_cosine_distance,Count-adjusted,393,1.530750081381484
speaker_centroid_cosine_distance,Count-adjusted,394,0.8573617549791948
speaker_centroid_cosine_distance,Count-adjusted,395,0.5850047717478901
speaker_centroid_cosine_distance,Count-adjusted,396,0.34091401969755
speaker_centroid_cosine_distance,Count-adjusted,397,0.09911082808997662
speaker_centroid_cosine_distance,Count-adjusted,398,1.0089342145473097
speaker_centroid_cosine_distance,Count-adjusted,399,0.4855098116447607
speaker_centroid_cosine_distance,Count-adjusted,400,1.9259648331039614
speaker_centroid_cosine_distance,Count-adjusted,401,0.38918558318894725
speaker_centroid_cosine_distance,Count-adjusted,402,0.006857342558532764
speaker_centroid_cosine_distance,Count-adjusted,403,0.5606709687087914
speaker_centroid_cosine_distance,Count-adjusted,404,0.04578306995631465
speaker_centroid_cosine_distance,Count-adjusted,405,0.8784206154041101
speaker_centroid_cosine_distance,Count-adjusted,406,0.5265969008729598
speaker_centroid_cosine_distance,Count-adjusted,407,0.14334288418069718
speaker_centroid_cosine_distance,Count-adjusted,408,0.19436423063103803
speaker_centroid_cosine_distance,Count-adjusted,409,0.11593199721431802
speaker_centroid_cosine_distance,Count-adjusted,410,4.277521765067377
speaker_centroid_cosine_distance,Count-adjusted,411,1.343196482522245
speaker_centroid_cosine_distance,Count-adjusted,412,0.5953561780497978
speaker_centroid_cosine_distance,Count-adjusted,413,1.7485766277644075
speaker_centroid_cosine_distance,Count-adjusted,414,0.038035980607901365
speaker_centroid_cosine_distance,Count-adjusted,415,0.00010446259130958424
speaker_centroid_cosine_distance,Count-adjusted,416,1.5078916429303604
speaker_centroid_cosine_distance,Count-adjusted,417,0.002402504098142799
speaker_centroid_cosine_distance,Count-adjusted,418,0.4661020556537778
speaker_centroid_cosine_distance,Count-adjusted,419,0.23493495453158175
speaker_centroid_cosine_distance,Count-adjusted,420,0.005366888558000937
speaker_centroid_cosine_distance,Count-adjusted,421,0.11157733820434146
speaker_centroid_cosine_distance,Count-adjusted,422,4.143992391628842
speaker_centroid_cosine_distance,Count-adjusted,423,0.2852896147656452
speaker_centroid_cosine_distance,Count-adjusted,424,0.2347936972010416
speaker_centroid_cosine_distance,Count-adjusted,425,0.006286226735483069
speaker_centroid_cosine_distance,Count-adjusted,426,1.0309387654997977
speaker_centroid_cosine_distance,Count-adjusted,427,0.6895053820859971
speaker_centroid_cosine_distance,Count-adjusted,428,0.04396014584534669
speaker_centroid_cosine_distance,Count-adjusted,429,0.6830628768457814
speaker_centroid_cosine_distance,Count-adjusted,430,0.23206304528798682
speaker_centroid_cosine_distance,Count-adjusted,431,0.016231038481237192
speaker_centroid_cosine_distance,Count-adjusted,432,0.12277385506519067
speaker_centroid_cosine_distance,Count-adjusted,433,0.1712092409281354
speaker_centroid_cosine_distance,Count-adjusted,434,0.6733929053998509
speaker_centroid_cosine_distance,Count-adjusted,435,0.5799098419499842
speaker_centroid_cosine_distance,Count-adjusted,436,0.44196857843576254
speaker_centroid_cosine_distance,Count-adjusted,437,0.2500219369221668
speaker_centroid_cosine_distance,Count-adjusted,438,0.03423940254037916
speaker_centroid_cosine_distance,Count-adjusted,439,0.4792159112405443
speaker_centroid_cosine_distance,Count-adjusted,440,0.5179855115754037
speaker_centroid_cosine_distance,Count-adjusted,441,0.7642187878715276
speaker_centroid_cosine_distance,Count-adjusted,442,0.0018619579187202362
speaker_centroid_cosine_distance,Count-adjusted,443,0.5018157138554216
speaker_centroid_cosine_distance,Count-adjusted,444,0.4276875607501154
speaker_centroid_cosine_distance,Count-adjusted,445,0.28147916430205555
speaker_centroid_cosine_distance,Count-adjusted,446,1.3603311112759116
speaker_centroid_cosine_distance,Count-adjusted,447,0.25322190338982864
speaker_centroid_cosine_distance,Count-adjusted,448,0.3875254355833704
speaker_centroid_cosine_distance,Count-adjusted,449,0.1698055834110619
speaker_centroid_cosine_distance,Count-adjusted,450,0.37941573223213254
speaker_centroid_cosine_distance,Count-adjusted,451,1.8402534450136159
speaker_centroid_cosine_distance,Count-adjusted,452,0.832210569409142
speaker_centroid_cosine_distance,Count-adjusted,453,4.945555886172599
speaker_centroid_cosine_distance,Count-adjusted,454,0.07028820429286498
speaker_centroid_cosine_distance,Count-adjusted,455,1.4649655789982035
speaker_centroid_cosine_distance,Count-adjusted,456,0.35945532803515334
speaker_centroid_cosine_distance,Count-adjusted,457,1.8672338825861345
speaker_centroid_cosine_distance,Count-adjusted,458,0.6894320788093751
speaker_centroid_cosine_distance,Count-adjusted,459,8.690733045568777e-05
speaker_centroid_cosine_distance,Count-adjusted,460,0.32623380101134103
speaker_centroid_cosine_distance,Count-adjusted,461,0.31521861316190325
speaker_centroid_cosine_distance,Count-adjusted,462,0.6619384475565653
speaker_centroid_cosine_distance,Count-adjusted,463,0.05911997923004719
speaker_centroid_cosine_distance,Count-adjusted,464,5.355170624212008
speaker_centroid_cosine_distance,Count-adjusted,465,1.5913430862265159
speaker_centroid_cosine_distance,Count-adjusted,466,0.05982182303995387
speaker_centroid_cosine_distance,Count-adjusted,467,0.2539979705668429
speaker_centroid_cosine_distance,Count-adjusted,468,0.05379546648777023
speaker_centroid_cosine_distance,Count-adjusted,469,0.172095197891025
speaker_centroid_cosine_distance,Count-adjusted,470,0.04371027331529831
speaker_centroid_cosine_distance,Count-adjusted,471,0.08143722058096614
speaker_centroid_cosine_distance,Count-adjusted,472,0.016874798960373028
speaker_centroid_cosine_distance,Count-adjusted,473,0.8715254975237485
speaker_centroid_cosine_distance,Count-adjusted,474,0.06843766399600781
speaker_centroid_cosine_distance,Count-adjusted,475,0.3944934397546831
speaker_centroid_cosine_distance,Count-adjusted,476,0.3875793553418134
speaker_centroid_cosine_distance,Count-adjusted,477,0.16266238521802734
speaker_centroid_cosine_distance,Count-adjusted,478,0.5656193282773074
speaker_centroid_cosine_distance,Count-adjusted,479,0.1265894293695169
speaker_centroid_cosine_distance,Count-adjusted,480,1.7652839887945788
speaker_centroid_cosine_distance,Count-adjusted,481,2.020078427526755
speaker_centroid_cosine_distance,Count-adjusted,482,0.18907213740396855
speaker_centroid_cosine_distance,Count-adjusted,483,1.3747165244795951
speaker_centroid_cosine_distance,Count-adjusted,484,1.9831827909336823
speaker_centroid_cosine_distance,Count-adjusted,485,0.36362177451923117
speaker_centroid_cosine_distance,Count-adjusted,486,0.4786851716219189
speaker_centroid_cosine_distance,Count-adjusted,487,3.9094225809803334
speaker_centroid_cosine_distance,Count-adjusted,488,6.598813784792128
speaker_centroid_cosine_distance,Count-adjusted,489,0.4117469666927036
speaker_centroid_cosine_distance,Count-adjusted,490,0.04594177269763122
speaker_centroid_cosine_distance,Count-adjusted,491,0.054739021761179174
speaker_centroid_cosine_distance,Count-adjusted,492,0.02693281164607697
speaker_centroid_cosine_distance,Count-adjusted,493,0.2401908984385841
speaker_centroid_cosine_distance,Count-adjusted,494,0.5957549977130157
speaker_centroid_cosine_distance,Count-adjusted,495,0.4016616997982112
speaker_centroid_cosine_distance,Count-adjusted,496,1.93592148950583
speaker_centroid_cosine_distance,Count-adjusted,497,4.852652261236841
speaker_centroid_cosine_distance,Count-adjusted,498,2.9012956184555208
speaker_centroid_cosine_distance,Count-adjusted,499,1.046508344343124
speaker_centroid_cosine_distance,Count-adjusted,500,0.004620330004797779
speaker_centroid_cosine_distance,Count-adjusted,501,0.05631156766929735
speaker_centroid_cosine_distance,Count-adjusted,502,0.11364950854192557
speaker_centroid_cosine_distance,Count-adjusted,503,0.4917749727949854
speaker_centroid_cosine_distance,Count-adjusted,504,0.009435939198681353
speaker_centroid_cosine_distance,Count-adjusted,505,0.03296612944234312
speaker_centroid_cosine_distance,Count-adjusted,506,1.1910145124128064
speaker_centroid_cosine_distance,Count-adjusted,507,0.3645124477442323
speaker_centroid_cosine_distance,Count-adjusted,508,0.9844776775520927
speaker_centroid_cosine_distance,Count-adjusted,509,0.0016777455007286335
speaker_centroid_cosine_distance,Count-adjusted,510,4.350726809720669
speaker_centroid_cosine_distance,Count-adjusted,511,0.003352399411710394
speaker_centroid_cosine_distance,Count-adjusted,512,0.0805336132613661
speaker_centroid_cosine_distance,Count-adjusted,513,1.2560297201765138
speaker_centroid_cosine_distance,Count-adjusted,514,0.37052491931936515
speaker_centroid_cosine_distance,Count-adjusted,515,0.34981332283282995
speaker_centroid_cosine_distance,Count-adjusted,516,0.19387302985342103
speaker_centroid_cosine_distance,Count-adjusted,517,3.568935824205255e-06
speaker_centroid_cosine_distance,Count-adjusted,518,0.02013960281766458
speaker_centroid_cosine_distance,Count-adjusted,519,7.80300699716463e-05
speaker_centroid_cosine_distance,Count-adjusted,520,0.052778971182988244
speaker_centroid_cosine_distance,Count-adjusted,521,0.0423033434274771
speaker_centroid_cosine_distance,Count-adjusted,522,0.054709198313219076
speaker_centroid_cosine_distance,Count-adjusted,523,0.45495829306733526
speaker_centroid_cosine_distance,Count-adjusted,524,0.005137037085262364
speaker_centroid_cosine_distance,Count-adjusted,525,0.00417437926350317
speaker_centroid_cosine_distance,Count-adjusted,526,2.4647309258807866
speaker_centroid_cosine_distance,Count-adjusted,527,3.098968128325623
speaker_centroid_cosine_distance,Count-adjusted,528,0.0016800224438497935
speaker_centroid_cosine_distance,Count-adjusted,529,0.16499170103713823
speaker_centroid_cosine_distance,Count-adjusted,530,0.10172422012624338
speaker_centroid_cosine_distance,Count-adjusted,531,0.10103726512818412
speaker_centroid_cosine_distance,Count-adjusted,532,0.037958269700453684
speaker_centroid_cosine_distance,Count-adjusted,533,0.05402113481505921
speaker_centroid_cosine_distance,Count-adjusted,534,0.3156906330852962
speaker_centroid_cosine_distance,Count-adjusted,535,1.6118589777140926
speaker_centroid_cosine_distance,Count-adjusted,536,0.18264286285091202
speaker_centroid_cosine_distance,Count-adjusted,537,0.8651627817153553
speaker_centroid_cosine_distance,Count-adjusted,538,4.534550489441926
speaker_centroid_cosine_distance,Count-adjusted,539,0.15654212894656894
speaker_centroid_cosine_distance,Count-adjusted,540,1.0118517910484002
speaker_centroid_cosine_distance,Count-adjusted,541,0.02538903750917143
speaker_centroid_cosine_distance,Count-adjusted,542,1.3271216223961915
speaker_centroid_cosine_distance,Count-adjusted,543,0.10296947341373652
speaker_centroid_cosine_distance,Count-adjusted,544,0.5304059177146883
speaker_centroid_cosine_distance,Count-adjusted,545,0.6315069110978584
speaker_centroid_cosine_distance,Count-adjusted,546,0.008681768999281303
speaker_centroid_cosine_distance,Count-adjusted,547,0.5589318313075751
speaker_centroid_cosine_distance,Count-adjusted,548,0.25335837159576613
speaker_centroid_cosine_distance,Count-adjusted,549,0.5709422269405309
speaker_centroid_cosine_distance,Count-adjusted,550,1.6352515456640617
speaker_centroid_cosine_distance,Count-adjusted,551,1.115797444849136
speaker_centroid_cosine_distance,Count-adjusted,552,1.3547757050951645
speaker_centroid_cosine_distance,Count-adjusted,553,0.31678006936550673
speaker_centroid_cosine_distance,Count-adjusted,554,0.5738416643629876
speaker_centroid_cosine_distance,Count-adjusted,555,0.005285950331597178
speaker_centroid_cosine_distance,Count-adjusted,556,0.012771874294742247
speaker_centroid_cosine_distance,Count-adjusted,557,0.4214522816328099
speaker_centroid_cosine_distance,Count-adjusted,558,0.01136746615895845
speaker_centroid_cosine_distance,Count-adjusted,559,1.8841968537672074
speaker_centroid_cosine_distance,Count-adjusted,560,0.08811615413270601
speaker_centroid_cosine_distance,Count-adjusted,561,2.0056859349371905
speaker_centroid_cosine_distance,Count-adjusted,562,0.6363059958252961
speaker_centroid_cosine_distance,Count-adjusted,563,0.09114058565540972
speaker_centroid_cosine_distance,Count-adjusted,564,0.014804229195789276
speaker_centroid_cosine_distance,Count-adjusted,565,0.03574988752967556
speaker_centroid_cosine_distance,Count-adjusted,566,5.57518533097749
speaker_centroid_cosine_distance,Count-adjusted,567,0.7694254105859955
speaker_centroid_cosine_distance,Count-adjusted,568,0.28751347100003954
speaker_centroid_cosine_distance,Count-adjusted,569,0.46433655680070274
speaker_centroid_cosine_distance,Count-adjusted,570,1.81844048675228
speaker_centroid_cosine_distance,Count-adjusted,571,0.30983588316701116
speaker_centroid_cosine_distance,Count-adjusted,572,1.3044132538366853
speaker_centroid_cosine_distance,Count-adjusted,573,0.5775399178112366
speaker_centroid_cosine_distance,Count-adjusted,574,0.3306847611902981
speaker_centroid_cosine_distance,Count-adjusted,575,0.02671147435535204
speaker_centroid_cosine_distance,Count-adjusted,576,0.6187658048388585
speaker_centroid_cosine_distance,Count-adjusted,577,0.35391155949898234
speaker_centroid_cosine_distance,Count-adjusted,578,0.4959206860402219
speaker_centroid_cosine_distance,Count-adjusted,579,0.5854781795902113
speaker_centroid_cosine_distance,Count-adjusted,580,1.26589280929511
speaker_centroid_cosine_distance,Count-adjusted,581,0.0562439864712303
speaker_centroid_cosine_distance,Count-adjusted,582,0.655429051521196
speaker_centroid_cosine_distance,Count-adjusted,583,0.05019904881243065
speaker_centroid_cosine_distance,Count-adjusted,584,1.8437923322015877
speaker_centroid_cosine_distance,Count-adjusted,585,2.2874923786161787
speaker_centroid_cosine_distance,Count-adjusted,586,2.1306909041272775
speaker_centroid_cosine_distance,Count-adjusted,587,0.39318409931999554
speaker_centroid_cosine_distance,Count-adjusted,588,0.002172149922103017
speaker_centroid_cosine_distance,Count-adjusted,589,1.1665329482771654
speaker_centroid_cosine_distance,Count-adjusted,590,3.670414679181448
speaker_centroid_cosine_distance,Count-adjusted,591,2.8241858551508017
speaker_centroid_cosine_distance,Count-adjusted,592,1.873069012809765
speaker_centroid_cosine_distance,Count-adjusted,593,0.32367945742748816
speaker_centroid_cosine_distance,Count-adjusted,594,0.0003458773429656503
speaker_centroid_cosine_distance,Count-adjusted,595,2.9093459496631624
speaker_centroid_cosine_distance,Count-adjusted,596,0.12319723228876
speaker_centroid_cosine_distance,Count-adjusted,597,2.281740414988178
speaker_centroid_cosine_distance,Count-adjusted,598,0.06003355035758773
speaker_centroid_cosine_distance,Count-adjusted,599,0.12541244824126352
speaker_centroid_cosine_distance,Count-adjusted,600,1.216778052072641
speaker_centroid_cosine_distance,Count-adjusted,601,0.7447223224910999
speaker_centroid_cosine_distance,Count-adjusted,602,2.4139859984799727
speaker_centroid_cosine_distance,Count-adjusted,603,2.982792621034946
speaker_centroid_cosine_distance,Count-adjusted,604,0.7541029528881609
speaker_centroid_cosine_distance,Count-adjusted,605,0.0870002714221414
speaker_centroid_cosine_distance,Count-adjusted,606,0.04310457786226607
speaker_centroid_cosine_distance,Count-adjusted,607,1.2093147685623364
speaker_centroid_cosine_distance,Count-adjusted,608,0.7292203170371465
speaker_centroid_cosine_distance,Count-adjusted,609,0.13789082312871415
speaker_centroid_cosine_distance,Count-adjusted,610,1.4523737008773026
speaker_centroid_cosine_distance,Count-adjusted,611,2.082854300405245
speaker_centroid_cosine_distance,Count-adjusted,612,0.747106677916463
speaker_centroid_cosine_distance,Count-adjusted,613,2.338663079042874
speaker_centroid_cosine_distance,Count-adjusted,614,0.8092167853904755
speaker_centroid_cosine_distance,Count-adjusted,615,0.1802779715642373
speaker_centroid_cosine_distance,Count-adjusted,616,0.5645190293163864
speaker_centroid_cosine_distance,Count-adjusted,617,5.126885559427478
speaker_centroid_cosine_distance,Count-adjusted,618,2.0428868007905407
speaker_centroid_cosine_distance,Count-adjusted,619,0.49265163788481914
speaker_centroid_cosine_distance,Count-adjusted,620,0.13946646091733328
speaker_centroid_cosine_distance,Count-adjusted,621,0.29273018028220577
speaker_centroid_cosine_distance,Count-adjusted,622,0.008547074776004138
speaker_centroid_cosine_distance,Count-adjusted,623,1.4737938007193634
speaker_centroid_cosine_distance,Count-adjusted,624,0.41095622683667443
speaker_centroid_cosine_distance,Count-adjusted,625,0.2164025469292028
speaker_centroid_cosine_distance,Count-adjusted,626,0.08854987984346963
speaker_centroid_cosine_distance,Count-adjusted,627,0.0015186927837476105
speaker_centroid_cosine_distance,Count-adjusted,628,0.08467946152293848
speaker_centroid_cosine_distance,Count-adjusted,629,1.2048735747120816
speaker_centroid_cosine_distance,Count-adjusted,630,0.6132912823383663
speaker_centroid_cosine_distance,Count-adjusted,631,1.0600686888636233
speaker_centroid_cosine_distance,Count-adjusted,632,3.5939153702915405
speaker_centroid_cosine_distance,Count-adjusted,633,0.4559172637287361
speaker_centroid_cosine_distance,Count-adjusted,634,0.35414958549870335
speaker_centroid_cosine_distance,Count-adjusted,635,0.09487422533456424
speaker_centroid_cosine_distance,Count-adjusted,636,0.6433660560967951
speaker_centroid_cosine_distance,Count-adjusted,637,0.06166119766527345
speaker_centroid_cosine_distance,Count-adjusted,638,3.3494344567237135
speaker_centroid_cosine_distance,Count-adjusted,639,0.302426848507821
speaker_centroid_cosine_distance,Count-adjusted,640,1.5871039741456912
speaker_centroid_cosine_distance,Count-adjusted,641,0.16024345813360696
speaker_centroid_cosine_distance,Count-adjusted,642,0.47216276201027085
speaker_centroid_cosine_distance,Count-adjusted,643,0.08866704863339692
speaker_centroid_cosine_distance,Count-adjusted,644,0.01890563439150128
speaker_centroid_cosine_distance,Count-adjusted,645,5.885964200554497
speaker_centroid_cosine_distance,Count-adjusted,646,6.6378570337570295
speaker_centroid_cosine_distance,Count-adjusted,647,1.1918328145635542
speaker_centroid_cosine_distance,Count-adjusted,648,2.5557204895843597
speaker_centroid_cosine_distance,Count-adjusted,649,0.19535687417800318
speaker_centroid_cosine_distance,Count-adjusted,650,0.14776982357437873
speaker_centroid_cosine_distance,Count-adjusted,651,0.14957824988067614
speaker_centroid_cosine_distance,Count-adjusted,652,0.8833124498394227
speaker_centroid_cosine_distance,Count-adjusted,653,0.7138739160229193
speaker_centroid_cosine_distance,Count-adjusted,654,0.49278396461335205
speaker_centroid_cosine_distance,Count-adjusted,655,0.06798770088926176
speaker_centroid_cosine_distance,Count-adjusted,656,0.3143367867009488
speaker_centroid_cosine_distance,Count-adjusted,657,0.09905370295194871
speaker_centroid_cosine_distance,Count-adjusted,658,0.6199981140496504
speaker_centroid_cosine_distance,Count-adjusted,659,1.816909159660952
speaker_centroid_cosine_distance,Count-adjusted,660,0.3549816856746588
speaker_centroid_cosine_distance,Count-adjusted,661,6.798388441401329
speaker_centroid_cosine_distance,Count-adjusted,662,0.012438034130809683
speaker_centroid_cosine_distance,Count-adjusted,663,0.020912091074819728
speaker_centroid_cosine_distance,Count-adjusted,664,1.8591981145218597
speaker_centroid_cosine_distance,Count-adjusted,665,0.032796425680032826
speaker_centroid_cosine_distance,Count-adjusted,666,4.940064293128017
speaker_centroid_cosine_distance,Count-adjusted,667,0.6258996392728591
speaker_centroid_cosine_distance,Count-adjusted,668,1.160925336133289
speaker_centroid_cosine_distance,Count-adjusted,669,0.6002356647595377
speaker_centroid_cosine_distance,Count-adjusted,670,0.006887804889061044
speaker_centroid_cosine_distance,Count-adjusted,671,0.021227328009615576
speaker_centroid_cosine_distance,Count-adjusted,672,2.4495188066804303
speaker_centroid_cosine_distance,Count-adjusted,673,1.796481904536165
speaker_centroid_cosine_distance,Count-adjusted,674,1.8500211956099406
speaker_centroid_cosine_distance,Count-adjusted,675,0.3142119823013445
speaker_centroid_cosine_distance,Count-adjusted,676,0.8170160565524043
speaker_centroid_cosine_distance,Count-adjusted,677,2.1165218745152288
speaker_centroid_cosine_distance,Count-adjusted,678,0.6920112145430153
speaker_centroid_cosine_distance,Count-adjusted,679,0.9866368649786068
speaker_centroid_cosine_distance,Count-adjusted,680,0.8250978086983309
speaker_centroid_cosine_distance,Count-adjusted,681,0.44073469730960824
speaker_centroid_cosine_distance,Count-adjusted,682,0.5831658144412302
speaker_centroid_cosine_distance,Count-adjusted,683,3.7241548781354936
speaker_centroid_cosine_distance,Count-adjusted,684,0.9827569018396503
speaker_centroid_cosine_distance,Count-adjusted,685,0.0879833882818275
speaker_centroid_cosine_distance,Count-adjusted,686,0.00982083584551674
speaker_centroid_cosine_distance,Count-adjusted,687,0.1358853778936293
speaker_centroid_cosine_distance,Count-adjusted,688,0.20977314002902858
speaker_centroid_cosine_distance,Count-adjusted,689,3.2661619238975277
speaker_centroid_cosine_distance,Count-adjusted,690,0.01656067758960944
speaker_centroid_cosine_distance,Count-adjusted,691,0.021338054127113537
speaker_centroid_cosine_distance,Count-adjusted,692,3.3503844410571446
speaker_centroid_cosine_distance,Count-adjusted,693,0.3465583728267063
speaker_centroid_cosine_distance,Count-adjusted,694,0.10209861312034718
speaker_centroid_cosine_distance,Count-adjusted,695,0.45746335769899815
speaker_centroid_cosine_distance,Count-adjusted,696,0.28500714651943326
speaker_centroid_cosine_distance,Count-adjusted,697,0.6736935475890391
speaker_centroid_cosine_distance,Count-adjusted,698,0.030466547878745587
speaker_centroid_cosine_distance,Count-adjusted,699,0.6235699577027844
speaker_centroid_cosine_distance,Count-adjusted,700,0.5704209309599264
speaker_centroid_cosine_distance,Count-adjusted,701,0.17164675309572885
speaker_centroid_cosine_distance,Count-adjusted,702,1.9036687303575661
speaker_centroid_cosine_distance,Count-adjusted,703,0.06065122091968078
speaker_centroid_cosine_distance,Count-adjusted,704,0.18915178628935791
speaker_centroid_cosine_distance,Count-adjusted,705,0.06326748352984168
speaker_centroid_cosine_distance,Count-adjusted,706,0.5252517218311823
speaker_centroid_cosine_distance,Count-adjusted,707,0.18275382401665752
speaker_centroid_cosine_distance,Count-adjusted,708,0.2456365044351969
speaker_centroid_cosine_distance,Count-adjusted,709,0.16364034388453774
speaker_centroid_cosine_distance,Count-adjusted,710,0.08452545542223788
speaker_centroid_cosine_distance,Count-adjusted,711,9.544519196149196
speaker_centroid_cosine_distance,Count-adjusted,712,0.18771936162562497
speaker_centroid_cosine_distance,Count-adjusted,713,0.5217974265231078
speaker_centroid_cosine_distance,Count-adjusted,714,1.1514689028774399
speaker_centroid_cosine_distance,Count-adjusted,715,0.9546812737241339
speaker_centroid_cosine_distance,Count-adjusted,716,0.25748863724203375
speaker_centroid_cosine_distance,Count-adjusted,717,1.2420844528603538
speaker_centroid_cosine_distance,Count-adjusted,718,1.8453595445761835
speaker_centroid_cosine_distance,Count-adjusted,719,0.013556481980970148
speaker_centroid_cosine_distance,Count-adjusted,720,0.3707138879015588
speaker_centroid_cosine_distance,Count-adjusted,721,1.1825175979860774
speaker_centroid_cosine_distance,Count-adjusted,722,0.17994135455887772
speaker_centroid_cosine_distance,Count-adjusted,723,0.005945202992393206
speaker_centroid_cosine_distance,Count-adjusted,724,1.0561620887838217
speaker_centroid_cosine_distance,Count-adjusted,725,1.8488529201686106
speaker_centroid_cosine_distance,Count-adjusted,726,2.2068141277293876
speaker_centroid_cosine_distance,Count-adjusted,727,3.1914459920143656
speaker_centroid_cosine_distance,Count-adjusted,728,0.036664531557619284
speaker_centroid_cosine_distance,Count-adjusted,729,0.1573106839406364
speaker_centroid_cosine_distance,Count-adjusted,730,0.0035230106625476765
speaker_centroid_cosine_distance,Count-adjusted,731,0.21703524806389396
speaker_centroid_cosine_distance,Count-adjusted,732,0.0003803098420576134
speaker_centroid_cosine_distance,Count-adjusted,733,0.8908549184883441
speaker_centroid_cosine_distance,Count-adjusted,734,2.906168078249209
speaker_centroid_cosine_distance,Count-adjusted,735,0.1403702483808047
speaker_centroid_cosine_distance,Count-adjusted,736,0.2462080924120187
speaker_centroid_cosine_distance,Count-adjusted,737,0.013771027171969763
speaker_centroid_cosine_distance,Count-adjusted,738,2.2779897091552357
speaker_centroid_cosine_distance,Count-adjusted,739,3.0205001972503283
speaker_centroid_cosine_distance,Count-adjusted,740,0.023226987189445936
speaker_centroid_cosine_distance,Count-adjusted,741,0.4081766013473498
speaker_centroid_cosine_distance,Count-adjusted,742,0.04603202834863396
speaker_centroid_cosine_distance,Count-adjusted,743,0.007450788264748098
speaker_centroid_cosine_distance,Count-adjusted,744,0.14926452744339258
speaker_centroid_cosine_distance,Count-adjusted,745,0.4503321923900785
speaker_centroid_cosine_distance,Count-adjusted,746,0.018733162561829886
speaker_centroid_cosine_distance,Count-adjusted,747,1.301676318192449
speaker_centroid_cosine_distance,Count-adjusted,748,1.2391443802215463
speaker_centroid_cosine_distance,Count-adjusted,749,2.4751689069425993
speaker_centroid_cosine_distance,Count-adjusted,750,0.0898862310219215
speaker_centroid_cosine_distance,Count-adjusted,751,2.1284493272679015
speaker_centroid_cosine_distance,Count-adjusted,752,0.13127795110932539
speaker_centroid_cosine_distance,Count-adjusted,753,0.3106808847836078
speaker_centroid_cosine_distance,Count-adjusted,754,0.5590268361425501
speaker_centroid_cosine_distance,Count-adjusted,755,2.7125582286368513
speaker_centroid_cosine_distance,Count-adjusted,756,1.8380774664405806
speaker_centroid_cosine_distance,Count-adjusted,757,1.0534070281280776
speaker_centroid_cosine_distance,Count-adjusted,758,0.06188597331384926
speaker_centroid_cosine_distance,Count-adjusted,759,0.243130913030825
speaker_centroid_cosine_distance,Count-adjusted,760,0.27875721445445834
speaker_centroid_cosine_distance,Count-adjusted,761,0.21613395774318178
speaker_centroid_cosine_distance,Count-adjusted,762,0.6315873578645892
speaker_centroid_cosine_distance,Count-adjusted,763,0.05800165072491836
speaker_centroid_cosine_distance,Count-adjusted,764,3.070670685755715
speaker_centroid_cosine_distance,Count-adjusted,765,1.7373506910256538
speaker_centroid_cosine_distance,Count-adjusted,766,0.25095028772665273
speaker_centroid_cosine_distance,Count-adjusted,767,0.16299543847802056
speaker_centroid_cosine_distance,Count-adjusted,768,0.09867393618731057
speaker_centroid_cosine_distance,Count-adjusted,769,1.7977335477653469
speaker_centroid_cosine_distance,Count-adjusted,770,0.13942638899874282
speaker_centroid_cosine_distance,Count-adjusted,771,0.008971844987456734
speaker_centroid_cosine_distance,Count-adjusted,772,4.742135946591304
speaker_centroid_cosine_distance,Count-adjusted,773,0.7577135001480428
speaker_centroid_cosine_distance,Count-adjusted,774,0.2647472011234697
speaker_centroid_cosine_distance,Count-adjusted,775,0.09471912456410791
speaker_centroid_cosine_distance,Count-adjusted,776,0.6672729253115222
speaker_centroid_cosine_distance,Count-adjusted,777,3.314368343433131
speaker_centroid_cosine_distance,Count-adjusted,778,0.32471806841653006
speaker_centroid_cosine_distance,Count-adjusted,779,0.013046666078537328
speaker_centroid_cosine_distance,Count-adjusted,780,3.2400413658706384e-05
speaker_centroid_cosine_distance,Count-adjusted,781,1.0469346895002616
speaker_centroid_cosine_distance,Count-adjusted,782,0.21243535608516595
speaker_centroid_cosine_distance,Count-adjusted,783,0.22229131190391627
speaker_centroid_cosine_distance,Count-adjusted,784,0.0009426568229287113
speaker_centroid_cosine_distance,Count-adjusted,785,3.202018671383968
speaker_centroid_cosine_distance,Count-adjusted,786,0.1429140758762344
speaker_centroid_cosine_distance,Count-adjusted,787,1.5575880584919446
speaker_centroid_cosine_distance,Count-adjusted,788,3.7005334132323355
speaker_centroid_cosine_distance,Count-adjusted,789,0.23897965972008706
speaker_centroid_cosine_distance,Count-adjusted,790,0.14274528462249236
speaker_centroid_cosine_distance,Count-adjusted,791,1.0777962911461145
speaker_centroid_cosine_distance,Count-adjusted,792,0.12072816087481897
speaker_centroid_cosine_distance,Count-adjusted,793,1.0276646221224723
speaker_centroid_cosine_distance,Count-adjusted,794,0.9507426998527819
speaker_centroid_cosine_distance,Count-adjusted,795,0.025433584639131368
speaker_centroid_cosine_distance,Count-adjusted,796,0.3539592706631538
speaker_centroid_cosine_distance,Count-adjusted,797,2.958710981505419
speaker_centroid_cosine_distance,Count-adjusted,798,0.01313953754765862
speaker_centroid_cosine_distance,Count-adjusted,799,0.7665667505418128
speaker_centroid_cosine_distance,Count-adjusted,800,2.541659531650737
speaker_centroid_cosine_distance,Count-adjusted,801,0.23481386088914746
speaker_centroid_cosine_distance,Count-adjusted,802,5.043464945747189
speaker_centroid_cosine_distance,Count-adjusted,803,0.6608357223763619
speaker_centroid_cosine_distance,Count-adjusted,804,0.22848575600255572
speaker_centroid_cosine_distance,Count-adjusted,805,1.6617988995793667
speaker_centroid_cosine_distance,Count-adjusted,806,0.6651247548946913
speaker_centroid_cosine_distance,Count-adjusted,807,2.434323221502524
speaker_centroid_cosine_distance,Count-adjusted,808,0.10806148849945885
speaker_centroid_cosine_distance,Count-adjusted,809,0.03479009854896731
speaker_centroid_cosine_distance,Count-adjusted,810,1.3265048158196464
speaker_centroid_cosine_distance,Count-adjusted,811,0.33952838636480465
speaker_centroid_cosine_distance,Count-adjusted,812,0.13308274121317254
speaker_centroid_cosine_distance,Count-adjusted,813,0.5981947865229245
speaker_centroid_cosine_distance,Count-adjusted,814,3.5064505876552516
speaker_centroid_cosine_distance,Count-adjusted,815,2.6049009522589586
speaker_centroid_cosine_distance,Count-adjusted,816,2.6973022980633914
speaker_centroid_cosine_distance,Count-adjusted,817,1.1933896283726142
speaker_centroid_cosine_distance,Count-adjusted,818,0.18053848817851303
speaker_centroid_cosine_distance,Count-adjusted,819,0.8928531376934927
speaker_centroid_cosine_distance,Count-adjusted,820,0.062478038576017525
speaker_centroid_cosine_distance,Count-adjusted,821,0.011598519020310505
speaker_centroid_cosine_distance,Count-adjusted,822,0.00024652357785726053
speaker_centroid_cosine_distance,Count-adjusted,823,1.0560703895394
speaker_centroid_cosine_distance,Count-adjusted,824,0.6811276808090838
speaker_centroid_cosine_distance,Count-adjusted,825,0.2240046902416566
speaker_centroid_cosine_distance,Count-adjusted,826,0.0001862560110339473
speaker_centroid_cosine_distance,Count-adjusted,827,3.5385794822244634
speaker_centroid_cosine_distance,Count-adjusted,828,0.12134607486513005
speaker_centroid_cosine_distance,Count-adjusted,829,3.947731362942193
speaker_centroid_cosine_distance,Count-adjusted,830,0.6489144654943857
speaker_centroid_cosine_distance,Count-adjusted,831,0.0629064237960506
speaker_centroid_cosine_distance,Count-adjusted,832,0.4805964328336927
speaker_centroid_cosine_distance,Count-adjusted,833,0.10786338966511266
speaker_centroid_cosine_distance,Count-adjusted,834,0.4693422028959162
speaker_centroid_cosine_distance,Count-adjusted,835,0.4526816447961721
speaker_centroid_cosine_distance,Count-adjusted,836,0.4643588627870656
speaker_centroid_cosine_distance,Count-adjusted,837,2.7899179792939606
speaker_centroid_cosine_distance,Count-adjusted,838,0.08077608614348719
speaker_centroid_cosine_distance,Count-adjusted,839,0.4407540708186275
speaker_centroid_cosine_distance,Count-adjusted,840,0.20979707873121356
speaker_centroid_cosine_distance,Count-adjusted,841,0.048242165196285214
speaker_centroid_cosine_distance,Count-adjusted,842,5.338924655107689
speaker_centroid_cosine_distance,Count-adjusted,843,0.25386857789223427
speaker_centroid_cosine_distance,Count-adjusted,844,3.051147795042027
speaker_centroid_cosine_distance,Count-adjusted,845,1.3654668010079831
speaker_centroid_cosine_distance,Count-adjusted,846,0.3227773822994777
speaker_centroid_cosine_distance,Count-adjusted,847,0.016667312335926
speaker_centroid_cosine_distance,Count-adjusted,848,0.5543921764497668
speaker_centroid_cosine_distance,Count-adjusted,849,0.29213251415535524
speaker_centroid_cosine_distance,Count-adjusted,850,0.23323373321670715
speaker_centroid_cosine_distance,Count-adjusted,851,4.368823634158787
speaker_centroid_cosine_distance,Count-adjusted,852,0.40863260713626914
speaker_centroid_cosine_distance,Count-adjusted,853,1.8072385125873325
speaker_centroid_cosine_distance,Count-adjusted,854,0.5473995025610066
speaker_centroid_cosine_distance,Count-adjusted,855,0.0021681862334048674
speaker_centroid_cosine_distance,Count-adjusted,856,0.05679620408869823
speaker_centroid_cosine_distance,Count-adjusted,857,0.20502978565480134
speaker_centroid_cosine_distance,Count-adjusted,858,0.15865745528338948
speaker_centroid_cosine_distance,Count-adjusted,859,1.7306418378972808
speaker_centroid_cosine_distance,Count-adjusted,860,0.1540298816326242
speaker_centroid_cosine_distance,Count-adjusted,861,2.6823393521839876
speaker_centroid_cosine_distance,Count-adjusted,862,0.8487668468143852
speaker_centroid_cosine_distance,Count-adjusted,863,0.6690795408362362
speaker_centroid_cosine_distance,Count-adjusted,864,0.02719499189618091
speaker_centroid_cosine_distance,Count-adjusted,865,3.962837230311834
speaker_centroid_cosine_distance,Count-adjusted,866,3.382502204717582
speaker_centroid_cosine_distance,Count-adjusted,867,1.08402517502509
speaker_centroid_cosine_distance,Count-adjusted,868,0.16686692943710568
speaker_centroid_cosine_distance,Count-adjusted,869,2.3535694844640602
speaker_centroid_cosine_distance,Count-adjusted,870,0.7975187342638037
speaker_centroid_cosine_distance,Count-adjusted,871,0.05922484895853586
speaker_centroid_cosine_distance,Count-adjusted,872,0.032444754259643105
speaker_centroid_cosine_distance,Count-adjusted,873,0.0456716473034362
speaker_centroid_cosine_distance,Count-adjusted,874,0.22384577719185472
speaker_centroid_cosine_distance,Count-adjusted,875,0.5234913013461551
speaker_centroid_cosine_distance,Count-adjusted,876,0.8046656855675565
speaker_centroid_cosine_distance,Count-adjusted,877,0.0017853043954403347
speaker_centroid_cosine_distance,Count-adjusted,878,0.5662490550292887
speaker_centroid_cosine_distance,Count-adjusted,879,3.2250046688064344
speaker_centroid_cosine_distance,Count-adjusted,880,1.322480307513331
speaker_centroid_cosine_distance,Count-adjusted,881,1.5270433779799077
speaker_centroid_cosine_distance,Count-adjusted,882,0.6013058362374295
speaker_centroid_cosine_distance,Count-adjusted,883,1.6497594712694195
speaker_centroid_cosine_distance,Count-adjusted,884,0.7269688081751156
speaker_centroid_cosine_distance,Count-adjusted,885,0.12453649585518178
speaker_centroid_cosine_distance,Count-adjusted,886,1.8864301912108772
speaker_centroid_cosine_distance,Count-adjusted,887,0.9302275534207922
speaker_centroid_cosine_distance,Count-adjusted,888,0.018321197950569967
speaker_centroid_cosine_distance,Count-adjusted,889,0.3174812910730225
speaker_centroid_cosine_distance,Count-adjusted,890,1.5788484183549372
speaker_centroid_cosine_distance,Count-adjusted,891,1.0452766818154942
speaker_centroid_cosine_distance,Count-adjusted,892,0.1131007602081695
speaker_centroid_cosine_distance,Count-adjusted,893,0.6341684466886477
speaker_centroid_cosine_distance,Count-adjusted,894,0.4806601607980383
speaker_centroid_cosine_distance,Count-adjusted,895,0.1098750088522138
speaker_centroid_cosine_distance,Count-adjusted,896,3.652734055406853
speaker_centroid_cosine_distance,Count-adjusted,897,0.30195214375459045
speaker_centroid_cosine_distance,Count-adjusted,898,0.5433210037631397
speaker_centroid_cosine_distance,Count-adjusted,899,0.09769625936880288
speaker_centroid_cosine_distance,Count-adjusted,900,0.433160929105469
speaker_centroid_cosine_distance,Count-adjusted,901,0.9643578947348601
speaker_centroid_cosine_distance,Count-adjusted,902,0.0014582811102172855
speaker_centroid_cosine_distance,Count-adjusted,903,0.35169562242103325
speaker_centroid_cosine_distance,Count-adjusted,904,0.7912804857386959
speaker_centroid_cosine_distance,Count-adjusted,905,0.18947116816070775
speaker_centroid_cosine_distance,Count-adjusted,906,0.004574149299514829
speaker_centroid_cosine_distance,Count-adjusted,907,4.224988692739828
speaker_centroid_cosine_distance,Count-adjusted,908,3.6906559629044864
speaker_centroid_cosine_distance,Count-adjusted,909,0.19920571827685762
speaker_centroid_cosine_distance,Count-adjusted,910,0.07307024382492955
speaker_centroid_cosine_distance,Count-adjusted,911,1.2783052417028102
speaker_centroid_cosine_distance,Count-adjusted,912,0.08633373556142487
speaker_centroid_cosine_distance,Count-adjusted,913,0.1704247769603171
speaker_centroid_cosine_distance,Count-adjusted,914,1.2964663600314168
speaker_centroid_cosine_distance,Count-adjusted,915,0.2601408766643374
speaker_centroid_cosine_distance,Count-adjusted,916,0.8989277939764406
speaker_centroid_cosine_distance,Count-adjusted,917,1.0911024457753342
speaker_centroid_cosine_distance,Count-adjusted,918,0.019584657593981092
speaker_centroid_cosine_distance,Count-adjusted,919,0.9283946866962083
speaker_centroid_cosine_distance,Count-adjusted,920,0.0014661185791169373
speaker_centroid_cosine_distance,Count-adjusted,921,0.3199133984053901
speaker_centroid_cosine_distance,Count-adjusted,922,4.5141423588625
speaker_centroid_cosine_distance,Count-adjusted,923,5.916911238504724
speaker_centroid_cosine_distance,Count-adjusted,924,0.07234094355553111
speaker_centroid_cosine_distance,Count-adjusted,925,0.9391715242047383
speaker_centroid_cosine_distance,Count-adjusted,926,1.6568401065836724
speaker_centroid_cosine_distance,Count-adjusted,927,0.5401708910921457
speaker_centroid_cosine_distance,Count-adjusted,928,1.0800233608572682
speaker_centroid_cosine_distance,Count-adjusted,929,0.35982235247740846
speaker_centroid_cosine_distance,Count-adjusted,930,0.8592615868118685
speaker_centroid_cosine_distance,Count-adjusted,931,0.19794760057556005
speaker_centroid_cosine_distance,Count-adjusted,932,0.5556204967695351
speaker_centroid_cosine_distance,Count-adjusted,933,0.09775950747103934
speaker_centroid_cosine_distance,Count-adjusted,934,0.1435486241457511
speaker_centroid_cosine_distance,Count-adjusted,935,0.003889720407613595
speaker_centroid_cosine_distance,Count-adjusted,936,0.8127928280288756
speaker_centroid_cosine_distance,Count-adjusted,937,1.5802650155448532
speaker_centroid_cosine_distance,Count-adjusted,938,2.3319691191371703
speaker_centroid_cosine_distance,Count-adjusted,939,1.6602377692798314
speaker_centroid_cosine_distance,Count-adjusted,940,1.0449896282887607
speaker_centroid_cosine_distance,Count-adjusted,941,0.005082799819945194
speaker_centroid_cosine_distance,Count-adjusted,942,0.27043524447441314
speaker_centroid_cosine_distance,Count-adjusted,943,0.9926981777595643
speaker_centroid_cosine_distance,Count-adjusted,944,1.4198565229617657
speaker_centroid_cosine_distance,Count-adjusted,945,0.25396984690519275
speaker_centroid_cosine_distance,Count-adjusted,946,0.1327588388053016
speaker_centroid_cosine_distance,Count-adjusted,947,0.475713034554758
speaker_centroid_cosine_distance,Count-adjusted,948,1.0513926321585814
speaker_centroid_cosine_distance,Count-adjusted,949,0.6701669957873833
speaker_centroid_cosine_distance,Count-adjusted,950,0.43365910728101653
speaker_centroid_cosine_distance,Count-adjusted,951,0.6245480389574709
speaker_centroid_cosine_distance,Count-adjusted,952,1.469139410189598
speaker_centroid_cosine_distance,Count-adjusted,953,3.9137998320384213
speaker_centroid_cosine_distance,Count-adjusted,954,0.32948083705736053
speaker_centroid_cosine_distance,Count-adjusted,955,0.39634748936356345
speaker_centroid_cosine_distance,Count-adjusted,956,0.49255371448623464
speaker_centroid_cosine_distance,Count-adjusted,957,0.012572370970758584
speaker_centroid_cosine_distance,Count-adjusted,958,0.735102767080889
speaker_centroid_cosine_distance,Count-adjusted,959,0.0062984254210221025
speaker_centroid_cosine_distance,Count-adjusted,960,0.02704730309787351
speaker_centroid_cosine_distance,Count-adjusted,961,0.040688386312410785
speaker_centroid_cosine_distance,Count-adjusted,962,0.49888804284495336
speaker_centroid_cosine_distance,Count-adjusted,963,0.4548414943087664
speaker_centroid_cosine_distance,Count-adjusted,964,0.05287298961206943
speaker_centroid_cosine_distance,Count-adjusted,965,1.7290345806382845
speaker_centroid_cosine_distance,Count-adjusted,966,1.167017788737894
speaker_centroid_cosine_distance,Count-adjusted,967,1.2854520402782725
speaker_centroid_cosine_distance,Count-adjusted,968,2.0904679861982913
speaker_centroid_cosine_distance,Count-adjusted,969,0.18477569601139976
speaker_centroid_cosine_distance,Count-adjusted,970,0.817994360605951
speaker_centroid_cosine_distance,Count-adjusted,971,0.23771667663294238
speaker_centroid_cosine_distance,Count-adjusted,972,0.9641597090668199
speaker_centroid_cosine_distance,Count-adjusted,973,2.2809057500844574
speaker_centroid_cosine_distance,Count-adjusted,974,0.5870772410297036
speaker_centroid_cosine_distance,Count-adjusted,975,0.004122448981746629
speaker_centroid_cosine_distance,Count-adjusted,976,0.8072410045956531
speaker_centroid_cosine_distance,Count-adjusted,977,0.11181024670241868
speaker_centroid_cosine_distance,Count-adjusted,978,1.416980922731625
speaker_centroid_cosine_distance,Count-adjusted,979,0.027206492961283857
speaker_centroid_cosine_distance,Count-adjusted,980,0.05956611672394274
speaker_centroid_cosine_distance,Count-adjusted,981,2.1020295499927215
speaker_centroid_cosine_distance,Count-adjusted,982,1.669653040027299
speaker_centroid_cosine_distance,Count-adjusted,983,1.4316821200657444
speaker_centroid_cosine_distance,Count-adjusted,984,5.9663079114818345
speaker_centroid_cosine_distance,Count-adjusted,985,1.383834520788639
speaker_centroid_cosine_distance,Count-adjusted,986,0.14136925851073556
speaker_centroid_cosine_distance,Count-adjusted,987,0.07688435742494448
speaker_centroid_cosine_distance,Count-adjusted,988,0.028799753420372554
speaker_centroid_cosine_distance,Count-adjusted,989,2.5016055494558884
speaker_centroid_cosine_distance,Count-adjusted,990,2.593255864071807
speaker_centroid_cosine_distance,Count-adjusted,991,0.6220659340693828
speaker_centroid_cosine_distance,Count-adjusted,992,0.10973089040436435
speaker_centroid_cosine_distance,Count-adjusted,993,0.15319052316257853
speaker_centroid_cosine_distance,Count-adjusted,994,1.5864164840641592
speaker_centroid_cosine_distance,Count-adjusted,995,0.0011237691783776427
speaker_centroid_cosine_distance,Count-adjusted,996,0.15142662067978563
speaker_centroid_cosine_distance,Count-adjusted,997,1.0598981249186181
speaker_centroid_cosine_distance,Count-adjusted,998,0.5231986268394735
radial_distance_median,Unadjusted,0,1.308717352074666
radial_distance_median,Unadjusted,1,0.9808829251479096
radial_distance_median,Unadjusted,2,5.078881386044657
radial_distance_median,Unadjusted,3,0.30201951040913855
radial_distance_median,Unadjusted,4,0.4111159357298675
radial_distance_median,Unadjusted,5,2.987581496443056
radial_distance_median,Unadjusted,6,2.190959656532982
radial_distance_median,Unadjusted,7,1.5346066942860261
radial_distance_median,Unadjusted,8,0.0347725952101996
radial_distance_median,Unadjusted,9,0.027784258880444668
radial_distance_median,Unadjusted,10,0.3903294827628656
radial_distance_median,Unadjusted,11,0.8677816826324829
radial_distance_median,Unadjusted,12,1.191797801510802
radial_distance_median,Unadjusted,13,0.22826054637511106
radial_distance_median,Unadjusted,14,0.014778836951848007
radial_distance_median,Unadjusted,15,2.9507752557067306
radial_distance_median,Unadjusted,16,1.4480391119690807
radial_distance_median,Unadjusted,17,0.05684040037743898
radial_distance_median,Unadjusted,18,2.5506607673900703
radial_distance_median,Unadjusted,19,0.35491614060873644
radial_distance_median,Unadjusted,20,0.001747632266187793
radial_distance_median,Unadjusted,21,0.03641732860290858
radial_distance_median,Unadjusted,22,5.692567175744784
radial_distance_median,Unadjusted,23,1.5302458564877952
radial_distance_median,Unadjusted,24,4.066053491013918
radial_distance_median,Unadjusted,25,0.00033943405014724704
radial_distance_median,Unadjusted,26,0.8330566816621854
radial_distance_median,Unadjusted,27,1.3162165127330354
radial_distance_median,Unadjusted,28,8.873836145539826e-05
radial_distance_median,Unadjusted,29,0.24732237714113126
radial_distance_median,Unadjusted,30,6.1803412934773405
radial_distance_median,Unadjusted,31,1.8855133665013
radial_distance_median,Unadjusted,32,0.5491347209764967
radial_distance_median,Unadjusted,33,0.18650035441248747
radial_distance_median,Unadjusted,34,0.1627519202933172
radial_distance_median,Unadjusted,35,0.16597071933682628
radial_distance_median,Unadjusted,36,0.9135324361277526
radial_distance_median,Unadjusted,37,0.04113266844598229
radial_distance_median,Unadjusted,38,0.04694692597126959
radial_distance_median,Unadjusted,39,0.3977196174020605
radial_distance_median,Unadjusted,40,0.3098795365920637
radial_distance_median,Unadjusted,41,0.2761305822822351
radial_distance_median,Unadjusted,42,0.1432362723758729
radial_distance_median,Unadjusted,43,3.1080574038907685
radial_distance_median,Unadjusted,44,0.6035632760101635
radial_distance_median,Unadjusted,45,1.0314801267332427
radial_distance_median,Unadjusted,46,4.748930871301127e-05
radial_distance_median,Unadjusted,47,0.5911259131851239
radial_distance_median,Unadjusted,48,0.14429642119114305
radial_distance_median,Unadjusted,49,3.258642981732862
radial_distance_median,Unadjusted,50,2.9051394319082533
radial_distance_median,Unadjusted,51,0.26781080785656286
radial_distance_median,Unadjusted,52,6.3033280071067566e-06
radial_distance_median,Unadjusted,53,0.02591514480729984
radial_distance_median,Unadjusted,54,0.32594665187338023
radial_distance_median,Unadjusted,55,1.6176155152105025
radial_distance_median,Unadjusted,56,0.8836083494155673
radial_distance_median,Unadjusted,57,0.054716152224443704
radial_distance_median,Unadjusted,58,0.010740065267327736
radial_distance_median,Unadjusted,59,0.9118190724969395
radial_distance_median,Unadjusted,60,2.3479179074702756
radial_distance_median,Unadjusted,61,0.0401836840342753
radial_distance_median,Unadjusted,62,0.04982552365385118
radial_distance_median,Unadjusted,63,2.4443070219853666
radial_distance_median,Unadjusted,64,0.07219460379553766
radial_distance_median,Unadjusted,65,0.1622921114845326
radial_distance_median,Unadjusted,66,1.1902366645986717
radial_distance_median,Unadjusted,67,1.9589799662604719
radial_distance_median,Unadjusted,68,0.18219341916238818
radial_distance_median,Unadjusted,69,5.33255317656733
radial_distance_median,Unadjusted,70,0.6205795734173876
radial_distance_median,Unadjusted,71,0.05166310209443736
radial_distance_median,Unadjusted,72,0.0008115475557701757
radial_distance_median,Unadjusted,73,0.0011589348152938328
radial_distance_median,Unadjusted,74,0.06786677015770692
radial_distance_median,Unadjusted,75,0.014341864828793405
radial_distance_median,Unadjusted,76,4.952160279204065
radial_distance_median,Unadjusted,77,0.058240157440309304
radial_distance_median,Unadjusted,78,0.6828872324693975
radial_distance_median,Unadjusted,79,0.00037555193932803377
radial_distance_median,Unadjusted,80,6.527844439012426
radial_distance_median,Unadjusted,81,2.7509481543176832
radial_distance_median,Unadjusted,82,0.07003370958312871
radial_distance_median,Unadjusted,83,0.3498659207389778
radial_distance_median,Unadjusted,84,1.0681249473644243
radial_distance_median,Unadjusted,85,0.008096151095230653
radial_distance_median,Unadjusted,86,0.9324958079848216
radial_distance_median,Unadjusted,87,1.903767820540054
radial_distance_median,Unadjusted,88,0.00014364337465622157
radial_distance_median,Unadjusted,89,0.08316898468939371
radial_distance_median,Unadjusted,90,0.21847561090100953
radial_distance_median,Unadjusted,91,0.6739636829628921
radial_distance_median,Unadjusted,92,1.8533009825208637
radial_distance_median,Unadjusted,93,0.35115186979271584
radial_distance_median,Unadjusted,94,0.10391877896540791
radial_distance_median,Unadjusted,95,0.7066862208588987
radial_distance_median,Unadjusted,96,0.014368025029284581
radial_distance_median,Unadjusted,97,0.085340249939577
radial_distance_median,Unadjusted,98,0.34452833325508436
radial_distance_median,Unadjusted,99,0.18859321808650975
radial_distance_median,Unadjusted,100,0.31206640382032447
radial_distance_median,Unadjusted,101,0.06986230247639469
radial_distance_median,Unadjusted,102,0.4809620032966677
radial_distance_median,Unadjusted,103,0.33708911903755734
radial_distance_median,Unadjusted,104,3.1912059774130626
radial_distance_median,Unadjusted,105,0.5214243132264755
radial_distance_median,Unadjusted,106,0.31332458749363923
radial_distance_median,Unadjusted,107,0.0014712107580976408
radial_distance_median,Unadjusted,108,0.04979792567763752
radial_distance_median,Unadjusted,109,0.48501792478134576
radial_distance_median,Unadjusted,110,1.6664409674958165
radial_distance_median,Unadjusted,111,0.13141223069703756
radial_distance_median,Unadjusted,112,0.023286769955916498
radial_distance_median,Unadjusted,113,1.3433666957704986
radial_distance_median,Unadjusted,114,0.05844140806914311
radial_distance_median,Unadjusted,115,0.024262958025019543
radial_distance_median,Unadjusted,116,1.231147196742711
radial_distance_median,Unadjusted,117,0.21959748256585954
radial_distance_median,Unadjusted,118,0.14745114056717057
radial_distance_median,Unadjusted,119,1.1001549657020178
radial_distance_median,Unadjusted,120,2.7749449311704097
radial_distance_median,Unadjusted,121,3.928305457918441
radial_distance_median,Unadjusted,122,0.39099304526325795
radial_distance_median,Unadjusted,123,0.4601936128551074
radial_distance_median,Unadjusted,124,0.039759682667920515
radial_distance_median,Unadjusted,125,0.13838109430469103
radial_distance_median,Unadjusted,126,0.5371526402925042
radial_distance_median,Unadjusted,127,0.3921178090255353
radial_distance_median,Unadjusted,128,3.7236370726942596
radial_distance_median,Unadjusted,129,0.13179624405330514
radial_distance_median,Unadjusted,130,0.007669518759996663
radial_distance_median,Unadjusted,131,0.6743581050758394
radial_distance_median,Unadjusted,132,0.647579087594579
radial_distance_median,Unadjusted,133,0.07906110220466189
radial_distance_median,Unadjusted,134,1.6559822244219617
radial_distance_median,Unadjusted,135,0.23407929759031276
radial_distance_median,Unadjusted,136,1.8496927271385744
radial_distance_median,Unadjusted,137,0.9566472643708721
radial_distance_median,Unadjusted,138,0.15266800470152475
radial_distance_median,Unadjusted,139,3.8369582657829824
radial_distance_median,Unadjusted,140,0.13520830794766425
radial_distance_median,Unadjusted,141,0.011979143487565125
radial_distance_median,Unadjusted,142,0.38372379006500523
radial_distance_median,Unadjusted,143,1.9870217727629438
radial_distance_median,Unadjusted,144,0.9014452884389357
radial_distance_median,Unadjusted,145,0.0022993110633819924
radial_distance_median,Unadjusted,146,1.2754694227380128
radial_distance_median,Unadjusted,147,0.5422051440821178
radial_distance_median,Unadjusted,148,0.014284927022401916
radial_distance_median,Unadjusted,149,0.8289406815048892
radial_distance_median,Unadjusted,150,0.015894452555414773
radial_distance_median,Unadjusted,151,0.04821555200106786
radial_distance_median,Unadjusted,152,0.009168934757326497
radial_distance_median,Unadjusted,153,0.4172157543363255
radial_distance_median,Unadjusted,154,2.3888712583907363
radial_distance_median,Unadjusted,155,0.6299876105547355
radial_distance_median,Unadjusted,156,0.029691727624935993
radial_distance_median,Unadjusted,157,0.4308555931417004
radial_distance_median,Unadjusted,158,2.908352101532671
radial_distance_median,Unadjusted,159,0.5946585329569416
radial_distance_median,Unadjusted,160,1.1614263628196682
radial_distance_median,Unadjusted,161,0.10680786492537209
radial_distance_median,Unadjusted,162,0.7813202439559745
radial_distance_median,Unadjusted,163,0.04360069878941886
radial_distance_median,Unadjusted,164,1.2199875475617432
radial_distance_median,Unadjusted,165,0.020908299644815997
radial_distance_median,Unadjusted,166,0.03307890656424206
radial_distance_median,Unadjusted,167,0.1472831000531869
radial_distance_median,Unadjusted,168,0.172479280825371
radial_distance_median,Unadjusted,169,1.8355933793355348
radial_distance_median,Unadjusted,170,0.0010753706329751367
radial_distance_median,Unadjusted,171,3.0954921001230673
radial_distance_median,Unadjusted,172,0.0003898871709679952
radial_distance_median,Unadjusted,173,0.011723568251397865
radial_distance_median,Unadjusted,174,0.008058661736981776
radial_distance_median,Unadjusted,175,1.0331845914087125
radial_distance_median,Unadjusted,176,1.1075307681231266
radial_distance_median,Unadjusted,177,0.20591020256938464
radial_distance_median,Unadjusted,178,0.03528642869548548
radial_distance_median,Unadjusted,179,0.011300698279910648
radial_distance_median,Unadjusted,180,3.4998472770850526
radial_distance_median,Unadjusted,181,0.7082731835846516
radial_distance_median,Unadjusted,182,0.8266083740503518
radial_distance_median,Unadjusted,183,0.2803395770300199
radial_distance_median,Unadjusted,184,0.5778704911331829
radial_distance_median,Unadjusted,185,0.7160138880183808
radial_distance_median,Unadjusted,186,2.5868508735295563
radial_distance_median,Unadjusted,187,0.08214385474792607
radial_distance_median,Unadjusted,188,0.5911585767556176
radial_distance_median,Unadjusted,189,0.8717478200410937
radial_distance_median,Unadjusted,190,1.0509366069351813
radial_distance_median,Unadjusted,191,0.22691305213822943
radial_distance_median,Unadjusted,192,0.023602490356381622
radial_distance_median,Unadjusted,193,0.6884156031960629
radial_distance_median,Unadjusted,194,0.0028689042841847368
radial_distance_median,Unadjusted,195,0.00478457691207268
radial_distance_median,Unadjusted,196,0.0729562886276085
radial_distance_median,Unadjusted,197,0.1613103776599587
radial_distance_median,Unadjusted,198,0.02855089605475314
radial_distance_median,Unadjusted,199,0.017910897325748465
radial_distance_median,Unadjusted,200,0.026429397545257416
radial_distance_median,Unadjusted,201,2.0429457675090816
radial_distance_median,Unadjusted,202,0.04473184072367076
radial_distance_median,Unadjusted,203,0.9271439341155769
radial_distance_median,Unadjusted,204,0.4792007329575654
radial_distance_median,Unadjusted,205,2.782701665547222
radial_distance_median,Unadjusted,206,0.2346345945744588
radial_distance_median,Unadjusted,207,0.022859789509425354
radial_distance_median,Unadjusted,208,0.9478894750156428
radial_distance_median,Unadjusted,209,0.8062948739374747
radial_distance_median,Unadjusted,210,0.061156333827511844
radial_distance_median,Unadjusted,211,5.577627730311008
radial_distance_median,Unadjusted,212,0.029825016484153366
radial_distance_median,Unadjusted,213,1.4089775531488726
radial_distance_median,Unadjusted,214,0.0449419718667059
radial_distance_median,Unadjusted,215,1.0051720411318001
radial_distance_median,Unadjusted,216,1.7689866342956293
radial_distance_median,Unadjusted,217,0.2277971716636671
radial_distance_median,Unadjusted,218,0.1068960543585149
radial_distance_median,Unadjusted,219,0.11135351136238114
radial_distance_median,Unadjusted,220,4.74254378623516
radial_distance_median,Unadjusted,221,0.021171754064880588
radial_distance_median,Unadjusted,222,0.007109598236183956
radial_distance_median,Unadjusted,223,1.7538287700837714
radial_distance_median,Unadjusted,224,1.7968094761070006
radial_distance_median,Unadjusted,225,2.5575459184310603
radial_distance_median,Unadjusted,226,0.8750722337696288
radial_distance_median,Unadjusted,227,5.269642753311871
radial_distance_median,Unadjusted,228,2.0193125974665804
radial_distance_median,Unadjusted,229,0.08732376858449697
radial_distance_median,Unadjusted,230,0.01808369622705186
radial_distance_median,Unadjusted,231,0.33716627693166856
radial_distance_median,Unadjusted,232,0.6574865196267297
radial_distance_median,Unadjusted,233,0.08652472603330352
radial_distance_median,Unadjusted,234,1.378342520910337
radial_distance_median,Unadjusted,235,3.1352215550855362
radial_distance_median,Unadjusted,236,0.04272572173215394
radial_distance_median,Unadjusted,237,0.03675140090632567
radial_distance_median,Unadjusted,238,0.20003658569243044
radial_distance_median,Unadjusted,239,1.7540305931175908
radial_distance_median,Unadjusted,240,1.0168327696636652
radial_distance_median,Unadjusted,241,0.001406253709262728
radial_distance_median,Unadjusted,242,5.695210154943993
radial_distance_median,Unadjusted,243,7.1854755491547735
radial_distance_median,Unadjusted,244,0.23237586681221956
radial_distance_median,Unadjusted,245,0.07331436643903544
radial_distance_median,Unadjusted,246,4.686236531490124
radial_distance_median,Unadjusted,247,0.002466283641751943
radial_distance_median,Unadjusted,248,1.607773622052207
radial_distance_median,Unadjusted,249,3.37198672494452
radial_distance_median,Unadjusted,250,0.14136249969578785
radial_distance_median,Unadjusted,251,1.0587237592367273
radial_distance_median,Unadjusted,252,0.01127768473014612
radial_distance_median,Unadjusted,253,0.05553573683209834
radial_distance_median,Unadjusted,254,6.0103510044898485
radial_distance_median,Unadjusted,255,0.11191295666958467
radial_distance_median,Unadjusted,256,0.390222921226723
radial_distance_median,Unadjusted,257,1.499077899824556
radial_distance_median,Unadjusted,258,0.0201458348185497
radial_distance_median,Unadjusted,259,0.6391247823276558
radial_distance_median,Unadjusted,260,3.826771002725252
radial_distance_median,Unadjusted,261,3.120801058411928
radial_distance_median,Unadjusted,262,4.226576825106292
radial_distance_median,Unadjusted,263,0.33712205249753424
radial_distance_median,Unadjusted,264,0.12369638860496934
radial_distance_median,Unadjusted,265,1.1862586501716237
radial_distance_median,Unadjusted,266,0.0446394819454099
radial_distance_median,Unadjusted,267,0.48704291346473383
radial_distance_median,Unadjusted,268,0.30443671921176474
radial_distance_median,Unadjusted,269,0.14000046478662398
radial_distance_median,Unadjusted,270,0.03112385461042777
radial_distance_median,Unadjusted,271,2.1499722856822245
radial_distance_median,Unadjusted,272,1.6462016645990616
radial_distance_median,Unadjusted,273,0.7461607775782113
radial_distance_median,Unadjusted,274,0.08896126120379222
radial_distance_median,Unadjusted,275,0.021017043446761363
radial_distance_median,Unadjusted,276,0.8100659643944255
radial_distance_median,Unadjusted,277,0.004483888285449211
radial_distance_median,Unadjusted,278,9.798927067095065e-05
radial_distance_median,Unadjusted,279,4.7452749583953846e-05
radial_distance_median,Unadjusted,280,0.5333015436728488
radial_distance_median,Unadjusted,281,0.09605447428674552
radial_distance_median,Unadjusted,282,0.7934588976235659
radial_distance_median,Unadjusted,283,1.8092945449732838
radial_distance_median,Unadjusted,284,0.014830829136826651
radial_distance_median,Unadjusted,285,0.09678002402580432
radial_distance_median,Unadjusted,286,0.004681783101659676
radial_distance_median,Unadjusted,287,0.21651944034670123
radial_distance_median,Unadjusted,288,1.0804220883640028
radial_distance_median,Unadjusted,289,0.26466887339392997
radial_distance_median,Unadjusted,290,0.0006202186320365399
radial_distance_median,Unadjusted,291,0.24443564295887654
radial_distance_median,Unadjusted,292,0.2587831541428045
radial_distance_median,Unadjusted,293,0.017890525702398463
radial_distance_median,Unadjusted,294,3.3953990746554155
radial_distance_median,Unadjusted,295,0.36243232878240406
radial_distance_median,Unadjusted,296,5.285327764606109
radial_distance_median,Unadjusted,297,4.895420939942596
radial_distance_median,Unadjusted,298,1.4141160298069053
radial_distance_median,Unadjusted,299,1.9617788035634476
radial_distance_median,Unadjusted,300,0.6327715766627193
radial_distance_median,Unadjusted,301,0.8302267351974137
radial_distance_median,Unadjusted,302,0.8352806616975954
radial_distance_median,Unadjusted,303,0.17256884985295073
radial_distance_median,Unadjusted,304,4.5353461741290175
radial_distance_median,Unadjusted,305,0.2367298029638505
radial_distance_median,Unadjusted,306,0.2572736936950264
radial_distance_median,Unadjusted,307,7.2124166861661365
radial_distance_median,Unadjusted,308,0.12271159070161275
radial_distance_median,Unadjusted,309,0.0004505590696339823
radial_distance_median,Unadjusted,310,0.7389175063325979
radial_distance_median,Unadjusted,311,0.0026224685745432907
radial_distance_median,Unadjusted,312,0.7217265485356847
radial_distance_median,Unadjusted,313,0.2123059821934703
radial_distance_median,Unadjusted,314,0.07173423126420175
radial_distance_median,Unadjusted,315,2.258420726286033
radial_distance_median,Unadjusted,316,1.730767735310394
radial_distance_median,Unadjusted,317,1.6098205910732304
radial_distance_median,Unadjusted,318,0.028597843023476344
radial_distance_median,Unadjusted,319,1.0650161947665424
radial_distance_median,Unadjusted,320,5.519308638184157
radial_distance_median,Unadjusted,321,0.3449172430084104
radial_distance_median,Unadjusted,322,0.024976671022727714
radial_distance_median,Unadjusted,323,0.37656573490937717
radial_distance_median,Unadjusted,324,1.6294626261039298
radial_distance_median,Unadjusted,325,0.533184232263352
radial_distance_median,Unadjusted,326,0.07956014048443194
radial_distance_median,Unadjusted,327,0.006068146927248108
radial_distance_median,Unadjusted,328,0.43059040187927167
radial_distance_median,Unadjusted,329,0.014411455666277107
radial_distance_median,Unadjusted,330,0.06583626364493966
radial_distance_median,Unadjusted,331,0.01890558937049036
radial_distance_median,Unadjusted,332,0.9759761189698679
radial_distance_median,Unadjusted,333,0.6084134452741523
radial_distance_median,Unadjusted,334,3.3557494752771504
radial_distance_median,Unadjusted,335,1.5316992160530276
radial_distance_median,Unadjusted,336,0.008354631698011872
radial_distance_median,Unadjusted,337,0.25059093494013496
radial_distance_median,Unadjusted,338,0.13599371316126962
radial_distance_median,Unadjusted,339,0.0051273411170882355
radial_distance_median,Unadjusted,340,0.9594635568323611
radial_distance_median,Unadjusted,341,3.936707867292796
radial_distance_median,Unadjusted,342,1.2249769799751675
radial_distance_median,Unadjusted,343,6.593875269718183
radial_distance_median,Unadjusted,344,0.03344993308911626
radial_distance_median,Unadjusted,345,0.323967365059616
radial_distance_median,Unadjusted,346,0.9017005664856015
radial_distance_median,Unadjusted,347,0.45652320432071747
radial_distance_median,Unadjusted,348,2.3142165175756304
radial_distance_median,Unadjusted,349,0.36287467342668833
radial_distance_median,Unadjusted,350,0.000494052147473667
radial_distance_median,Unadjusted,351,1.5598653970330076
radial_distance_median,Unadjusted,352,0.09173449331183292
radial_distance_median,Unadjusted,353,1.94356951632858
radial_distance_median,Unadjusted,354,0.14793110008719168
radial_distance_median,Unadjusted,355,0.10333529937923913
radial_distance_median,Unadjusted,356,0.24009115727744756
radial_distance_median,Unadjusted,357,0.1080805805846694
radial_distance_median,Unadjusted,358,0.0044213042029355165
radial_distance_median,Unadjusted,359,0.3755092392586903
radial_distance_median,Unadjusted,360,0.09436260756649517
radial_distance_median,Unadjusted,361,3.1341292962844136
radial_distance_median,Unadjusted,362,0.6125350661340576
radial_distance_median,Unadjusted,363,0.009014634511856912
radial_distance_median,Unadjusted,364,2.972147881795024
radial_distance_median,Unadjusted,365,0.03782023938828161
radial_distance_median,Unadjusted,366,0.31379512359751516
radial_distance_median,Unadjusted,367,7.979882029990733
radial_distance_median,Unadjusted,368,0.4397652530587379
radial_distance_median,Unadjusted,369,0.06646694848222978
radial_distance_median,Unadjusted,370,0.403485454450049
radial_distance_median,Unadjusted,371,0.15544394992610933
radial_distance_median,Unadjusted,372,0.6361503593179805
radial_distance_median,Unadjusted,373,2.3314925506313102
radial_distance_median,Unadjusted,374,0.161360369838917
radial_distance_median,Unadjusted,375,0.5908973919151208
radial_distance_median,Unadjusted,376,3.7979666343945837
radial_distance_median,Unadjusted,377,0.20106635830171626
radial_distance_median,Unadjusted,378,1.2683425833469073
radial_distance_median,Unadjusted,379,2.0410841679031364
radial_distance_median,Unadjusted,380,0.37327972724602887
radial_distance_median,Unadjusted,381,2.15685578671156
radial_distance_median,Unadjusted,382,0.0015807188852363652
radial_distance_median,Unadjusted,383,0.9337234034341577
radial_distance_median,Unadjusted,384,0.0169480559172257
radial_distance_median,Unadjusted,385,0.18638317172428742
radial_distance_median,Unadjusted,386,0.604946243233428
radial_distance_median,Unadjusted,387,0.01577684828805559
radial_distance_median,Unadjusted,388,0.2495251994140517
radial_distance_median,Unadjusted,389,2.0857369132786516
radial_distance_median,Unadjusted,390,0.2625006878718068
radial_distance_median,Unadjusted,391,0.005326610250506292
radial_distance_median,Unadjusted,392,1.8563743058802515
radial_distance_median,Unadjusted,393,0.5081104811530395
radial_distance_median,Unadjusted,394,0.9649356422908113
radial_distance_median,Unadjusted,395,1.4613564653425897
radial_distance_median,Unadjusted,396,1.8506332231726788
radial_distance_median,Unadjusted,397,0.8866880904037657
radial_distance_median,Unadjusted,398,0.10025810508687982
radial_distance_median,Unadjusted,399,4.470033513149417
radial_distance_median,Unadjusted,400,0.23965873226637768
radial_distance_median,Unadjusted,401,0.2799443280707692
radial_distance_median,Unadjusted,402,1.1767805867411312
radial_distance_median,Unadjusted,403,0.08749778985361445
radial_distance_median,Unadjusted,404,0.4217912827853638
radial_distance_median,Unadjusted,405,0.2560428318487311
radial_distance_median,Unadjusted,406,1.4522520204005218
radial_distance_median,Unadjusted,407,0.09591355586331929
radial_distance_median,Unadjusted,408,0.16690411527298465
radial_distance_median,Unadjusted,409,0.5599562844724346
radial_distance_median,Unadjusted,410,0.7401671429381054
radial_distance_median,Unadjusted,411,0.08850287419187453
radial_distance_median,Unadjusted,412,0.1540391779540755
radial_distance_median,Unadjusted,413,1.3499222988464226
radial_distance_median,Unadjusted,414,0.017453030918090917
radial_distance_median,Unadjusted,415,0.054235651061389945
radial_distance_median,Unadjusted,416,0.21698111729597258
radial_distance_median,Unadjusted,417,1.7391065501007574
radial_distance_median,Unadjusted,418,0.3843473958436334
radial_distance_median,Unadjusted,419,0.2837538367471666
radial_distance_median,Unadjusted,420,2.5564149269974337
radial_distance_median,Unadjusted,421,1.0637378628813394
radial_distance_median,Unadjusted,422,0.8860676242388763
radial_distance_median,Unadjusted,423,0.0031416646609159216
radial_distance_median,Unadjusted,424,2.9266463957449673
radial_distance_median,Unadjusted,425,0.07198392706942514
radial_distance_median,Unadjusted,426,0.4672265120389625
radial_distance_median,Unadjusted,427,0.013225602235138467
radial_distance_median,Unadjusted,428,4.220749573880141
radial_distance_median,Unadjusted,429,0.0053990915777148984
radial_distance_median,Unadjusted,430,3.5165811349576757
radial_distance_median,Unadjusted,431,2.555003693688036
radial_distance_median,Unadjusted,432,0.06454140896124727
radial_distance_median,Unadjusted,433,0.4925899244584002
radial_distance_median,Unadjusted,434,0.41826563985273424
radial_distance_median,Unadjusted,435,8.682836930652286
radial_distance_median,Unadjusted,436,3.399185263530171
radial_distance_median,Unadjusted,437,3.085744738752908
radial_distance_median,Unadjusted,438,0.6944949678878629
radial_distance_median,Unadjusted,439,3.5281761155689537
radial_distance_median,Unadjusted,440,1.0457602530889858
radial_distance_median,Unadjusted,441,0.3532857463590062
radial_distance_median,Unadjusted,442,1.2995689704521283
radial_distance_median,Unadjusted,443,0.0031589712471031817
radial_distance_median,Unadjusted,444,2.396013682773969
radial_distance_median,Unadjusted,445,0.6240923873056659
radial_distance_median,Unadjusted,446,1.676908739115163
radial_distance_median,Unadjusted,447,0.6564142817036895
radial_distance_median,Unadjusted,448,0.40666888741031926
radial_distance_median,Unadjusted,449,0.03206795024192388
radial_distance_median,Unadjusted,450,0.01896160026541338
radial_distance_median,Unadjusted,451,2.07808158521334
radial_distance_median,Unadjusted,452,0.010761664153790207
radial_distance_median,Unadjusted,453,0.937718533961629
radial_distance_median,Unadjusted,454,0.11655328364918205
radial_distance_median,Unadjusted,455,0.24148909839766475
radial_distance_median,Unadjusted,456,0.006685642789761914
radial_distance_median,Unadjusted,457,0.45764032805499255
radial_distance_median,Unadjusted,458,0.08714376012392222
radial_distance_median,Unadjusted,459,1.627978460665929
radial_distance_median,Unadjusted,460,0.0040643173123839915
radial_distance_median,Unadjusted,461,0.08551443463881014
radial_distance_median,Unadjusted,462,2.1916955934064504
radial_distance_median,Unadjusted,463,0.6292716319317151
radial_distance_median,Unadjusted,464,0.6745261628718708
radial_distance_median,Unadjusted,465,0.19720547710142
radial_distance_median,Unadjusted,466,0.9849695127890072
radial_distance_median,Unadjusted,467,1.7839346615262457
radial_distance_median,Unadjusted,468,1.8561161922215206
radial_distance_median,Unadjusted,469,0.4046166355969376
radial_distance_median,Unadjusted,470,0.5358734585813636
radial_distance_median,Unadjusted,471,0.6484195484808879
radial_distance_median,Unadjusted,472,2.5592394441505917
radial_distance_median,Unadjusted,473,0.009406977197954802
radial_distance_median,Unadjusted,474,3.5833096163730715
radial_distance_median,Unadjusted,475,0.01951356307597507
radial_distance_median,Unadjusted,476,2.4182092570067653
radial_distance_median,Unadjusted,477,0.30099030608693056
radial_distance_median,Unadjusted,478,0.055476657476617675
radial_distance_median,Unadjusted,479,0.8571476614655467
radial_distance_median,Unadjusted,480,1.2457090855985484
radial_distance_median,Unadjusted,481,0.06673567305858796
radial_distance_median,Unadjusted,482,0.10744683803670796
radial_distance_median,Unadjusted,483,0.9990654868556135
radial_distance_median,Unadjusted,484,3.22890741707738
radial_distance_median,Unadjusted,485,1.866060472542415
radial_distance_median,Unadjusted,486,0.034649097259716655
radial_distance_median,Unadjusted,487,0.49254212037556044
radial_distance_median,Unadjusted,488,0.04934714297945675
radial_distance_median,Unadjusted,489,0.061023634370314994
radial_distance_median,Unadjusted,490,0.040870171361348184
radial_distance_median,Unadjusted,491,0.4434338366499446
radial_distance_median,Unadjusted,492,1.5354670417447664
radial_distance_median,Unadjusted,493,0.5581033585240789
radial_distance_median,Unadjusted,494,0.21595694236305008
radial_distance_median,Unadjusted,495,0.00893663414973389
radial_distance_median,Unadjusted,496,0.00183052037368725
radial_distance_median,Unadjusted,497,0.38012211056803835
radial_distance_median,Unadjusted,498,0.15833222849630602
radial_distance_median,Unadjusted,499,0.05734747174767563
radial_distance_median,Unadjusted,500,0.4302965921996815
radial_distance_median,Unadjusted,501,0.04126310579295023
radial_distance_median,Unadjusted,502,0.004465474545952475
radial_distance_median,Unadjusted,503,0.012108137095708571
radial_distance_median,Unadjusted,504,2.1441674439734015
radial_distance_median,Unadjusted,505,0.10879642161489755
radial_distance_median,Unadjusted,506,0.1253883005449552
radial_distance_median,Unadjusted,507,0.6871156245180146
radial_distance_median,Unadjusted,508,0.07182515723269489
radial_distance_median,Unadjusted,509,1.1828124245017193
radial_distance_median,Unadjusted,510,1.1277961026630123
radial_distance_median,Unadjusted,511,0.8665580749583341
radial_distance_median,Unadjusted,512,1.0243642273112528
radial_distance_median,Unadjusted,513,0.4493167459389724
radial_distance_median,Unadjusted,514,0.09062983603428165
radial_distance_median,Unadjusted,515,0.16812747355919555
radial_distance_median,Unadjusted,516,0.8195109070309741
radial_distance_median,Unadjusted,517,0.42395637958361476
radial_distance_median,Unadjusted,518,1.9198432979903828
radial_distance_median,Unadjusted,519,0.16327848453448723
radial_distance_median,Unadjusted,520,1.0285800035352395
radial_distance_median,Unadjusted,521,2.0354298368691275
radial_distance_median,Unadjusted,522,0.017423879368550388
radial_distance_median,Unadjusted,523,0.041700232464506826
radial_distance_median,Unadjusted,524,1.3144393731488435
radial_distance_median,Unadjusted,525,3.904868851692015
radial_distance_median,Unadjusted,526,0.1859561949101476
radial_distance_median,Unadjusted,527,0.925249194653702
radial_distance_median,Unadjusted,528,0.07190618366234958
radial_distance_median,Unadjusted,529,0.0437273817705659
radial_distance_median,Unadjusted,530,0.17446682758048837
radial_distance_median,Unadjusted,531,1.124522184392788
radial_distance_median,Unadjusted,532,0.7767049620089779
radial_distance_median,Unadjusted,533,1.061143860519394
radial_distance_median,Unadjusted,534,0.5450571551904773
radial_distance_median,Unadjusted,535,0.013617102073737897
radial_distance_median,Unadjusted,536,0.012122306129754179
radial_distance_median,Unadjusted,537,0.16789349808215093
radial_distance_median,Unadjusted,538,1.8048988361366014
radial_distance_median,Unadjusted,539,1.6955942403932909
radial_distance_median,Unadjusted,540,0.3661577622037271
radial_distance_median,Unadjusted,541,4.287043867114335
radial_distance_median,Unadjusted,542,0.2861794891705358
radial_distance_median,Unadjusted,543,0.32341711239985216
radial_distance_median,Unadjusted,544,3.164371268549303
radial_distance_median,Unadjusted,545,0.5253441547900479
radial_distance_median,Unadjusted,546,0.02468644702690881
radial_distance_median,Unadjusted,547,0.6356680046819747
radial_distance_median,Unadjusted,548,0.021216165524549524
radial_distance_median,Unadjusted,549,2.240281571140031
radial_distance_median,Unadjusted,550,3.836333164602138
radial_distance_median,Unadjusted,551,0.0025768894634552453
radial_distance_median,Unadjusted,552,0.8720412051665676
radial_distance_median,Unadjusted,553,2.6490899508897314
radial_distance_median,Unadjusted,554,2.7719751743289294
radial_distance_median,Unadjusted,555,0.20127926661479023
radial_distance_median,Unadjusted,556,1.2361298460690477
radial_distance_median,Unadjusted,557,1.409470116557543
radial_distance_median,Unadjusted,558,5.222877575761231e-06
radial_distance_median,Unadjusted,559,0.022078809920799358
radial_distance_median,Unadjusted,560,0.5681615300418343
radial_distance_median,Unadjusted,561,0.04554839037683678
radial_distance_median,Unadjusted,562,0.201706218958293
radial_distance_median,Unadjusted,563,0.07167116843351096
radial_distance_median,Unadjusted,564,1.5615685000925055
radial_distance_median,Unadjusted,565,0.15220135553767022
radial_distance_median,Unadjusted,566,0.6874952323814796
radial_distance_median,Unadjusted,567,6.551520187737367
radial_distance_median,Unadjusted,568,2.0285155242493715
radial_distance_median,Unadjusted,569,2.3999571975716094
radial_distance_median,Unadjusted,570,0.5612860882993687
radial_distance_median,Unadjusted,571,0.02531902636110317
radial_distance_median,Unadjusted,572,0.9539057631506012
radial_distance_median,Unadjusted,573,1.8546611401906432
radial_distance_median,Unadjusted,574,0.1391974340234583
radial_distance_median,Unadjusted,575,2.5614270433407
radial_distance_median,Unadjusted,576,3.90873333421888
radial_distance_median,Unadjusted,577,0.5214659802877009
radial_distance_median,Unadjusted,578,3.3135477407991516
radial_distance_median,Unadjusted,579,0.027536092719401495
radial_distance_median,Unadjusted,580,0.018996084419313775
radial_distance_median,Unadjusted,581,2.7409930969851075
radial_distance_median,Unadjusted,582,0.3987498493664816
radial_distance_median,Unadjusted,583,0.5322897553749044
radial_distance_median,Unadjusted,584,0.0031976486507687696
radial_distance_median,Unadjusted,585,0.31875291526654337
radial_distance_median,Unadjusted,586,0.005853774196395989
radial_distance_median,Unadjusted,587,0.17494785957057957
radial_distance_median,Unadjusted,588,0.32887166350917596
radial_distance_median,Unadjusted,589,0.24751542457653386
radial_distance_median,Unadjusted,590,1.79243302486924
radial_distance_median,Unadjusted,591,0.3211857052080518
radial_distance_median,Unadjusted,592,3.6817788526685717
radial_distance_median,Unadjusted,593,1.50499412803714
radial_distance_median,Unadjusted,594,0.8287492090589126
radial_distance_median,Unadjusted,595,2.898185966525034
radial_distance_median,Unadjusted,596,0.05897902819077672
radial_distance_median,Unadjusted,597,0.5308807064957932
radial_distance_median,Unadjusted,598,0.5316841666677874
radial_distance_median,Unadjusted,599,2.72070359969797
radial_distance_median,Unadjusted,600,0.2634707495331554
radial_distance_median,Unadjusted,601,0.44212055040156883
radial_distance_median,Unadjusted,602,4.84963943122807
radial_distance_median,Unadjusted,603,1.2199177012586233
radial_distance_median,Unadjusted,604,0.0023236024687207646
radial_distance_median,Unadjusted,605,0.8195107709386207
radial_distance_median,Unadjusted,606,0.49354650354092655
radial_distance_median,Unadjusted,607,0.9691420864526208
radial_distance_median,Unadjusted,608,0.7997083572733459
radial_distance_median,Unadjusted,609,1.0020819001894097
radial_distance_median,Unadjusted,610,4.73438981327314
radial_distance_median,Unadjusted,611,0.8077068364717661
radial_distance_median,Unadjusted,612,0.911630231825427
radial_distance_median,Unadjusted,613,4.7445669120041885
radial_distance_median,Unadjusted,614,1.1074660979640498
radial_distance_median,Unadjusted,615,0.7433746047239538
radial_distance_median,Unadjusted,616,2.7907421633095737
radial_distance_median,Unadjusted,617,3.2854568917085203
radial_distance_median,Unadjusted,618,0.34756328291143745
radial_distance_median,Unadjusted,619,0.2612060846013833
radial_distance_median,Unadjusted,620,2.0101535361085894
radial_distance_median,Unadjusted,621,0.4767731809502038
radial_distance_median,Unadjusted,622,0.12210786820674002
radial_distance_median,Unadjusted,623,0.11915635744196607
radial_distance_median,Unadjusted,624,1.427100480177046
radial_distance_median,Unadjusted,625,0.028993674883679432
radial_distance_median,Unadjusted,626,1.3649906388110935
radial_distance_median,Unadjusted,627,0.5260575496178035
radial_distance_median,Unadjusted,628,0.0025298660750650015
radial_distance_median,Unadjusted,629,0.1396314204981195
radial_distance_median,Unadjusted,630,0.5112146415993379
radial_distance_median,Unadjusted,631,0.10151996543589803
radial_distance_median,Unadjusted,632,0.9408942434550909
radial_distance_median,Unadjusted,633,1.3299360215502816
radial_distance_median,Unadjusted,634,0.003659492410463372
radial_distance_median,Unadjusted,635,0.04456060340436352
radial_distance_median,Unadjusted,636,0.8464130079348706
radial_distance_median,Unadjusted,637,0.008248330824528693
radial_distance_median,Unadjusted,638,0.5549746810539773
radial_distance_median,Unadjusted,639,3.5471529773847124
radial_distance_median,Unadjusted,640,0.08539757558793326
radial_distance_median,Unadjusted,641,0.05043492081824752
radial_distance_median,Unadjusted,642,0.04712146197459788
radial_distance_median,Unadjusted,643,0.7501611757541014
radial_distance_median,Unadjusted,644,1.115591348100395
radial_distance_median,Unadjusted,645,0.8655185017852318
radial_distance_median,Unadjusted,646,2.6871023530391085
radial_distance_median,Unadjusted,647,0.5639989744808531
radial_distance_median,Unadjusted,648,1.6747341103327358
radial_distance_median,Unadjusted,649,0.033359173846974954
radial_distance_median,Unadjusted,650,3.5769256240542973
radial_distance_median,Unadjusted,651,0.004445485646897396
radial_distance_median,Unadjusted,652,1.0243215005231718
radial_distance_median,Unadjusted,653,0.24881150692004894
radial_distance_median,Unadjusted,654,0.6903510933425991
radial_distance_median,Unadjusted,655,0.15327001817786368
radial_distance_median,Unadjusted,656,0.8153672313770244
radial_distance_median,Unadjusted,657,0.250216027161116
radial_distance_median,Unadjusted,658,0.005635429726908114
radial_distance_median,Unadjusted,659,6.1326632704555095
radial_distance_median,Unadjusted,660,0.8526123923390401
radial_distance_median,Unadjusted,661,0.2471685507074426
radial_distance_median,Unadjusted,662,3.1279225797666754
radial_distance_median,Unadjusted,663,0.04258336722051581
radial_distance_median,Unadjusted,664,0.5877909207175662
radial_distance_median,Unadjusted,665,0.015367577645520214
radial_distance_median,Unadjusted,666,1.9850335560767007
radial_distance_median,Unadjusted,667,2.649281441388098
radial_distance_median,Unadjusted,668,4.231786034393053
radial_distance_median,Unadjusted,669,0.23280967288258125
radial_distance_median,Unadjusted,670,0.755626114662789
radial_distance_median,Unadjusted,671,0.10049206734947802
radial_distance_median,Unadjusted,672,1.7224090961961451
radial_distance_median,Unadjusted,673,1.8134370330487286
radial_distance_median,Unadjusted,674,1.6444331542798523
radial_distance_median,Unadjusted,675,1.5041904135735535
radial_distance_median,Unadjusted,676,0.02879025636082133
radial_distance_median,Unadjusted,677,0.6896573665475216
radial_distance_median,Unadjusted,678,0.05117135421579633
radial_distance_median,Unadjusted,679,0.12917695647422534
radial_distance_median,Unadjusted,680,0.6564343204764782
radial_distance_median,Unadjusted,681,1.6476837853118695
radial_distance_median,Unadjusted,682,1.6215579016219976
radial_distance_median,Unadjusted,683,0.20130745433243646
radial_distance_median,Unadjusted,684,0.13174267558156316
radial_distance_median,Unadjusted,685,0.9840352532941097
radial_distance_median,Unadjusted,686,2.539248875725832
radial_distance_median,Unadjusted,687,1.3155333167052845
radial_distance_median,Unadjusted,688,1.337196487762526
radial_distance_median,Unadjusted,689,0.046467964683188256
radial_distance_median,Unadjusted,690,2.884870766277004
radial_distance_median,Unadjusted,691,0.6062051547535816
radial_distance_median,Unadjusted,692,0.002610860290474193
radial_distance_median,Unadjusted,693,3.750618713715994
radial_distance_median,Unadjusted,694,4.861885808700379
radial_distance_median,Unadjusted,695,0.08460299486728218
radial_distance_median,Unadjusted,696,0.32545961148798597
radial_distance_median,Unadjusted,697,1.1356335377232654
radial_distance_median,Unadjusted,698,0.045750328134431584
radial_distance_median,Unadjusted,699,0.22050876252734497
radial_distance_median,Unadjusted,700,0.911145278707238
radial_distance_median,Unadjusted,701,0.1346690997489759
radial_distance_median,Unadjusted,702,0.012654220222202639
radial_distance_median,Unadjusted,703,1.1334240182452504
radial_distance_median,Unadjusted,704,0.8214546872481208
radial_distance_median,Unadjusted,705,2.746535031909616
radial_distance_median,Unadjusted,706,0.418762711903355
radial_distance_median,Unadjusted,707,0.036783693729887545
radial_distance_median,Unadjusted,708,2.5345069632914488
radial_distance_median,Unadjusted,709,0.02686524015291525
radial_distance_median,Unadjusted,710,0.18277988727794536
radial_distance_median,Unadjusted,711,0.05939865483060203
radial_distance_median,Unadjusted,712,0.03668099693811655
radial_distance_median,Unadjusted,713,4.70679174080783
radial_distance_median,Unadjusted,714,1.1684740893335857
radial_distance_median,Unadjusted,715,0.21308985321763885
radial_distance_median,Unadjusted,716,2.734981614936885
radial_distance_median,Unadjusted,717,0.09390574988452727
radial_distance_median,Unadjusted,718,0.7770564121824464
radial_distance_median,Unadjusted,719,0.5968389693683775
radial_distance_median,Unadjusted,720,2.2347556946044733
radial_distance_median,Unadjusted,721,4.757370801320292
radial_distance_median,Unadjusted,722,0.27472375022733786
radial_distance_median,Unadjusted,723,0.03178265315762019
radial_distance_median,Unadjusted,724,0.5950740994633748
radial_distance_median,Unadjusted,725,0.09044591037570626
radial_distance_median,Unadjusted,726,0.097945587607569
radial_distance_median,Unadjusted,727,1.7128123355147977
radial_distance_median,Unadjusted,728,0.031010326601574434
radial_distance_median,Unadjusted,729,0.6164724325645352
radial_distance_median,Unadjusted,730,0.0014121262862545336
radial_distance_median,Unadjusted,731,0.031832526640812375
radial_distance_median,Unadjusted,732,0.9694931597679215
radial_distance_median,Unadjusted,733,2.576111428675887
radial_distance_median,Unadjusted,734,0.6822644810020506
radial_distance_median,Unadjusted,735,0.04404334622603301
radial_distance_median,Unadjusted,736,0.5939453504301468
radial_distance_median,Unadjusted,737,3.5213757510218784
radial_distance_median,Unadjusted,738,1.7375115629836273
radial_distance_median,Unadjusted,739,0.25137866048851265
radial_distance_median,Unadjusted,740,0.3216110981130669
radial_distance_median,Unadjusted,741,4.451049336848712
radial_distance_median,Unadjusted,742,2.345998160260933
radial_distance_median,Unadjusted,743,1.3970490093956869
radial_distance_median,Unadjusted,744,0.10798210801090136
radial_distance_median,Unadjusted,745,1.1717872623714243
radial_distance_median,Unadjusted,746,0.3070222545246679
radial_distance_median,Unadjusted,747,1.8278481551459436
radial_distance_median,Unadjusted,748,0.06339776080994852
radial_distance_median,Unadjusted,749,2.1034199958999693
radial_distance_median,Unadjusted,750,2.6367900336423418
radial_distance_median,Unadjusted,751,3.308382095826289
radial_distance_median,Unadjusted,752,0.148550183142504
radial_distance_median,Unadjusted,753,0.2927883345821556
radial_distance_median,Unadjusted,754,0.2814786351806333
radial_distance_median,Unadjusted,755,2.1496136905144567
radial_distance_median,Unadjusted,756,2.681301270628694
radial_distance_median,Unadjusted,757,2.567462808811854
radial_distance_median,Unadjusted,758,0.33756707843457434
radial_distance_median,Unadjusted,759,0.8764182423261104
radial_distance_median,Unadjusted,760,3.615623395986745
radial_distance_median,Unadjusted,761,0.00018101020816629898
radial_distance_median,Unadjusted,762,0.2829576401273357
radial_distance_median,Unadjusted,763,0.394089735772468
radial_distance_median,Unadjusted,764,1.2706275254756179
radial_distance_median,Unadjusted,765,0.08951212306817524
radial_distance_median,Unadjusted,766,1.5255268021109032
radial_distance_median,Unadjusted,767,0.04407729855205389
radial_distance_median,Unadjusted,768,0.1834743493704991
radial_distance_median,Unadjusted,769,0.06434699027494162
radial_distance_median,Unadjusted,770,0.7824028350830758
radial_distance_median,Unadjusted,771,1.4534813865146248
radial_distance_median,Unadjusted,772,0.6001032711667449
radial_distance_median,Unadjusted,773,0.036634252960709546
radial_distance_median,Unadjusted,774,0.3683693301157973
radial_distance_median,Unadjusted,775,1.359731495598055
radial_distance_median,Unadjusted,776,1.3480703464191492
radial_distance_median,Unadjusted,777,0.054547684786882655
radial_distance_median,Unadjusted,778,0.0013873062609945919
radial_distance_median,Unadjusted,779,0.6525168247569013
radial_distance_median,Unadjusted,780,0.005997944289276802
radial_distance_median,Unadjusted,781,0.13147484462405146
radial_distance_median,Unadjusted,782,1.274146930074835
radial_distance_median,Unadjusted,783,2.4325327426438434
radial_distance_median,Unadjusted,784,0.4097598698747902
radial_distance_median,Unadjusted,785,1.3854367182375427e-05
radial_distance_median,Unadjusted,786,0.14656476132910257
radial_distance_median,Unadjusted,787,0.04746429909368999
radial_distance_median,Unadjusted,788,5.791845734326785
radial_distance_median,Unadjusted,789,4.00224035353375
radial_distance_median,Unadjusted,790,1.6154597840654787
radial_distance_median,Unadjusted,791,1.063867887412016
radial_distance_median,Unadjusted,792,0.004411449574092785
radial_distance_median,Unadjusted,793,0.02066275475499424
radial_distance_median,Unadjusted,794,0.40857636063151404
radial_distance_median,Unadjusted,795,0.4735473588166883
radial_distance_median,Unadjusted,796,0.03725229221174686
radial_distance_median,Unadjusted,797,1.9245354774921566
radial_distance_median,Unadjusted,798,2.770861912933526
radial_distance_median,Unadjusted,799,0.0646247916882885
radial_distance_median,Unadjusted,800,2.7241862747667938
radial_distance_median,Unadjusted,801,1.1430765874797544
radial_distance_median,Unadjusted,802,0.13521973660903086
radial_distance_median,Unadjusted,803,0.34618294314867626
radial_distance_median,Unadjusted,804,1.205047864329174
radial_distance_median,Unadjusted,805,0.6512948076141925
radial_distance_median,Unadjusted,806,3.2805814481617404
radial_distance_median,Unadjusted,807,0.6914774681994231
radial_distance_median,Unadjusted,808,1.8455024244882452
radial_distance_median,Unadjusted,809,0.0006822188098567494
radial_distance_median,Unadjusted,810,0.13857192280897834
radial_distance_median,Unadjusted,811,0.36894820330905986
radial_distance_median,Unadjusted,812,3.1078776579554415
radial_distance_median,Unadjusted,813,0.0918876794231096
radial_distance_median,Unadjusted,814,0.8312717242808958
radial_distance_median,Unadjusted,815,1.074623912818879
radial_distance_median,Unadjusted,816,5.96966029331378
radial_distance_median,Unadjusted,817,1.0066678463735457
radial_distance_median,Unadjusted,818,0.013234538579240507
radial_distance_median,Unadjusted,819,0.06663433743256064
radial_distance_median,Unadjusted,820,0.07818697683484288
radial_distance_median,Unadjusted,821,0.44830038437595476
radial_distance_median,Unadjusted,822,1.0099491889485535
radial_distance_median,Unadjusted,823,2.71079595231339
radial_distance_median,Unadjusted,824,0.002322345458253494
radial_distance_median,Unadjusted,825,1.6816339190752956
radial_distance_median,Unadjusted,826,0.36982229068297556
radial_distance_median,Unadjusted,827,0.218461731362936
radial_distance_median,Unadjusted,828,0.10143538843078659
radial_distance_median,Unadjusted,829,0.9224439199499557
radial_distance_median,Unadjusted,830,0.05634394673955967
radial_distance_median,Unadjusted,831,0.0007725587790332611
radial_distance_median,Unadjusted,832,1.0583665215114024
radial_distance_median,Unadjusted,833,3.8996345336512945
radial_distance_median,Unadjusted,834,0.29280679235671414
radial_distance_median,Unadjusted,835,0.8324173388828058
radial_distance_median,Unadjusted,836,1.3937550557585041
radial_distance_median,Unadjusted,837,0.02794859016898954
radial_distance_median,Unadjusted,838,0.006953597115057164
radial_distance_median,Unadjusted,839,4.221563760971037
radial_distance_median,Unadjusted,840,0.5531098437990067
radial_distance_median,Unadjusted,841,0.3455490848608065
radial_distance_median,Unadjusted,842,0.35380223433003266
radial_distance_median,Unadjusted,843,0.42990947238348554
radial_distance_median,Unadjusted,844,2.768173490022889
radial_distance_median,Unadjusted,845,0.005112889353824812
radial_distance_median,Unadjusted,846,0.932844981675089
radial_distance_median,Unadjusted,847,1.0416470059849416
radial_distance_median,Unadjusted,848,0.744372851672324
radial_distance_median,Unadjusted,849,0.0025775799743996686
radial_distance_median,Unadjusted,850,1.5871167219780205
radial_distance_median,Unadjusted,851,1.9314667807341834
radial_distance_median,Unadjusted,852,0.9326285361333362
radial_distance_median,Unadjusted,853,0.7006451665136524
radial_distance_median,Unadjusted,854,0.8187292635992094
radial_distance_median,Unadjusted,855,0.45507211753960064
radial_distance_median,Unadjusted,856,0.015567577142007849
radial_distance_median,Unadjusted,857,0.6290784520265902
radial_distance_median,Unadjusted,858,0.5932987550207827
radial_distance_median,Unadjusted,859,0.09094002842363125
radial_distance_median,Unadjusted,860,0.000871705129043221
radial_distance_median,Unadjusted,861,1.3484855072593405
radial_distance_median,Unadjusted,862,1.9872576225641865
radial_distance_median,Unadjusted,863,0.4216035291075855
radial_distance_median,Unadjusted,864,0.4002863480099563
radial_distance_median,Unadjusted,865,0.020341970145580035
radial_distance_median,Unadjusted,866,2.052840665091935
radial_distance_median,Unadjusted,867,4.709707884775241
radial_distance_median,Unadjusted,868,3.0210837188244
radial_distance_median,Unadjusted,869,0.3740643778268691
radial_distance_median,Unadjusted,870,2.886927492890038
radial_distance_median,Unadjusted,871,1.067836117579418
radial_distance_median,Unadjusted,872,2.9812315801722775
radial_distance_median,Unadjusted,873,2.8763128360024552
radial_distance_median,Unadjusted,874,0.607050190606742
radial_distance_median,Unadjusted,875,0.2479461335304336
radial_distance_median,Unadjusted,876,0.10694223267739744
radial_distance_median,Unadjusted,877,2.4975457681164244
radial_distance_median,Unadjusted,878,1.1016942917567007
radial_distance_median,Unadjusted,879,4.276191088887742
radial_distance_median,Unadjusted,880,3.347718710798233
radial_distance_median,Unadjusted,881,0.49199761273791864
radial_distance_median,Unadjusted,882,3.0014355527255816
radial_distance_median,Unadjusted,883,1.2080911152165754
radial_distance_median,Unadjusted,884,0.12884933282157363
radial_distance_median,Unadjusted,885,0.42877576008856977
radial_distance_median,Unadjusted,886,0.4903636157977189
radial_distance_median,Unadjusted,887,0.022132098735085037
radial_distance_median,Unadjusted,888,0.000543302346954988
radial_distance_median,Unadjusted,889,0.25366745083823616
radial_distance_median,Unadjusted,890,0.022225758903232418
radial_distance_median,Unadjusted,891,0.31079358115499645
radial_distance_median,Unadjusted,892,1.3693354648693798
radial_distance_median,Unadjusted,893,0.8784994694074157
radial_distance_median,Unadjusted,894,0.8228427440874384
radial_distance_median,Unadjusted,895,0.8709263908141907
radial_distance_median,Unadjusted,896,0.0033223937042521356
radial_distance_median,Unadjusted,897,0.0014294498903950625
radial_distance_median,Unadjusted,898,0.28747165605307146
radial_distance_median,Unadjusted,899,1.1786456990309944
radial_distance_median,Unadjusted,900,2.9070826132600587
radial_distance_median,Unadjusted,901,0.018654790355412842
radial_distance_median,Unadjusted,902,0.7777946413456789
radial_distance_median,Unadjusted,903,1.744866752075552
radial_distance_median,Unadjusted,904,0.35220188995180024
radial_distance_median,Unadjusted,905,0.22972362265119273
radial_distance_median,Unadjusted,906,0.004342094339108371
radial_distance_median,Unadjusted,907,0.12877041034039394
radial_distance_median,Unadjusted,908,1.7314005111757638
radial_distance_median,Unadjusted,909,0.19435414398498096
radial_distance_median,Unadjusted,910,1.5719706110895686
radial_distance_median,Unadjusted,911,0.05251570373008008
radial_distance_median,Unadjusted,912,1.8401482335590913
radial_distance_median,Unadjusted,913,1.2706620740106018
radial_distance_median,Unadjusted,914,0.17376621951888183
radial_distance_median,Unadjusted,915,0.7477182682957277
radial_distance_median,Unadjusted,916,0.05873223747261136
radial_distance_median,Unadjusted,917,3.636983549287436
radial_distance_median,Unadjusted,918,1.375126475321224
radial_distance_median,Unadjusted,919,0.15182797512665047
radial_distance_median,Unadjusted,920,4.186207357298429
radial_distance_median,Unadjusted,921,0.1056114889764217
radial_distance_median,Unadjusted,922,0.40918495484396544
radial_distance_median,Unadjusted,923,1.7298179572974846
radial_distance_median,Unadjusted,924,0.04590230684959806
radial_distance_median,Unadjusted,925,1.2293241240164434
radial_distance_median,Unadjusted,926,1.343897376647817
radial_distance_median,Unadjusted,927,1.2293139490045064
radial_distance_median,Unadjusted,928,0.8366830465430439
radial_distance_median,Unadjusted,929,0.09083544678503586
radial_distance_median,Unadjusted,930,0.19924842724554992
radial_distance_median,Unadjusted,931,0.08025163610062691
radial_distance_median,Unadjusted,932,1.2047734486906734
radial_distance_median,Unadjusted,933,0.15742220375625493
radial_distance_median,Unadjusted,934,0.4090808385090554
radial_distance_median,Unadjusted,935,6.0526716065588175
radial_distance_median,Unadjusted,936,2.7437954441755323
radial_distance_median,Unadjusted,937,0.006974240642193763
radial_distance_median,Unadjusted,938,2.070217284710793
radial_distance_median,Unadjusted,939,0.38968163171057313
radial_distance_median,Unadjusted,940,2.295270432453947
radial_distance_median,Unadjusted,941,0.6506640248470603
radial_distance_median,Unadjusted,942,8.024822599580773
radial_distance_median,Unadjusted,943,2.2750157360351295
radial_distance_median,Unadjusted,944,0.7687785787790062
radial_distance_median,Unadjusted,945,0.0034995091510836573
radial_distance_median,Unadjusted,946,0.3054040156796418
radial_distance_median,Unadjusted,947,4.086909326764953
radial_distance_median,Unadjusted,948,0.001755670135935361
radial_distance_median,Unadjusted,949,9.064959115380702
radial_distance_median,Unadjusted,950,0.0003429000528853976
radial_distance_median,Unadjusted,951,7.041463241841711
radial_distance_median,Unadjusted,952,1.7687386007479518
radial_distance_median,Unadjusted,953,0.013376989156085983
radial_distance_median,Unadjusted,954,0.08331118153495254
radial_distance_median,Unadjusted,955,0.038353040370225244
radial_distance_median,Unadjusted,956,0.014082764940269499
radial_distance_median,Unadjusted,957,0.29085036678782217
radial_distance_median,Unadjusted,958,0.02677892053515052
radial_distance_median,Unadjusted,959,0.8408013894940041
radial_distance_median,Unadjusted,960,0.17518244245638925
radial_distance_median,Unadjusted,961,0.43498397605890204
radial_distance_median,Unadjusted,962,0.6866123325013973
radial_distance_median,Unadjusted,963,1.6226107441322029
radial_distance_median,Unadjusted,964,8.929144314606674e-06
radial_distance_median,Unadjusted,965,6.417316756627088
radial_distance_median,Unadjusted,966,0.6463111016022367
radial_distance_median,Unadjusted,967,0.33245250239656343
radial_distance_median,Unadjusted,968,0.016490883044468774
radial_distance_median,Unadjusted,969,5.820682877254228
radial_distance_median,Unadjusted,970,0.5721848322864389
radial_distance_median,Unadjusted,971,0.2052120040505656
radial_distance_median,Unadjusted,972,0.0655915038523176
radial_distance_median,Unadjusted,973,0.006393167863564031
radial_distance_median,Unadjusted,974,4.80580131891827
radial_distance_median,Unadjusted,975,0.22824511687770155
radial_distance_median,Unadjusted,976,0.10833236720912964
radial_distance_median,Unadjusted,977,0.2772023488275295
radial_distance_median,Unadjusted,978,0.010593435676184981
radial_distance_median,Unadjusted,979,6.222890779886427
radial_distance_median,Unadjusted,980,0.0012976478067230346
radial_distance_median,Unadjusted,981,0.257811899611454
radial_distance_median,Unadjusted,982,1.506790161785716
radial_distance_median,Unadjusted,983,0.18268472759206134
radial_distance_median,Unadjusted,984,0.17636170602600032
radial_distance_median,Unadjusted,985,0.45571981257938887
radial_distance_median,Unadjusted,986,2.8911715446611197e-05
radial_distance_median,Unadjusted,987,0.5586077831113698
radial_distance_median,Unadjusted,988,0.7725544824542112
radial_distance_median,Unadjusted,989,0.03547518637611802
radial_distance_median,Unadjusted,990,0.02295102212593747
radial_distance_median,Unadjusted,991,7.525218693169791
radial_distance_median,Unadjusted,992,0.07820291679075808
radial_distance_median,Unadjusted,993,1.0982460961945435
radial_distance_median,Unadjusted,994,0.1151874757442215
radial_distance_median,Unadjusted,995,0.9097291334677493
radial_distance_median,Unadjusted,996,1.3856766617363405
radial_distance_median,Unadjusted,997,0.040252863636567326
radial_distance_median,Unadjusted,998,0.06619587136873406
radial_distance_median,Count-adjusted,0,0.06711364154551802
radial_distance_median,Count-adjusted,1,1.4636320191661412
radial_distance_median,Count-adjusted,2,0.04203893589851759
radial_distance_median,Count-adjusted,3,0.9757149736186648
radial_distance_median,Count-adjusted,4,0.45971501170336637
radial_distance_median,Count-adjusted,5,0.9348034490735131
radial_distance_median,Count-adjusted,6,4.1152934841366005
radial_distance_median,Count-adjusted,7,0.07564316652155867
radial_distance_median,Count-adjusted,8,4.534372749049481
radial_distance_median,Count-adjusted,9,0.12093998850235721
radial_distance_median,Count-adjusted,10,0.6987736261880855
radial_distance_median,Count-adjusted,11,3.289587170716999
radial_distance_median,Count-adjusted,12,0.10952248438130141
radial_distance_median,Count-adjusted,13,0.07147980172848634
radial_distance_median,Count-adjusted,14,1.188759858306156
radial_distance_median,Count-adjusted,15,1.3343485037796654
radial_distance_median,Count-adjusted,16,0.10873169992854059
radial_distance_median,Count-adjusted,17,1.414980511052022
radial_distance_median,Count-adjusted,18,0.0006385565478126409
radial_distance_median,Count-adjusted,19,0.2215085972251245
radial_distance_median,Count-adjusted,20,0.2424929974240797
radial_distance_median,Count-adjusted,21,0.6623814172968991
radial_distance_median,Count-adjusted,22,0.9270419200424556
radial_distance_median,Count-adjusted,23,1.1259238418187465
radial_distance_median,Count-adjusted,24,1.466625693074974
radial_distance_median,Count-adjusted,25,3.775423590626019
radial_distance_median,Count-adjusted,26,0.33340014630226733
radial_distance_median,Count-adjusted,27,0.1530345238902555
radial_distance_median,Count-adjusted,28,0.10622908325410663
radial_distance_median,Count-adjusted,29,1.3789593717766309
radial_distance_median,Count-adjusted,30,0.23112359309288877
radial_distance_median,Count-adjusted,31,0.1019730606148812
radial_distance_median,Count-adjusted,32,0.8587462378772841
radial_distance_median,Count-adjusted,33,0.04946049840418709
radial_distance_median,Count-adjusted,34,0.4209330844425949
radial_distance_median,Count-adjusted,35,0.2300613334837749
radial_distance_median,Count-adjusted,36,1.6357249647341519
radial_distance_median,Count-adjusted,37,0.36086663960446685
radial_distance_median,Count-adjusted,38,1.0073157603217169
radial_distance_median,Count-adjusted,39,0.2258892027052184
radial_distance_median,Count-adjusted,40,0.23111798921922855
radial_distance_median,Count-adjusted,41,1.6750721076057857
radial_distance_median,Count-adjusted,42,0.5230106725480255
radial_distance_median,Count-adjusted,43,0.1510597168833101
radial_distance_median,Count-adjusted,44,0.3984421265678293
radial_distance_median,Count-adjusted,45,0.0520586653339592
radial_distance_median,Count-adjusted,46,2.6671664363080936
radial_distance_median,Count-adjusted,47,0.6381297574481266
radial_distance_median,Count-adjusted,48,0.015089676769150628
radial_distance_median,Count-adjusted,49,0.060097489903625956
radial_distance_median,Count-adjusted,50,1.5867855378488684
radial_distance_median,Count-adjusted,51,0.05947168357698729
radial_distance_median,Count-adjusted,52,0.8172477241768092
radial_distance_median,Count-adjusted,53,2.597268018587215
radial_distance_median,Count-adjusted,54,0.00013892366428081004
radial_distance_median,Count-adjusted,55,0.05117094533662225
radial_distance_median,Count-adjusted,56,1.859160863814509
radial_distance_median,Count-adjusted,57,1.3808600385995646
radial_distance_median,Count-adjusted,58,0.0052556573865558676
radial_distance_median,Count-adjusted,59,0.07213702089609342
radial_distance_median,Count-adjusted,60,10.364708514850548
radial_distance_median,Count-adjusted,61,0.16877208167488789
radial_distance_median,Count-adjusted,62,0.7397846470014429
radial_distance_median,Count-adjusted,63,0.4683659619475975
radial_distance_median,Count-adjusted,64,1.309316283335761
radial_distance_median,Count-adjusted,65,2.639293488440387
radial_distance_median,Count-adjusted,66,0.2885843698589383
radial_distance_median,Count-adjusted,67,3.123896243712636
radial_distance_median,Count-adjusted,68,0.019322772208340666
radial_distance_median,Count-adjusted,69,0.46477529853029864
radial_distance_median,Count-adjusted,70,6.5604487927561195
radial_distance_median,Count-adjusted,71,0.8192571054533744
radial_distance_median,Count-adjusted,72,0.26321532489905053
radial_distance_median,Count-adjusted,73,0.28802265939816607
radial_distance_median,Count-adjusted,74,0.9663763691002032
radial_distance_median,Count-adjusted,75,0.7155011990716673
radial_distance_median,Count-adjusted,76,0.6933070916945212
radial_distance_median,Count-adjusted,77,0.26122520777846603
radial_distance_median,Count-adjusted,78,0.9074761316133504
radial_distance_median,Count-adjusted,79,0.29164943896637396
radial_distance_median,Count-adjusted,80,0.026943114531718493
radial_distance_median,Count-adjusted,81,0.024341889076197276
radial_distance_median,Count-adjusted,82,0.21386507652886166
radial_distance_median,Count-adjusted,83,0.00200683484732167
radial_distance_median,Count-adjusted,84,0.12742735178505882
radial_distance_median,Count-adjusted,85,0.4172578283058499
radial_distance_median,Count-adjusted,86,0.8349981909640292
radial_distance_median,Count-adjusted,87,0.13553028271678613
radial_distance_median,Count-adjusted,88,0.11080680358082873
radial_distance_median,Count-adjusted,89,2.522740850517266
radial_distance_median,Count-adjusted,90,0.09673670733764084
radial_distance_median,Count-adjusted,91,1.6382417279526749
radial_distance_median,Count-adjusted,92,2.61359655837623e-05
radial_distance_median,Count-adjusted,93,0.039432088172020485
radial_distance_median,Count-adjusted,94,0.01970320691515326
radial_distance_median,Count-adjusted,95,3.8444630432347253
radial_distance_median,Count-adjusted,96,0.6732094228519259
radial_distance_median,Count-adjusted,97,0.14922454904674964
radial_distance_median,Count-adjusted,98,0.31288524860320877
radial_distance_median,Count-adjusted,99,0.03349580030231891
radial_distance_median,Count-adjusted,100,0.9196928376327662
radial_distance_median,Count-adjusted,101,0.029953582264568013
radial_distance_median,Count-adjusted,102,0.9041706404582612
radial_distance_median,Count-adjusted,103,0.036017364033966714
radial_distance_median,Count-adjusted,104,0.3318803988702257
radial_distance_median,Count-adjusted,105,9.349423930871126e-05
radial_distance_median,Count-adjusted,106,0.0020230970289674133
radial_distance_median,Count-adjusted,107,0.9126067854241171
radial_distance_median,Count-adjusted,108,0.3390008278800565
radial_distance_median,Count-adjusted,109,0.8803239933323539
radial_distance_median,Count-adjusted,110,3.9913189969347513
radial_distance_median,Count-adjusted,111,2.8486110395927255
radial_distance_median,Count-adjusted,112,0.134401873235106
radial_distance_median,Count-adjusted,113,0.4761965531593262
radial_distance_median,Count-adjusted,114,0.17106830585350963
radial_distance_median,Count-adjusted,115,1.0205811506314149
radial_distance_median,Count-adjusted,116,0.002619353587533624
radial_distance_median,Count-adjusted,117,2.5446339486092597
radial_distance_median,Count-adjusted,118,0.003274322797096829
radial_distance_median,Count-adjusted,119,0.6539387043928286
radial_distance_median,Count-adjusted,120,0.7900298536157777
radial_distance_median,Count-adjusted,121,0.29461056647818396
radial_distance_median,Count-adjusted,122,0.3260223883110598
radial_distance_median,Count-adjusted,123,0.0886528927414929
radial_distance_median,Count-adjusted,124,2.1994445459413896
radial_distance_median,Count-adjusted,125,0.019786768284632217
radial_distance_median,Count-adjusted,126,0.5867325487568564
radial_distance_median,Count-adjusted,127,0.6034539752963042
radial_distance_median,Count-adjusted,128,0.35489391932074454
radial_distance_median,Count-adjusted,129,0.28323435756894355
radial_distance_median,Count-adjusted,130,1.622403603501823
radial_distance_median,Count-adjusted,131,0.07038065688033157
radial_distance_median,Count-adjusted,132,1.0020044022002708
radial_distance_median,Count-adjusted,133,0.16758579341399127
radial_distance_median,Count-adjusted,134,1.6368794873212664
radial_distance_median,Count-adjusted,135,0.20959023589892922
radial_distance_median,Count-adjusted,136,0.7911632098273174
radial_distance_median,Count-adjusted,137,6.367960432244018
radial_distance_median,Count-adjusted,138,1.0058965439141616
radial_distance_median,Count-adjusted,139,0.012147111551769285
radial_distance_median,Count-adjusted,140,0.5202094622666777
radial_distance_median,Count-adjusted,141,0.06288547012496792
radial_distance_median,Count-adjusted,142,0.1772891393153202
radial_distance_median,Count-adjusted,143,0.5924618775030979
radial_distance_median,Count-adjusted,144,1.177771135307978
radial_distance_median,Count-adjusted,145,0.8782914155650872
radial_distance_median,Count-adjusted,146,0.1862483242404096
radial_distance_median,Count-adjusted,147,0.4892310811812024
radial_distance_median,Count-adjusted,148,0.001395549867140744
radial_distance_median,Count-adjusted,149,0.055778474977728365
radial_distance_median,Count-adjusted,150,0.05669687081160646
radial_distance_median,Count-adjusted,151,1.0730521382391203
radial_distance_median,Count-adjusted,152,0.29299527419493643
radial_distance_median,Count-adjusted,153,0.26209041694622215
radial_distance_median,Count-adjusted,154,1.1265045309723973
radial_distance_median,Count-adjusted,155,0.005668890881366906
radial_distance_median,Count-adjusted,156,2.0220378927502622
radial_distance_median,Count-adjusted,157,1.8366922663217906
radial_distance_median,Count-adjusted,158,0.9910484847296175
radial_distance_median,Count-adjusted,159,0.6824438633767329
radial_distance_median,Count-adjusted,160,0.7745071638328795
radial_distance_median,Count-adjusted,161,1.6436594747612787
radial_distance_median,Count-adjusted,162,0.4802132954673368
radial_distance_median,Count-adjusted,163,0.7788556997749936
radial_distance_median,Count-adjusted,164,0.20094246996089282
radial_distance_median,Count-adjusted,165,1.4912937619873503
radial_distance_median,Count-adjusted,166,0.3899851466628661
radial_distance_median,Count-adjusted,167,0.2729058791992429
radial_distance_median,Count-adjusted,168,0.7371354442345819
radial_distance_median,Count-adjusted,169,0.266263256775801
radial_distance_median,Count-adjusted,170,0.014858749958705175
radial_distance_median,Count-adjusted,171,0.015321524218478544
radial_distance_median,Count-adjusted,172,0.2484556598623442
radial_distance_median,Count-adjusted,173,2.851781251546754
radial_distance_median,Count-adjusted,174,0.811788991581949
radial_distance_median,Count-adjusted,175,0.8197182197453117
radial_distance_median,Count-adjusted,176,0.054555955272405754
radial_distance_median,Count-adjusted,177,0.09906387477099088
radial_distance_median,Count-adjusted,178,0.0020148355805531537
radial_distance_median,Count-adjusted,179,0.00016838705437294266
radial_distance_median,Count-adjusted,180,0.5410805653165198
radial_distance_median,Count-adjusted,181,3.504862850656849
radial_distance_median,Count-adjusted,182,0.687231886645975
radial_distance_median,Count-adjusted,183,0.0008130487701691891
radial_distance_median,Count-adjusted,184,0.3545308621838217
radial_distance_median,Count-adjusted,185,0.787151690668793
radial_distance_median,Count-adjusted,186,0.045995058452859894
radial_distance_median,Count-adjusted,187,1.5339638403797267
radial_distance_median,Count-adjusted,188,0.03428159965329769
radial_distance_median,Count-adjusted,189,0.003973395293314752
radial_distance_median,Count-adjusted,190,2.139028828099896
radial_distance_median,Count-adjusted,191,1.1828548339589702
radial_distance_median,Count-adjusted,192,0.004969701210086441
radial_distance_median,Count-adjusted,193,0.9538767323807065
radial_distance_median,Count-adjusted,194,0.11060976279458146
radial_distance_median,Count-adjusted,195,5.5586233564663985
radial_distance_median,Count-adjusted,196,0.20147333773593346
radial_distance_median,Count-adjusted,197,0.0003927324694359413
radial_distance_median,Count-adjusted,198,1.6511994775864878
radial_distance_median,Count-adjusted,199,0.4238734132139257
radial_distance_median,Count-adjusted,200,3.103859355224529
radial_distance_median,Count-adjusted,201,0.08061853005739295
radial_distance_median,Count-adjusted,202,0.5334124406840601
radial_distance_median,Count-adjusted,203,0.4715082078661794
radial_distance_median,Count-adjusted,204,0.014851282076676853
radial_distance_median,Count-adjusted,205,0.323272742309598
radial_distance_median,Count-adjusted,206,0.044772988556417204
radial_distance_median,Count-adjusted,207,2.1736130713146053
radial_distance_median,Count-adjusted,208,0.00711913467029035
radial_distance_median,Count-adjusted,209,2.9473714050204194
radial_distance_median,Count-adjusted,210,0.19496426550006163
radial_distance_median,Count-adjusted,211,4.013852621221446
radial_distance_median,Count-adjusted,212,0.3334519332840955
radial_distance_median,Count-adjusted,213,1.1714684463817093
radial_distance_median,Count-adjusted,214,0.09826684461398827
radial_distance_median,Count-adjusted,215,1.4833148559345943
radial_distance_median,Count-adjusted,216,0.05125998777387508
radial_distance_median,Count-adjusted,217,0.03241875593397481
radial_distance_median,Count-adjusted,218,1.7107158422627435
radial_distance_median,Count-adjusted,219,1.1143246726363998
radial_distance_median,Count-adjusted,220,0.33014736579175974
radial_distance_median,Count-adjusted,221,3.061361224211936
radial_distance_median,Count-adjusted,222,0.5168058676324563
radial_distance_median,Count-adjusted,223,0.007044467758476003
radial_distance_median,Count-adjusted,224,0.008959412981369042
radial_distance_median,Count-adjusted,225,4.478851407324953
radial_distance_median,Count-adjusted,226,0.4531113214935658
radial_distance_median,Count-adjusted,227,5.432644823013362
radial_distance_median,Count-adjusted,228,1.5456827548573528
radial_distance_median,Count-adjusted,229,0.10920863601137398
radial_distance_median,Count-adjusted,230,0.6806094489567158
radial_distance_median,Count-adjusted,231,1.1690053661822049
radial_distance_median,Count-adjusted,232,0.09090763960793424
radial_distance_median,Count-adjusted,233,5.445551632649682
radial_distance_median,Count-adjusted,234,7.615583235640116
radial_distance_median,Count-adjusted,235,0.4588227029047971
radial_distance_median,Count-adjusted,236,0.0006372903802684959
radial_distance_median,Count-adjusted,237,0.15782900718315318
radial_distance_median,Count-adjusted,238,0.0005090942141521282
radial_distance_median,Count-adjusted,239,0.0006025119974708559
radial_distance_median,Count-adjusted,240,4.0202500055268615
radial_distance_median,Count-adjusted,241,1.5492697959992938
radial_distance_median,Count-adjusted,242,0.7030975543186742
radial_distance_median,Count-adjusted,243,0.0004818134751758407
radial_distance_median,Count-adjusted,244,0.5221732091906119
radial_distance_median,Count-adjusted,245,0.00015555779447140594
radial_distance_median,Count-adjusted,246,0.001959395438888123
radial_distance_median,Count-adjusted,247,0.29020349231601017
radial_distance_median,Count-adjusted,248,0.3269055111875332
radial_distance_median,Count-adjusted,249,1.0856353085351316
radial_distance_median,Count-adjusted,250,2.7971988408244215
radial_distance_median,Count-adjusted,251,0.3117291499435737
radial_distance_median,Count-adjusted,252,2.708183637400282
radial_distance_median,Count-adjusted,253,0.1070995737614453
radial_distance_median,Count-adjusted,254,1.9511134588372556
radial_distance_median,Count-adjusted,255,0.07942738793462922
radial_distance_median,Count-adjusted,256,0.3496293067288718
radial_distance_median,Count-adjusted,257,2.185315500219076
radial_distance_median,Count-adjusted,258,0.005315302706350167
radial_distance_median,Count-adjusted,259,0.4151076000024432
radial_distance_median,Count-adjusted,260,0.8057543302754766
radial_distance_median,Count-adjusted,261,0.6736970063472256
radial_distance_median,Count-adjusted,262,0.08684165972607616
radial_distance_median,Count-adjusted,263,0.013530375558104879
radial_distance_median,Count-adjusted,264,1.118284160272708
radial_distance_median,Count-adjusted,265,0.05483411707740515
radial_distance_median,Count-adjusted,266,0.8245743437316264
radial_distance_median,Count-adjusted,267,0.5180930353041617
radial_distance_median,Count-adjusted,268,0.36070151745983026
radial_distance_median,Count-adjusted,269,0.2466549278160528
radial_distance_median,Count-adjusted,270,0.13296315516544155
radial_distance_median,Count-adjusted,271,0.35987252214079035
radial_distance_median,Count-adjusted,272,1.333681742351473
radial_distance_median,Count-adjusted,273,1.2920071354307652
radial_distance_median,Count-adjusted,274,0.17687846153438613
radial_distance_median,Count-adjusted,275,4.700668758129211
radial_distance_median,Count-adjusted,276,3.402117433144042
radial_distance_median,Count-adjusted,277,0.1581005318352311
radial_distance_median,Count-adjusted,278,0.01763711286639591
radial_distance_median,Count-adjusted,279,0.010732981082327342
radial_distance_median,Count-adjusted,280,0.0021182917108717447
radial_distance_median,Count-adjusted,281,0.003241098215312377
radial_distance_median,Count-adjusted,282,0.10053004910344043
radial_distance_median,Count-adjusted,283,0.028166383363043224
radial_distance_median,Count-adjusted,284,1.8774744667074401
radial_distance_median,Count-adjusted,285,0.15062582553017023
radial_distance_median,Count-adjusted,286,5.201633075763397
radial_distance_median,Count-adjusted,287,0.3103462967957853
radial_distance_median,Count-adjusted,288,0.24403277707546067
radial_distance_median,Count-adjusted,289,0.8094398468525128
radial_distance_median,Count-adjusted,290,0.047975406908875584
radial_distance_median,Count-adjusted,291,1.0932652203242696
radial_distance_median,Count-adjusted,292,0.6647490994040481
radial_distance_median,Count-adjusted,293,0.02157002722873358
radial_distance_median,Count-adjusted,294,0.18887100367180665
radial_distance_median,Count-adjusted,295,1.2659800518197528
radial_distance_median,Count-adjusted,296,0.5981746160125283
radial_distance_median,Count-adjusted,297,0.6590561448861081
radial_distance_median,Count-adjusted,298,0.001603891923593892
radial_distance_median,Count-adjusted,299,0.1944118317817356
radial_distance_median,Count-adjusted,300,1.768112407493021
radial_distance_median,Count-adjusted,301,3.164919442464651
radial_distance_median,Count-adjusted,302,0.029102808671069624
radial_distance_median,Count-adjusted,303,1.0602971516900084
radial_distance_median,Count-adjusted,304,1.0815120560411629
radial_distance_median,Count-adjusted,305,3.7082223815979205
radial_distance_median,Count-adjusted,306,6.874068384118516
radial_distance_median,Count-adjusted,307,2.9664977972832673
radial_distance_median,Count-adjusted,308,0.01439618993308045
radial_distance_median,Count-adjusted,309,0.7843489105907508
radial_distance_median,Count-adjusted,310,2.228986064024525
radial_distance_median,Count-adjusted,311,2.152621145483124
radial_distance_median,Count-adjusted,312,0.03455766239932245
radial_distance_median,Count-adjusted,313,0.004464447051987008
radial_distance_median,Count-adjusted,314,0.6497163434987385
radial_distance_median,Count-adjusted,315,0.39955146608599534
radial_distance_median,Count-adjusted,316,0.07051350453480154
radial_distance_median,Count-adjusted,317,0.4735270489300092
radial_distance_median,Count-adjusted,318,0.5028958903293415
radial_distance_median,Count-adjusted,319,1.352142599769934
radial_distance_median,Count-adjusted,320,0.003061081284016609
radial_distance_median,Count-adjusted,321,2.330533622002008
radial_distance_median,Count-adjusted,322,1.925555480638593
radial_distance_median,Count-adjusted,323,0.37379947580606654
radial_distance_median,Count-adjusted,324,5.994741992971967
radial_distance_median,Count-adjusted,325,0.3422066014608447
radial_distance_median,Count-adjusted,326,0.518080908782423
radial_distance_median,Count-adjusted,327,0.5961155256497932
radial_distance_median,Count-adjusted,328,0.00897351282839054
radial_distance_median,Count-adjusted,329,4.9818700911765745
radial_distance_median,Count-adjusted,330,0.4387358514192101
radial_distance_median,Count-adjusted,331,1.0645064320602842
radial_distance_median,Count-adjusted,332,0.6593847387404423
radial_distance_median,Count-adjusted,333,1.961267762949035
radial_distance_median,Count-adjusted,334,5.477376928225084
radial_distance_median,Count-adjusted,335,0.1801989250260192
radial_distance_median,Count-adjusted,336,0.11730785617265838
radial_distance_median,Count-adjusted,337,2.96560280289728
radial_distance_median,Count-adjusted,338,0.7195282829872554
radial_distance_median,Count-adjusted,339,1.183391911276658
radial_distance_median,Count-adjusted,340,0.8513141445692156
radial_distance_median,Count-adjusted,341,0.5516588693170092
radial_distance_median,Count-adjusted,342,0.820723795208778
radial_distance_median,Count-adjusted,343,0.6286203001923809
radial_distance_median,Count-adjusted,344,0.13160445440098556
radial_distance_median,Count-adjusted,345,0.14277854728868533
radial_distance_median,Count-adjusted,346,0.06934382986418086
radial_distance_median,Count-adjusted,347,0.6967171980732587
radial_distance_median,Count-adjusted,348,3.389079736263284
radial_distance_median,Count-adjusted,349,0.2597457593593617
radial_distance_median,Count-adjusted,350,0.7428995732009867
radial_distance_median,Count-adjusted,351,0.29559597100535484
radial_distance_median,Count-adjusted,352,1.3439881256165904
radial_distance_median,Count-adjusted,353,0.11831122945488914
radial_distance_median,Count-adjusted,354,0.9197970296386018
radial_distance_median,Count-adjusted,355,0.23152021171230786
radial_distance_median,Count-adjusted,356,0.3783284573787853
radial_distance_median,Count-adjusted,357,0.060923823752887074
radial_distance_median,Count-adjusted,358,2.4984416631406248
radial_distance_median,Count-adjusted,359,0.1665677013597815
radial_distance_median,Count-adjusted,360,0.44714128754694116
radial_distance_median,Count-adjusted,361,0.2955114315420815
radial_distance_median,Count-adjusted,362,0.7631013628060259
radial_distance_median,Count-adjusted,363,2.4919946713422405
radial_distance_median,Count-adjusted,364,2.0067895498089285
radial_distance_median,Count-adjusted,365,0.24489221986348753
radial_distance_median,Count-adjusted,366,1.9808547560046463
radial_distance_median,Count-adjusted,367,1.9783161599354457
radial_distance_median,Count-adjusted,368,1.113012357918592
radial_distance_median,Count-adjusted,369,0.5620518504432539
radial_distance_median,Count-adjusted,370,0.6068461020927316
radial_distance_median,Count-adjusted,371,0.7589497360966675
radial_distance_median,Count-adjusted,372,0.004674073547334956
radial_distance_median,Count-adjusted,373,0.012743777819423485
radial_distance_median,Count-adjusted,374,0.8290754486792764
radial_distance_median,Count-adjusted,375,0.05828719496972212
radial_distance_median,Count-adjusted,376,1.1500728005472354
radial_distance_median,Count-adjusted,377,1.0978997020106362
radial_distance_median,Count-adjusted,378,3.491881685134558
radial_distance_median,Count-adjusted,379,2.0385886360876384
radial_distance_median,Count-adjusted,380,0.3158299985655617
radial_distance_median,Count-adjusted,381,2.023699266329288
radial_distance_median,Count-adjusted,382,1.3031670891397766
radial_distance_median,Count-adjusted,383,1.5600736387116285
radial_distance_median,Count-adjusted,384,0.42471961238607037
radial_distance_median,Count-adjusted,385,1.113138572505875
radial_distance_median,Count-adjusted,386,0.264664845209694
radial_distance_median,Count-adjusted,387,2.0662607409398106
radial_distance_median,Count-adjusted,388,1.1229647383612473
radial_distance_median,Count-adjusted,389,3.5564526562145033
radial_distance_median,Count-adjusted,390,0.03024444535657267
radial_distance_median,Count-adjusted,391,0.1651759580014982
radial_distance_median,Count-adjusted,392,0.0971728204569331
radial_distance_median,Count-adjusted,393,0.5216202410704511
radial_distance_median,Count-adjusted,394,3.8337840836641703
radial_distance_median,Count-adjusted,395,1.6156558921952069
radial_distance_median,Count-adjusted,396,5.1576270756449105
radial_distance_median,Count-adjusted,397,0.27229944438451525
radial_distance_median,Count-adjusted,398,1.2621095274660945
radial_distance_median,Count-adjusted,399,0.2679908740518897
radial_distance_median,Count-adjusted,400,1.6702224727623616
radial_distance_median,Count-adjusted,401,0.016504794169321713
radial_distance_median,Count-adjusted,402,0.8912362874314681
radial_distance_median,Count-adjusted,403,3.85451829077806
radial_distance_median,Count-adjusted,404,0.29087576895710754
radial_distance_median,Count-adjusted,405,3.8421762809599613
radial_distance_median,Count-adjusted,406,3.7571235218631216
radial_distance_median,Count-adjusted,407,0.028519906974054265
radial_distance_median,Count-adjusted,408,1.9824887298796625
radial_distance_median,Count-adjusted,409,0.312260638878854
radial_distance_median,Count-adjusted,410,1.414834451738784
radial_distance_median,Count-adjusted,411,1.018983515157288
radial_distance_median,Count-adjusted,412,0.011893229016095574
radial_distance_median,Count-adjusted,413,0.5479057584118152
radial_distance_median,Count-adjusted,414,1.094437818578342
radial_distance_median,Count-adjusted,415,8.348261079702354
radial_distance_median,Count-adjusted,416,0.7712335498661105
radial_distance_median,Count-adjusted,417,0.03132451125844682
radial_distance_median,Count-adjusted,418,0.03037831483729292
radial_distance_median,Count-adjusted,419,0.2575114210692391
radial_distance_median,Count-adjusted,420,1.7427944953851693e-07
radial_distance_median,Count-adjusted,421,1.485090560487123
radial_distance_median,Count-adjusted,422,0.45636004174372147
radial_distance_median,Count-adjusted,423,0.04120615529359384
radial_distance_median,Count-adjusted,424,8.108234490636647
radial_distance_median,Count-adjusted,425,0.33298343322388746
radial_distance_median,Count-adjusted,426,0.17415617139454298
radial_distance_median,Count-adjusted,427,1.0118476542861572
radial_distance_median,Count-adjusted,428,1.8173289296119322
radial_distance_median,Count-adjusted,429,0.0036996388252532597
radial_distance_median,Count-adjusted,430,1.152811113511376
radial_distance_median,Count-adjusted,431,0.015867848204550228
radial_distance_median,Count-adjusted,432,0.13707210269802772
radial_distance_median,Count-adjusted,433,0.005312924301563271
radial_distance_median,Count-adjusted,434,0.051946328451947466
radial_distance_median,Count-adjusted,435,0.7231236928063822
radial_distance_median,Count-adjusted,436,0.06336694614483918
radial_distance_median,Count-adjusted,437,0.33116211385504357
radial_distance_median,Count-adjusted,438,4.2094848887705325
radial_distance_median,Count-adjusted,439,0.12152433234120963
radial_distance_median,Count-adjusted,440,1.550888887216047
radial_distance_median,Count-adjusted,441,0.15203582637005297
radial_distance_median,Count-adjusted,442,1.2897291722144644
radial_distance_median,Count-adjusted,443,0.050261238413895626
radial_distance_median,Count-adjusted,444,0.05319193835856595
radial_distance_median,Count-adjusted,445,1.6011843136342918
radial_distance_median,Count-adjusted,446,0.006333118325898113
radial_distance_median,Count-adjusted,447,6.315788153013898
radial_distance_median,Count-adjusted,448,0.14147997666771062
radial_distance_median,Count-adjusted,449,1.492859787595222
radial_distance_median,Count-adjusted,450,0.3555437134939723
radial_distance_median,Count-adjusted,451,0.03269783392283898
radial_distance_median,Count-adjusted,452,5.062780920264771
radial_distance_median,Count-adjusted,453,4.112488299887161
radial_distance_median,Count-adjusted,454,1.4178782276707125
radial_distance_median,Count-adjusted,455,0.24058348270921215
radial_distance_median,Count-adjusted,456,2.157383088064023
radial_distance_median,Count-adjusted,457,0.8523819200699165
radial_distance_median,Count-adjusted,458,1.2117128662159473
radial_distance_median,Count-adjusted,459,0.0008367241342455145
radial_distance_median,Count-adjusted,460,0.4418454174626447
radial_distance_median,Count-adjusted,461,0.1395799155612849
radial_distance_median,Count-adjusted,462,0.12954847693913507
radial_distance_median,Count-adjusted,463,0.7669512008665436
radial_distance_median,Count-adjusted,464,0.17452045505530123
radial_distance_median,Count-adjusted,465,0.27812034865644364
radial_distance_median,Count-adjusted,466,0.19729862960701894
radial_distance_median,Count-adjusted,467,3.2470318701828376
radial_distance_median,Count-adjusted,468,0.0977309073834931
radial_distance_median,Count-adjusted,469,0.1307957462886975
radial_distance_median,Count-adjusted,470,3.92334797401125
radial_distance_median,Count-adjusted,471,1.0099499121190263
radial_distance_median,Count-adjusted,472,0.22667618832849712
radial_distance_median,Count-adjusted,473,0.12976476325840736
radial_distance_median,Count-adjusted,474,2.8428922293189203
radial_distance_median,Count-adjusted,475,0.7436163719277715
radial_distance_median,Count-adjusted,476,0.1657474226857687
radial_distance_median,Count-adjusted,477,0.3492875705549636
radial_distance_median,Count-adjusted,478,0.11139577699000824
radial_distance_median,Count-adjusted,479,0.0691426095813199
radial_distance_median,Count-adjusted,480,0.7218813612811346
radial_distance_median,Count-adjusted,481,0.03590655515802155
radial_distance_median,Count-adjusted,482,0.07470950631437745
radial_distance_median,Count-adjusted,483,1.7153826860925392
radial_distance_median,Count-adjusted,484,0.04083563691597192
radial_distance_median,Count-adjusted,485,0.0008152066460240803
radial_distance_median,Count-adjusted,486,0.10323783257507557
radial_distance_median,Count-adjusted,487,0.8093920314584864
radial_distance_median,Count-adjusted,488,1.1732925306987738
radial_distance_median,Count-adjusted,489,0.12568547017130527
radial_distance_median,Count-adjusted,490,0.6371200005392552
radial_distance_median,Count-adjusted,491,0.07435671824657675
radial_distance_median,Count-adjusted,492,0.03127473340239817
radial_distance_median,Count-adjusted,493,2.000389554032381
radial_distance_median,Count-adjusted,494,0.4738720833875618
radial_distance_median,Count-adjusted,495,0.7374377835388657
radial_distance_median,Count-adjusted,496,0.6486959437307007
radial_distance_median,Count-adjusted,497,0.028211386582540854
radial_distance_median,Count-adjusted,498,1.7872561159490203
radial_distance_median,Count-adjusted,499,0.24491564140578248
radial_distance_median,Count-adjusted,500,2.865846207669506
radial_distance_median,Count-adjusted,501,0.015230369058855331
radial_distance_median,Count-adjusted,502,1.2314819958521355
radial_distance_median,Count-adjusted,503,0.4004349795120561
radial_distance_median,Count-adjusted,504,0.023081373364277624
radial_distance_median,Count-adjusted,505,0.1632704237276812
radial_distance_median,Count-adjusted,506,1.157110261936765
radial_distance_median,Count-adjusted,507,1.9685471551825344
radial_distance_median,Count-adjusted,508,6.309713011614377
radial_distance_median,Count-adjusted,509,1.171614141702122
radial_distance_median,Count-adjusted,510,0.22303915742207892
radial_distance_median,Count-adjusted,511,0.04124268259732844
radial_distance_median,Count-adjusted,512,0.3284776485012628
radial_distance_median,Count-adjusted,513,0.5484938611483585
radial_distance_median,Count-adjusted,514,0.017948062573282186
radial_distance_median,Count-adjusted,515,0.02479060368037267
radial_distance_median,Count-adjusted,516,0.6965656284200463
radial_distance_median,Count-adjusted,517,1.7433112797032777
radial_distance_median,Count-adjusted,518,0.007038023672294003
radial_distance_median,Count-adjusted,519,4.279243992963984
radial_distance_median,Count-adjusted,520,0.36767985944726433
radial_distance_median,Count-adjusted,521,1.3718120541217331
radial_distance_median,Count-adjusted,522,1.1877947461936174
radial_distance_median,Count-adjusted,523,1.0043566343455268
radial_distance_median,Count-adjusted,524,2.0308255552527044
radial_distance_median,Count-adjusted,525,0.2827381478230677
radial_distance_median,Count-adjusted,526,0.16326818737198323
radial_distance_median,Count-adjusted,527,0.05640885298163312
radial_distance_median,Count-adjusted,528,0.8493140757336164
radial_distance_median,Count-adjusted,529,1.1270494397026027
radial_distance_median,Count-adjusted,530,0.4392279831708379
radial_distance_median,Count-adjusted,531,0.6734040647863537
radial_distance_median,Count-adjusted,532,9.720759766196352e-05
radial_distance_median,Count-adjusted,533,0.8956481074494889
radial_distance_median,Count-adjusted,534,0.11896985890120959
radial_distance_median,Count-adjusted,535,0.30452790406232566
radial_distance_median,Count-adjusted,536,0.5521942756188309
radial_distance_median,Count-adjusted,537,1.2426023628009375
radial_distance_median,Count-adjusted,538,0.795480612449353
radial_distance_median,Count-adjusted,539,0.0004678009997292065
radial_distance_median,Count-adjusted,540,0.13741094515484065
radial_distance_median,Count-adjusted,541,0.04838168899331663
radial_distance_median,Count-adjusted,542,0.15041825547217513
radial_distance_median,Count-adjusted,543,1.9929430076191466
radial_distance_median,Count-adjusted,544,0.08083686374240528
radial_distance_median,Count-adjusted,545,0.15370338604185463
radial_distance_median,Count-adjusted,546,0.0002636708539967003
radial_distance_median,Count-adjusted,547,0.2528686056826359
radial_distance_median,Count-adjusted,548,0.03373124788024029
radial_distance_median,Count-adjusted,549,1.2078529971619503
radial_distance_median,Count-adjusted,550,0.060086180846042225
radial_distance_median,Count-adjusted,551,0.5580746460572641
radial_distance_median,Count-adjusted,552,0.035958450290479504
radial_distance_median,Count-adjusted,553,5.02264152990827
radial_distance_median,Count-adjusted,554,0.06761155620927184
radial_distance_median,Count-adjusted,555,0.0010448298781966514
radial_distance_median,Count-adjusted,556,0.6402519606414216
radial_distance_median,Count-adjusted,557,0.27716282616211174
radial_distance_median,Count-adjusted,558,0.23164183324610121
radial_distance_median,Count-adjusted,559,1.1609803605977618
radial_distance_median,Count-adjusted,560,1.9254300370473914
radial_distance_median,Count-adjusted,561,5.669950627043647
radial_distance_median,Count-adjusted,562,0.396314718871281
radial_distance_median,Count-adjusted,563,1.9487601409898616
radial_distance_median,Count-adjusted,564,0.7322476302300629
radial_distance_median,Count-adjusted,565,0.3241251001107912
radial_distance_median,Count-adjusted,566,0.8105668776041739
radial_distance_median,Count-adjusted,567,0.024726682027903735
radial_distance_median,Count-adjusted,568,0.14514940019461164
radial_distance_median,Count-adjusted,569,1.3273437601349087
radial_distance_median,Count-adjusted,570,0.41437453036854777
radial_distance_median,Count-adjusted,571,1.7910204651103072
radial_distance_median,Count-adjusted,572,4.681331141514249
radial_distance_median,Count-adjusted,573,1.7035447345250248
radial_distance_median,Count-adjusted,574,0.2725131457472969
radial_distance_median,Count-adjusted,575,2.5508447759351043
radial_distance_median,Count-adjusted,576,0.08752910618574106
radial_distance_median,Count-adjusted,577,5.2936193955022475
radial_distance_median,Count-adjusted,578,0.052454361878005784
radial_distance_median,Count-adjusted,579,0.4155383941742343
radial_distance_median,Count-adjusted,580,0.9238154963993566
radial_distance_median,Count-adjusted,581,1.5688010497129596
radial_distance_median,Count-adjusted,582,0.44090404269178407
radial_distance_median,Count-adjusted,583,0.3435863456344066
radial_distance_median,Count-adjusted,584,0.009667965359966502
radial_distance_median,Count-adjusted,585,0.8023732674058976
radial_distance_median,Count-adjusted,586,1.8273258627729945
radial_distance_median,Count-adjusted,587,0.042775455981626465
radial_distance_median,Count-adjusted,588,2.623033302939689
radial_distance_median,Count-adjusted,589,0.0789253302299926
radial_distance_median,Count-adjusted,590,0.13620474420315531
radial_distance_median,Count-adjusted,591,0.25635480835990165
radial_distance_median,Count-adjusted,592,0.9122031814951583
radial_distance_median,Count-adjusted,593,0.8010633388648216
radial_distance_median,Count-adjusted,594,1.00040312543058
radial_distance_median,Count-adjusted,595,0.31644611997762695
radial_distance_median,Count-adjusted,596,0.9287820345009266
radial_distance_median,Count-adjusted,597,0.0829553511659924
radial_distance_median,Count-adjusted,598,0.09169265931285508
radial_distance_median,Count-adjusted,599,0.04500371752760657
radial_distance_median,Count-adjusted,600,0.046411102690569805
radial_distance_median,Count-adjusted,601,0.15143328525670086
radial_distance_median,Count-adjusted,602,1.7036005446546483
radial_distance_median,Count-adjusted,603,0.8554730103038537
radial_distance_median,Count-adjusted,604,0.00605702752778825
radial_distance_median,Count-adjusted,605,3.205020708214647
radial_distance_median,Count-adjusted,606,0.3657696211788277
radial_distance_median,Count-adjusted,607,3.256482860739027
radial_distance_median,Count-adjusted,608,0.03900384016310454
radial_distance_median,Count-adjusted,609,0.739431348211383
radial_distance_median,Count-adjusted,610,0.11204047667411032
radial_distance_median,Count-adjusted,611,0.61282430993856
radial_distance_median,Count-adjusted,612,0.014373101123567267
radial_distance_median,Count-adjusted,613,3.8104472536655294
radial_distance_median,Count-adjusted,614,1.1242205440467217
radial_distance_median,Count-adjusted,615,0.00646303693451955
radial_distance_median,Count-adjusted,616,0.06834947094995414
radial_distance_median,Count-adjusted,617,1.5788716472154078
radial_distance_median,Count-adjusted,618,1.069915394100434
radial_distance_median,Count-adjusted,619,0.15310586757860278
radial_distance_median,Count-adjusted,620,0.24337897112690143
radial_distance_median,Count-adjusted,621,0.04690283245841442
radial_distance_median,Count-adjusted,622,3.527800248117387
radial_distance_median,Count-adjusted,623,2.639328316259423
radial_distance_median,Count-adjusted,624,0.002618125579260777
radial_distance_median,Count-adjusted,625,0.025346032712946
radial_distance_median,Count-adjusted,626,3.0134041582237217
radial_distance_median,Count-adjusted,627,0.1700559229465739
radial_distance_median,Count-adjusted,628,1.4498467588652204
radial_distance_median,Count-adjusted,629,0.16521882285803713
radial_distance_median,Count-adjusted,630,2.385409228831861
radial_distance_median,Count-adjusted,631,0.15342265460319027
radial_distance_median,Count-adjusted,632,2.7503576135745504
radial_distance_median,Count-adjusted,633,1.0783599094186798
radial_distance_median,Count-adjusted,634,0.01999397719106355
radial_distance_median,Count-adjusted,635,1.7689272706526538
radial_distance_median,Count-adjusted,636,0.027549327865557416
radial_distance_median,Count-adjusted,637,0.3631609661816242
radial_distance_median,Count-adjusted,638,0.6095516815134374
radial_distance_median,Count-adjusted,639,0.0002539864222512733
radial_distance_median,Count-adjusted,640,0.023112060174412363
radial_distance_median,Count-adjusted,641,0.11086205371563551
radial_distance_median,Count-adjusted,642,0.1743358594812321
radial_distance_median,Count-adjusted,643,2.729069374710747
radial_distance_median,Count-adjusted,644,0.15073409313086472
radial_distance_median,Count-adjusted,645,0.0049293990463183945
radial_distance_median,Count-adjusted,646,0.03250727832448774
radial_distance_median,Count-adjusted,647,0.09188987760052214
radial_distance_median,Count-adjusted,648,0.3641338308439117
radial_distance_median,Count-adjusted,649,2.4213477842275495
radial_distance_median,Count-adjusted,650,0.5372764363807221
radial_distance_median,Count-adjusted,651,0.001258066181463846
radial_distance_median,Count-adjusted,652,1.5517862462647827
radial_distance_median,Count-adjusted,653,0.04959763930227723
radial_distance_median,Count-adjusted,654,0.9185051556678161
radial_distance_median,Count-adjusted,655,0.0024172833837212693
radial_distance_median,Count-adjusted,656,0.6290855096262362
radial_distance_median,Count-adjusted,657,0.023198274582171052
radial_distance_median,Count-adjusted,658,4.314786388724173
radial_distance_median,Count-adjusted,659,6.9135693848508595
radial_distance_median,Count-adjusted,660,2.956299946492038
radial_distance_median,Count-adjusted,661,1.065640987308825
radial_distance_median,Count-adjusted,662,0.6617272793905045
radial_distance_median,Count-adjusted,663,0.2585975783794652
radial_distance_median,Count-adjusted,664,0.09600927658459568
radial_distance_median,Count-adjusted,665,0.30579578991785183
radial_distance_median,Count-adjusted,666,0.0992788344394171
radial_distance_median,Count-adjusted,667,0.1421912857688028
radial_distance_median,Count-adjusted,668,2.2245837454009347
radial_distance_median,Count-adjusted,669,0.23771827239613685
radial_distance_median,Count-adjusted,670,0.5846919851729808
radial_distance_median,Count-adjusted,671,0.014640619448925918
radial_distance_median,Count-adjusted,672,1.5556043064370613
radial_distance_median,Count-adjusted,673,3.3939529474779704
radial_distance_median,Count-adjusted,674,0.4312378232003766
radial_distance_median,Count-adjusted,675,0.9911380996886976
radial_distance_median,Count-adjusted,676,0.029773728358350127
radial_distance_median,Count-adjusted,677,0.005780533252476516
radial_distance_median,Count-adjusted,678,0.11813582100836584
radial_distance_median,Count-adjusted,679,0.027752637567800775
radial_distance_median,Count-adjusted,680,2.14750066418938
radial_distance_median,Count-adjusted,681,3.5302538849116445
radial_distance_median,Count-adjusted,682,1.0877661121964763
radial_distance_median,Count-adjusted,683,0.8088005352972232
radial_distance_median,Count-adjusted,684,2.5000884490519866
radial_distance_median,Count-adjusted,685,2.1993978723974124
radial_distance_median,Count-adjusted,686,0.521252284399452
radial_distance_median,Count-adjusted,687,1.1211076673743605
radial_distance_median,Count-adjusted,688,0.08404255683140605
radial_distance_median,Count-adjusted,689,0.5701920470049799
radial_distance_median,Count-adjusted,690,0.16253632703018184
radial_distance_median,Count-adjusted,691,0.1560303029165766
radial_distance_median,Count-adjusted,692,0.11355685524085857
radial_distance_median,Count-adjusted,693,0.02952006449805822
radial_distance_median,Count-adjusted,694,3.53319959522247
radial_distance_median,Count-adjusted,695,0.008488628640918705
radial_distance_median,Count-adjusted,696,0.298150663873912
radial_distance_median,Count-adjusted,697,2.049631407773063
radial_distance_median,Count-adjusted,698,0.010324215725120212
radial_distance_median,Count-adjusted,699,0.051268760278787795
radial_distance_median,Count-adjusted,700,0.42257434196392296
radial_distance_median,Count-adjusted,701,4.76757192561999
radial_distance_median,Count-adjusted,702,0.010470924180111751
radial_distance_median,Count-adjusted,703,0.34031897465479233
radial_distance_median,Count-adjusted,704,2.384211230419055
radial_distance_median,Count-adjusted,705,3.509816027826048
radial_distance_median,Count-adjusted,706,0.07904521798582209
radial_distance_median,Count-adjusted,707,0.026175572980719153
radial_distance_median,Count-adjusted,708,3.399512967977955
radial_distance_median,Count-adjusted,709,1.5742137696543637
radial_distance_median,Count-adjusted,710,0.1407720642270931
radial_distance_median,Count-adjusted,711,1.1001667719897341
radial_distance_median,Count-adjusted,712,0.8708575353745118
radial_distance_median,Count-adjusted,713,0.3089120878365179
radial_distance_median,Count-adjusted,714,3.3771505588263437
radial_distance_median,Count-adjusted,715,1.1209482727026057
radial_distance_median,Count-adjusted,716,1.4963047639791682
radial_distance_median,Count-adjusted,717,0.07625195088499481
radial_distance_median,Count-adjusted,718,1.3811808817663405
radial_distance_median,Count-adjusted,719,0.7589802947388762
radial_distance_median,Count-adjusted,720,0.49707737932342866
radial_distance_median,Count-adjusted,721,2.1100551143442203
radial_distance_median,Count-adjusted,722,0.32110165409770275
radial_distance_median,Count-adjusted,723,1.1670336950315061
radial_distance_median,Count-adjusted,724,0.19926182524392289
radial_distance_median,Count-adjusted,725,0.12626049589138688
radial_distance_median,Count-adjusted,726,3.224220425484191
radial_distance_median,Count-adjusted,727,0.4845087020454457
radial_distance_median,Count-adjusted,728,1.2917818527788825
radial_distance_median,Count-adjusted,729,2.8234045691187646
radial_distance_median,Count-adjusted,730,0.5086693420627171
radial_distance_median,Count-adjusted,731,2.082119977293871
radial_distance_median,Count-adjusted,732,0.6053390426906731
radial_distance_median,Count-adjusted,733,1.2923308831483382
radial_distance_median,Count-adjusted,734,0.2273106878606086
radial_distance_median,Count-adjusted,735,0.6950909839479209
radial_distance_median,Count-adjusted,736,1.6644233067607672
radial_distance_median,Count-adjusted,737,0.6834182645845317
radial_distance_median,Count-adjusted,738,0.008557725015975848
radial_distance_median,Count-adjusted,739,1.4457787095377057
radial_distance_median,Count-adjusted,740,4.114526402712784
radial_distance_median,Count-adjusted,741,1.1878989800712816
radial_distance_median,Count-adjusted,742,0.004704296805471131
radial_distance_median,Count-adjusted,743,0.3983838052275246
radial_distance_median,Count-adjusted,744,1.1063136384991026
radial_distance_median,Count-adjusted,745,0.5665245962042604
radial_distance_median,Count-adjusted,746,0.42564388205636305
radial_distance_median,Count-adjusted,747,0.035827673084469325
radial_distance_median,Count-adjusted,748,0.5584787255326376
radial_distance_median,Count-adjusted,749,0.3040219097908903
radial_distance_median,Count-adjusted,750,0.08191685744486676
radial_distance_median,Count-adjusted,751,0.7655172276134294
radial_distance_median,Count-adjusted,752,0.08631117873312633
radial_distance_median,Count-adjusted,753,0.9211397304848106
radial_distance_median,Count-adjusted,754,0.539802616143561
radial_distance_median,Count-adjusted,755,1.0478534615124886
radial_distance_median,Count-adjusted,756,0.06104209249653536
radial_distance_median,Count-adjusted,757,0.3552794434288842
radial_distance_median,Count-adjusted,758,2.87372137426874
radial_distance_median,Count-adjusted,759,8.533095597408874
radial_distance_median,Count-adjusted,760,0.49626693242004194
radial_distance_median,Count-adjusted,761,0.6806505916775905
radial_distance_median,Count-adjusted,762,0.004572914324427302
radial_distance_median,Count-adjusted,763,0.22100391928586305
radial_distance_median,Count-adjusted,764,0.013824073371097256
radial_distance_median,Count-adjusted,765,1.183701149438889
radial_distance_median,Count-adjusted,766,0.5624089136782686
radial_distance_median,Count-adjusted,767,0.0051471907812583595
radial_distance_median,Count-adjusted,768,1.0760304793035118
radial_distance_median,Count-adjusted,769,0.18564915078894728
radial_distance_median,Count-adjusted,770,0.0007534342364010627
radial_distance_median,Count-adjusted,771,1.3792929726816965
radial_distance_median,Count-adjusted,772,0.5418424268272588
radial_distance_median,Count-adjusted,773,0.9525424125729103
radial_distance_median,Count-adjusted,774,0.06780348159566074
radial_distance_median,Count-adjusted,775,0.19167008413865005
radial_distance_median,Count-adjusted,776,0.08212589055224839
radial_distance_median,Count-adjusted,777,0.17685421714912763
radial_distance_median,Count-adjusted,778,2.7214520723220517
radial_distance_median,Count-adjusted,779,0.5760677232446483
radial_distance_median,Count-adjusted,780,1.8852979937538805
radial_distance_median,Count-adjusted,781,2.2211455097150576
radial_distance_median,Count-adjusted,782,0.4255643763069372
radial_distance_median,Count-adjusted,783,0.24713686048579575
radial_distance_median,Count-adjusted,784,10.70379461411946
radial_distance_median,Count-adjusted,785,2.2581671076112
radial_distance_median,Count-adjusted,786,0.0027492117013707684
radial_distance_median,Count-adjusted,787,0.6752520543852825
radial_distance_median,Count-adjusted,788,0.058565309977382185
radial_distance_median,Count-adjusted,789,0.026512679121680094
radial_distance_median,Count-adjusted,790,0.37685253383185113
radial_distance_median,Count-adjusted,791,0.2131830038685223
radial_distance_median,Count-adjusted,792,1.3726034816441768
radial_distance_median,Count-adjusted,793,0.012367205631733214
radial_distance_median,Count-adjusted,794,0.3930078202564573
radial_distance_median,Count-adjusted,795,0.12924408284175115
radial_distance_median,Count-adjusted,796,2.2073992128587747
radial_distance_median,Count-adjusted,797,0.0452435345814024
radial_distance_median,Count-adjusted,798,0.2645508915942969
radial_distance_median,Count-adjusted,799,0.1523016752276476
radial_distance_median,Count-adjusted,800,1.6181367501096418
radial_distance_median,Count-adjusted,801,0.03361047945389828
radial_distance_median,Count-adjusted,802,0.021540044060657237
radial_distance_median,Count-adjusted,803,0.9127463212950033
radial_distance_median,Count-adjusted,804,0.23421985299336257
radial_distance_median,Count-adjusted,805,7.013845044088441
radial_distance_median,Count-adjusted,806,3.946544119197398
radial_distance_median,Count-adjusted,807,0.0026328633402386004
radial_distance_median,Count-adjusted,808,0.4230227240051647
radial_distance_median,Count-adjusted,809,1.7972787291810732
radial_distance_median,Count-adjusted,810,2.6032664028607826
radial_distance_median,Count-adjusted,811,1.2547572705285575
radial_distance_median,Count-adjusted,812,0.24714469931407734
radial_distance_median,Count-adjusted,813,0.4385539023475644
radial_distance_median,Count-adjusted,814,2.0717536984669493
radial_distance_median,Count-adjusted,815,0.32089651759150684
radial_distance_median,Count-adjusted,816,2.405536620673729
radial_distance_median,Count-adjusted,817,2.270452689224271
radial_distance_median,Count-adjusted,818,0.3225770185802048
radial_distance_median,Count-adjusted,819,0.0798139617202196
radial_distance_median,Count-adjusted,820,6.517309681587335
radial_distance_median,Count-adjusted,821,2.407740106569946
radial_distance_median,Count-adjusted,822,2.1820017670682432
radial_distance_median,Count-adjusted,823,3.607614921827178
radial_distance_median,Count-adjusted,824,0.12504695217552353
radial_distance_median,Count-adjusted,825,1.10813889297998
radial_distance_median,Count-adjusted,826,1.1416396765327477
radial_distance_median,Count-adjusted,827,4.007483319579649
radial_distance_median,Count-adjusted,828,2.0593204876553273
radial_distance_median,Count-adjusted,829,0.03943303427547562
radial_distance_median,Count-adjusted,830,0.0011801143035938821
radial_distance_median,Count-adjusted,831,1.1760010054887857
radial_distance_median,Count-adjusted,832,0.11039772266448722
radial_distance_median,Count-adjusted,833,1.8080015677952872
radial_distance_median,Count-adjusted,834,1.2445549001282075
radial_distance_median,Count-adjusted,835,0.11006901151074544
radial_distance_median,Count-adjusted,836,0.023553210259308344
radial_distance_median,Count-adjusted,837,0.12602248728248355
radial_distance_median,Count-adjusted,838,5.669640296224088
radial_distance_median,Count-adjusted,839,0.010552055907709246
radial_distance_median,Count-adjusted,840,0.01870914822742975
radial_distance_median,Count-adjusted,841,0.0158665640770721
radial_distance_median,Count-adjusted,842,0.20011860181625707
radial_distance_median,Count-adjusted,843,1.017953128926166
radial_distance_median,Count-adjusted,844,0.2660640212671126
radial_distance_median,Count-adjusted,845,0.0028325792579266817
radial_distance_median,Count-adjusted,846,0.011592591241537775
radial_distance_median,Count-adjusted,847,2.0396421234636364e-05
radial_distance_median,Count-adjusted,848,0.004430818930018177
radial_distance_median,Count-adjusted,849,0.004066669454061866
radial_distance_median,Count-adjusted,850,1.5439033465975172
radial_distance_median,Count-adjusted,851,0.048619935438978246
radial_distance_median,Count-adjusted,852,0.7996048985266953
radial_distance_median,Count-adjusted,853,0.06464819353342932
radial_distance_median,Count-adjusted,854,0.8487609547963189
radial_distance_median,Count-adjusted,855,0.03827101424622015
radial_distance_median,Count-adjusted,856,2.3135851382149326
radial_distance_median,Count-adjusted,857,3.6297607277006705
radial_distance_median,Count-adjusted,858,1.1295407846898797
radial_distance_median,Count-adjusted,859,0.25995805375282544
radial_distance_median,Count-adjusted,860,0.7347664854731875
radial_distance_median,Count-adjusted,861,0.08210957432694954
radial_distance_median,Count-adjusted,862,2.759765357880042
radial_distance_median,Count-adjusted,863,0.8586480603234463
radial_distance_median,Count-adjusted,864,0.5147385636718695
radial_distance_median,Count-adjusted,865,0.6723716263346091
radial_distance_median,Count-adjusted,866,4.136049485043372
radial_distance_median,Count-adjusted,867,1.0775641825945002
radial_distance_median,Count-adjusted,868,2.054924809430304
radial_distance_median,Count-adjusted,869,1.7535980692099997
radial_distance_median,Count-adjusted,870,0.12740511729529658
radial_distance_median,Count-adjusted,871,0.17851670456894908
radial_distance_median,Count-adjusted,872,1.0306317343172395
radial_distance_median,Count-adjusted,873,0.49460081553894497
radial_distance_median,Count-adjusted,874,3.0628017805938157
radial_distance_median,Count-adjusted,875,0.42544092739893813
radial_distance_median,Count-adjusted,876,1.9605836917567956
radial_distance_median,Count-adjusted,877,1.4130532935406563
radial_distance_median,Count-adjusted,878,1.0503785154010359
radial_distance_median,Count-adjusted,879,0.5514456794473688
radial_distance_median,Count-adjusted,880,3.161474673936681
radial_distance_median,Count-adjusted,881,8.624325718599664
radial_distance_median,Count-adjusted,882,0.005298357813956045
radial_distance_median,Count-adjusted,883,4.42309718061415
radial_distance_median,Count-adjusted,884,1.5780473666646913
radial_distance_median,Count-adjusted,885,0.7597793126744818
radial_distance_median,Count-adjusted,886,1.0019959008714352
radial_distance_median,Count-adjusted,887,0.8335621209678266
radial_distance_median,Count-adjusted,888,0.0007386963390842993
radial_distance_median,Count-adjusted,889,0.6365834612623189
radial_distance_median,Count-adjusted,890,0.00821761485090633
radial_distance_median,Count-adjusted,891,0.03993414146734153
radial_distance_median,Count-adjusted,892,1.8612884161191232
radial_distance_median,Count-adjusted,893,0.055039152176050266
radial_distance_median,Count-adjusted,894,0.0022447621900028025
radial_distance_median,Count-adjusted,895,2.474340769333139
radial_distance_median,Count-adjusted,896,2.840696845810669
radial_distance_median,Count-adjusted,897,0.8158819587218318
radial_distance_median,Count-adjusted,898,0.2676437868272501
radial_distance_median,Count-adjusted,899,1.4053744711210356
radial_distance_median,Count-adjusted,900,0.391305259277658
radial_distance_median,Count-adjusted,901,0.26815141358224537
radial_distance_median,Count-adjusted,902,0.027999948266682395
radial_distance_median,Count-adjusted,903,0.3301535108486746
radial_distance_median,Count-adjusted,904,0.01575135163764685
radial_distance_median,Count-adjusted,905,1.629500821803333
radial_distance_median,Count-adjusted,906,0.35310023071767205
radial_distance_median,Count-adjusted,907,0.332379745600889
radial_distance_median,Count-adjusted,908,0.2726488797947013
radial_distance_median,Count-adjusted,909,0.023304828489898455
radial_distance_median,Count-adjusted,910,0.5948100022619371
radial_distance_median,Count-adjusted,911,0.8236664707889076
radial_distance_median,Count-adjusted,912,0.6433397074155494
radial_distance_median,Count-adjusted,913,1.5745657595007856
radial_distance_median,Count-adjusted,914,3.04841193287092
radial_distance_median,Count-adjusted,915,1.8249720607412314
radial_distance_median,Count-adjusted,916,1.1139260367947372
radial_distance_median,Count-adjusted,917,4.59332400523374
radial_distance_median,Count-adjusted,918,1.9440255526957344
radial_distance_median,Count-adjusted,919,0.1135435925958177
radial_distance_median,Count-adjusted,920,0.21941263416175616
radial_distance_median,Count-adjusted,921,1.13369995965013
radial_distance_median,Count-adjusted,922,4.410003326721892
radial_distance_median,Count-adjusted,923,0.5741220360901025
radial_distance_median,Count-adjusted,924,1.3411368489403515
radial_distance_median,Count-adjusted,925,0.006761827831667233
radial_distance_median,Count-adjusted,926,0.4272782185042274
radial_distance_median,Count-adjusted,927,6.351138470084322
radial_distance_median,Count-adjusted,928,0.37337476972203376
radial_distance_median,Count-adjusted,929,0.040842064732146355
radial_distance_median,Count-adjusted,930,0.004222473668789917
radial_distance_median,Count-adjusted,931,1.0474032946806915
radial_distance_median,Count-adjusted,932,0.18958920370698706
radial_distance_median,Count-adjusted,933,1.5941476646771662
radial_distance_median,Count-adjusted,934,0.45117814113115173
radial_distance_median,Count-adjusted,935,1.2711928895302549
radial_distance_median,Count-adjusted,936,0.3594243352351043
radial_distance_median,Count-adjusted,937,0.015301069674762857
radial_distance_median,Count-adjusted,938,3.447461737020973
radial_distance_median,Count-adjusted,939,1.7769593498069867
radial_distance_median,Count-adjusted,940,0.7659078353261748
radial_distance_median,Count-adjusted,941,3.122383361642278e-06
radial_distance_median,Count-adjusted,942,0.0027458166979670295
radial_distance_median,Count-adjusted,943,0.1472263916028851
radial_distance_median,Count-adjusted,944,5.200791299996126
radial_distance_median,Count-adjusted,945,4.731110176347954
radial_distance_median,Count-adjusted,946,0.18010873978101927
radial_distance_median,Count-adjusted,947,0.033425035338183307
radial_distance_median,Count-adjusted,948,0.21096009637153657
radial_distance_median,Count-adjusted,949,0.010752635865685534
radial_distance_median,Count-adjusted,950,0.14209779432707137
radial_distance_median,Count-adjusted,951,0.36851753851510693
radial_distance_median,Count-adjusted,952,0.35622722563147136
radial_distance_median,Count-adjusted,953,0.650756790943035
radial_distance_median,Count-adjusted,954,0.5114485236660471
radial_distance_median,Count-adjusted,955,0.5148300046533905
radial_distance_median,Count-adjusted,956,0.9061646790020745
radial_distance_median,Count-adjusted,957,2.438126126768907
radial_distance_median,Count-adjusted,958,0.23549795940368767
radial_distance_median,Count-adjusted,959,0.2827175793280219
radial_distance_median,Count-adjusted,960,0.5206106763822902
radial_distance_median,Count-adjusted,961,0.38557715102626844
radial_distance_median,Count-adjusted,962,1.1550395655219745
radial_distance_median,Count-adjusted,963,1.6148915493081404
radial_distance_median,Count-adjusted,964,0.23858832444688005
radial_distance_median,Count-adjusted,965,0.2499498470426147
radial_distance_median,Count-adjusted,966,0.5463800849184963
radial_distance_median,Count-adjusted,967,1.045287287472462
radial_distance_median,Count-adjusted,968,4.6324406922080925
radial_distance_median,Count-adjusted,969,0.18742921660509637
radial_distance_median,Count-adjusted,970,6.300268265476944
radial_distance_median,Count-adjusted,971,0.5200459369307282
radial_distance_median,Count-adjusted,972,0.6388925433939789
radial_distance_median,Count-adjusted,973,0.0318482496635113
radial_distance_median,Count-adjusted,974,1.9983091243004196
radial_distance_median,Count-adjusted,975,1.848286505773217
radial_distance_median,Count-adjusted,976,0.39615425007332306
radial_distance_median,Count-adjusted,977,2.5337875362729108
radial_distance_median,Count-adjusted,978,0.527670369373709
radial_distance_median,Count-adjusted,979,3.355194345642559
radial_distance_median,Count-adjusted,980,0.9566579653692884
radial_distance_median,Count-adjusted,981,0.4672508874737673
radial_distance_median,Count-adjusted,982,0.399976370018436
radial_distance_median,Count-adjusted,983,0.0073853789429279
radial_distance_median,Count-adjusted,984,0.0325838266293772
radial_distance_median,Count-adjusted,985,0.3958923161483483
radial_distance_median,Count-adjusted,986,0.02465541755208278
radial_distance_median,Count-adjusted,987,0.2064026559527008
radial_distance_median,Count-adjusted,988,0.2154740847153107
radial_distance_median,Count-adjusted,989,0.998852715712303
radial_distance_median,Count-adjusted,990,0.3355479830567276
radial_distance_median,Count-adjusted,991,0.3002850020808694
radial_distance_median,Count-adjusted,992,1.101190593266864
radial_distance_median,Count-adjusted,993,1.505234742214725
radial_distance_median,Count-adjusted,994,0.09983055655649764
radial_distance_median,Count-adjusted,995,0.458650295324162
radial_distance_median,Count-adjusted,996,1.1866237953285577
radial_distance_median,Count-adjusted,997,0.7229430311791987
radial_distance_median,Count-adjusted,998,0.010397164597094388
radial_distance_q90,Unadjusted,0,0.0034226231306320187
radial_distance_q90,Unadjusted,1,2.394292004408328
radial_distance_q90,Unadjusted,2,0.4141960168579999
radial_distance_q90,Unadjusted,3,0.09824224721830888
radial_distance_q90,Unadjusted,4,1.3692234285556424
radial_distance_q90,Unadjusted,5,0.2565866866084434
radial_distance_q90,Unadjusted,6,0.11848491394192706
radial_distance_q90,Unadjusted,7,0.3256931244777661
radial_distance_q90,Unadjusted,8,0.48929895496445397
radial_distance_q90,Unadjusted,9,3.908765883471233
radial_distance_q90,Unadjusted,10,2.5154411466895112
radial_distance_q90,Unadjusted,11,0.5942515612892976
radial_distance_q90,Unadjusted,12,0.01597801718332903
radial_distance_q90,Unadjusted,13,1.0549684168149156
radial_distance_q90,Unadjusted,14,0.6554278328162582
radial_distance_q90,Unadjusted,15,1.0231946201291748
radial_distance_q90,Unadjusted,16,3.8823727569413222
radial_distance_q90,Unadjusted,17,0.04636584187647941
radial_distance_q90,Unadjusted,18,2.620555320997312
radial_distance_q90,Unadjusted,19,8.218319273521502
radial_distance_q90,Unadjusted,20,0.09576216268686721
radial_distance_q90,Unadjusted,21,0.6250790419416035
radial_distance_q90,Unadjusted,22,0.2828957448932101
radial_distance_q90,Unadjusted,23,0.09440950323181596
radial_distance_q90,Unadjusted,24,0.0809677350707716
radial_distance_q90,Unadjusted,25,1.487954550091274
radial_distance_q90,Unadjusted,26,0.3299227808537921
radial_distance_q90,Unadjusted,27,0.8691978205948772
radial_distance_q90,Unadjusted,28,1.455122879793521
radial_distance_q90,Unadjusted,29,0.14911954178637643
radial_distance_q90,Unadjusted,30,0.1406221479532519
radial_distance_q90,Unadjusted,31,0.23870686394286622
radial_distance_q90,Unadjusted,32,0.5692685905520989
radial_distance_q90,Unadjusted,33,0.32073337502140475
radial_distance_q90,Unadjusted,34,0.9097525489983695
radial_distance_q90,Unadjusted,35,1.3452781691057112
radial_distance_q90,Unadjusted,36,0.0406916516838578
radial_distance_q90,Unadjusted,37,0.35497858841284824
radial_distance_q90,Unadjusted,38,3.7891068944697395
radial_distance_q90,Unadjusted,39,0.05828612434368097
radial_distance_q90,Unadjusted,40,0.7106479500866385
radial_distance_q90,Unadjusted,41,1.8849105058722557
radial_distance_q90,Unadjusted,42,0.9302919254587891
radial_distance_q90,Unadjusted,43,4.554178117600486
radial_distance_q90,Unadjusted,44,0.08379701275470097
radial_distance_q90,Unadjusted,45,0.6923574014767837
radial_distance_q90,Unadjusted,46,0.4260917401145434
radial_distance_q90,Unadjusted,47,4.578692720699735
radial_distance_q90,Unadjusted,48,0.11870367589875741
radial_distance_q90,Unadjusted,49,0.1893673992923368
radial_distance_q90,Unadjusted,50,3.6474169565208285
radial_distance_q90,Unadjusted,51,0.6107813429530893
radial_distance_q90,Unadjusted,52,0.0049650364859417095
radial_distance_q90,Unadjusted,53,0.04042907939037832
radial_distance_q90,Unadjusted,54,0.10823461011142399
radial_distance_q90,Unadjusted,55,0.8112587805002249
radial_distance_q90,Unadjusted,56,2.767368632553314
radial_distance_q90,Unadjusted,57,3.1605755811160634
radial_distance_q90,Unadjusted,58,0.8576728867399481
radial_distance_q90,Unadjusted,59,0.02671861448988011
radial_distance_q90,Unadjusted,60,3.3045080628518235
radial_distance_q90,Unadjusted,61,0.5622105746198827
radial_distance_q90,Unadjusted,62,0.38298497644041163
radial_distance_q90,Unadjusted,63,0.11865664697484135
radial_distance_q90,Unadjusted,64,0.8116430063515452
radial_distance_q90,Unadjusted,65,0.07692708566753481
radial_distance_q90,Unadjusted,66,2.3080893779153087
radial_distance_q90,Unadjusted,67,1.2213744941099662
radial_distance_q90,Unadjusted,68,0.010415491585433756
radial_distance_q90,Unadjusted,69,0.22477675442911504
radial_distance_q90,Unadjusted,70,1.2150144942377779
radial_distance_q90,Unadjusted,71,0.9671205962595764
radial_distance_q90,Unadjusted,72,5.541996498182414
radial_distance_q90,Unadjusted,73,0.09589838397295125
radial_distance_q90,Unadjusted,74,0.7162686029221845
radial_distance_q90,Unadjusted,75,3.633569351228374
radial_distance_q90,Unadjusted,76,4.577217882213972
radial_distance_q90,Unadjusted,77,0.6662999738298936
radial_distance_q90,Unadjusted,78,0.25667942938554233
radial_distance_q90,Unadjusted,79,0.02010927858435707
radial_distance_q90,Unadjusted,80,2.8561783546729202
radial_distance_q90,Unadjusted,81,5.073829489477134
radial_distance_q90,Unadjusted,82,0.8963453638541807
radial_distance_q90,Unadjusted,83,0.1349314289401491
radial_distance_q90,Unadjusted,84,6.297109809316225
radial_distance_q90,Unadjusted,85,0.00603577003346345
radial_distance_q90,Unadjusted,86,0.5967728047951937
radial_distance_q90,Unadjusted,87,3.7804077626796015
radial_distance_q90,Unadjusted,88,4.982264219291608
radial_distance_q90,Unadjusted,89,0.15219818146380248
radial_distance_q90,Unadjusted,90,0.2986378740142186
radial_distance_q90,Unadjusted,91,0.7933842512738352
radial_distance_q90,Unadjusted,92,0.5657378692513362
radial_distance_q90,Unadjusted,93,2.4378369118850287
radial_distance_q90,Unadjusted,94,0.07031830773706815
radial_distance_q90,Unadjusted,95,2.0486493612334016
radial_distance_q90,Unadjusted,96,0.011632350369779942
radial_distance_q90,Unadjusted,97,0.03920908279627611
radial_distance_q90,Unadjusted,98,1.2218156775219313
radial_distance_q90,Unadjusted,99,0.6375435713491697
radial_distance_q90,Unadjusted,100,0.2690096096998218
radial_distance_q90,Unadjusted,101,0.005503482005963178
radial_distance_q90,Unadjusted,102,0.5441713459296977
radial_distance_q90,Unadjusted,103,0.4906321525816679
radial_distance_q90,Unadjusted,104,1.9153567520744446
radial_distance_q90,Unadjusted,105,3.871043125749452
radial_distance_q90,Unadjusted,106,0.1526245762615872
radial_distance_q90,Unadjusted,107,0.15019950662144765
radial_distance_q90,Unadjusted,108,0.024312769597543138
radial_distance_q90,Unadjusted,109,0.01091925882411715
radial_distance_q90,Unadjusted,110,0.8109877445364191
radial_distance_q90,Unadjusted,111,0.07242211233136686
radial_distance_q90,Unadjusted,112,0.0759251698383423
radial_distance_q90,Unadjusted,113,1.3721999787993298
radial_distance_q90,Unadjusted,114,1.116755572800514
radial_distance_q90,Unadjusted,115,0.6319958573492386
radial_distance_q90,Unadjusted,116,1.1031359995575372
radial_distance_q90,Unadjusted,117,2.229428130279757
radial_distance_q90,Unadjusted,118,0.011006441682866352
radial_distance_q90,Unadjusted,119,2.1306280887678213
radial_distance_q90,Unadjusted,120,0.0023103369884438507
radial_distance_q90,Unadjusted,121,0.648861997651693
radial_distance_q90,Unadjusted,122,0.7505335137631732
radial_distance_q90,Unadjusted,123,0.008862823344259141
radial_distance_q90,Unadjusted,124,0.014248514143048396
radial_distance_q90,Unadjusted,125,2.610601504765043
radial_distance_q90,Unadjusted,126,0.00536814454665091
radial_distance_q90,Unadjusted,127,0.2651996358337101
radial_distance_q90,Unadjusted,128,0.010023428096303633
radial_distance_q90,Unadjusted,129,0.0007320397827470515
radial_distance_q90,Unadjusted,130,2.4172843426108557
radial_distance_q90,Unadjusted,131,1.7764838666726916
radial_distance_q90,Unadjusted,132,0.33017643672712893
radial_distance_q90,Unadjusted,133,5.898654627024712
radial_distance_q90,Unadjusted,134,0.04307599803331641
radial_distance_q90,Unadjusted,135,0.7139713006768602
radial_distance_q90,Unadjusted,136,5.0300102835121265
radial_distance_q90,Unadjusted,137,1.2363971593414362
radial_distance_q90,Unadjusted,138,4.677174136678332
radial_distance_q90,Unadjusted,139,0.46653889516392155
radial_distance_q90,Unadjusted,140,3.490106660110314
radial_distance_q90,Unadjusted,141,0.25328099260866566
radial_distance_q90,Unadjusted,142,0.10235949519443466
radial_distance_q90,Unadjusted,143,1.0171935897528215
radial_distance_q90,Unadjusted,144,0.7754837074624561
radial_distance_q90,Unadjusted,145,0.005095842814398566
radial_distance_q90,Unadjusted,146,0.5563810515212708
radial_distance_q90,Unadjusted,147,0.08263218472686162
radial_distance_q90,Unadjusted,148,0.7630208587317497
radial_distance_q90,Unadjusted,149,0.03734668242753969
radial_distance_q90,Unadjusted,150,0.1097778199321624
radial_distance_q90,Unadjusted,151,0.14029082551513739
radial_distance_q90,Unadjusted,152,2.581918093037757
radial_distance_q90,Unadjusted,153,0.2564277824603778
radial_distance_q90,Unadjusted,154,0.12968714761075262
radial_distance_q90,Unadjusted,155,0.9216269947266369
radial_distance_q90,Unadjusted,156,0.5818459528132394
radial_distance_q90,Unadjusted,157,3.544546021972508
radial_distance_q90,Unadjusted,158,1.210678576892235
radial_distance_q90,Unadjusted,159,0.014695029759366207
radial_distance_q90,Unadjusted,160,0.08850497034381988
radial_distance_q90,Unadjusted,161,1.7296222982540712
radial_distance_q90,Unadjusted,162,1.426587933375572
radial_distance_q90,Unadjusted,163,0.06146245121993843
radial_distance_q90,Unadjusted,164,0.03973624162603073
radial_distance_q90,Unadjusted,165,0.7017563912519336
radial_distance_q90,Unadjusted,166,0.06614119456224898
radial_distance_q90,Unadjusted,167,0.14827782665088307
radial_distance_q90,Unadjusted,168,1.988649707544596
radial_distance_q90,Unadjusted,169,0.36650335263271927
radial_distance_q90,Unadjusted,170,0.2594845675311035
radial_distance_q90,Unadjusted,171,0.30618490361473505
radial_distance_q90,Unadjusted,172,0.005452167229634597
radial_distance_q90,Unadjusted,173,0.009900021630642186
radial_distance_q90,Unadjusted,174,0.09586125500629805
radial_distance_q90,Unadjusted,175,0.011910337201584298
radial_distance_q90,Unadjusted,176,0.7682812713640033
radial_distance_q90,Unadjusted,177,0.4128222336648264
radial_distance_q90,Unadjusted,178,0.10004307342609309
radial_distance_q90,Unadjusted,179,1.3315389723036901
radial_distance_q90,Unadjusted,180,0.12048043098599237
radial_distance_q90,Unadjusted,181,1.8966921098032117
radial_distance_q90,Unadjusted,182,0.009284893101039415
radial_distance_q90,Unadjusted,183,0.010823475286031226
radial_distance_q90,Unadjusted,184,0.003523096289086425
radial_distance_q90,Unadjusted,185,0.1563856178529477
radial_distance_q90,Unadjusted,186,6.358458679791909
radial_distance_q90,Unadjusted,187,0.0016357121858163737
radial_distance_q90,Unadjusted,188,0.5744675465020919
radial_distance_q90,Unadjusted,189,0.021361457041564336
radial_distance_q90,Unadjusted,190,0.07449258427089944
radial_distance_q90,Unadjusted,191,0.568449763534602
radial_distance_q90,Unadjusted,192,1.1243476174437887
radial_distance_q90,Unadjusted,193,0.11573552120233899
radial_distance_q90,Unadjusted,194,2.384962910817933
radial_distance_q90,Unadjusted,195,0.006504311852609135
radial_distance_q90,Unadjusted,196,0.38120703448390714
radial_distance_q90,Unadjusted,197,0.07550409313603268
radial_distance_q90,Unadjusted,198,0.061760275831090894
radial_distance_q90,Unadjusted,199,2.4228964436332205
radial_distance_q90,Unadjusted,200,0.01548181457900455
radial_distance_q90,Unadjusted,201,4.390907673723632e-05
radial_distance_q90,Unadjusted,202,0.0038056044328982352
radial_distance_q90,Unadjusted,203,0.06581038752517543
radial_distance_q90,Unadjusted,204,0.22032608018059818
radial_distance_q90,Unadjusted,205,0.17559826458324324
radial_distance_q90,Unadjusted,206,0.8934030589994961
radial_distance_q90,Unadjusted,207,1.3297435454490483
radial_distance_q90,Unadjusted,208,3.096121943233129
radial_distance_q90,Unadjusted,209,3.6116447317813254
radial_distance_q90,Unadjusted,210,0.8749318677853921
radial_distance_q90,Unadjusted,211,3.328827449413268
radial_distance_q90,Unadjusted,212,0.4632303817308525
radial_distance_q90,Unadjusted,213,0.17661069677501473
radial_distance_q90,Unadjusted,214,0.17469427385174185
radial_distance_q90,Unadjusted,215,2.039507511222382
radial_distance_q90,Unadjusted,216,0.2757727818215585
radial_distance_q90,Unadjusted,217,3.1425215015312347
radial_distance_q90,Unadjusted,218,0.1677682852654243
radial_distance_q90,Unadjusted,219,0.1278263319534858
radial_distance_q90,Unadjusted,220,0.33399511451466424
radial_distance_q90,Unadjusted,221,0.0029060975750780926
radial_distance_q90,Unadjusted,222,1.8118634739558956
radial_distance_q90,Unadjusted,223,0.19848573684220128
radial_distance_q90,Unadjusted,224,0.08761922858968774
radial_distance_q90,Unadjusted,225,3.813790954635408
radial_distance_q90,Unadjusted,226,1.2997616634277165
radial_distance_q90,Unadjusted,227,0.20929146666560428
radial_distance_q90,Unadjusted,228,2.3308537132022025
radial_distance_q90,Unadjusted,229,0.0003947180316572485
radial_distance_q90,Unadjusted,230,1.5152147006509153
radial_distance_q90,Unadjusted,231,0.24239906596301353
radial_distance_q90,Unadjusted,232,0.015031122227298965
radial_distance_q90,Unadjusted,233,0.301918788653893
radial_distance_q90,Unadjusted,234,1.8808831144935994
radial_distance_q90,Unadjusted,235,2.9508443640145288
radial_distance_q90,Unadjusted,236,2.853890563397215
radial_distance_q90,Unadjusted,237,0.02571345213652876
radial_distance_q90,Unadjusted,238,1.0843912013256727
radial_distance_q90,Unadjusted,239,0.21574669341623576
radial_distance_q90,Unadjusted,240,4.25245351470619
radial_distance_q90,Unadjusted,241,0.023832139409933006
radial_distance_q90,Unadjusted,242,0.016188621227229305
radial_distance_q90,Unadjusted,243,2.721754354220309
radial_distance_q90,Unadjusted,244,0.5792836452769734
radial_distance_q90,Unadjusted,245,0.9089983250890441
radial_distance_q90,Unadjusted,246,0.9821088922993795
radial_distance_q90,Unadjusted,247,0.5158147659080896
radial_distance_q90,Unadjusted,248,0.792202157185443
radial_distance_q90,Unadjusted,249,0.634324115786967
radial_distance_q90,Unadjusted,250,2.382859711232868
radial_distance_q90,Unadjusted,251,0.23490636500986284
radial_distance_q90,Unadjusted,252,1.0962294607164722
radial_distance_q90,Unadjusted,253,0.2815477548000729
radial_distance_q90,Unadjusted,254,0.36323551581386937
radial_distance_q90,Unadjusted,255,0.018098297962808374
radial_distance_q90,Unadjusted,256,1.4758993441285497
radial_distance_q90,Unadjusted,257,0.0854750436317886
radial_distance_q90,Unadjusted,258,2.689064406254033
radial_distance_q90,Unadjusted,259,1.5531697712156074
radial_distance_q90,Unadjusted,260,0.736632969363967
radial_distance_q90,Unadjusted,261,0.10657868696415562
radial_distance_q90,Unadjusted,262,0.007619690778938093
radial_distance_q90,Unadjusted,263,0.049013911466090576
radial_distance_q90,Unadjusted,264,0.344667630634774
radial_distance_q90,Unadjusted,265,0.44345055706043013
radial_distance_q90,Unadjusted,266,2.4850516563402607
radial_distance_q90,Unadjusted,267,0.41687620620490407
radial_distance_q90,Unadjusted,268,1.4893397330046128
radial_distance_q90,Unadjusted,269,0.013127480640093836
radial_distance_q90,Unadjusted,270,8.557260868219942
radial_distance_q90,Unadjusted,271,0.0027578252945659187
radial_distance_q90,Unadjusted,272,3.9788793178346396
radial_distance_q90,Unadjusted,273,2.6888213759984296
radial_distance_q90,Unadjusted,274,0.04244666143802078
radial_distance_q90,Unadjusted,275,1.147532259069294
radial_distance_q90,Unadjusted,276,0.07882993296493623
radial_distance_q90,Unadjusted,277,1.5221438985790314
radial_distance_q90,Unadjusted,278,0.3623046802036356
radial_distance_q90,Unadjusted,279,4.643629352812695
radial_distance_q90,Unadjusted,280,0.8642061548578113
radial_distance_q90,Unadjusted,281,0.0015702515433986264
radial_distance_q90,Unadjusted,282,0.14664676498887275
radial_distance_q90,Unadjusted,283,0.24485541487558748
radial_distance_q90,Unadjusted,284,2.4878622066999014
radial_distance_q90,Unadjusted,285,0.611153778356595
radial_distance_q90,Unadjusted,286,1.2364823881353573
radial_distance_q90,Unadjusted,287,0.10569833355259561
radial_distance_q90,Unadjusted,288,5.461553799207394
radial_distance_q90,Unadjusted,289,0.4278485078161225
radial_distance_q90,Unadjusted,290,0.6182355109131095
radial_distance_q90,Unadjusted,291,0.6795754648637171
radial_distance_q90,Unadjusted,292,1.3027626158429086
radial_distance_q90,Unadjusted,293,0.16471779214043636
radial_distance_q90,Unadjusted,294,0.01182560229091223
radial_distance_q90,Unadjusted,295,0.08301885895571104
radial_distance_q90,Unadjusted,296,0.13620027330148332
radial_distance_q90,Unadjusted,297,2.5830137559744912
radial_distance_q90,Unadjusted,298,0.7949740385548694
radial_distance_q90,Unadjusted,299,6.319565454623728
radial_distance_q90,Unadjusted,300,0.03445091572740466
radial_distance_q90,Unadjusted,301,3.9160794322833965
radial_distance_q90,Unadjusted,302,0.1345694255089711
radial_distance_q90,Unadjusted,303,0.5962544114730122
radial_distance_q90,Unadjusted,304,4.269345638802292
radial_distance_q90,Unadjusted,305,2.0590194010261484
radial_distance_q90,Unadjusted,306,1.18124837115613
radial_distance_q90,Unadjusted,307,0.11554841602236365
radial_distance_q90,Unadjusted,308,0.6921407700289137
radial_distance_q90,Unadjusted,309,1.1501774727193492
radial_distance_q90,Unadjusted,310,7.612485664069538
radial_distance_q90,Unadjusted,311,0.24225047121353782
radial_distance_q90,Unadjusted,312,0.2753119857388242
radial_distance_q90,Unadjusted,313,0.11431716768601063
radial_distance_q90,Unadjusted,314,0.03493737564809862
radial_distance_q90,Unadjusted,315,0.0968889019954986
radial_distance_q90,Unadjusted,316,0.013691799181799524
radial_distance_q90,Unadjusted,317,1.380893805630933
radial_distance_q90,Unadjusted,318,0.10432940856912865
radial_distance_q90,Unadjusted,319,0.682670420494162
radial_distance_q90,Unadjusted,320,2.8301593146096593
radial_distance_q90,Unadjusted,321,0.12341290054229148
radial_distance_q90,Unadjusted,322,0.004267160332801723
radial_distance_q90,Unadjusted,323,1.7171322133785338
radial_distance_q90,Unadjusted,324,0.13124432793767937
radial_distance_q90,Unadjusted,325,3.4284947115678506
radial_distance_q90,Unadjusted,326,0.09772825498959037
radial_distance_q90,Unadjusted,327,0.08619378707072656
radial_distance_q90,Unadjusted,328,0.5033858807258298
radial_distance_q90,Unadjusted,329,1.0322491143584784
radial_distance_q90,Unadjusted,330,0.3471915565590393
radial_distance_q90,Unadjusted,331,0.8132128881127301
radial_distance_q90,Unadjusted,332,0.05154902823687735
radial_distance_q90,Unadjusted,333,0.22294990645531243
radial_distance_q90,Unadjusted,334,0.3938150329035466
radial_distance_q90,Unadjusted,335,3.4462449916778155
radial_distance_q90,Unadjusted,336,0.01642331209529857
radial_distance_q90,Unadjusted,337,0.0527581371186443
radial_distance_q90,Unadjusted,338,1.2968979916524859
radial_distance_q90,Unadjusted,339,0.3123962369608648
radial_distance_q90,Unadjusted,340,1.4127386496371344
radial_distance_q90,Unadjusted,341,2.342724790637419
radial_distance_q90,Unadjusted,342,0.08775260111349326
radial_distance_q90,Unadjusted,343,1.7017206126982956
radial_distance_q90,Unadjusted,344,3.324907629780398
radial_distance_q90,Unadjusted,345,0.42359840953758976
radial_distance_q90,Unadjusted,346,2.0172122958683758e-05
radial_distance_q90,Unadjusted,347,0.08373683572125401
radial_distance_q90,Unadjusted,348,1.6378033863712176
radial_distance_q90,Unadjusted,349,0.9281516075786271
radial_distance_q90,Unadjusted,350,0.004118216019662668
radial_distance_q90,Unadjusted,351,0.16501134066169243
radial_distance_q90,Unadjusted,352,0.0030211124732772987
radial_distance_q90,Unadjusted,353,1.171987902413946
radial_distance_q90,Unadjusted,354,0.3825795346220957
radial_distance_q90,Unadjusted,355,0.4004084378361199
radial_distance_q90,Unadjusted,356,0.2163639070181489
radial_distance_q90,Unadjusted,357,0.2724599973086015
radial_distance_q90,Unadjusted,358,0.3929217986457161
radial_distance_q90,Unadjusted,359,1.5456880260321668
radial_distance_q90,Unadjusted,360,0.7943957763620801
radial_distance_q90,Unadjusted,361,1.1320242348564875
radial_distance_q90,Unadjusted,362,0.002186131578810091
radial_distance_q90,Unadjusted,363,2.482680393008877
radial_distance_q90,Unadjusted,364,0.015901355741021916
radial_distance_q90,Unadjusted,365,0.49483636130381115
radial_distance_q90,Unadjusted,366,0.049709056436313404
radial_distance_q90,Unadjusted,367,0.21089273567969258
radial_distance_q90,Unadjusted,368,1.051291337309408
radial_distance_q90,Unadjusted,369,1.0615409506145284
radial_distance_q90,Unadjusted,370,0.5140362736284487
radial_distance_q90,Unadjusted,371,1.353373683335235
radial_distance_q90,Unadjusted,372,0.008924591334505294
radial_distance_q90,Unadjusted,373,1.4965411677314933
radial_distance_q90,Unadjusted,374,1.8618732062438426
radial_distance_q90,Unadjusted,375,0.01997153348992242
radial_distance_q90,Unadjusted,376,0.8038436442620309
radial_distance_q90,Unadjusted,377,2.11959267387266
radial_distance_q90,Unadjusted,378,0.03837419492097638
radial_distance_q90,Unadjusted,379,0.019532716716241794
radial_distance_q90,Unadjusted,380,0.1046097649474973
radial_distance_q90,Unadjusted,381,0.31564369391503533
radial_distance_q90,Unadjusted,382,1.6168871760676211
radial_distance_q90,Unadjusted,383,1.2571370745206423
radial_distance_q90,Unadjusted,384,1.0997464083004616
radial_distance_q90,Unadjusted,385,6.862417895690157
radial_distance_q90,Unadjusted,386,2.235785822250307
radial_distance_q90,Unadjusted,387,1.6378794167816864
radial_distance_q90,Unadjusted,388,1.6855175703435066
radial_distance_q90,Unadjusted,389,1.6112150196461812
radial_distance_q90,Unadjusted,390,0.045547282709662795
radial_distance_q90,Unadjusted,391,0.013430888641210004
radial_distance_q90,Unadjusted,392,5.9076351967378855
radial_distance_q90,Unadjusted,393,0.3464977190427021
radial_distance_q90,Unadjusted,394,0.27721236925629
radial_distance_q90,Unadjusted,395,0.2276384995728904
radial_distance_q90,Unadjusted,396,0.04633351806756991
radial_distance_q90,Unadjusted,397,1.8687469586079146
radial_distance_q90,Unadjusted,398,0.00031021882773529796
radial_distance_q90,Unadjusted,399,0.003801125207132827
radial_distance_q90,Unadjusted,400,6.26501396461029
radial_distance_q90,Unadjusted,401,0.3786108214821411
radial_distance_q90,Unadjusted,402,1.5647530710189699
radial_distance_q90,Unadjusted,403,0.050662795450477915
radial_distance_q90,Unadjusted,404,0.2626537972122378
radial_distance_q90,Unadjusted,405,0.7014283137668826
radial_distance_q90,Unadjusted,406,0.8250357973940368
radial_distance_q90,Unadjusted,407,0.33493764732742193
radial_distance_q90,Unadjusted,408,0.2578807334946873
radial_distance_q90,Unadjusted,409,0.25189991308127446
radial_distance_q90,Unadjusted,410,0.060979734172860844
radial_distance_q90,Unadjusted,411,0.7215277699184526
radial_distance_q90,Unadjusted,412,0.21812536160916807
radial_distance_q90,Unadjusted,413,0.019795777028946304
radial_distance_q90,Unadjusted,414,1.0299392087870842
radial_distance_q90,Unadjusted,415,0.26590595435197883
radial_distance_q90,Unadjusted,416,0.24350384115729184
radial_distance_q90,Unadjusted,417,1.2590465928929007
radial_distance_q90,Unadjusted,418,1.524518316139762
radial_distance_q90,Unadjusted,419,0.5188355178253232
radial_distance_q90,Unadjusted,420,0.0013658206989930477
radial_distance_q90,Unadjusted,421,1.1027642176892414
radial_distance_q90,Unadjusted,422,0.5271546368661575
radial_distance_q90,Unadjusted,423,0.00791402149775422
radial_distance_q90,Unadjusted,424,0.05213085826255792
radial_distance_q90,Unadjusted,425,0.3636062485666116
radial_distance_q90,Unadjusted,426,1.4028041112290452
radial_distance_q90,Unadjusted,427,3.520297458474147
radial_distance_q90,Unadjusted,428,0.019764322784794786
radial_distance_q90,Unadjusted,429,0.07600098487876039
radial_distance_q90,Unadjusted,430,0.0025442120871161933
radial_distance_q90,Unadjusted,431,0.05043189953556748
radial_distance_q90,Unadjusted,432,1.3768014903588437
radial_distance_q90,Unadjusted,433,0.02377410925936374
radial_distance_q90,Unadjusted,434,0.06140987647921747
radial_distance_q90,Unadjusted,435,0.024922852024985787
radial_distance_q90,Unadjusted,436,0.052797134715376615
radial_distance_q90,Unadjusted,437,1.2710403635732064
radial_distance_q90,Unadjusted,438,5.384871039784457
radial_distance_q90,Unadjusted,439,1.5357455062822396
radial_distance_q90,Unadjusted,440,0.4312181063231719
radial_distance_q90,Unadjusted,441,5.476663076537534
radial_distance_q90,Unadjusted,442,1.2657398847225636
radial_distance_q90,Unadjusted,443,0.019818675145472753
radial_distance_q90,Unadjusted,444,0.20925639154162923
radial_distance_q90,Unadjusted,445,2.0140463776688193
radial_distance_q90,Unadjusted,446,0.2384339928152599
radial_distance_q90,Unadjusted,447,0.284960469401085
radial_distance_q90,Unadjusted,448,0.9620345523205742
radial_distance_q90,Unadjusted,449,2.2908518358935623
radial_distance_q90,Unadjusted,450,1.2146869051396152
radial_distance_q90,Unadjusted,451,0.8453066909598874
radial_distance_q90,Unadjusted,452,0.3036964806274227
radial_distance_q90,Unadjusted,453,2.193455614212837
radial_distance_q90,Unadjusted,454,0.6375312275062015
radial_distance_q90,Unadjusted,455,0.003740409293442326
radial_distance_q90,Unadjusted,456,0.0027712160221540216
radial_distance_q90,Unadjusted,457,2.7287836270079993
radial_distance_q90,Unadjusted,458,3.0229943405897757
radial_distance_q90,Unadjusted,459,0.0012306402095987323
radial_distance_q90,Unadjusted,460,0.0036670555926434645
radial_distance_q90,Unadjusted,461,0.07365845674701177
radial_distance_q90,Unadjusted,462,0.6863374513600888
radial_distance_q90,Unadjusted,463,1.9936417327950267
radial_distance_q90,Unadjusted,464,0.14891776574080495
radial_distance_q90,Unadjusted,465,0.06775129977728511
radial_distance_q90,Unadjusted,466,0.12327143332697688
radial_distance_q90,Unadjusted,467,0.43454986327333245
radial_distance_q90,Unadjusted,468,1.3419422280517495
radial_distance_q90,Unadjusted,469,0.9452155937626117
radial_distance_q90,Unadjusted,470,0.08863661023457325
radial_distance_q90,Unadjusted,471,1.415829423473383
radial_distance_q90,Unadjusted,472,0.06570999906182351
radial_distance_q90,Unadjusted,473,1.6030581716762526
radial_distance_q90,Unadjusted,474,1.1476969330482802
radial_distance_q90,Unadjusted,475,0.34711536223164785
radial_distance_q90,Unadjusted,476,0.11841808238546037
radial_distance_q90,Unadjusted,477,0.03706296600370251
radial_distance_q90,Unadjusted,478,0.12208616525674643
radial_distance_q90,Unadjusted,479,0.026871866529916133
radial_distance_q90,Unadjusted,480,0.6191790269776334
radial_distance_q90,Unadjusted,481,0.28290012540691123
radial_distance_q90,Unadjusted,482,6.941661207229629
radial_distance_q90,Unadjusted,483,2.3352449243882347
radial_distance_q90,Unadjusted,484,0.008446152949147745
radial_distance_q90,Unadjusted,485,0.04006707802290066
radial_distance_q90,Unadjusted,486,0.5540700291279563
radial_distance_q90,Unadjusted,487,0.8013721728269161
radial_distance_q90,Unadjusted,488,0.0001837454789210824
radial_distance_q90,Unadjusted,489,2.407428711829681
radial_distance_q90,Unadjusted,490,0.3887133448407667
radial_distance_q90,Unadjusted,491,0.3286232827555864
radial_distance_q90,Unadjusted,492,0.22577437117564614
radial_distance_q90,Unadjusted,493,0.048897636505387254
radial_distance_q90,Unadjusted,494,2.1356869781925525
radial_distance_q90,Unadjusted,495,2.1825250821563316
radial_distance_q90,Unadjusted,496,0.3025537723164575
radial_distance_q90,Unadjusted,497,0.48357738416365237
radial_distance_q90,Unadjusted,498,1.0344920469279373
radial_distance_q90,Unadjusted,499,0.0994095868442173
radial_distance_q90,Unadjusted,500,0.2554350705994466
radial_distance_q90,Unadjusted,501,2.7712621244143634
radial_distance_q90,Unadjusted,502,0.002790713283616242
radial_distance_q90,Unadjusted,503,0.26301111386442244
radial_distance_q90,Unadjusted,504,0.19000513041737577
radial_distance_q90,Unadjusted,505,0.38272233157999835
radial_distance_q90,Unadjusted,506,0.1298338460092623
radial_distance_q90,Unadjusted,507,0.7532199773499428
radial_distance_q90,Unadjusted,508,0.5184332457174037
radial_distance_q90,Unadjusted,509,0.19346318011463381
radial_distance_q90,Unadjusted,510,0.0397511306542242
radial_distance_q90,Unadjusted,511,0.039886661923389966
radial_distance_q90,Unadjusted,512,0.9622431721559224
radial_distance_q90,Unadjusted,513,0.10237776607266369
radial_distance_q90,Unadjusted,514,0.48815503373390357
radial_distance_q90,Unadjusted,515,1.8276635522331617
radial_distance_q90,Unadjusted,516,0.18829799845826756
radial_distance_q90,Unadjusted,517,0.12898748742111366
radial_distance_q90,Unadjusted,518,2.6692606569210966
radial_distance_q90,Unadjusted,519,0.3460648481508315
radial_distance_q90,Unadjusted,520,0.04492257999532967
radial_distance_q90,Unadjusted,521,0.1139556029600044
radial_distance_q90,Unadjusted,522,0.15022882117210656
radial_distance_q90,Unadjusted,523,2.230117307493174
radial_distance_q90,Unadjusted,524,0.31228873734681883
radial_distance_q90,Unadjusted,525,0.6037670860698654
radial_distance_q90,Unadjusted,526,0.7554604424929607
radial_distance_q90,Unadjusted,527,0.08356994986360178
radial_distance_q90,Unadjusted,528,2.9232378873819584
radial_distance_q90,Unadjusted,529,1.2035420319087393
radial_distance_q90,Unadjusted,530,1.041228990326033
radial_distance_q90,Unadjusted,531,0.11235136816952718
radial_distance_q90,Unadjusted,532,0.8876146834201109
radial_distance_q90,Unadjusted,533,0.13066645480836314
radial_distance_q90,Unadjusted,534,0.07745082200898423
radial_distance_q90,Unadjusted,535,0.1055717822713973
radial_distance_q90,Unadjusted,536,0.08545027989890741
radial_distance_q90,Unadjusted,537,1.4889438697575201
radial_distance_q90,Unadjusted,538,1.028372092501968
radial_distance_q90,Unadjusted,539,0.12232402381118845
radial_distance_q90,Unadjusted,540,5.010113639029413
radial_distance_q90,Unadjusted,541,0.3620925376661148
radial_distance_q90,Unadjusted,542,5.789534012433705
radial_distance_q90,Unadjusted,543,0.3618563336644911
radial_distance_q90,Unadjusted,544,0.21054669093439315
radial_distance_q90,Unadjusted,545,0.08042185800098878
radial_distance_q90,Unadjusted,546,2.2102000443673546
radial_distance_q90,Unadjusted,547,0.019686770272130616
radial_distance_q90,Unadjusted,548,0.03435018884994179
radial_distance_q90,Unadjusted,549,0.4636659639439813
radial_distance_q90,Unadjusted,550,0.11425486764915149
radial_distance_q90,Unadjusted,551,0.04428726112212189
radial_distance_q90,Unadjusted,552,0.13552433469175185
radial_distance_q90,Unadjusted,553,3.0730609569226885
radial_distance_q90,Unadjusted,554,0.9896352644157673
radial_distance_q90,Unadjusted,555,2.4065705955103454
radial_distance_q90,Unadjusted,556,0.5343842233726264
radial_distance_q90,Unadjusted,557,0.7107657338744389
radial_distance_q90,Unadjusted,558,0.03040298406972397
radial_distance_q90,Unadjusted,559,0.020662321570796394
radial_distance_q90,Unadjusted,560,0.5463967864687902
radial_distance_q90,Unadjusted,561,2.655068353491572
radial_distance_q90,Unadjusted,562,3.379354429177056
radial_distance_q90,Unadjusted,563,0.02248211892612062
radial_distance_q90,Unadjusted,564,0.7128842917508109
radial_distance_q90,Unadjusted,565,0.31988083570507797
radial_distance_q90,Unadjusted,566,2.7910039236928696
radial_distance_q90,Unadjusted,567,0.3660518308683436
radial_distance_q90,Unadjusted,568,0.0021986209403621615
radial_distance_q90,Unadjusted,569,2.886683595128204
radial_distance_q90,Unadjusted,570,0.025023371533279715
radial_distance_q90,Unadjusted,571,0.35103437619500255
radial_distance_q90,Unadjusted,572,2.9196270116189567
radial_distance_q90,Unadjusted,573,0.058766399030560024
radial_distance_q90,Unadjusted,574,0.19464569809406385
radial_distance_q90,Unadjusted,575,2.282280378180417
radial_distance_q90,Unadjusted,576,1.021757249579764
radial_distance_q90,Unadjusted,577,0.7167933892243354
radial_distance_q90,Unadjusted,578,0.2000747778222376
radial_distance_q90,Unadjusted,579,0.008063346804703997
radial_distance_q90,Unadjusted,580,0.7739455137491973
radial_distance_q90,Unadjusted,581,0.12814985940576662
radial_distance_q90,Unadjusted,582,0.23914158426259746
radial_distance_q90,Unadjusted,583,0.00027291805963614024
radial_distance_q90,Unadjusted,584,6.00704489548508
radial_distance_q90,Unadjusted,585,2.167543724394875
radial_distance_q90,Unadjusted,586,0.3303662721676801
radial_distance_q90,Unadjusted,587,2.139318802035973
radial_distance_q90,Unadjusted,588,0.08678177437730028
radial_distance_q90,Unadjusted,589,0.14896316256243836
radial_distance_q90,Unadjusted,590,0.014097084158720463
radial_distance_q90,Unadjusted,591,0.02054753149576527
radial_distance_q90,Unadjusted,592,0.39016401862051
radial_distance_q90,Unadjusted,593,0.16454164568216356
radial_distance_q90,Unadjusted,594,0.17482354779969
radial_distance_q90,Unadjusted,595,0.5162471220352245
radial_distance_q90,Unadjusted,596,0.20740772079477665
radial_distance_q90,Unadjusted,597,0.34007425869123153
radial_distance_q90,Unadjusted,598,1.887483981925584
radial_distance_q90,Unadjusted,599,3.2207749687842693
radial_distance_q90,Unadjusted,600,0.6539038097989192
radial_distance_q90,Unadjusted,601,0.0621784543401418
radial_distance_q90,Unadjusted,602,1.4724026998862882
radial_distance_q90,Unadjusted,603,0.7679426748056812
radial_distance_q90,Unadjusted,604,0.15972845874910035
radial_distance_q90,Unadjusted,605,0.004800683188079802
radial_distance_q90,Unadjusted,606,0.12407750698207565
radial_distance_q90,Unadjusted,607,0.8084757996697931
radial_distance_q90,Unadjusted,608,0.049496954834182816
radial_distance_q90,Unadjusted,609,0.06275882913547548
radial_distance_q90,Unadjusted,610,3.7842834379247847
radial_distance_q90,Unadjusted,611,0.4613572564337005
radial_distance_q90,Unadjusted,612,1.946031555294212
radial_distance_q90,Unadjusted,613,0.3190191855640023
radial_distance_q90,Unadjusted,614,3.577642808144958
radial_distance_q90,Unadjusted,615,0.9849374151461348
radial_distance_q90,Unadjusted,616,0.5331878489045039
radial_distance_q90,Unadjusted,617,1.768242784978952
radial_distance_q90,Unadjusted,618,1.346418611943875
radial_distance_q90,Unadjusted,619,0.25835410264784286
radial_distance_q90,Unadjusted,620,0.24250469428642418
radial_distance_q90,Unadjusted,621,1.9723903263215448
radial_distance_q90,Unadjusted,622,0.09241403223234101
radial_distance_q90,Unadjusted,623,0.10889478133498187
radial_distance_q90,Unadjusted,624,1.4390798490961174
radial_distance_q90,Unadjusted,625,4.744970228722991
radial_distance_q90,Unadjusted,626,2.2382349782698725
radial_distance_q90,Unadjusted,627,1.0419444065169046
radial_distance_q90,Unadjusted,628,4.037458737713791
radial_distance_q90,Unadjusted,629,0.07335504303415519
radial_distance_q90,Unadjusted,630,1.9211414551767234
radial_distance_q90,Unadjusted,631,2.7640334428207893
radial_distance_q90,Unadjusted,632,0.5361979307116371
radial_distance_q90,Unadjusted,633,9.61877105964959e-07
radial_distance_q90,Unadjusted,634,0.7332123051136819
radial_distance_q90,Unadjusted,635,0.006721444392979947
radial_distance_q90,Unadjusted,636,0.07159365249685834
radial_distance_q90,Unadjusted,637,0.01075555689402563
radial_distance_q90,Unadjusted,638,0.09731110835161871
radial_distance_q90,Unadjusted,639,0.9307604265732152
radial_distance_q90,Unadjusted,640,2.9173401117077447e-06
radial_distance_q90,Unadjusted,641,0.7796473551073859
radial_distance_q90,Unadjusted,642,0.001983272736822528
radial_distance_q90,Unadjusted,643,0.09756008626601442
radial_distance_q90,Unadjusted,644,2.871616071100732
radial_distance_q90,Unadjusted,645,0.15578234142373049
radial_distance_q90,Unadjusted,646,0.0763848668849505
radial_distance_q90,Unadjusted,647,0.7038790510453907
radial_distance_q90,Unadjusted,648,2.569613696954434
radial_distance_q90,Unadjusted,649,0.09522717033883055
radial_distance_q90,Unadjusted,650,0.5705085601841802
radial_distance_q90,Unadjusted,651,1.1540160888427238
radial_distance_q90,Unadjusted,652,2.482294761622825
radial_distance_q90,Unadjusted,653,1.9495345879817023
radial_distance_q90,Unadjusted,654,0.10752551994528403
radial_distance_q90,Unadjusted,655,0.006098103600777449
radial_distance_q90,Unadjusted,656,2.564873684712097
radial_distance_q90,Unadjusted,657,1.320190258566754
radial_distance_q90,Unadjusted,658,1.2506212366916998
radial_distance_q90,Unadjusted,659,0.2729531880145828
radial_distance_q90,Unadjusted,660,2.7961579011683853
radial_distance_q90,Unadjusted,661,0.02805177461078756
radial_distance_q90,Unadjusted,662,6.898471525150569
radial_distance_q90,Unadjusted,663,0.03193897841714488
radial_distance_q90,Unadjusted,664,0.6808364786128891
radial_distance_q90,Unadjusted,665,0.2487910912973348
radial_distance_q90,Unadjusted,666,2.1979481322096603
radial_distance_q90,Unadjusted,667,0.09768032307920294
radial_distance_q90,Unadjusted,668,0.9216050716777886
radial_distance_q90,Unadjusted,669,0.09014427417577053
radial_distance_q90,Unadjusted,670,0.009978064594804437
radial_distance_q90,Unadjusted,671,1.388565112020217
radial_distance_q90,Unadjusted,672,0.3262637959523431
radial_distance_q90,Unadjusted,673,7.306540249863588
radial_distance_q90,Unadjusted,674,0.13719544675382167
radial_distance_q90,Unadjusted,675,0.00024464326554607396
radial_distance_q90,Unadjusted,676,1.7099534537610452
radial_distance_q90,Unadjusted,677,0.6290655614344018
radial_distance_q90,Unadjusted,678,4.634877429290498
radial_distance_q90,Unadjusted,679,0.01700596016843292
radial_distance_q90,Unadjusted,680,1.4038050309926575
radial_distance_q90,Unadjusted,681,0.0771421249377795
radial_distance_q90,Unadjusted,682,0.017587760318576784
radial_distance_q90,Unadjusted,683,1.6723754894327385
radial_distance_q90,Unadjusted,684,0.7001013808172729
radial_distance_q90,Unadjusted,685,0.5944426972671408
radial_distance_q90,Unadjusted,686,0.3077925696653665
radial_distance_q90,Unadjusted,687,0.01636172167047789
radial_distance_q90,Unadjusted,688,0.02981791301266412
radial_distance_q90,Unadjusted,689,2.3952165663471305
radial_distance_q90,Unadjusted,690,0.00881758340409533
radial_distance_q90,Unadjusted,691,0.005987531974710691
radial_distance_q90,Unadjusted,692,0.8622885658472796
radial_distance_q90,Unadjusted,693,0.4141181580291686
radial_distance_q90,Unadjusted,694,0.14827518826268715
radial_distance_q90,Unadjusted,695,0.2958064171382375
radial_distance_q90,Unadjusted,696,3.0843028664954772
radial_distance_q90,Unadjusted,697,6.251775474526255
radial_distance_q90,Unadjusted,698,3.3624680087511933
radial_distance_q90,Unadjusted,699,0.12937792189347874
radial_distance_q90,Unadjusted,700,0.42720818242855785
radial_distance_q90,Unadjusted,701,1.136174092352121
radial_distance_q90,Unadjusted,702,1.4163301150480834
radial_distance_q90,Unadjusted,703,0.10801495346191814
radial_distance_q90,Unadjusted,704,0.01141356859403686
radial_distance_q90,Unadjusted,705,2.2276597197778756
radial_distance_q90,Unadjusted,706,3.2975049258689637
radial_distance_q90,Unadjusted,707,0.01225008547538664
radial_distance_q90,Unadjusted,708,4.447785051891685
radial_distance_q90,Unadjusted,709,1.9595926009258164
radial_distance_q90,Unadjusted,710,0.42769574587032366
radial_distance_q90,Unadjusted,711,0.8844653030646441
radial_distance_q90,Unadjusted,712,0.33580199432179825
radial_distance_q90,Unadjusted,713,0.5651150058768053
radial_distance_q90,Unadjusted,714,0.18573493850078648
radial_distance_q90,Unadjusted,715,0.6335189473828109
radial_distance_q90,Unadjusted,716,0.013952135842885127
radial_distance_q90,Unadjusted,717,2.5238128176613657
radial_distance_q90,Unadjusted,718,0.6919531856776189
radial_distance_q90,Unadjusted,719,0.1884624457285895
radial_distance_q90,Unadjusted,720,1.0032227165107201
radial_distance_q90,Unadjusted,721,6.1645354059701845
radial_distance_q90,Unadjusted,722,0.02835968403149991
radial_distance_q90,Unadjusted,723,3.0823502674652445
radial_distance_q90,Unadjusted,724,0.11329048333465153
radial_distance_q90,Unadjusted,725,0.29399149114868806
radial_distance_q90,Unadjusted,726,0.4461873256673812
radial_distance_q90,Unadjusted,727,0.058192782266019094
radial_distance_q90,Unadjusted,728,0.13406155566843836
radial_distance_q90,Unadjusted,729,1.7554453051686778
radial_distance_q90,Unadjusted,730,2.0434654331277784
radial_distance_q90,Unadjusted,731,0.5287856633586898
radial_distance_q90,Unadjusted,732,0.43477272217864993
radial_distance_q90,Unadjusted,733,0.3541464365019351
radial_distance_q90,Unadjusted,734,0.02662287228866944
radial_distance_q90,Unadjusted,735,0.3100230468497216
radial_distance_q90,Unadjusted,736,7.708747097012747e-05
radial_distance_q90,Unadjusted,737,0.04385836243744734
radial_distance_q90,Unadjusted,738,0.06974451834298634
radial_distance_q90,Unadjusted,739,0.023839715353631163
radial_distance_q90,Unadjusted,740,0.009366995537902767
radial_distance_q90,Unadjusted,741,0.013060425917103657
radial_distance_q90,Unadjusted,742,0.4789776675248163
radial_distance_q90,Unadjusted,743,0.0007632595156223942
radial_distance_q90,Unadjusted,744,4.784360932150776
radial_distance_q90,Unadjusted,745,0.006664799138206945
radial_distance_q90,Unadjusted,746,1.4150050645798729
radial_distance_q90,Unadjusted,747,0.04762398036348259
radial_distance_q90,Unadjusted,748,0.026964283219683693
radial_distance_q90,Unadjusted,749,3.076515096843309
radial_distance_q90,Unadjusted,750,0.0996348733486343
radial_distance_q90,Unadjusted,751,1.9752330459309633
radial_distance_q90,Unadjusted,752,3.0524961454335653
radial_distance_q90,Unadjusted,753,0.009799472994700409
radial_distance_q90,Unadjusted,754,0.009835028013128522
radial_distance_q90,Unadjusted,755,0.07747896905726748
radial_distance_q90,Unadjusted,756,0.3399330822292086
radial_distance_q90,Unadjusted,757,0.0005942496022726118
radial_distance_q90,Unadjusted,758,1.7961002800912524
radial_distance_q90,Unadjusted,759,6.669275321189332
radial_distance_q90,Unadjusted,760,0.0018939225278700178
radial_distance_q90,Unadjusted,761,2.4862343534990146
radial_distance_q90,Unadjusted,762,0.34519744427518617
radial_distance_q90,Unadjusted,763,2.007530856234723
radial_distance_q90,Unadjusted,764,3.035089740082185
radial_distance_q90,Unadjusted,765,0.0010160133873569066
radial_distance_q90,Unadjusted,766,0.37612478068291466
radial_distance_q90,Unadjusted,767,1.09924397698029
radial_distance_q90,Unadjusted,768,0.06903952635235555
radial_distance_q90,Unadjusted,769,1.9049098155687147
radial_distance_q90,Unadjusted,770,0.3704404894144204
radial_distance_q90,Unadjusted,771,1.6121986864354199
radial_distance_q90,Unadjusted,772,0.13547843537253357
radial_distance_q90,Unadjusted,773,0.07259909894440852
radial_distance_q90,Unadjusted,774,0.0501759749682833
radial_distance_q90,Unadjusted,775,0.2235600822256174
radial_distance_q90,Unadjusted,776,2.099633626241541
radial_distance_q90,Unadjusted,777,0.3606344798111536
radial_distance_q90,Unadjusted,778,0.4691983679252303
radial_distance_q90,Unadjusted,779,0.2749037457362533
radial_distance_q90,Unadjusted,780,0.0827025829699437
radial_distance_q90,Unadjusted,781,0.15716390927309476
radial_distance_q90,Unadjusted,782,4.002880229115505
radial_distance_q90,Unadjusted,783,0.21039111921982112
radial_distance_q90,Unadjusted,784,0.3427245365012368
radial_distance_q90,Unadjusted,785,0.5522614530133865
radial_distance_q90,Unadjusted,786,0.01848238637055033
radial_distance_q90,Unadjusted,787,0.1738592313801064
radial_distance_q90,Unadjusted,788,0.08130108624760624
radial_distance_q90,Unadjusted,789,0.401445121965196
radial_distance_q90,Unadjusted,790,0.12774169495446586
radial_distance_q90,Unadjusted,791,0.32203729168008977
radial_distance_q90,Unadjusted,792,0.13324086392464096
radial_distance_q90,Unadjusted,793,1.3979990074242892
radial_distance_q90,Unadjusted,794,2.2908278205334796
radial_distance_q90,Unadjusted,795,0.08206581860605411
radial_distance_q90,Unadjusted,796,0.0010203603894751723
radial_distance_q90,Unadjusted,797,0.3377712929275276
radial_distance_q90,Unadjusted,798,0.0891596523216549
radial_distance_q90,Unadjusted,799,0.5100229658059448
radial_distance_q90,Unadjusted,800,0.03697831867657442
radial_distance_q90,Unadjusted,801,0.052850204487242536
radial_distance_q90,Unadjusted,802,3.3621371012487202
radial_distance_q90,Unadjusted,803,1.2324492619720218
radial_distance_q90,Unadjusted,804,1.11234909185805
radial_distance_q90,Unadjusted,805,1.1758038945909561
radial_distance_q90,Unadjusted,806,0.01448322444372252
radial_distance_q90,Unadjusted,807,0.35754312789924825
radial_distance_q90,Unadjusted,808,0.00796167675241577
radial_distance_q90,Unadjusted,809,0.03835755895306647
radial_distance_q90,Unadjusted,810,0.4159169966627587
radial_distance_q90,Unadjusted,811,0.24484237439230583
radial_distance_q90,Unadjusted,812,0.20372399136329022
radial_distance_q90,Unadjusted,813,0.08324222029699513
radial_distance_q90,Unadjusted,814,0.795721282335137
radial_distance_q90,Unadjusted,815,0.05004362814918295
radial_distance_q90,Unadjusted,816,0.755074077650363
radial_distance_q90,Unadjusted,817,0.4455653179759338
radial_distance_q90,Unadjusted,818,0.04914939843587263
radial_distance_q90,Unadjusted,819,0.5005241829015858
radial_distance_q90,Unadjusted,820,3.5887479014515975
radial_distance_q90,Unadjusted,821,0.05585341082496598
radial_distance_q90,Unadjusted,822,0.06333700251775554
radial_distance_q90,Unadjusted,823,0.14463171180511836
radial_distance_q90,Unadjusted,824,0.07704932595106584
radial_distance_q90,Unadjusted,825,0.5217309799279519
radial_distance_q90,Unadjusted,826,0.24894817023238147
radial_distance_q90,Unadjusted,827,0.0018555246455775887
radial_distance_q90,Unadjusted,828,0.07986612931250647
radial_distance_q90,Unadjusted,829,0.14973990522867098
radial_distance_q90,Unadjusted,830,1.307142051944993
radial_distance_q90,Unadjusted,831,0.23674302954117366
radial_distance_q90,Unadjusted,832,2.431151995301491
radial_distance_q90,Unadjusted,833,0.3278919187921474
radial_distance_q90,Unadjusted,834,0.14155186791219876
radial_distance_q90,Unadjusted,835,0.03410022703997129
radial_distance_q90,Unadjusted,836,0.11502293980464628
radial_distance_q90,Unadjusted,837,0.002765082022108345
radial_distance_q90,Unadjusted,838,0.25229532193930027
radial_distance_q90,Unadjusted,839,0.009715580320403205
radial_distance_q90,Unadjusted,840,0.09070329000167021
radial_distance_q90,Unadjusted,841,0.7243937354261334
radial_distance_q90,Unadjusted,842,0.19070971563542116
radial_distance_q90,Unadjusted,843,0.13617680383924835
radial_distance_q90,Unadjusted,844,0.12181776210502449
radial_distance_q90,Unadjusted,845,2.0570645899255737
radial_distance_q90,Unadjusted,846,0.264907877084795
radial_distance_q90,Unadjusted,847,3.282233633243351
radial_distance_q90,Unadjusted,848,0.3325355533093557
radial_distance_q90,Unadjusted,849,2.234441203226311
radial_distance_q90,Unadjusted,850,1.6204811986594336
radial_distance_q90,Unadjusted,851,1.815723111504667
radial_distance_q90,Unadjusted,852,0.0038464083118583403
radial_distance_q90,Unadjusted,853,0.0074277122534454065
radial_distance_q90,Unadjusted,854,2.83627259838363
radial_distance_q90,Unadjusted,855,2.4039064994741466
radial_distance_q90,Unadjusted,856,3.5739717774068254
radial_distance_q90,Unadjusted,857,0.008011007011077709
radial_distance_q90,Unadjusted,858,0.00017107818086969928
radial_distance_q90,Unadjusted,859,1.8923654534903562
radial_distance_q90,Unadjusted,860,1.3143369827422475
radial_distance_q90,Unadjusted,861,3.0702389615325956
radial_distance_q90,Unadjusted,862,2.272030726689252
radial_distance_q90,Unadjusted,863,0.1300749713168443
radial_distance_q90,Unadjusted,864,1.2498656501152823
radial_distance_q90,Unadjusted,865,0.3989893933226085
radial_distance_q90,Unadjusted,866,2.88346102931348
radial_distance_q90,Unadjusted,867,0.06690245999976696
radial_distance_q90,Unadjusted,868,1.2176282912516285
radial_distance_q90,Unadjusted,869,0.0002932124507424305
radial_distance_q90,Unadjusted,870,0.027196154470686906
radial_distance_q90,Unadjusted,871,3.6703064367946467
radial_distance_q90,Unadjusted,872,0.05005150444787887
radial_distance_q90,Unadjusted,873,0.14912773178633643
radial_distance_q90,Unadjusted,874,0.09679022228019107
radial_distance_q90,Unadjusted,875,1.9290154494693752
radial_distance_q90,Unadjusted,876,0.17193807599386446
radial_distance_q90,Unadjusted,877,0.13952618570476716
radial_distance_q90,Unadjusted,878,0.11171656834790156
radial_distance_q90,Unadjusted,879,1.540957543134141
radial_distance_q90,Unadjusted,880,0.030426844159592292
radial_distance_q90,Unadjusted,881,5.797687344365897
radial_distance_q90,Unadjusted,882,0.25849961858372694
radial_distance_q90,Unadjusted,883,0.14332246531131432
radial_distance_q90,Unadjusted,884,0.4843762933016933
radial_distance_q90,Unadjusted,885,0.0002051988041102959
radial_distance_q90,Unadjusted,886,0.9994020812245594
radial_distance_q90,Unadjusted,887,0.28778130242255884
radial_distance_q90,Unadjusted,888,2.6223759216521216
radial_distance_q90,Unadjusted,889,0.6668488006279176
radial_distance_q90,Unadjusted,890,1.686090223372787
radial_distance_q90,Unadjusted,891,0.30002844756677405
radial_distance_q90,Unadjusted,892,2.0212206447301924
radial_distance_q90,Unadjusted,893,0.05357725273120195
radial_distance_q90,Unadjusted,894,0.11989823306475955
radial_distance_q90,Unadjusted,895,0.797191315337443
radial_distance_q90,Unadjusted,896,0.1164058330986677
radial_distance_q90,Unadjusted,897,0.43874952232073383
radial_distance_q90,Unadjusted,898,0.016073382005913572
radial_distance_q90,Unadjusted,899,0.052784063824447
radial_distance_q90,Unadjusted,900,0.232060478491519
radial_distance_q90,Unadjusted,901,2.4649759673859535
radial_distance_q90,Unadjusted,902,0.06559865016350841
radial_distance_q90,Unadjusted,903,0.10006669248997468
radial_distance_q90,Unadjusted,904,0.020525738144328898
radial_distance_q90,Unadjusted,905,1.3977042383165212
radial_distance_q90,Unadjusted,906,0.4732623603717343
radial_distance_q90,Unadjusted,907,0.587373557308922
radial_distance_q90,Unadjusted,908,0.7332136021035467
radial_distance_q90,Unadjusted,909,0.03867942488108156
radial_distance_q90,Unadjusted,910,0.2155374289576173
radial_distance_q90,Unadjusted,911,0.2542001989762639
radial_distance_q90,Unadjusted,912,0.01410017957960008
radial_distance_q90,Unadjusted,913,6.111607218010818
radial_distance_q90,Unadjusted,914,0.20850344929368703
radial_distance_q90,Unadjusted,915,4.575848867807508
radial_distance_q90,Unadjusted,916,0.2624329740227722
radial_distance_q90,Unadjusted,917,0.7239214862410677
radial_distance_q90,Unadjusted,918,0.6278728539567737
radial_distance_q90,Unadjusted,919,0.005510346741743888
radial_distance_q90,Unadjusted,920,1.4120810111537878
radial_distance_q90,Unadjusted,921,0.0920514298929902
radial_distance_q90,Unadjusted,922,0.051968639282222284
radial_distance_q90,Unadjusted,923,0.0022316059259424037
radial_distance_q90,Unadjusted,924,1.282633708704111
radial_distance_q90,Unadjusted,925,2.1872029318357136
radial_distance_q90,Unadjusted,926,0.147922590956739
radial_distance_q90,Unadjusted,927,0.07160314634774068
radial_distance_q90,Unadjusted,928,0.5506315533585848
radial_distance_q90,Unadjusted,929,0.21607605397582574
radial_distance_q90,Unadjusted,930,0.6512738660297259
radial_distance_q90,Unadjusted,931,1.2189752041115298
radial_distance_q90,Unadjusted,932,0.09222741794354761
radial_distance_q90,Unadjusted,933,0.157470312723774
radial_distance_q90,Unadjusted,934,3.076163239782943
radial_distance_q90,Unadjusted,935,3.3061478100820523
radial_distance_q90,Unadjusted,936,1.1212092529324025
radial_distance_q90,Unadjusted,937,0.9276174864401696
radial_distance_q90,Unadjusted,938,0.6724713182001096
radial_distance_q90,Unadjusted,939,1.3332599216781205
radial_distance_q90,Unadjusted,940,0.14084781257821533
radial_distance_q90,Unadjusted,941,0.078226678453575
radial_distance_q90,Unadjusted,942,0.13222653838823817
radial_distance_q90,Unadjusted,943,2.198961319091211
radial_distance_q90,Unadjusted,944,0.34459727165895515
radial_distance_q90,Unadjusted,945,0.25873523361042317
radial_distance_q90,Unadjusted,946,0.4721960267550003
radial_distance_q90,Unadjusted,947,1.3330808336358473
radial_distance_q90,Unadjusted,948,0.3312991757358077
radial_distance_q90,Unadjusted,949,3.031692143552789
radial_distance_q90,Unadjusted,950,0.20112219074667337
radial_distance_q90,Unadjusted,951,1.0668197399083965
radial_distance_q90,Unadjusted,952,1.9370538099700525
radial_distance_q90,Unadjusted,953,1.0395157273196673
radial_distance_q90,Unadjusted,954,0.23235464936988137
radial_distance_q90,Unadjusted,955,0.9881736040990177
radial_distance_q90,Unadjusted,956,2.7157379590703954
radial_distance_q90,Unadjusted,957,0.0010217187502234992
radial_distance_q90,Unadjusted,958,2.467831413170188
radial_distance_q90,Unadjusted,959,2.3382105345602895
radial_distance_q90,Unadjusted,960,0.09868561590985792
radial_distance_q90,Unadjusted,961,0.1803283328566181
radial_distance_q90,Unadjusted,962,0.4780361837915166
radial_distance_q90,Unadjusted,963,4.070090822228622
radial_distance_q90,Unadjusted,964,1.9577665915418834
radial_distance_q90,Unadjusted,965,1.0784279347950019
radial_distance_q90,Unadjusted,966,3.5764179769390694
radial_distance_q90,Unadjusted,967,0.4147059327196416
radial_distance_q90,Unadjusted,968,1.3505148456868596
radial_distance_q90,Unadjusted,969,2.7718813220880065
radial_distance_q90,Unadjusted,970,0.18413824640987286
radial_distance_q90,Unadjusted,971,4.534736038797689
radial_distance_q90,Unadjusted,972,0.04961852517163834
radial_distance_q90,Unadjusted,973,0.5118077130277356
radial_distance_q90,Unadjusted,974,0.31755439904031846
radial_distance_q90,Unadjusted,975,0.2804019756030698
radial_distance_q90,Unadjusted,976,1.3668697346423642
radial_distance_q90,Unadjusted,977,0.20104330336926068
radial_distance_q90,Unadjusted,978,1.0672521633637757
radial_distance_q90,Unadjusted,979,1.9126415609735545
radial_distance_q90,Unadjusted,980,0.08747726796934785
radial_distance_q90,Unadjusted,981,3.3920481577370083
radial_distance_q90,Unadjusted,982,0.9719119880460312
radial_distance_q90,Unadjusted,983,0.23661610024203128
radial_distance_q90,Unadjusted,984,3.2744543781855953
radial_distance_q90,Unadjusted,985,0.7976969681135415
radial_distance_q90,Unadjusted,986,1.7801762546354212
radial_distance_q90,Unadjusted,987,0.23424830360573878
radial_distance_q90,Unadjusted,988,1.6050336540717467
radial_distance_q90,Unadjusted,989,2.2167395360031037
radial_distance_q90,Unadjusted,990,1.1607952104705532
radial_distance_q90,Unadjusted,991,0.29376186630418033
radial_distance_q90,Unadjusted,992,1.2763843219065052
radial_distance_q90,Unadjusted,993,0.014113205055480194
radial_distance_q90,Unadjusted,994,1.4553276739411274
radial_distance_q90,Unadjusted,995,0.01010088979325019
radial_distance_q90,Unadjusted,996,0.6220384487295405
radial_distance_q90,Unadjusted,997,0.05130570456884698
radial_distance_q90,Unadjusted,998,1.503894792097526
radial_distance_q90,Count-adjusted,0,2.2006510103967685
radial_distance_q90,Count-adjusted,1,8.721494519982173
radial_distance_q90,Count-adjusted,2,0.09277105569526611
radial_distance_q90,Count-adjusted,3,1.1484895177599128
radial_distance_q90,Count-adjusted,4,0.18364662633001672
radial_distance_q90,Count-adjusted,5,0.007331949976816077
radial_distance_q90,Count-adjusted,6,0.6674935028991626
radial_distance_q90,Count-adjusted,7,0.2156112324628907
radial_distance_q90,Count-adjusted,8,4.269877383290009
radial_distance_q90,Count-adjusted,9,0.4533840772153326
radial_distance_q90,Count-adjusted,10,1.1366135977846739
radial_distance_q90,Count-adjusted,11,0.7089019898958782
radial_distance_q90,Count-adjusted,12,0.14079039008737482
radial_distance_q90,Count-adjusted,13,0.48887306858745205
radial_distance_q90,Count-adjusted,14,0.010076225797320149
radial_distance_q90,Count-adjusted,15,2.286752246244191
radial_distance_q90,Count-adjusted,16,0.015433281365119456
radial_distance_q90,Count-adjusted,17,0.1942523124263289
radial_distance_q90,Count-adjusted,18,0.4338758918095209
radial_distance_q90,Count-adjusted,19,0.04720653674348796
radial_distance_q90,Count-adjusted,20,2.028054808388333
radial_distance_q90,Count-adjusted,21,0.022276448670709215
radial_distance_q90,Count-adjusted,22,0.0007331101358545311
radial_distance_q90,Count-adjusted,23,5.4712337009439125
radial_distance_q90,Count-adjusted,24,0.7384945290511382
radial_distance_q90,Count-adjusted,25,0.1706218579008123
radial_distance_q90,Count-adjusted,26,2.430077882812185
radial_distance_q90,Count-adjusted,27,2.862859435936798
radial_distance_q90,Count-adjusted,28,0.30304492882396517
radial_distance_q90,Count-adjusted,29,0.44467549658327243
radial_distance_q90,Count-adjusted,30,1.673991478960346
radial_distance_q90,Count-adjusted,31,5.508865488714207
radial_distance_q90,Count-adjusted,32,0.949491280811003
radial_distance_q90,Count-adjusted,33,0.8006990645055794
radial_distance_q90,Count-adjusted,34,0.8346191113246846
radial_distance_q90,Count-adjusted,35,0.014960909298224578
radial_distance_q90,Count-adjusted,36,2.1084378585923673
radial_distance_q90,Count-adjusted,37,2.2317971556515204
radial_distance_q90,Count-adjusted,38,0.12983755407964281
radial_distance_q90,Count-adjusted,39,0.010144518342144693
radial_distance_q90,Count-adjusted,40,1.7345894811099924
radial_distance_q90,Count-adjusted,41,0.7859314614036634
radial_distance_q90,Count-adjusted,42,4.148370450511891
radial_distance_q90,Count-adjusted,43,1.2968841012388168
radial_distance_q90,Count-adjusted,44,0.14045003984648474
radial_distance_q90,Count-adjusted,45,5.373557759856112
radial_distance_q90,Count-adjusted,46,0.056380582434655935
radial_distance_q90,Count-adjusted,47,0.058211911091973434
radial_distance_q90,Count-adjusted,48,0.16857709259375042
radial_distance_q90,Count-adjusted,49,0.4973353309124491
radial_distance_q90,Count-adjusted,50,0.07905956921987922
radial_distance_q90,Count-adjusted,51,7.506493307118944e-05
radial_distance_q90,Count-adjusted,52,0.2383857757861847
radial_distance_q90,Count-adjusted,53,0.11671406703129605
radial_distance_q90,Count-adjusted,54,0.15718725532599365
radial_distance_q90,Count-adjusted,55,1.1820849585009228
radial_distance_q90,Count-adjusted,56,0.8147587782479491
radial_distance_q90,Count-adjusted,57,1.2922058888342463
radial_distance_q90,Count-adjusted,58,1.1890558897503638
radial_distance_q90,Count-adjusted,59,0.07216502453189833
radial_distance_q90,Count-adjusted,60,0.43664922204226286
radial_distance_q90,Count-adjusted,61,0.18754973157714971
radial_distance_q90,Count-adjusted,62,3.976038663319059
radial_distance_q90,Count-adjusted,63,0.6496790010972688
radial_distance_q90,Count-adjusted,64,0.4860381057176255
radial_distance_q90,Count-adjusted,65,8.80518888379811e-05
radial_distance_q90,Count-adjusted,66,0.010814143703782975
radial_distance_q90,Count-adjusted,67,0.048253875920096334
radial_distance_q90,Count-adjusted,68,1.946469233652465
radial_distance_q90,Count-adjusted,69,1.399247342286742
radial_distance_q90,Count-adjusted,70,0.4708421373372573
radial_distance_q90,Count-adjusted,71,3.5605927666109665
radial_distance_q90,Count-adjusted,72,0.08433844667132462
radial_distance_q90,Count-adjusted,73,0.06377125103722392
radial_distance_q90,Count-adjusted,74,0.5426499367356428
radial_distance_q90,Count-adjusted,75,0.057313171387932016
radial_distance_q90,Count-adjusted,76,0.028229920971512
radial_distance_q90,Count-adjusted,77,0.7214757136633239
radial_distance_q90,Count-adjusted,78,0.6539414523685423
radial_distance_q90,Count-adjusted,79,0.746054264074985
radial_distance_q90,Count-adjusted,80,0.7965411449237081
radial_distance_q90,Count-adjusted,81,0.18119460170140655
radial_distance_q90,Count-adjusted,82,0.0018464605911958643
radial_distance_q90,Count-adjusted,83,0.01417702243722374
radial_distance_q90,Count-adjusted,84,0.8211730497774283
radial_distance_q90,Count-adjusted,85,0.022315339747052576
radial_distance_q90,Count-adjusted,86,13.456599324664666
radial_distance_q90,Count-adjusted,87,1.5277986024396455
radial_distance_q90,Count-adjusted,88,0.2348262799165468
radial_distance_q90,Count-adjusted,89,0.5791553044567763
radial_distance_q90,Count-adjusted,90,0.34323765383840055
radial_distance_q90,Count-adjusted,91,0.5174109910057609
radial_distance_q90,Count-adjusted,92,0.7610321452442008
radial_distance_q90,Count-adjusted,93,0.3261314292727775
radial_distance_q90,Count-adjusted,94,0.0531266033356701
radial_distance_q90,Count-adjusted,95,0.6146541927418525
radial_distance_q90,Count-adjusted,96,2.171419951080452
radial_distance_q90,Count-adjusted,97,5.314779539910262
radial_distance_q90,Count-adjusted,98,0.5772891481058195
radial_distance_q90,Count-adjusted,99,0.16012940899281602
radial_distance_q90,Count-adjusted,100,0.00083529553455719
radial_distance_q90,Count-adjusted,101,1.6359141919002127
radial_distance_q90,Count-adjusted,102,2.224931820574511
radial_distance_q90,Count-adjusted,103,0.012576867203790698
radial_distance_q90,Count-adjusted,104,1.3914560395260196
radial_distance_q90,Count-adjusted,105,1.8490194823364732
radial_distance_q90,Count-adjusted,106,0.7825271481170262
radial_distance_q90,Count-adjusted,107,0.7493116479323021
radial_distance_q90,Count-adjusted,108,0.0021328861252243314
radial_distance_q90,Count-adjusted,109,0.026336417584730043
radial_distance_q90,Count-adjusted,110,0.6128482900818994
radial_distance_q90,Count-adjusted,111,0.2947598064352519
radial_distance_q90,Count-adjusted,112,1.4766289464355395
radial_distance_q90,Count-adjusted,113,2.586077796343801
radial_distance_q90,Count-adjusted,114,1.4255693353872516
radial_distance_q90,Count-adjusted,115,0.10613172307580498
radial_distance_q90,Count-adjusted,116,0.03412424705538797
radial_distance_q90,Count-adjusted,117,0.10675008195357805
radial_distance_q90,Count-adjusted,118,0.0003878436334048274
radial_distance_q90,Count-adjusted,119,1.6006935995720255
radial_distance_q90,Count-adjusted,120,0.643783606222371
radial_distance_q90,Count-adjusted,121,0.9461059282477322
radial_distance_q90,Count-adjusted,122,0.9269747743403514
radial_distance_q90,Count-adjusted,123,0.1409418007890224
radial_distance_q90,Count-adjusted,124,1.1524028963094679e-05
radial_distance_q90,Count-adjusted,125,0.024677809367290138
radial_distance_q90,Count-adjusted,126,4.149953002336019
radial_distance_q90,Count-adjusted,127,1.0995217541516809
radial_distance_q90,Count-adjusted,128,7.680118272843117
radial_distance_q90,Count-adjusted,129,0.046921907878186175
radial_distance_q90,Count-adjusted,130,1.6241630903860482
radial_distance_q90,Count-adjusted,131,1.5317673895373787
radial_distance_q90,Count-adjusted,132,3.999301943188982
radial_distance_q90,Count-adjusted,133,0.7204845235758057
radial_distance_q90,Count-adjusted,134,0.026974332163888448
radial_distance_q90,Count-adjusted,135,1.4890918836368883
radial_distance_q90,Count-adjusted,136,2.1204633369724206
radial_distance_q90,Count-adjusted,137,0.06649929081379469
radial_distance_q90,Count-adjusted,138,1.5538426396540785
radial_distance_q90,Count-adjusted,139,0.14403783446908847
radial_distance_q90,Count-adjusted,140,0.28873992783411495
radial_distance_q90,Count-adjusted,141,1.0691546880444207
radial_distance_q90,Count-adjusted,142,0.3471987768435838
radial_distance_q90,Count-adjusted,143,3.0228941530871793
radial_distance_q90,Count-adjusted,144,0.11613870129261272
radial_distance_q90,Count-adjusted,145,0.8086072388674665
radial_distance_q90,Count-adjusted,146,2.8054667527580364
radial_distance_q90,Count-adjusted,147,0.014496188314751635
radial_distance_q90,Count-adjusted,148,0.21909698652120824
radial_distance_q90,Count-adjusted,149,3.3490354554757573
radial_distance_q90,Count-adjusted,150,1.9632070694965478
radial_distance_q90,Count-adjusted,151,0.008358970124220377
radial_distance_q90,Count-adjusted,152,0.42054047690925245
radial_distance_q90,Count-adjusted,153,0.5531210064202696
radial_distance_q90,Count-adjusted,154,0.0654202590717432
radial_distance_q90,Count-adjusted,155,0.08095655631001364
radial_distance_q90,Count-adjusted,156,0.00010766081749125078
radial_distance_q90,Count-adjusted,157,1.4204693137199342
radial_distance_q90,Count-adjusted,158,2.0345778285284553
radial_distance_q90,Count-adjusted,159,0.9577401607078855
radial_distance_q90,Count-adjusted,160,0.41185324424697
radial_distance_q90,Count-adjusted,161,0.016212969593937032
radial_distance_q90,Count-adjusted,162,1.1502468264028494
radial_distance_q90,Count-adjusted,163,0.01243891814925746
radial_distance_q90,Count-adjusted,164,4.721202483586268
radial_distance_q90,Count-adjusted,165,2.349340269639015
radial_distance_q90,Count-adjusted,166,0.011065712557581264
radial_distance_q90,Count-adjusted,167,0.0004080088246496416
radial_distance_q90,Count-adjusted,168,0.09837895949544873
radial_distance_q90,Count-adjusted,169,1.0932292837219961
radial_distance_q90,Count-adjusted,170,0.1499555938089827
radial_distance_q90,Count-adjusted,171,1.5704310663729188
radial_distance_q90,Count-adjusted,172,0.0030478963311679763
radial_distance_q90,Count-adjusted,173,3.238156874532933
radial_distance_q90,Count-adjusted,174,1.321204359115029
radial_distance_q90,Count-adjusted,175,0.026088264730901756
radial_distance_q90,Count-adjusted,176,1.080087869517854
radial_distance_q90,Count-adjusted,177,0.011018529904390562
radial_distance_q90,Count-adjusted,178,0.869744535384541
radial_distance_q90,Count-adjusted,179,4.489170248689334e-05
radial_distance_q90,Count-adjusted,180,0.12566655214322964
radial_distance_q90,Count-adjusted,181,0.23220328899100195
radial_distance_q90,Count-adjusted,182,1.6103172581479157
radial_distance_q90,Count-adjusted,183,0.05473819096698662
radial_distance_q90,Count-adjusted,184,5.371720703806204e-07
radial_distance_q90,Count-adjusted,185,1.7091468032375587
radial_distance_q90,Count-adjusted,186,0.0031173041881800145
radial_distance_q90,Count-adjusted,187,3.550621442763429
radial_distance_q90,Count-adjusted,188,0.28887510022445895
radial_distance_q90,Count-adjusted,189,0.8123353259064743
radial_distance_q90,Count-adjusted,190,0.2440225885569589
radial_distance_q90,Count-adjusted,191,0.09805826575188803
radial_distance_q90,Count-adjusted,192,0.1761995833840615
radial_distance_q90,Count-adjusted,193,1.1704563140317532
radial_distance_q90,Count-adjusted,194,0.6964612528998089
radial_distance_q90,Count-adjusted,195,0.8122410404403695
radial_distance_q90,Count-adjusted,196,0.28389334061714067
radial_distance_q90,Count-adjusted,197,0.8367743035744297
radial_distance_q90,Count-adjusted,198,1.115190254312779
radial_distance_q90,Count-adjusted,199,0.06520668323798873
radial_distance_q90,Count-adjusted,200,1.4541025576971833
radial_distance_q90,Count-adjusted,201,0.37983712711024964
radial_distance_q90,Count-adjusted,202,0.9537804285681659
radial_distance_q90,Count-adjusted,203,2.2340027836524996
radial_distance_q90,Count-adjusted,204,0.18298819973568925
radial_distance_q90,Count-adjusted,205,1.2096994322679393
radial_distance_q90,Count-adjusted,206,0.4324841493139502
radial_distance_q90,Count-adjusted,207,0.0037743033597053
radial_distance_q90,Count-adjusted,208,2.130897166648822
radial_distance_q90,Count-adjusted,209,0.02082274040668608
radial_distance_q90,Count-adjusted,210,0.4980348528363834
radial_distance_q90,Count-adjusted,211,0.8616025064598034
radial_distance_q90,Count-adjusted,212,0.37560249626051245
radial_distance_q90,Count-adjusted,213,0.48826466535570034
radial_distance_q90,Count-adjusted,214,0.4429222113441824
radial_distance_q90,Count-adjusted,215,0.48590286615774403
radial_distance_q90,Count-adjusted,216,1.0326686148313797
radial_distance_q90,Count-adjusted,217,0.2999079229279573
radial_distance_q90,Count-adjusted,218,3.9449105994492584
radial_distance_q90,Count-adjusted,219,0.31311893410466496
radial_distance_q90,Count-adjusted,220,0.28594934056940247
radial_distance_q90,Count-adjusted,221,0.61539230640102
radial_distance_q90,Count-adjusted,222,0.2856875308417557
radial_distance_q90,Count-adjusted,223,3.8115408628189016
radial_distance_q90,Count-adjusted,224,0.3739801345909086
radial_distance_q90,Count-adjusted,225,0.01999591321805383
radial_distance_q90,Count-adjusted,226,0.5117208965556301
radial_distance_q90,Count-adjusted,227,0.0031426244484009658
radial_distance_q90,Count-adjusted,228,1.5922415272755757
radial_distance_q90,Count-adjusted,229,1.6405324601328175
radial_distance_q90,Count-adjusted,230,1.3918759364173354
radial_distance_q90,Count-adjusted,231,1.53090414034358
radial_distance_q90,Count-adjusted,232,5.268586864938868
radial_distance_q90,Count-adjusted,233,3.061120945081427
radial_distance_q90,Count-adjusted,234,0.7584434856852909
radial_distance_q90,Count-adjusted,235,0.019018164248393532
radial_distance_q90,Count-adjusted,236,0.16476002324543515
radial_distance_q90,Count-adjusted,237,0.26354388580818977
radial_distance_q90,Count-adjusted,238,0.09267576628610641
radial_distance_q90,Count-adjusted,239,0.538456279680986
radial_distance_q90,Count-adjusted,240,0.005678753893391786
radial_distance_q90,Count-adjusted,241,0.38706065471569673
radial_distance_q90,Count-adjusted,242,0.6355749521197822
radial_distance_q90,Count-adjusted,243,3.6122788264917745
radial_distance_q90,Count-adjusted,244,0.5171011034909156
radial_distance_q90,Count-adjusted,245,0.7333747441020932
radial_distance_q90,Count-adjusted,246,1.4005142631924627
radial_distance_q90,Count-adjusted,247,0.07751481935042648
radial_distance_q90,Count-adjusted,248,11.096052776810154
radial_distance_q90,Count-adjusted,249,0.14898431773076481
radial_distance_q90,Count-adjusted,250,0.26018779114696144
radial_distance_q90,Count-adjusted,251,0.46846146371106556
radial_distance_q90,Count-adjusted,252,4.58773548350581
radial_distance_q90,Count-adjusted,253,0.8164047979237807
radial_distance_q90,Count-adjusted,254,0.08839282331109644
radial_distance_q90,Count-adjusted,255,0.4527973668195955
radial_distance_q90,Count-adjusted,256,0.43271290984228017
radial_distance_q90,Count-adjusted,257,1.8417679284605981
radial_distance_q90,Count-adjusted,258,1.970078055082979
radial_distance_q90,Count-adjusted,259,0.003368028229317588
radial_distance_q90,Count-adjusted,260,3.6521914235148074
radial_distance_q90,Count-adjusted,261,0.012989795930678838
radial_distance_q90,Count-adjusted,262,2.3286046906604554
radial_distance_q90,Count-adjusted,263,0.3525883586929126
radial_distance_q90,Count-adjusted,264,3.2179961059771074
radial_distance_q90,Count-adjusted,265,0.10004517475852026
radial_distance_q90,Count-adjusted,266,0.8429228254601355
radial_distance_q90,Count-adjusted,267,0.7782025786510758
radial_distance_q90,Count-adjusted,268,0.2743545900310096
radial_distance_q90,Count-adjusted,269,0.4550631223050914
radial_distance_q90,Count-adjusted,270,0.2717748912167508
radial_distance_q90,Count-adjusted,271,0.00945074855889061
radial_distance_q90,Count-adjusted,272,0.024926774450534595
radial_distance_q90,Count-adjusted,273,0.3242017960132557
radial_distance_q90,Count-adjusted,274,0.0648131843848887
radial_distance_q90,Count-adjusted,275,0.02825438845758299
radial_distance_q90,Count-adjusted,276,0.007715802805705607
radial_distance_q90,Count-adjusted,277,1.2701498339513364
radial_distance_q90,Count-adjusted,278,2.2877042004955115
radial_distance_q90,Count-adjusted,279,0.02777558673719227
radial_distance_q90,Count-adjusted,280,0.04821249683635642
radial_distance_q90,Count-adjusted,281,0.4076945677338699
radial_distance_q90,Count-adjusted,282,1.1030434216285698
radial_distance_q90,Count-adjusted,283,1.5904114197324475
radial_distance_q90,Count-adjusted,284,0.20224732509035448
radial_distance_q90,Count-adjusted,285,0.23539318203654602
radial_distance_q90,Count-adjusted,286,1.0877266215314876
radial_distance_q90,Count-adjusted,287,6.7101898026322715
radial_distance_q90,Count-adjusted,288,3.9439300103135793
radial_distance_q90,Count-adjusted,289,0.00027312099643950205
radial_distance_q90,Count-adjusted,290,0.1804826082591262
radial_distance_q90,Count-adjusted,291,0.2645487498708121
radial_distance_q90,Count-adjusted,292,0.35921962586036216
radial_distance_q90,Count-adjusted,293,1.4643407473022592
radial_distance_q90,Count-adjusted,294,1.2589841860436763
radial_distance_q90,Count-adjusted,295,0.018932227687258774
radial_distance_q90,Count-adjusted,296,0.34940978481631646
radial_distance_q90,Count-adjusted,297,0.021969584446708268
radial_distance_q90,Count-adjusted,298,0.8493383936115038
radial_distance_q90,Count-adjusted,299,0.03413311060501201
radial_distance_q90,Count-adjusted,300,0.011240693555123471
radial_distance_q90,Count-adjusted,301,0.5938506827136507
radial_distance_q90,Count-adjusted,302,0.275715168839497
radial_distance_q90,Count-adjusted,303,0.810349666972229
radial_distance_q90,Count-adjusted,304,0.3709862776810269
radial_distance_q90,Count-adjusted,305,0.5631313067295878
radial_distance_q90,Count-adjusted,306,0.16992747002882425
radial_distance_q90,Count-adjusted,307,0.00969628313356452
radial_distance_q90,Count-adjusted,308,2.1615609227296773
radial_distance_q90,Count-adjusted,309,0.14122982215639013
radial_distance_q90,Count-adjusted,310,0.8457755916755332
radial_distance_q90,Count-adjusted,311,1.0975941129691762
radial_distance_q90,Count-adjusted,312,0.873765546979314
radial_distance_q90,Count-adjusted,313,0.12906920103546327
radial_distance_q90,Count-adjusted,314,1.4648623595164736
radial_distance_q90,Count-adjusted,315,0.20927374854741743
radial_distance_q90,Count-adjusted,316,4.454408031820549
radial_distance_q90,Count-adjusted,317,4.066943176894711e-06
radial_distance_q90,Count-adjusted,318,0.6627220424769575
radial_distance_q90,Count-adjusted,319,6.082304816807465
radial_distance_q90,Count-adjusted,320,0.19016062746581497
radial_distance_q90,Count-adjusted,321,0.5155673338848601
radial_distance_q90,Count-adjusted,322,1.694207977032761
radial_distance_q90,Count-adjusted,323,2.4002430117320728
radial_distance_q90,Count-adjusted,324,0.12683616631466066
radial_distance_q90,Count-adjusted,325,1.7244924717425079
radial_distance_q90,Count-adjusted,326,1.6614054573263388
radial_distance_q90,Count-adjusted,327,1.6075477212700093
radial_distance_q90,Count-adjusted,328,0.20533844920453248
radial_distance_q90,Count-adjusted,329,6.820771998992086
radial_distance_q90,Count-adjusted,330,0.0017405757574806557
radial_distance_q90,Count-adjusted,331,0.10784946754202451
radial_distance_q90,Count-adjusted,332,0.005773359415968571
radial_distance_q90,Count-adjusted,333,0.21893574873146804
radial_distance_q90,Count-adjusted,334,0.6456689442565562
radial_distance_q90,Count-adjusted,335,0.127249505160961
radial_distance_q90,Count-adjusted,336,0.028512287366993405
radial_distance_q90,Count-adjusted,337,5.559089897194582
radial_distance_q90,Count-adjusted,338,0.38719980669952747
radial_distance_q90,Count-adjusted,339,0.7876805863431855
radial_distance_q90,Count-adjusted,340,0.03100478519266403
radial_distance_q90,Count-adjusted,341,1.3125538185084906
radial_distance_q90,Count-adjusted,342,2.2593432032192027
radial_distance_q90,Count-adjusted,343,0.10402441944489738
radial_distance_q90,Count-adjusted,344,0.5302905711575363
radial_distance_q90,Count-adjusted,345,0.679666507585523
radial_distance_q90,Count-adjusted,346,1.4147460029805927
radial_distance_q90,Count-adjusted,347,1.8904075900140924
radial_distance_q90,Count-adjusted,348,0.32201129434241693
radial_distance_q90,Count-adjusted,349,0.1817402982743488
radial_distance_q90,Count-adjusted,350,0.0022587321640230584
radial_distance_q90,Count-adjusted,351,0.31107603094375236
radial_distance_q90,Count-adjusted,352,0.6158377133714907
radial_distance_q90,Count-adjusted,353,0.01655996247160374
radial_distance_q90,Count-adjusted,354,0.9975163819993895
radial_distance_q90,Count-adjusted,355,0.0017195606578752631
radial_distance_q90,Count-adjusted,356,0.3882133656573501
radial_distance_q90,Count-adjusted,357,0.30948841206168254
radial_distance_q90,Count-adjusted,358,0.17705248226269532
radial_distance_q90,Count-adjusted,359,0.6876864980367827
radial_distance_q90,Count-adjusted,360,0.46019483265487793
radial_distance_q90,Count-adjusted,361,0.589455248684942
radial_distance_q90,Count-adjusted,362,0.04608168896004372
radial_distance_q90,Count-adjusted,363,0.1639302121737387
radial_distance_q90,Count-adjusted,364,0.3734055496225892
radial_distance_q90,Count-adjusted,365,0.9172785750312187
radial_distance_q90,Count-adjusted,366,0.009079896228683992
radial_distance_q90,Count-adjusted,367,3.452652910621964
radial_distance_q90,Count-adjusted,368,0.31506561330681393
radial_distance_q90,Count-adjusted,369,0.08573877854684042
radial_distance_q90,Count-adjusted,370,0.009237317118106603
radial_distance_q90,Count-adjusted,371,0.4288276200047392
radial_distance_q90,Count-adjusted,372,3.3252689676236287
radial_distance_q90,Count-adjusted,373,0.009241443321144516
radial_distance_q90,Count-adjusted,374,0.765234393731788
radial_distance_q90,Count-adjusted,375,3.644589136507534
radial_distance_q90,Count-adjusted,376,0.01618910950872987
radial_distance_q90,Count-adjusted,377,3.4790347736956164
radial_distance_q90,Count-adjusted,378,1.376303134514444
radial_distance_q90,Count-adjusted,379,1.028563928737185
radial_distance_q90,Count-adjusted,380,0.7850128885179402
radial_distance_q90,Count-adjusted,381,0.4234666637350415
radial_distance_q90,Count-adjusted,382,0.691259061723315
radial_distance_q90,Count-adjusted,383,1.6229429300396134
radial_distance_q90,Count-adjusted,384,0.07697731448939749
radial_distance_q90,Count-adjusted,385,0.4320147343739791
radial_distance_q90,Count-adjusted,386,0.03290027717474686
radial_distance_q90,Count-adjusted,387,0.5056202903506914
radial_distance_q90,Count-adjusted,388,1.1383542352290874
radial_distance_q90,Count-adjusted,389,0.10626280744412497
radial_distance_q90,Count-adjusted,390,4.642280725296956
radial_distance_q90,Count-adjusted,391,1.2200756718547154
radial_distance_q90,Count-adjusted,392,0.6602535226918462
radial_distance_q90,Count-adjusted,393,0.11171083316975228
radial_distance_q90,Count-adjusted,394,0.2345837887432367
radial_distance_q90,Count-adjusted,395,0.16931272054267765
radial_distance_q90,Count-adjusted,396,0.06269923319894133
radial_distance_q90,Count-adjusted,397,0.0991652700446366
radial_distance_q90,Count-adjusted,398,0.34557199954195994
radial_distance_q90,Count-adjusted,399,1.0388678141936794
radial_distance_q90,Count-adjusted,400,8.219637446080327
radial_distance_q90,Count-adjusted,401,0.03120369503648135
radial_distance_q90,Count-adjusted,402,0.2841823272063948
radial_distance_q90,Count-adjusted,403,0.08066117482849222
radial_distance_q90,Count-adjusted,404,3.5613803347445696
radial_distance_q90,Count-adjusted,405,0.9970240992321919
radial_distance_q90,Count-adjusted,406,0.019610098881969407
radial_distance_q90,Count-adjusted,407,0.7071390034633396
radial_distance_q90,Count-adjusted,408,0.34550219711101704
radial_distance_q90,Count-adjusted,409,0.13754071190174955
radial_distance_q90,Count-adjusted,410,1.003887154825179
radial_distance_q90,Count-adjusted,411,0.0003382342228519519
radial_distance_q90,Count-adjusted,412,0.16833730475559605
radial_distance_q90,Count-adjusted,413,1.5157292496492119
radial_distance_q90,Count-adjusted,414,8.863836436853774
radial_distance_q90,Count-adjusted,415,0.0015900517707905237
radial_distance_q90,Count-adjusted,416,1.4137005136624907
radial_distance_q90,Count-adjusted,417,0.46460740272129897
radial_distance_q90,Count-adjusted,418,3.341237455740412
radial_distance_q90,Count-adjusted,419,0.6371146840125448
radial_distance_q90,Count-adjusted,420,1.9492977098320807
radial_distance_q90,Count-adjusted,421,0.45267808972744206
radial_distance_q90,Count-adjusted,422,0.035134314845606696
radial_distance_q90,Count-adjusted,423,0.003848051141289943
radial_distance_q90,Count-adjusted,424,4.086157344544347
radial_distance_q90,Count-adjusted,425,0.05832723683562335
radial_distance_q90,Count-adjusted,426,0.004105132082145246
radial_distance_q90,Count-adjusted,427,0.41442874653421313
radial_distance_q90,Count-adjusted,428,1.807824559302702
radial_distance_q90,Count-adjusted,429,0.04438203693277387
radial_distance_q90,Count-adjusted,430,0.631874889937535
radial_distance_q90,Count-adjusted,431,1.5776484398380148
radial_distance_q90,Count-adjusted,432,0.13757741063136564
radial_distance_q90,Count-adjusted,433,1.5963213899349284
radial_distance_q90,Count-adjusted,434,6.572935429763618
radial_distance_q90,Count-adjusted,435,1.6187505047771538
radial_distance_q90,Count-adjusted,436,0.01381079986970235
radial_distance_q90,Count-adjusted,437,0.0011726008119694598
radial_distance_q90,Count-adjusted,438,1.7412384983062452
radial_distance_q90,Count-adjusted,439,2.192505111865273
radial_distance_q90,Count-adjusted,440,0.5509598286662367
radial_distance_q90,Count-adjusted,441,1.268451179433555
radial_distance_q90,Count-adjusted,442,1.55108035723228
radial_distance_q90,Count-adjusted,443,0.07859501967794813
radial_distance_q90,Count-adjusted,444,0.10508111879337889
radial_distance_q90,Count-adjusted,445,0.781515091487222
radial_distance_q90,Count-adjusted,446,0.004941195285823596
radial_distance_q90,Count-adjusted,447,0.1782293658756089
radial_distance_q90,Count-adjusted,448,1.312995876365619
radial_distance_q90,Count-adjusted,449,0.016770611020092474
radial_distance_q90,Count-adjusted,450,1.1292815080023502
radial_distance_q90,Count-adjusted,451,1.8369332757418988
radial_distance_q90,Count-adjusted,452,0.10104762241132903
radial_distance_q90,Count-adjusted,453,5.96129225103661
radial_distance_q90,Count-adjusted,454,0.7227259991414599
radial_distance_q90,Count-adjusted,455,1.4240891487147564
radial_distance_q90,Count-adjusted,456,0.011683619980317417
radial_distance_q90,Count-adjusted,457,1.2557750288166858
radial_distance_q90,Count-adjusted,458,0.0722298338230587
radial_distance_q90,Count-adjusted,459,1.0161320625665553
radial_distance_q90,Count-adjusted,460,1.9276966322444196
radial_distance_q90,Count-adjusted,461,0.004701902234955924
radial_distance_q90,Count-adjusted,462,0.8211600611666654
radial_distance_q90,Count-adjusted,463,2.1613201370401782
radial_distance_q90,Count-adjusted,464,3.6859183705572036
radial_distance_q90,Count-adjusted,465,0.0771069890461149
radial_distance_q90,Count-adjusted,466,1.3944775787819594
radial_distance_q90,Count-adjusted,467,0.3305658081009142
radial_distance_q90,Count-adjusted,468,0.7380530051669041
radial_distance_q90,Count-adjusted,469,0.029236771483056145
radial_distance_q90,Count-adjusted,470,4.888188488260965
radial_distance_q90,Count-adjusted,471,0.6239049743059581
radial_distance_q90,Count-adjusted,472,1.130814359511703
radial_distance_q90,Count-adjusted,473,1.3677582434697797
radial_distance_q90,Count-adjusted,474,2.5613985056487536
radial_distance_q90,Count-adjusted,475,1.3880276835021164
radial_distance_q90,Count-adjusted,476,7.916009022020091
radial_distance_q90,Count-adjusted,477,0.19379370408762497
radial_distance_q90,Count-adjusted,478,7.511001456188524
radial_distance_q90,Count-adjusted,479,0.36782208554382123
radial_distance_q90,Count-adjusted,480,0.25338947112140886
radial_distance_q90,Count-adjusted,481,0.39019288498855076
radial_distance_q90,Count-adjusted,482,2.0821939082568406
radial_distance_q90,Count-adjusted,483,0.6690207230392389
radial_distance_q90,Count-adjusted,484,0.8337736608042405
radial_distance_q90,Count-adjusted,485,0.18759286345982673
radial_distance_q90,Count-adjusted,486,0.8144676545978768
radial_distance_q90,Count-adjusted,487,2.2349835214553195
radial_distance_q90,Count-adjusted,488,0.2338257736107323
radial_distance_q90,Count-adjusted,489,3.4116098072636305
radial_distance_q90,Count-adjusted,490,0.07454070589778894
radial_distance_q90,Count-adjusted,491,0.003251454062308312
radial_distance_q90,Count-adjusted,492,7.02482113380438
radial_distance_q90,Count-adjusted,493,2.461764533468312
radial_distance_q90,Count-adjusted,494,0.021590349836117184
radial_distance_q90,Count-adjusted,495,0.6328021499644478
radial_distance_q90,Count-adjusted,496,0.7254794112184868
radial_distance_q90,Count-adjusted,497,0.029824283143966568
radial_distance_q90,Count-adjusted,498,0.7365030461049855
radial_distance_q90,Count-adjusted,499,0.00017135069026608107
radial_distance_q90,Count-adjusted,500,0.21221122793258473
radial_distance_q90,Count-adjusted,501,13.729205290207574
radial_distance_q90,Count-adjusted,502,0.0024355264670816723
radial_distance_q90,Count-adjusted,503,0.38760095562827246
radial_distance_q90,Count-adjusted,504,0.024995471511601863
radial_distance_q90,Count-adjusted,505,0.0013337205895425086
radial_distance_q90,Count-adjusted,506,0.019446650933730325
radial_distance_q90,Count-adjusted,507,1.121611523205246
radial_distance_q90,Count-adjusted,508,0.7279753281451917
radial_distance_q90,Count-adjusted,509,2.77751389238216
radial_distance_q90,Count-adjusted,510,3.4443487005304974
radial_distance_q90,Count-adjusted,511,0.005243655265189773
radial_distance_q90,Count-adjusted,512,0.7202245894673069
radial_distance_q90,Count-adjusted,513,0.8173861581955748
radial_distance_q90,Count-adjusted,514,0.5049234437886412
radial_distance_q90,Count-adjusted,515,0.014240059886446943
radial_distance_q90,Count-adjusted,516,0.19211567576655852
radial_distance_q90,Count-adjusted,517,5.405236505766027
radial_distance_q90,Count-adjusted,518,0.03051834466702985
radial_distance_q90,Count-adjusted,519,0.7030759607183086
radial_distance_q90,Count-adjusted,520,0.9780679088935074
radial_distance_q90,Count-adjusted,521,0.9944179344180384
radial_distance_q90,Count-adjusted,522,0.0016444642032524825
radial_distance_q90,Count-adjusted,523,0.24948449029372455
radial_distance_q90,Count-adjusted,524,1.6511336733502162
radial_distance_q90,Count-adjusted,525,0.0019079292741821519
radial_distance_q90,Count-adjusted,526,1.2008465018545849
radial_distance_q90,Count-adjusted,527,0.13267877948686646
radial_distance_q90,Count-adjusted,528,1.597163376604783
radial_distance_q90,Count-adjusted,529,0.004360700694292063
radial_distance_q90,Count-adjusted,530,0.002095222219054449
radial_distance_q90,Count-adjusted,531,1.7163691245911252
radial_distance_q90,Count-adjusted,532,2.882190926811745e-06
radial_distance_q90,Count-adjusted,533,0.0009152793036832918
radial_distance_q90,Count-adjusted,534,0.18427859124869883
radial_distance_q90,Count-adjusted,535,0.06230357151315502
radial_distance_q90,Count-adjusted,536,0.20890314959933676
radial_distance_q90,Count-adjusted,537,1.1897261397122065
radial_distance_q90,Count-adjusted,538,1.9160220069998104
radial_distance_q90,Count-adjusted,539,0.028225945992517154
radial_distance_q90,Count-adjusted,540,0.057601599806503145
radial_distance_q90,Count-adjusted,541,0.5322223401761903
radial_distance_q90,Count-adjusted,542,0.19799105074798717
radial_distance_q90,Count-adjusted,543,0.037856392692106056
radial_distance_q90,Count-adjusted,544,0.3935546988121814
radial_distance_q90,Count-adjusted,545,0.005523848753966831
radial_distance_q90,Count-adjusted,546,0.6813832785450984
radial_distance_q90,Count-adjusted,547,0.27631525865558615
radial_distance_q90,Count-adjusted,548,9.440860775248723
radial_distance_q90,Count-adjusted,549,0.19420812927882025
radial_distance_q90,Count-adjusted,550,0.053002073319248666
radial_distance_q90,Count-adjusted,551,1.8765573953002104
radial_distance_q90,Count-adjusted,552,0.26278924142854976
radial_distance_q90,Count-adjusted,553,0.5029698175071076
radial_distance_q90,Count-adjusted,554,3.5170562026860352
radial_distance_q90,Count-adjusted,555,1.6757622926436966
radial_distance_q90,Count-adjusted,556,1.2006004594767319
radial_distance_q90,Count-adjusted,557,0.09573470300966846
radial_distance_q90,Count-adjusted,558,0.027102859293506754
radial_distance_q90,Count-adjusted,559,1.5240012386562114
radial_distance_q90,Count-adjusted,560,0.18419982788429934
radial_distance_q90,Count-adjusted,561,0.049476800421558664
radial_distance_q90,Count-adjusted,562,4.3800771352891275
radial_distance_q90,Count-adjusted,563,0.07767580750959269
radial_distance_q90,Count-adjusted,564,0.02218475265789266
radial_distance_q90,Count-adjusted,565,0.11080816249642567
radial_distance_q90,Count-adjusted,566,0.0003983383764420978
radial_distance_q90,Count-adjusted,567,0.27313291838430587
radial_distance_q90,Count-adjusted,568,0.02938977006311916
radial_distance_q90,Count-adjusted,569,0.4254952794494784
radial_distance_q90,Count-adjusted,570,0.4619017300565815
radial_distance_q90,Count-adjusted,571,1.261570438094651
radial_distance_q90,Count-adjusted,572,0.023839682219062297
radial_distance_q90,Count-adjusted,573,0.3657382290058422
radial_distance_q90,Count-adjusted,574,0.0044121034886757116
radial_distance_q90,Count-adjusted,575,1.2304728015970454
radial_distance_q90,Count-adjusted,576,1.1945794344661067
radial_distance_q90,Count-adjusted,577,3.0089348118880253
radial_distance_q90,Count-adjusted,578,0.8125292375229947
radial_distance_q90,Count-adjusted,579,1.2824630913413841
radial_distance_q90,Count-adjusted,580,0.03511577653785025
radial_distance_q90,Count-adjusted,581,5.598025043277914
radial_distance_q90,Count-adjusted,582,0.07407745329737736
radial_distance_q90,Count-adjusted,583,0.17672310836093175
radial_distance_q90,Count-adjusted,584,4.434616677798999
radial_distance_q90,Count-adjusted,585,0.30123240379890603
radial_distance_q90,Count-adjusted,586,6.32310202689348
radial_distance_q90,Count-adjusted,587,0.9979048178587959
radial_distance_q90,Count-adjusted,588,3.735987694645587
radial_distance_q90,Count-adjusted,589,1.485138612337039
radial_distance_q90,Count-adjusted,590,0.22207043232043588
radial_distance_q90,Count-adjusted,591,0.9852436613217037
radial_distance_q90,Count-adjusted,592,5.29933831203067
radial_distance_q90,Count-adjusted,593,0.29719514439557315
radial_distance_q90,Count-adjusted,594,0.43863586830684653
radial_distance_q90,Count-adjusted,595,0.39580772342043247
radial_distance_q90,Count-adjusted,596,0.18387693074487288
radial_distance_q90,Count-adjusted,597,0.27603030469992973
radial_distance_q90,Count-adjusted,598,0.013019654089475807
radial_distance_q90,Count-adjusted,599,0.18858207669876492
radial_distance_q90,Count-adjusted,600,1.0957444433747696
radial_distance_q90,Count-adjusted,601,0.7879006553055206
radial_distance_q90,Count-adjusted,602,5.429910174825636e-07
radial_distance_q90,Count-adjusted,603,1.5035030429890242
radial_distance_q90,Count-adjusted,604,0.3232470970187933
radial_distance_q90,Count-adjusted,605,0.22504383395187233
radial_distance_q90,Count-adjusted,606,0.15456871385185877
radial_distance_q90,Count-adjusted,607,1.6010755666060845
radial_distance_q90,Count-adjusted,608,0.12040269980764151
radial_distance_q90,Count-adjusted,609,0.7609134183260835
radial_distance_q90,Count-adjusted,610,0.5440694845170242
radial_distance_q90,Count-adjusted,611,0.0033566535705631395
radial_distance_q90,Count-adjusted,612,0.5468443124794362
radial_distance_q90,Count-adjusted,613,0.0025616062453650557
radial_distance_q90,Count-adjusted,614,0.003916310648435228
radial_distance_q90,Count-adjusted,615,0.1239654702406483
radial_distance_q90,Count-adjusted,616,0.4762213801762982
radial_distance_q90,Count-adjusted,617,0.00303259558705804
radial_distance_q90,Count-adjusted,618,2.609553086118524
radial_distance_q90,Count-adjusted,619,2.9948620130002155
radial_distance_q90,Count-adjusted,620,0.001591485498778411
radial_distance_q90,Count-adjusted,621,0.8686070904696805
radial_distance_q90,Count-adjusted,622,0.2378162876480019
radial_distance_q90,Count-adjusted,623,0.4891740506152473
radial_distance_q90,Count-adjusted,624,0.538808542676577
radial_distance_q90,Count-adjusted,625,0.8106946943061075
radial_distance_q90,Count-adjusted,626,0.14244998236239326
radial_distance_q90,Count-adjusted,627,0.06493352314555523
radial_distance_q90,Count-adjusted,628,0.6296996889586808
radial_distance_q90,Count-adjusted,629,1.2592590222939748
radial_distance_q90,Count-adjusted,630,0.5040270110964116
radial_distance_q90,Count-adjusted,631,0.32409305876808503
radial_distance_q90,Count-adjusted,632,0.0007242341706046318
radial_distance_q90,Count-adjusted,633,1.0438591286794008
radial_distance_q90,Count-adjusted,634,0.816204496396324
radial_distance_q90,Count-adjusted,635,0.28434377944262224
radial_distance_q90,Count-adjusted,636,0.06785639309396174
radial_distance_q90,Count-adjusted,637,0.09556598207731781
radial_distance_q90,Count-adjusted,638,0.03108619460152795
radial_distance_q90,Count-adjusted,639,1.944157056671429
radial_distance_q90,Count-adjusted,640,1.9636187204355338
radial_distance_q90,Count-adjusted,641,1.1366669592983385
radial_distance_q90,Count-adjusted,642,0.10040274747510125
radial_distance_q90,Count-adjusted,643,2.6140662555462768e-05
radial_distance_q90,Count-adjusted,644,1.8519452574252284
radial_distance_q90,Count-adjusted,645,1.3354705830674334
radial_distance_q90,Count-adjusted,646,0.040092435104384094
radial_distance_q90,Count-adjusted,647,0.060073198623001645
radial_distance_q90,Count-adjusted,648,0.027547392676353866
radial_distance_q90,Count-adjusted,649,3.8410913365183887
radial_distance_q90,Count-adjusted,650,6.110638196332729e-06
radial_distance_q90,Count-adjusted,651,0.23189629449888116
radial_distance_q90,Count-adjusted,652,0.35442413055662314
radial_distance_q90,Count-adjusted,653,1.8940713730195853
radial_distance_q90,Count-adjusted,654,1.3693768125561405
radial_distance_q90,Count-adjusted,655,0.10319747115829614
radial_distance_q90,Count-adjusted,656,0.3846216758666685
radial_distance_q90,Count-adjusted,657,0.39291955157528946
radial_distance_q90,Count-adjusted,658,3.345495668530191
radial_distance_q90,Count-adjusted,659,6.135113280276414
radial_distance_q90,Count-adjusted,660,0.42065185737612865
radial_distance_q90,Count-adjusted,661,0.11164999409498932
radial_distance_q90,Count-adjusted,662,0.05865199149974387
radial_distance_q90,Count-adjusted,663,0.1827367891277163
radial_distance_q90,Count-adjusted,664,0.12136159616167674
radial_distance_q90,Count-adjusted,665,0.12170911179401855
radial_distance_q90,Count-adjusted,666,0.06664230367255186
radial_distance_q90,Count-adjusted,667,0.0033559929247530818
radial_distance_q90,Count-adjusted,668,3.0096991579422934
radial_distance_q90,Count-adjusted,669,2.1073806501125887
radial_distance_q90,Count-adjusted,670,0.9192159670444653
radial_distance_q90,Count-adjusted,671,0.5015871062196595
radial_distance_q90,Count-adjusted,672,0.0005189827869571673
radial_distance_q90,Count-adjusted,673,0.22641747512625443
radial_distance_q90,Count-adjusted,674,2.6145362167546864
radial_distance_q90,Count-adjusted,675,0.020538936016635034
radial_distance_q90,Count-adjusted,676,1.4324318098583149
radial_distance_q90,Count-adjusted,677,0.711722481459276
radial_distance_q90,Count-adjusted,678,1.3149122398991153
radial_distance_q90,Count-adjusted,679,1.1887073960927808
radial_distance_q90,Count-adjusted,680,3.7722901618264757
radial_distance_q90,Count-adjusted,681,0.0257395891322858
radial_distance_q90,Count-adjusted,682,1.4925505215813928
radial_distance_q90,Count-adjusted,683,1.18630638160829
radial_distance_q90,Count-adjusted,684,2.4844500801855816
radial_distance_q90,Count-adjusted,685,1.202968520887623
radial_distance_q90,Count-adjusted,686,0.41881843859101764
radial_distance_q90,Count-adjusted,687,0.01103455354370908
radial_distance_q90,Count-adjusted,688,1.333412893326738
radial_distance_q90,Count-adjusted,689,0.24418130214081657
radial_distance_q90,Count-adjusted,690,0.6979385397273745
radial_distance_q90,Count-adjusted,691,0.8108713691513003
radial_distance_q90,Count-adjusted,692,0.04218980556504448
radial_distance_q90,Count-adjusted,693,0.005229431034479148
radial_distance_q90,Count-adjusted,694,6.537269387976636
radial_distance_q90,Count-adjusted,695,0.11420985248764737
radial_distance_q90,Count-adjusted,696,0.019525277180036937
radial_distance_q90,Count-adjusted,697,0.5618354635976175
radial_distance_q90,Count-adjusted,698,1.5226322853054626
radial_distance_q90,Count-adjusted,699,1.9950158207770414
radial_distance_q90,Count-adjusted,700,0.6647561789485508
radial_distance_q90,Count-adjusted,701,0.5101877692309813
radial_distance_q90,Count-adjusted,702,0.0176234179194239
radial_distance_q90,Count-adjusted,703,0.013921830449419303
radial_distance_q90,Count-adjusted,704,1.6557247049431112
radial_distance_q90,Count-adjusted,705,0.03460648913329578
radial_distance_q90,Count-adjusted,706,0.16645715160700547
radial_distance_q90,Count-adjusted,707,2.465408336084522
radial_distance_q90,Count-adjusted,708,0.08904721776525548
radial_distance_q90,Count-adjusted,709,5.245462075855812
radial_distance_q90,Count-adjusted,710,0.014410865714637566
radial_distance_q90,Count-adjusted,711,3.37342729518258
radial_distance_q90,Count-adjusted,712,0.37508976020666296
radial_distance_q90,Count-adjusted,713,6.679182530085569
radial_distance_q90,Count-adjusted,714,1.287755107077487
radial_distance_q90,Count-adjusted,715,0.8770988742495547
radial_distance_q90,Count-adjusted,716,1.172518755013357
radial_distance_q90,Count-adjusted,717,0.0003358683418923647
radial_distance_q90,Count-adjusted,718,0.10579333895370269
radial_distance_q90,Count-adjusted,719,0.5737393513144582
radial_distance_q90,Count-adjusted,720,0.44720464208600674
radial_distance_q90,Count-adjusted,721,2.072066840270395
radial_distance_q90,Count-adjusted,722,0.17405812716026503
radial_distance_q90,Count-adjusted,723,0.5930068006736064
radial_distance_q90,Count-adjusted,724,0.11035950325117483
radial_distance_q90,Count-adjusted,725,0.7223363994856413
radial_distance_q90,Count-adjusted,726,0.9331811854440843
radial_distance_q90,Count-adjusted,727,5.810722631698127
radial_distance_q90,Count-adjusted,728,0.006109132468480993
radial_distance_q90,Count-adjusted,729,0.4220398633294167
radial_distance_q90,Count-adjusted,730,0.07359950877497567
radial_distance_q90,Count-adjusted,731,0.7369306483625451
radial_distance_q90,Count-adjusted,732,0.046390845670146064
radial_distance_q90,Count-adjusted,733,0.17885196871776543
radial_distance_q90,Count-adjusted,734,0.845696942749214
radial_distance_q90,Count-adjusted,735,0.0013644708381548298
radial_distance_q90,Count-adjusted,736,4.104255414617853
radial_distance_q90,Count-adjusted,737,0.0780741470056796
radial_distance_q90,Count-adjusted,738,5.181672991853702
radial_distance_q90,Count-adjusted,739,0.023363213981554054
radial_distance_q90,Count-adjusted,740,1.0854791969230746
radial_distance_q90,Count-adjusted,741,0.004009193865385896
radial_distance_q90,Count-adjusted,742,0.9023784657728129
radial_distance_q90,Count-adjusted,743,0.0025539840690953497
radial_distance_q90,Count-adjusted,744,0.0645107461428438
radial_distance_q90,Count-adjusted,745,2.219544394816012
radial_distance_q90,Count-adjusted,746,0.002468331795398626
radial_distance_q90,Count-adjusted,747,0.2618871542309762
radial_distance_q90,Count-adjusted,748,2.655664622204199
radial_distance_q90,Count-adjusted,749,0.00909324837107306
radial_distance_q90,Count-adjusted,750,1.4651841054894703
radial_distance_q90,Count-adjusted,751,0.9909948161618445
radial_distance_q90,Count-adjusted,752,19.07056779134308
radial_distance_q90,Count-adjusted,753,5.325841095893452
radial_distance_q90,Count-adjusted,754,0.19645069743637578
radial_distance_q90,Count-adjusted,755,1.1607512998107836
radial_distance_q90,Count-adjusted,756,0.05826425090702969
radial_distance_q90,Count-adjusted,757,0.20952626605838987
radial_distance_q90,Count-adjusted,758,1.8178736323127396
radial_distance_q90,Count-adjusted,759,0.9095287171954851
radial_distance_q90,Count-adjusted,760,0.00025391208896508033
radial_distance_q90,Count-adjusted,761,0.23667261134011142
radial_distance_q90,Count-adjusted,762,0.05407312132535935
radial_distance_q90,Count-adjusted,763,0.5213420904698296
radial_distance_q90,Count-adjusted,764,0.27661880096479763
radial_distance_q90,Count-adjusted,765,0.9986273578769556
radial_distance_q90,Count-adjusted,766,0.23991203682498963
radial_distance_q90,Count-adjusted,767,0.0147380129868111
radial_distance_q90,Count-adjusted,768,0.06255933066643138
radial_distance_q90,Count-adjusted,769,0.022591433006766692
radial_distance_q90,Count-adjusted,770,0.5596804853564947
radial_distance_q90,Count-adjusted,771,0.20977915598069785
radial_distance_q90,Count-adjusted,772,0.27189640093848766
radial_distance_q90,Count-adjusted,773,5.177712883899801
radial_distance_q90,Count-adjusted,774,3.2498904566110127
radial_distance_q90,Count-adjusted,775,0.013293708133858217
radial_distance_q90,Count-adjusted,776,0.14805173416712591
radial_distance_q90,Count-adjusted,777,0.00027926560687774327
radial_distance_q90,Count-adjusted,778,0.8366613872676112
radial_distance_q90,Count-adjusted,779,0.06151399748426911
radial_distance_q90,Count-adjusted,780,0.13045124289971
radial_distance_q90,Count-adjusted,781,0.9836084847148072
radial_distance_q90,Count-adjusted,782,2.262391376461892e-07
radial_distance_q90,Count-adjusted,783,0.47685153362863275
radial_distance_q90,Count-adjusted,784,2.68630705498731
radial_distance_q90,Count-adjusted,785,0.32686178610094885
radial_distance_q90,Count-adjusted,786,1.3087343698846325
radial_distance_q90,Count-adjusted,787,0.3014812337274577
radial_distance_q90,Count-adjusted,788,0.33775879978193757
radial_distance_q90,Count-adjusted,789,1.298798960899262
radial_distance_q90,Count-adjusted,790,2.4717954164075877
radial_distance_q90,Count-adjusted,791,0.39042729130386533
radial_distance_q90,Count-adjusted,792,2.224745304337773
radial_distance_q90,Count-adjusted,793,1.2558783229815447
radial_distance_q90,Count-adjusted,794,0.47509133190214925
radial_distance_q90,Count-adjusted,795,2.81650333901419
radial_distance_q90,Count-adjusted,796,2.1933135881271255
radial_distance_q90,Count-adjusted,797,0.5941458168875329
radial_distance_q90,Count-adjusted,798,0.9931444502496447
radial_distance_q90,Count-adjusted,799,3.285098336237297
radial_distance_q90,Count-adjusted,800,0.8019374064679141
radial_distance_q90,Count-adjusted,801,0.12003669690201946
radial_distance_q90,Count-adjusted,802,2.282033758158093
radial_distance_q90,Count-adjusted,803,0.2985170205843133
radial_distance_q90,Count-adjusted,804,0.1082435064981837
radial_distance_q90,Count-adjusted,805,1.2141857667264162
radial_distance_q90,Count-adjusted,806,0.1526615712050159
radial_distance_q90,Count-adjusted,807,0.39305378865907414
radial_distance_q90,Count-adjusted,808,0.5330550375900884
radial_distance_q90,Count-adjusted,809,4.879707783534116
radial_distance_q90,Count-adjusted,810,0.013244349826351254
radial_distance_q90,Count-adjusted,811,2.746669071454903
radial_distance_q90,Count-adjusted,812,0.2546447292576204
radial_distance_q90,Count-adjusted,813,0.29890803733246685
radial_distance_q90,Count-adjusted,814,1.3912616874000037
radial_distance_q90,Count-adjusted,815,0.6530383322081548
radial_distance_q90,Count-adjusted,816,0.8049346496790406
radial_distance_q90,Count-adjusted,817,3.145885866089543
radial_distance_q90,Count-adjusted,818,0.12361643543920309
radial_distance_q90,Count-adjusted,819,0.30248770135409586
radial_distance_q90,Count-adjusted,820,1.7294395302716907
radial_distance_q90,Count-adjusted,821,0.29751417628591525
radial_distance_q90,Count-adjusted,822,0.07205922270748033
radial_distance_q90,Count-adjusted,823,1.1571447665789947
radial_distance_q90,Count-adjusted,824,1.3618954997672859
radial_distance_q90,Count-adjusted,825,0.041305914314875736
radial_distance_q90,Count-adjusted,826,1.40717111606466
radial_distance_q90,Count-adjusted,827,2.9536245438217748
radial_distance_q90,Count-adjusted,828,1.143730579274063
radial_distance_q90,Count-adjusted,829,0.2690881480612006
radial_distance_q90,Count-adjusted,830,1.0497444101272322
radial_distance_q90,Count-adjusted,831,0.10889306448052594
radial_distance_q90,Count-adjusted,832,1.534191209863593
radial_distance_q90,Count-adjusted,833,0.9623508632662663
radial_distance_q90,Count-adjusted,834,1.741089944187479
radial_distance_q90,Count-adjusted,835,2.5259671089044105
radial_distance_q90,Count-adjusted,836,0.039678263584107754
radial_distance_q90,Count-adjusted,837,1.5000893906085935
radial_distance_q90,Count-adjusted,838,0.22030734516840766
radial_distance_q90,Count-adjusted,839,1.0436056322356535
radial_distance_q90,Count-adjusted,840,0.9341667449175475
radial_distance_q90,Count-adjusted,841,0.01780554483582364
radial_distance_q90,Count-adjusted,842,0.16522563533163748
radial_distance_q90,Count-adjusted,843,0.25541656711357064
radial_distance_q90,Count-adjusted,844,0.028815882150183825
radial_distance_q90,Count-adjusted,845,0.01565301655574558
radial_distance_q90,Count-adjusted,846,0.1987548419519385
radial_distance_q90,Count-adjusted,847,7.156128989449769
radial_distance_q90,Count-adjusted,848,0.16531996806710936
radial_distance_q90,Count-adjusted,849,0.6334533125100279
radial_distance_q90,Count-adjusted,850,0.8539999747418108
radial_distance_q90,Count-adjusted,851,0.8900421881182865
radial_distance_q90,Count-adjusted,852,0.9262511594635328
radial_distance_q90,Count-adjusted,853,0.09185576245482707
radial_distance_q90,Count-adjusted,854,0.048927688516641865
radial_distance_q90,Count-adjusted,855,0.16266880675414086
radial_distance_q90,Count-adjusted,856,0.021581253128033495
radial_distance_q90,Count-adjusted,857,0.07797843230824242
radial_distance_q90,Count-adjusted,858,0.8123273164604825
radial_distance_q90,Count-adjusted,859,4.378680305570413
radial_distance_q90,Count-adjusted,860,1.1666683541046154
radial_distance_q90,Count-adjusted,861,0.4766194803058852
radial_distance_q90,Count-adjusted,862,0.0011848652151797978
radial_distance_q90,Count-adjusted,863,0.0986054599416093
radial_distance_q90,Count-adjusted,864,0.46499261166940187
radial_distance_q90,Count-adjusted,865,0.056755431040073745
radial_distance_q90,Count-adjusted,866,2.069762694980625
radial_distance_q90,Count-adjusted,867,0.02774214340644221
radial_distance_q90,Count-adjusted,868,1.6888089471787566
radial_distance_q90,Count-adjusted,869,0.3628150179268914
radial_distance_q90,Count-adjusted,870,0.09845369080539967
radial_distance_q90,Count-adjusted,871,1.2974360045560047
radial_distance_q90,Count-adjusted,872,0.8152549756511576
radial_distance_q90,Count-adjusted,873,0.12850380236096726
radial_distance_q90,Count-adjusted,874,4.134319121813974
radial_distance_q90,Count-adjusted,875,0.9351408950483346
radial_distance_q90,Count-adjusted,876,4.136828626440376
radial_distance_q90,Count-adjusted,877,0.7113046988878864
radial_distance_q90,Count-adjusted,878,4.537369329107435
radial_distance_q90,Count-adjusted,879,0.6136323242031381
radial_distance_q90,Count-adjusted,880,0.420968019972662
radial_distance_q90,Count-adjusted,881,4.05093273321188
radial_distance_q90,Count-adjusted,882,0.3108517162070257
radial_distance_q90,Count-adjusted,883,5.417215317038426e-05
radial_distance_q90,Count-adjusted,884,0.720217823271355
radial_distance_q90,Count-adjusted,885,1.5459469222996063
radial_distance_q90,Count-adjusted,886,1.104034138414761
radial_distance_q90,Count-adjusted,887,0.18528141991185976
radial_distance_q90,Count-adjusted,888,0.2969712357127037
radial_distance_q90,Count-adjusted,889,5.678201401196702
radial_distance_q90,Count-adjusted,890,1.3708136317191588
radial_distance_q90,Count-adjusted,891,2.878870707671041
radial_distance_q90,Count-adjusted,892,1.6833773956575442
radial_distance_q90,Count-adjusted,893,0.2814029438254124
radial_distance_q90,Count-adjusted,894,0.6251854622593669
radial_distance_q90,Count-adjusted,895,0.2445984165485129
radial_distance_q90,Count-adjusted,896,1.3956815253348793
radial_distance_q90,Count-adjusted,897,2.5855884083999854
radial_distance_q90,Count-adjusted,898,0.7841511662941798
radial_distance_q90,Count-adjusted,899,1.300152415727581
radial_distance_q90,Count-adjusted,900,1.7208321494966583
radial_distance_q90,Count-adjusted,901,1.11031944624591
radial_distance_q90,Count-adjusted,902,0.017580831435452637
radial_distance_q90,Count-adjusted,903,1.0652289483859363
radial_distance_q90,Count-adjusted,904,1.0597115754359834
radial_distance_q90,Count-adjusted,905,2.0184361277499647
radial_distance_q90,Count-adjusted,906,0.4330587723194981
radial_distance_q90,Count-adjusted,907,2.711938304216403
radial_distance_q90,Count-adjusted,908,3.9386182069669076
radial_distance_q90,Count-adjusted,909,0.8287166155346313
radial_distance_q90,Count-adjusted,910,0.1261055388861223
radial_distance_q90,Count-adjusted,911,2.3101519684109633
radial_distance_q90,Count-adjusted,912,0.3309584860917312
radial_distance_q90,Count-adjusted,913,0.18053505848041596
radial_distance_q90,Count-adjusted,914,0.22805474813827686
radial_distance_q90,Count-adjusted,915,5.017032566959699
radial_distance_q90,Count-adjusted,916,0.8445260863662725
radial_distance_q90,Count-adjusted,917,2.0150789415314705
radial_distance_q90,Count-adjusted,918,0.005199095214436511
radial_distance_q90,Count-adjusted,919,0.11024757822582387
radial_distance_q90,Count-adjusted,920,0.005642599553993932
radial_distance_q90,Count-adjusted,921,0.29197968269963326
radial_distance_q90,Count-adjusted,922,1.6629815951941964
radial_distance_q90,Count-adjusted,923,0.19274944846404196
radial_distance_q90,Count-adjusted,924,0.13416494727101735
radial_distance_q90,Count-adjusted,925,0.12305902029686422
radial_distance_q90,Count-adjusted,926,0.6496135724833607
radial_distance_q90,Count-adjusted,927,1.7352247577348408
radial_distance_q90,Count-adjusted,928,0.2331129591684089
radial_distance_q90,Count-adjusted,929,0.8839110089404016
radial_distance_q90,Count-adjusted,930,0.04801034857075592
radial_distance_q90,Count-adjusted,931,3.422087855586966
radial_distance_q90,Count-adjusted,932,0.6458205796437255
radial_distance_q90,Count-adjusted,933,0.3060903639175194
radial_distance_q90,Count-adjusted,934,0.4622476170317782
radial_distance_q90,Count-adjusted,935,0.04815705974559137
radial_distance_q90,Count-adjusted,936,1.3550107670387774
radial_distance_q90,Count-adjusted,937,0.7440015634410884
radial_distance_q90,Count-adjusted,938,0.6897098376983877
radial_distance_q90,Count-adjusted,939,0.3476760017813376
radial_distance_q90,Count-adjusted,940,0.9728184780884703
radial_distance_q90,Count-adjusted,941,0.263991663470307
radial_distance_q90,Count-adjusted,942,1.7989842397762459
radial_distance_q90,Count-adjusted,943,0.017532555512673298
radial_distance_q90,Count-adjusted,944,0.0001885530640493016
radial_distance_q90,Count-adjusted,945,0.062114262160889666
radial_distance_q90,Count-adjusted,946,0.02438932282012729
radial_distance_q90,Count-adjusted,947,0.7812210341458012
radial_distance_q90,Count-adjusted,948,0.134119418534965
radial_distance_q90,Count-adjusted,949,0.10270359938499496
radial_distance_q90,Count-adjusted,950,0.03525736549215708
radial_distance_q90,Count-adjusted,951,0.00140973451851778
radial_distance_q90,Count-adjusted,952,0.2993922160956686
radial_distance_q90,Count-adjusted,953,0.2669534042719022
radial_distance_q90,Count-adjusted,954,5.914135383868768
radial_distance_q90,Count-adjusted,955,0.3577241237420594
radial_distance_q90,Count-adjusted,956,0.012301037197175901
radial_distance_q90,Count-adjusted,957,0.08652205057563833
radial_distance_q90,Count-adjusted,958,0.20357387816977734
radial_distance_q90,Count-adjusted,959,6.418428006936665
radial_distance_q90,Count-adjusted,960,0.05028545078852176
radial_distance_q90,Count-adjusted,961,0.00022530114006258373
radial_distance_q90,Count-adjusted,962,1.9446376484657435
radial_distance_q90,Count-adjusted,963,0.22662364266454915
radial_distance_q90,Count-adjusted,964,1.2291715956659743
radial_distance_q90,Count-adjusted,965,1.9867030852091432
radial_distance_q90,Count-adjusted,966,0.45852337018448
radial_distance_q90,Count-adjusted,967,0.00588970344443851
radial_distance_q90,Count-adjusted,968,0.14240848408161355
radial_distance_q90,Count-adjusted,969,0.7802030179621511
radial_distance_q90,Count-adjusted,970,0.9970274548998646
radial_distance_q90,Count-adjusted,971,0.03630199748505447
radial_distance_q90,Count-adjusted,972,4.605987090009535
radial_distance_q90,Count-adjusted,973,1.5952881723557084
radial_distance_q90,Count-adjusted,974,0.019741215296818382
radial_distance_q90,Count-adjusted,975,0.31123244831428565
radial_distance_q90,Count-adjusted,976,0.1749036566278903
radial_distance_q90,Count-adjusted,977,0.0011888827862946982
radial_distance_q90,Count-adjusted,978,0.08684715369798823
radial_distance_q90,Count-adjusted,979,0.08433978448800872
radial_distance_q90,Count-adjusted,980,0.8106604589677318
radial_distance_q90,Count-adjusted,981,0.08471513606667713
radial_distance_q90,Count-adjusted,982,1.4187732086484175
radial_distance_q90,Count-adjusted,983,0.4013229312761837
radial_distance_q90,Count-adjusted,984,0.17867046588418134
radial_distance_q90,Count-adjusted,985,1.7913045518475599
radial_distance_q90,Count-adjusted,986,0.03727774827254393
radial_distance_q90,Count-adjusted,987,0.08820462434971432
radial_distance_q90,Count-adjusted,988,0.43895185201051845
radial_distance_q90,Count-adjusted,989,0.36962111975219614
radial_distance_q90,Count-adjusted,990,0.2098460290268349
radial_distance_q90,Count-adjusted,991,0.3750716310086091
radial_distance_q90,Count-adjusted,992,0.13238311543923942
radial_distance_q90,Count-adjusted,993,0.13611910188552656
radial_distance_q90,Count-adjusted,994,4.489762673715859
radial_distance_q90,Count-adjusted,995,1.26888322737247
radial_distance_q90,Count-adjusted,996,0.6851038591183851
radial_distance_q90,Count-adjusted,997,0.8921891992782776
radial_distance_q90,Count-adjusted,998,0.12768317762800052
participation_ratio,Unadjusted,0,0.17651297955723066
participation_ratio,Unadjusted,1,0.001992740634591428
participation_ratio,Unadjusted,2,2.132349468491725
participation_ratio,Unadjusted,3,0.017265148052729273
participation_ratio,Unadjusted,4,0.9902518411067831
participation_ratio,Unadjusted,5,1.0325927489553237
participation_ratio,Unadjusted,6,0.10984427862427992
participation_ratio,Unadjusted,7,0.943423412814127
participation_ratio,Unadjusted,8,2.991335011720821
participation_ratio,Unadjusted,9,2.0094707729189736
participation_ratio,Unadjusted,10,1.8489823718655884
participation_ratio,Unadjusted,11,0.0744241438473523
participation_ratio,Unadjusted,12,1.141229312413941
participation_ratio,Unadjusted,13,0.4155533643806848
participation_ratio,Unadjusted,14,1.9245727443265537
participation_ratio,Unadjusted,15,1.1229475555298905
participation_ratio,Unadjusted,16,0.2598254633911097
participation_ratio,Unadjusted,17,0.3783011891828778
participation_ratio,Unadjusted,18,0.6558015997512712
participation_ratio,Unadjusted,19,0.013266074261196081
participation_ratio,Unadjusted,20,0.03429500621871284
participation_ratio,Unadjusted,21,0.46089170752986774
participation_ratio,Unadjusted,22,1.142483453894613
participation_ratio,Unadjusted,23,0.5290642088992286
participation_ratio,Unadjusted,24,0.03877510325287403
participation_ratio,Unadjusted,25,0.45925255095198736
participation_ratio,Unadjusted,26,0.018929116520439493
participation_ratio,Unadjusted,27,0.2891109964756424
participation_ratio,Unadjusted,28,4.639482937236465
participation_ratio,Unadjusted,29,0.1856625382070547
participation_ratio,Unadjusted,30,0.011362457038842422
participation_ratio,Unadjusted,31,0.34444566123278264
participation_ratio,Unadjusted,32,0.22851319601596742
participation_ratio,Unadjusted,33,0.41763120998456316
participation_ratio,Unadjusted,34,1.7803729558717691
participation_ratio,Unadjusted,35,0.6343260770542827
participation_ratio,Unadjusted,36,0.00311418939207897
participation_ratio,Unadjusted,37,1.4338002623678108
participation_ratio,Unadjusted,38,0.621302930236709
participation_ratio,Unadjusted,39,4.047262549094114
participation_ratio,Unadjusted,40,0.0354644811125695
participation_ratio,Unadjusted,41,0.06457305969121307
participation_ratio,Unadjusted,42,0.021854151004220057
participation_ratio,Unadjusted,43,0.7675794070513575
participation_ratio,Unadjusted,44,0.1422747581736985
participation_ratio,Unadjusted,45,0.5704114481806641
participation_ratio,Unadjusted,46,0.019045360883353624
participation_ratio,Unadjusted,47,1.3053336901301122
participation_ratio,Unadjusted,48,0.6033278937262025
participation_ratio,Unadjusted,49,0.0051384751513410265
participation_ratio,Unadjusted,50,0.16776191785010042
participation_ratio,Unadjusted,51,2.7214030116793992
participation_ratio,Unadjusted,52,0.07025143623724261
participation_ratio,Unadjusted,53,1.5029330585361436
participation_ratio,Unadjusted,54,0.2779267708666566
participation_ratio,Unadjusted,55,0.8058221730436799
participation_ratio,Unadjusted,56,2.3282555341123157
participation_ratio,Unadjusted,57,0.014930168989337744
participation_ratio,Unadjusted,58,0.13429461456115632
participation_ratio,Unadjusted,59,2.0818755776755893
participation_ratio,Unadjusted,60,0.3484961285318491
participation_ratio,Unadjusted,61,1.5507796529829534
participation_ratio,Unadjusted,62,5.458100034153233
participation_ratio,Unadjusted,63,4.453050148353839
participation_ratio,Unadjusted,64,1.1296289537233406
participation_ratio,Unadjusted,65,1.8808981712284094
participation_ratio,Unadjusted,66,1.717824600747349
participation_ratio,Unadjusted,67,1.3004160561376352
participation_ratio,Unadjusted,68,0.6083917588562713
participation_ratio,Unadjusted,69,0.006114118329946905
participation_ratio,Unadjusted,70,0.3333319551689442
participation_ratio,Unadjusted,71,1.1442793834153804
participation_ratio,Unadjusted,72,1.4740709132943834
participation_ratio,Unadjusted,73,2.056891861435872
participation_ratio,Unadjusted,74,0.9190711376448917
participation_ratio,Unadjusted,75,1.18460927948081
participation_ratio,Unadjusted,76,0.025166651819915842
participation_ratio,Unadjusted,77,0.9850176714202803
participation_ratio,Unadjusted,78,0.44668134460670217
participation_ratio,Unadjusted,79,1.835726862376248
participation_ratio,Unadjusted,80,0.4926304575081417
participation_ratio,Unadjusted,81,0.11055327335492393
participation_ratio,Unadjusted,82,0.459201681817774
participation_ratio,Unadjusted,83,0.29126938513024925
participation_ratio,Unadjusted,84,0.7446896013478295
participation_ratio,Unadjusted,85,1.2625445305426979
participation_ratio,Unadjusted,86,2.1006454060120063
participation_ratio,Unadjusted,87,3.720386808322587
participation_ratio,Unadjusted,88,0.8189241525500961
participation_ratio,Unadjusted,89,3.101244907649118
participation_ratio,Unadjusted,90,0.020804411575170434
participation_ratio,Unadjusted,91,1.1457437850024235
participation_ratio,Unadjusted,92,0.0035344036854780825
participation_ratio,Unadjusted,93,1.892465177048507
participation_ratio,Unadjusted,94,0.22795709138836173
participation_ratio,Unadjusted,95,3.1297126287026344
participation_ratio,Unadjusted,96,0.2199748479815753
participation_ratio,Unadjusted,97,0.10509241753300103
participation_ratio,Unadjusted,98,0.0879294162317592
participation_ratio,Unadjusted,99,11.923017498300965
participation_ratio,Unadjusted,100,3.353291763062657
participation_ratio,Unadjusted,101,1.1877084245378455
participation_ratio,Unadjusted,102,0.8816362804358846
participation_ratio,Unadjusted,103,0.01220541828649857
participation_ratio,Unadjusted,104,1.9881402817068192
participation_ratio,Unadjusted,105,0.41713755943311526
participation_ratio,Unadjusted,106,4.405259974962007
participation_ratio,Unadjusted,107,0.006536740920182638
participation_ratio,Unadjusted,108,3.7420806418506913
participation_ratio,Unadjusted,109,0.496347617620188
participation_ratio,Unadjusted,110,0.07674392219314541
participation_ratio,Unadjusted,111,0.036774316736568835
participation_ratio,Unadjusted,112,0.004895169339420136
participation_ratio,Unadjusted,113,0.01582031161103714
participation_ratio,Unadjusted,114,0.40499475820479347
participation_ratio,Unadjusted,115,0.5025103252943381
participation_ratio,Unadjusted,116,4.746080160244048
participation_ratio,Unadjusted,117,3.4081400984292145
participation_ratio,Unadjusted,118,4.50445415172652
participation_ratio,Unadjusted,119,1.7280135054311359
participation_ratio,Unadjusted,120,1.1470812582547865
participation_ratio,Unadjusted,121,0.30852136116840256
participation_ratio,Unadjusted,122,0.3231590604851249
participation_ratio,Unadjusted,123,0.03719109314602065
participation_ratio,Unadjusted,124,1.0400458809104407
participation_ratio,Unadjusted,125,0.521287377753481
participation_ratio,Unadjusted,126,1.9790426966097812
participation_ratio,Unadjusted,127,0.27286494935964356
participation_ratio,Unadjusted,128,0.00011885588975246719
participation_ratio,Unadjusted,129,2.015464016061742
participation_ratio,Unadjusted,130,0.06202978244385804
participation_ratio,Unadjusted,131,0.2104284892417354
participation_ratio,Unadjusted,132,0.07798168560185559
participation_ratio,Unadjusted,133,2.0470697285514348
participation_ratio,Unadjusted,134,8.475913489291997e-05
participation_ratio,Unadjusted,135,1.5506930779257573
participation_ratio,Unadjusted,136,0.17295858803845476
participation_ratio,Unadjusted,137,0.10995326666261462
participation_ratio,Unadjusted,138,0.25712389053398965
participation_ratio,Unadjusted,139,0.8604882680960486
participation_ratio,Unadjusted,140,0.15119747453104537
participation_ratio,Unadjusted,141,2.0576015314387632
participation_ratio,Unadjusted,142,0.01672917658680717
participation_ratio,Unadjusted,143,0.01988299476101929
participation_ratio,Unadjusted,144,0.0014579425191527662
participation_ratio,Unadjusted,145,2.6427326428251376
participation_ratio,Unadjusted,146,1.8570537112111651
participation_ratio,Unadjusted,147,2.5018851884531728
participation_ratio,Unadjusted,148,0.12625969212791688
participation_ratio,Unadjusted,149,0.10184315003715483
participation_ratio,Unadjusted,150,0.04529638813522752
participation_ratio,Unadjusted,151,4.097302610982183
participation_ratio,Unadjusted,152,0.509798967186839
participation_ratio,Unadjusted,153,0.005999821877253453
participation_ratio,Unadjusted,154,0.02287272852947808
participation_ratio,Unadjusted,155,2.3998829602918477
participation_ratio,Unadjusted,156,0.4827019278750413
participation_ratio,Unadjusted,157,0.5018384868066619
participation_ratio,Unadjusted,158,0.28184575178141813
participation_ratio,Unadjusted,159,0.0013746004910331067
participation_ratio,Unadjusted,160,0.24112367741696517
participation_ratio,Unadjusted,161,0.6886617974289493
participation_ratio,Unadjusted,162,0.18255588822540858
participation_ratio,Unadjusted,163,0.0177002832227231
participation_ratio,Unadjusted,164,0.00946578138990617
participation_ratio,Unadjusted,165,1.1292553453573646
participation_ratio,Unadjusted,166,0.007975063986009445
participation_ratio,Unadjusted,167,0.08312840893978546
participation_ratio,Unadjusted,168,0.013337825930250347
participation_ratio,Unadjusted,169,0.004556547610945927
participation_ratio,Unadjusted,170,0.030008298176198878
participation_ratio,Unadjusted,171,0.05500681077700165
participation_ratio,Unadjusted,172,0.12570420084074385
participation_ratio,Unadjusted,173,0.3343488731509865
participation_ratio,Unadjusted,174,0.19063884797498076
participation_ratio,Unadjusted,175,0.8992056468727014
participation_ratio,Unadjusted,176,1.9955779069039181
participation_ratio,Unadjusted,177,1.0066745923509757
participation_ratio,Unadjusted,178,0.9608289253891371
participation_ratio,Unadjusted,179,0.2935613751336632
participation_ratio,Unadjusted,180,0.002267177372061724
participation_ratio,Unadjusted,181,1.111507514433299
participation_ratio,Unadjusted,182,0.21526500734404408
participation_ratio,Unadjusted,183,1.1383362312189433
participation_ratio,Unadjusted,184,1.3741801991042166
participation_ratio,Unadjusted,185,0.35500155812587764
participation_ratio,Unadjusted,186,1.4114855918042508
participation_ratio,Unadjusted,187,2.1118533465917153
participation_ratio,Unadjusted,188,0.008904152451975733
participation_ratio,Unadjusted,189,0.00863786572273284
participation_ratio,Unadjusted,190,1.9630227627207546
participation_ratio,Unadjusted,191,0.19422838827659916
participation_ratio,Unadjusted,192,0.013980424233750455
participation_ratio,Unadjusted,193,0.0014146436274700136
participation_ratio,Unadjusted,194,0.1262353526218476
participation_ratio,Unadjusted,195,2.7307998779829177
participation_ratio,Unadjusted,196,0.025855566703853583
participation_ratio,Unadjusted,197,0.6949734127200031
participation_ratio,Unadjusted,198,1.2989966971284161
participation_ratio,Unadjusted,199,0.06462629815115406
participation_ratio,Unadjusted,200,0.006512891196507553
participation_ratio,Unadjusted,201,0.009575427220397614
participation_ratio,Unadjusted,202,0.5233232502420719
participation_ratio,Unadjusted,203,0.033537372066177795
participation_ratio,Unadjusted,204,0.4158522659713242
participation_ratio,Unadjusted,205,3.603000432179215
participation_ratio,Unadjusted,206,0.15714882933485796
participation_ratio,Unadjusted,207,0.014283976052638536
participation_ratio,Unadjusted,208,0.08433368669238916
participation_ratio,Unadjusted,209,0.402975668060094
participation_ratio,Unadjusted,210,0.006488004986351825
participation_ratio,Unadjusted,211,0.6579603271428596
participation_ratio,Unadjusted,212,1.0433347463170435
participation_ratio,Unadjusted,213,0.3214536084533961
participation_ratio,Unadjusted,214,0.0696752197155206
participation_ratio,Unadjusted,215,1.2046204062698962e-05
participation_ratio,Unadjusted,216,0.07831430853980237
participation_ratio,Unadjusted,217,1.1074997413509777
participation_ratio,Unadjusted,218,0.21507502466386086
participation_ratio,Unadjusted,219,0.15310759628664528
participation_ratio,Unadjusted,220,0.3469989274947807
participation_ratio,Unadjusted,221,0.10982855829183791
participation_ratio,Unadjusted,222,1.1759769322478064
participation_ratio,Unadjusted,223,8.100688710771749
participation_ratio,Unadjusted,224,1.5457529446032368
participation_ratio,Unadjusted,225,0.1474682784259187
participation_ratio,Unadjusted,226,0.01873960566825872
participation_ratio,Unadjusted,227,1.1467548790897695
participation_ratio,Unadjusted,228,0.7626436824337475
participation_ratio,Unadjusted,229,0.7791843601737014
participation_ratio,Unadjusted,230,0.5467315469421123
participation_ratio,Unadjusted,231,0.07398147893241003
participation_ratio,Unadjusted,232,0.18578617075610282
participation_ratio,Unadjusted,233,0.22781902637774465
participation_ratio,Unadjusted,234,1.127399609293235
participation_ratio,Unadjusted,235,0.035580364299789835
participation_ratio,Unadjusted,236,1.4173919527701173
participation_ratio,Unadjusted,237,0.051162956235998536
participation_ratio,Unadjusted,238,0.012461482836783944
participation_ratio,Unadjusted,239,0.04551458248852214
participation_ratio,Unadjusted,240,2.5988840980412533
participation_ratio,Unadjusted,241,6.674621494184294
participation_ratio,Unadjusted,242,0.06029373312117059
participation_ratio,Unadjusted,243,1.4351171542011798
participation_ratio,Unadjusted,244,0.5659264161182307
participation_ratio,Unadjusted,245,0.33863359787926584
participation_ratio,Unadjusted,246,1.3588781322251293
participation_ratio,Unadjusted,247,0.7483540896447209
participation_ratio,Unadjusted,248,0.9119138552381969
participation_ratio,Unadjusted,249,0.05159710933628503
participation_ratio,Unadjusted,250,1.29497226511711
participation_ratio,Unadjusted,251,5.595969286950094
participation_ratio,Unadjusted,252,0.010854536025590278
participation_ratio,Unadjusted,253,0.18823792659640048
participation_ratio,Unadjusted,254,1.9926564060026521
participation_ratio,Unadjusted,255,0.07750294340644359
participation_ratio,Unadjusted,256,0.47554998007967697
participation_ratio,Unadjusted,257,0.05743375422429153
participation_ratio,Unadjusted,258,0.11920034833207183
participation_ratio,Unadjusted,259,0.00014903123985732236
participation_ratio,Unadjusted,260,0.36434362237878304
participation_ratio,Unadjusted,261,0.490214633803987
participation_ratio,Unadjusted,262,0.2769265435366606
participation_ratio,Unadjusted,263,0.5914430280265606
participation_ratio,Unadjusted,264,0.051261204834816
participation_ratio,Unadjusted,265,0.7139692941832436
participation_ratio,Unadjusted,266,0.010555576485387519
participation_ratio,Unadjusted,267,0.5131850892422563
participation_ratio,Unadjusted,268,0.35062380261160797
participation_ratio,Unadjusted,269,5.970544272980987
participation_ratio,Unadjusted,270,0.10550355712729242
participation_ratio,Unadjusted,271,0.2392540733867463
participation_ratio,Unadjusted,272,0.4218522605465864
participation_ratio,Unadjusted,273,0.05409144005039934
participation_ratio,Unadjusted,274,4.000751591708308
participation_ratio,Unadjusted,275,3.199607930317484
participation_ratio,Unadjusted,276,0.0016896482074457708
participation_ratio,Unadjusted,277,0.9718856175794599
participation_ratio,Unadjusted,278,1.9067374749380974
participation_ratio,Unadjusted,279,0.00019764571737823644
participation_ratio,Unadjusted,280,1.8063962795217208
participation_ratio,Unadjusted,281,1.8963437408162633
participation_ratio,Unadjusted,282,0.3036887963989727
participation_ratio,Unadjusted,283,0.155539660022896
participation_ratio,Unadjusted,284,1.7539811781354615
participation_ratio,Unadjusted,285,1.9018317776143476
participation_ratio,Unadjusted,286,1.5857177115196919
participation_ratio,Unadjusted,287,0.224063517470654
participation_ratio,Unadjusted,288,1.9310157580948157
participation_ratio,Unadjusted,289,0.1302262369584355
participation_ratio,Unadjusted,290,0.4202487851280239
participation_ratio,Unadjusted,291,0.490572297129404
participation_ratio,Unadjusted,292,0.4251956783306241
participation_ratio,Unadjusted,293,0.5620403195085828
participation_ratio,Unadjusted,294,0.01107478062294831
participation_ratio,Unadjusted,295,4.952747870505959
participation_ratio,Unadjusted,296,0.3364189740167376
participation_ratio,Unadjusted,297,4.416941810641788
participation_ratio,Unadjusted,298,1.8193840019771983
participation_ratio,Unadjusted,299,0.29767591706763596
participation_ratio,Unadjusted,300,0.5192724553722883
participation_ratio,Unadjusted,301,0.04298616968861779
participation_ratio,Unadjusted,302,1.1649051751134607
participation_ratio,Unadjusted,303,0.31055726514864546
participation_ratio,Unadjusted,304,0.4173925025776555
participation_ratio,Unadjusted,305,0.27367161735514856
participation_ratio,Unadjusted,306,1.250192578469182
participation_ratio,Unadjusted,307,4.43814080421356
participation_ratio,Unadjusted,308,0.4714410983090147
participation_ratio,Unadjusted,309,0.004077108689216402
participation_ratio,Unadjusted,310,0.0017204397215095923
participation_ratio,Unadjusted,311,0.08386493042269194
participation_ratio,Unadjusted,312,0.6223865076360084
participation_ratio,Unadjusted,313,4.8974286922758665
participation_ratio,Unadjusted,314,0.010310770327180308
participation_ratio,Unadjusted,315,2.0514845028767468
participation_ratio,Unadjusted,316,0.022489140367497384
participation_ratio,Unadjusted,317,1.4332052344372528
participation_ratio,Unadjusted,318,0.9390129490953427
participation_ratio,Unadjusted,319,0.36065194805081546
participation_ratio,Unadjusted,320,0.7116438161640986
participation_ratio,Unadjusted,321,0.6465779014278041
participation_ratio,Unadjusted,322,0.3198641234548063
participation_ratio,Unadjusted,323,0.4307901277285282
participation_ratio,Unadjusted,324,0.03739515501990809
participation_ratio,Unadjusted,325,0.11377441307172376
participation_ratio,Unadjusted,326,0.8116185246905729
participation_ratio,Unadjusted,327,2.63802818485982
participation_ratio,Unadjusted,328,0.6649610095140588
participation_ratio,Unadjusted,329,2.421134329638619
participation_ratio,Unadjusted,330,0.07978139422777986
participation_ratio,Unadjusted,331,1.1080674842542066
participation_ratio,Unadjusted,332,0.4871331264358787
participation_ratio,Unadjusted,333,1.6067197995167817
participation_ratio,Unadjusted,334,0.059018397334853034
participation_ratio,Unadjusted,335,0.010139672444495318
participation_ratio,Unadjusted,336,0.8816728960160276
participation_ratio,Unadjusted,337,2.3343408269379893
participation_ratio,Unadjusted,338,0.8938649937024365
participation_ratio,Unadjusted,339,2.1684057097452865
participation_ratio,Unadjusted,340,0.3604788066210176
participation_ratio,Unadjusted,341,1.0990635245081535
participation_ratio,Unadjusted,342,0.04349595578270282
participation_ratio,Unadjusted,343,0.27033627212239253
participation_ratio,Unadjusted,344,0.8742287762498222
participation_ratio,Unadjusted,345,0.5024193547802156
participation_ratio,Unadjusted,346,1.9275590204466084
participation_ratio,Unadjusted,347,1.9124741451676641
participation_ratio,Unadjusted,348,1.4303343993420867
participation_ratio,Unadjusted,349,2.9999393826334426
participation_ratio,Unadjusted,350,2.5371041740706346
participation_ratio,Unadjusted,351,1.8006413211898007
participation_ratio,Unadjusted,352,0.03678566664899563
participation_ratio,Unadjusted,353,0.30778356957301867
participation_ratio,Unadjusted,354,0.16605367151134942
participation_ratio,Unadjusted,355,0.06953670107378684
participation_ratio,Unadjusted,356,1.3843796062548677
participation_ratio,Unadjusted,357,0.06656994312919551
participation_ratio,Unadjusted,358,1.3688302515112696
participation_ratio,Unadjusted,359,1.2941202886049723
participation_ratio,Unadjusted,360,1.8611269510246302
participation_ratio,Unadjusted,361,0.01612795263457656
participation_ratio,Unadjusted,362,1.21604550568955
participation_ratio,Unadjusted,363,0.19978658004305316
participation_ratio,Unadjusted,364,0.603518971105018
participation_ratio,Unadjusted,365,0.26362682891533495
participation_ratio,Unadjusted,366,0.8435649075270248
participation_ratio,Unadjusted,367,0.21103113235261617
participation_ratio,Unadjusted,368,0.40876906112055167
participation_ratio,Unadjusted,369,3.133988208493463
participation_ratio,Unadjusted,370,0.003779961983866542
participation_ratio,Unadjusted,371,0.009499986334333244
participation_ratio,Unadjusted,372,0.08107163641454918
participation_ratio,Unadjusted,373,0.011986667400549322
participation_ratio,Unadjusted,374,0.03746187468726703
participation_ratio,Unadjusted,375,0.261734638790756
participation_ratio,Unadjusted,376,1.2325416915837764
participation_ratio,Unadjusted,377,0.019703179325745168
participation_ratio,Unadjusted,378,2.7877181003855185
participation_ratio,Unadjusted,379,0.40888040668750136
participation_ratio,Unadjusted,380,1.9695801832829147
participation_ratio,Unadjusted,381,1.459810691468988
participation_ratio,Unadjusted,382,2.6392473600183166
participation_ratio,Unadjusted,383,1.0591660511543353
participation_ratio,Unadjusted,384,0.7228331141149624
participation_ratio,Unadjusted,385,0.9092529451864948
participation_ratio,Unadjusted,386,1.0815559801449126
participation_ratio,Unadjusted,387,2.1139709757823084
participation_ratio,Unadjusted,388,0.03807777390636602
participation_ratio,Unadjusted,389,3.710196931753046
participation_ratio,Unadjusted,390,0.5159917967737897
participation_ratio,Unadjusted,391,0.002098836220739031
participation_ratio,Unadjusted,392,0.02879119751034409
participation_ratio,Unadjusted,393,0.3472144699503019
participation_ratio,Unadjusted,394,0.6311941268200485
participation_ratio,Unadjusted,395,0.29892139597643563
participation_ratio,Unadjusted,396,2.531708677204449
participation_ratio,Unadjusted,397,2.0933050628781302
participation_ratio,Unadjusted,398,5.035373577507727
participation_ratio,Unadjusted,399,0.1130405014733924
participation_ratio,Unadjusted,400,3.113437388048908
participation_ratio,Unadjusted,401,0.02929203339800779
participation_ratio,Unadjusted,402,0.7412283458345428
participation_ratio,Unadjusted,403,0.36029507349837786
participation_ratio,Unadjusted,404,0.022692058560778605
participation_ratio,Unadjusted,405,0.062206859979028195
participation_ratio,Unadjusted,406,0.022125876618588336
participation_ratio,Unadjusted,407,0.056430561253762335
participation_ratio,Unadjusted,408,0.16471260558824952
participation_ratio,Unadjusted,409,4.247855038797127
participation_ratio,Unadjusted,410,0.03050423852437234
participation_ratio,Unadjusted,411,8.05649257572503
participation_ratio,Unadjusted,412,0.7547641089230979
participation_ratio,Unadjusted,413,0.140491339003745
participation_ratio,Unadjusted,414,7.363335612219544
participation_ratio,Unadjusted,415,0.0016213535977271931
participation_ratio,Unadjusted,416,0.20893616527899894
participation_ratio,Unadjusted,417,0.7144157866060254
participation_ratio,Unadjusted,418,2.944119026993519
participation_ratio,Unadjusted,419,0.06613176613092264
participation_ratio,Unadjusted,420,1.688773977308756
participation_ratio,Unadjusted,421,1.9011195698819279
participation_ratio,Unadjusted,422,2.82746990997839
participation_ratio,Unadjusted,423,0.01658790091994433
participation_ratio,Unadjusted,424,2.324004168498732
participation_ratio,Unadjusted,425,3.4049793693432093
participation_ratio,Unadjusted,426,0.0007538712972632311
participation_ratio,Unadjusted,427,0.04659844973042482
participation_ratio,Unadjusted,428,0.963789128635085
participation_ratio,Unadjusted,429,0.040247624526614345
participation_ratio,Unadjusted,430,0.11851010986026722
participation_ratio,Unadjusted,431,0.35014885161808706
participation_ratio,Unadjusted,432,0.10818509392817077
participation_ratio,Unadjusted,433,1.3722499198420337
participation_ratio,Unadjusted,434,1.3930246234970127
participation_ratio,Unadjusted,435,2.7825018597092708
participation_ratio,Unadjusted,436,1.5921315475844722
participation_ratio,Unadjusted,437,1.8394829074301242
participation_ratio,Unadjusted,438,0.04425284444457134
participation_ratio,Unadjusted,439,4.5912746740619355
participation_ratio,Unadjusted,440,2.5376011221110844
participation_ratio,Unadjusted,441,0.2874201142146262
participation_ratio,Unadjusted,442,0.25258664622634797
participation_ratio,Unadjusted,443,0.07071277689863109
participation_ratio,Unadjusted,444,0.409355350880503
participation_ratio,Unadjusted,445,0.00515057780467032
participation_ratio,Unadjusted,446,0.44579360256778955
participation_ratio,Unadjusted,447,0.0632046666856354
participation_ratio,Unadjusted,448,0.10580831800189117
participation_ratio,Unadjusted,449,7.849135094103019
participation_ratio,Unadjusted,450,2.3631833729807568
participation_ratio,Unadjusted,451,0.5614589357867317
participation_ratio,Unadjusted,452,2.4423280565146683
participation_ratio,Unadjusted,453,0.04897374294353085
participation_ratio,Unadjusted,454,0.7351216637202356
participation_ratio,Unadjusted,455,0.24616604559651023
participation_ratio,Unadjusted,456,1.7632536242488754
participation_ratio,Unadjusted,457,0.9253508815585292
participation_ratio,Unadjusted,458,0.5442877496388974
participation_ratio,Unadjusted,459,0.3948879508405412
participation_ratio,Unadjusted,460,0.9368645407147369
participation_ratio,Unadjusted,461,0.5182222146374897
participation_ratio,Unadjusted,462,0.47259432860812467
participation_ratio,Unadjusted,463,1.0497475357220765
participation_ratio,Unadjusted,464,1.791881514189697
participation_ratio,Unadjusted,465,0.3596284516043511
participation_ratio,Unadjusted,466,0.8897357995581388
participation_ratio,Unadjusted,467,0.1920772486562896
participation_ratio,Unadjusted,468,2.5681287770702568
participation_ratio,Unadjusted,469,1.8576531012157602
participation_ratio,Unadjusted,470,1.2601229545500132
participation_ratio,Unadjusted,471,0.046640646636660676
participation_ratio,Unadjusted,472,1.5126001154876008
participation_ratio,Unadjusted,473,1.9686232103619545
participation_ratio,Unadjusted,474,0.23005498334117647
participation_ratio,Unadjusted,475,7.044864633524412
participation_ratio,Unadjusted,476,6.0985891251960425
participation_ratio,Unadjusted,477,2.6411891606119298
participation_ratio,Unadjusted,478,2.527174143647244
participation_ratio,Unadjusted,479,0.17512268003815734
participation_ratio,Unadjusted,480,0.07503637193030954
participation_ratio,Unadjusted,481,0.025682400116068038
participation_ratio,Unadjusted,482,1.2754258878348423
participation_ratio,Unadjusted,483,1.624860098511192
participation_ratio,Unadjusted,484,2.3126118317051123
participation_ratio,Unadjusted,485,0.218907335696656
participation_ratio,Unadjusted,486,0.22579340826848693
participation_ratio,Unadjusted,487,0.06729406962296025
participation_ratio,Unadjusted,488,0.24962280280948335
participation_ratio,Unadjusted,489,7.768921425250483
participation_ratio,Unadjusted,490,1.0005367755021553
participation_ratio,Unadjusted,491,0.46625557951352903
participation_ratio,Unadjusted,492,6.875551162011106e-05
participation_ratio,Unadjusted,493,1.455126905990653
participation_ratio,Unadjusted,494,0.6578363990209368
participation_ratio,Unadjusted,495,0.5107860530300741
participation_ratio,Unadjusted,496,0.02367754752089013
participation_ratio,Unadjusted,497,0.97355657783487
participation_ratio,Unadjusted,498,1.2344711583957633
participation_ratio,Unadjusted,499,3.101176652536651
participation_ratio,Unadjusted,500,1.8597635173408662
participation_ratio,Unadjusted,501,8.159025497295914
participation_ratio,Unadjusted,502,0.5051679593601648
participation_ratio,Unadjusted,503,0.12431318514819623
participation_ratio,Unadjusted,504,0.24270233966109345
participation_ratio,Unadjusted,505,0.16188941111073518
participation_ratio,Unadjusted,506,0.06031400220700789
participation_ratio,Unadjusted,507,1.5429392597006313
participation_ratio,Unadjusted,508,0.8170962362761429
participation_ratio,Unadjusted,509,3.3178924198499544
participation_ratio,Unadjusted,510,1.9875952856531853
participation_ratio,Unadjusted,511,0.06272708626084977
participation_ratio,Unadjusted,512,0.34131938705942844
participation_ratio,Unadjusted,513,0.6702966055498223
participation_ratio,Unadjusted,514,0.00824983376929822
participation_ratio,Unadjusted,515,3.90959028003698
participation_ratio,Unadjusted,516,0.023450677092569094
participation_ratio,Unadjusted,517,0.17876509270712404
participation_ratio,Unadjusted,518,0.06790746557567218
participation_ratio,Unadjusted,519,0.7424354392346686
participation_ratio,Unadjusted,520,0.21758162785789636
participation_ratio,Unadjusted,521,0.13345390045230943
participation_ratio,Unadjusted,522,0.7852988191309578
participation_ratio,Unadjusted,523,0.001954009991777639
participation_ratio,Unadjusted,524,0.05183777772646181
participation_ratio,Unadjusted,525,0.10707923573713174
participation_ratio,Unadjusted,526,0.1759954589812196
participation_ratio,Unadjusted,527,0.13628187114755974
participation_ratio,Unadjusted,528,2.1462864823561745
participation_ratio,Unadjusted,529,1.4494923512735909
participation_ratio,Unadjusted,530,0.8097949892110705
participation_ratio,Unadjusted,531,0.31898117357940237
participation_ratio,Unadjusted,532,0.1315857580696047
participation_ratio,Unadjusted,533,1.0869190377571272
participation_ratio,Unadjusted,534,0.6434651165342302
participation_ratio,Unadjusted,535,0.8047608836302516
participation_ratio,Unadjusted,536,0.6917028202241795
participation_ratio,Unadjusted,537,0.19276228345904656
participation_ratio,Unadjusted,538,0.00037387932695764903
participation_ratio,Unadjusted,539,0.020674556800543087
participation_ratio,Unadjusted,540,1.470850540054812
participation_ratio,Unadjusted,541,0.3174147027432923
participation_ratio,Unadjusted,542,0.08578248854632875
participation_ratio,Unadjusted,543,0.010956924054141837
participation_ratio,Unadjusted,544,0.0917066814752161
participation_ratio,Unadjusted,545,0.08478376956423972
participation_ratio,Unadjusted,546,0.32687374913496114
participation_ratio,Unadjusted,547,0.13187391670015813
participation_ratio,Unadjusted,548,0.4749393946402165
participation_ratio,Unadjusted,549,0.22543812232459004
participation_ratio,Unadjusted,550,0.02762245495807747
participation_ratio,Unadjusted,551,4.17507039359964
participation_ratio,Unadjusted,552,0.8112013590028369
participation_ratio,Unadjusted,553,1.0269394116234594
participation_ratio,Unadjusted,554,0.570449031177759
participation_ratio,Unadjusted,555,0.02568729710247908
participation_ratio,Unadjusted,556,0.06414945663414073
participation_ratio,Unadjusted,557,0.9112387665909694
participation_ratio,Unadjusted,558,1.7394300232323587
participation_ratio,Unadjusted,559,1.4486406331042758
participation_ratio,Unadjusted,560,0.13876229145284924
participation_ratio,Unadjusted,561,0.28346311759548826
participation_ratio,Unadjusted,562,0.0005033715210629452
participation_ratio,Unadjusted,563,1.99670318934497
participation_ratio,Unadjusted,564,1.279599527838002
participation_ratio,Unadjusted,565,0.00233029641833582
participation_ratio,Unadjusted,566,0.41018398288650815
participation_ratio,Unadjusted,567,1.893118593571387
participation_ratio,Unadjusted,568,1.5917244482676551
participation_ratio,Unadjusted,569,3.4778105556347896
participation_ratio,Unadjusted,570,0.6967600356532557
participation_ratio,Unadjusted,571,1.8466071273468856
participation_ratio,Unadjusted,572,2.076542539240677
participation_ratio,Unadjusted,573,1.2172955719257743
participation_ratio,Unadjusted,574,0.10650775248177524
participation_ratio,Unadjusted,575,0.5780319613382403
participation_ratio,Unadjusted,576,0.3508375596722999
participation_ratio,Unadjusted,577,3.3420443310231462
participation_ratio,Unadjusted,578,0.842576301364204
participation_ratio,Unadjusted,579,6.449047801528593
participation_ratio,Unadjusted,580,0.843162483168328
participation_ratio,Unadjusted,581,0.8917998265084179
participation_ratio,Unadjusted,582,0.07021143941227592
participation_ratio,Unadjusted,583,0.9205249285843138
participation_ratio,Unadjusted,584,0.7082281681736049
participation_ratio,Unadjusted,585,0.9171195551122082
participation_ratio,Unadjusted,586,0.23971565893180014
participation_ratio,Unadjusted,587,0.06009677681180392
participation_ratio,Unadjusted,588,0.0007456943638430857
participation_ratio,Unadjusted,589,0.27576606833622463
participation_ratio,Unadjusted,590,7.604795325439511
participation_ratio,Unadjusted,591,4.091362699919159
participation_ratio,Unadjusted,592,0.014634401730745594
participation_ratio,Unadjusted,593,0.9801332444080231
participation_ratio,Unadjusted,594,2.9198070920888313
participation_ratio,Unadjusted,595,0.253800037603753
participation_ratio,Unadjusted,596,2.067277998814262
participation_ratio,Unadjusted,597,0.5543367650210484
participation_ratio,Unadjusted,598,0.07908806457476203
participation_ratio,Unadjusted,599,0.03621955945919808
participation_ratio,Unadjusted,600,0.1318217446743688
participation_ratio,Unadjusted,601,2.534466792909427
participation_ratio,Unadjusted,602,3.281773643948327e-05
participation_ratio,Unadjusted,603,2.5822827307104603
participation_ratio,Unadjusted,604,1.9671390321015565
participation_ratio,Unadjusted,605,0.01601058397545785
participation_ratio,Unadjusted,606,1.2485636348943672
participation_ratio,Unadjusted,607,3.212515719844646
participation_ratio,Unadjusted,608,0.0009041085046419539
participation_ratio,Unadjusted,609,0.0014457355599120092
participation_ratio,Unadjusted,610,0.17453211259532964
participation_ratio,Unadjusted,611,1.8339554311151005
participation_ratio,Unadjusted,612,1.1789894003873655
participation_ratio,Unadjusted,613,2.4940431616675482
participation_ratio,Unadjusted,614,4.020939326013263
participation_ratio,Unadjusted,615,2.167918646239343
participation_ratio,Unadjusted,616,2.9833332598782363
participation_ratio,Unadjusted,617,0.39693862977924255
participation_ratio,Unadjusted,618,0.1597168427256861
participation_ratio,Unadjusted,619,0.09533332972682729
participation_ratio,Unadjusted,620,0.8483195314278191
participation_ratio,Unadjusted,621,0.09085664028901874
participation_ratio,Unadjusted,622,2.110467807547934
participation_ratio,Unadjusted,623,0.2672132102392766
participation_ratio,Unadjusted,624,0.25216098268060705
participation_ratio,Unadjusted,625,1.9111681181919948
participation_ratio,Unadjusted,626,0.17227517350681865
participation_ratio,Unadjusted,627,9.454419853227591e-05
participation_ratio,Unadjusted,628,5.98643260589057
participation_ratio,Unadjusted,629,0.020146415792282824
participation_ratio,Unadjusted,630,0.32065360213812255
participation_ratio,Unadjusted,631,2.716962562601225
participation_ratio,Unadjusted,632,0.07523145234119966
participation_ratio,Unadjusted,633,0.16219919207460975
participation_ratio,Unadjusted,634,2.848817539575691
participation_ratio,Unadjusted,635,0.06980582325854812
participation_ratio,Unadjusted,636,3.590331351688292e-05
participation_ratio,Unadjusted,637,0.7929934247342203
participation_ratio,Unadjusted,638,0.7520453849384694
participation_ratio,Unadjusted,639,2.411102469435093
participation_ratio,Unadjusted,640,1.0247965555592486
participation_ratio,Unadjusted,641,0.24276594699796306
participation_ratio,Unadjusted,642,0.10351500907546551
participation_ratio,Unadjusted,643,3.194266895024896
participation_ratio,Unadjusted,644,2.0928987970768844
participation_ratio,Unadjusted,645,0.44106725243722167
participation_ratio,Unadjusted,646,0.3716011692017105
participation_ratio,Unadjusted,647,0.20437945619767106
participation_ratio,Unadjusted,648,0.5089680889964825
participation_ratio,Unadjusted,649,3.6032222976384674
participation_ratio,Unadjusted,650,0.16265804227293756
participation_ratio,Unadjusted,651,1.0723368359238066
participation_ratio,Unadjusted,652,0.02836768293661862
participation_ratio,Unadjusted,653,0.017382121324118316
participation_ratio,Unadjusted,654,2.1147291923639386
participation_ratio,Unadjusted,655,0.5820495167307058
participation_ratio,Unadjusted,656,5.003112562462775e-06
participation_ratio,Unadjusted,657,1.4461671880182507
participation_ratio,Unadjusted,658,0.5708495511072442
participation_ratio,Unadjusted,659,0.997152323657474
participation_ratio,Unadjusted,660,4.432338960611901
participation_ratio,Unadjusted,661,0.19334893663454977
participation_ratio,Unadjusted,662,0.045525063800369026
participation_ratio,Unadjusted,663,0.09480110253934981
participation_ratio,Unadjusted,664,3.1064292011013777
participation_ratio,Unadjusted,665,1.8112580025154728
participation_ratio,Unadjusted,666,1.1003607223469771
participation_ratio,Unadjusted,667,1.6883198177552003
participation_ratio,Unadjusted,668,0.7212458895746181
participation_ratio,Unadjusted,669,0.039477363476578375
participation_ratio,Unadjusted,670,0.4260007549523266
participation_ratio,Unadjusted,671,0.41516746000166904
participation_ratio,Unadjusted,672,0.18463747942564623
participation_ratio,Unadjusted,673,0.12093317294267081
participation_ratio,Unadjusted,674,1.3986248863269566
participation_ratio,Unadjusted,675,1.582372454355152
participation_ratio,Unadjusted,676,0.15465003185141768
participation_ratio,Unadjusted,677,0.14635490566138287
participation_ratio,Unadjusted,678,0.0607069152524673
participation_ratio,Unadjusted,679,1.537524840918195
participation_ratio,Unadjusted,680,0.8852154589932866
participation_ratio,Unadjusted,681,2.0671969244507977
participation_ratio,Unadjusted,682,0.9309835732263991
participation_ratio,Unadjusted,683,0.7925565883059562
participation_ratio,Unadjusted,684,0.11257498245817033
participation_ratio,Unadjusted,685,0.0596676585428213
participation_ratio,Unadjusted,686,0.2946696345793498
participation_ratio,Unadjusted,687,3.0415999691767865
participation_ratio,Unadjusted,688,0.18840913643657586
participation_ratio,Unadjusted,689,0.9033067655651053
participation_ratio,Unadjusted,690,0.33534798351490736
participation_ratio,Unadjusted,691,0.00550340804818461
participation_ratio,Unadjusted,692,1.7321142998526966
participation_ratio,Unadjusted,693,0.25671666666875126
participation_ratio,Unadjusted,694,0.01007787634472379
participation_ratio,Unadjusted,695,0.002956382507534272
participation_ratio,Unadjusted,696,0.27332742875825033
participation_ratio,Unadjusted,697,0.06647624577652778
participation_ratio,Unadjusted,698,0.0005215139034362437
participation_ratio,Unadjusted,699,1.767853766157259
participation_ratio,Unadjusted,700,0.6925481470594264
participation_ratio,Unadjusted,701,0.2574649252032941
participation_ratio,Unadjusted,702,1.030060462855488
participation_ratio,Unadjusted,703,0.000748481704306414
participation_ratio,Unadjusted,704,0.40137375729193536
participation_ratio,Unadjusted,705,0.005991815769277764
participation_ratio,Unadjusted,706,0.7148662499777743
participation_ratio,Unadjusted,707,2.3031857568507803
participation_ratio,Unadjusted,708,0.0050989410843556016
participation_ratio,Unadjusted,709,0.5504162203268095
participation_ratio,Unadjusted,710,0.005098700289408953
participation_ratio,Unadjusted,711,0.4834284428346791
participation_ratio,Unadjusted,712,0.03622692050180376
participation_ratio,Unadjusted,713,1.1588822431180006
participation_ratio,Unadjusted,714,0.3181301476493559
participation_ratio,Unadjusted,715,2.9843016112655505
participation_ratio,Unadjusted,716,0.8801201405867687
participation_ratio,Unadjusted,717,1.4219043096625796
participation_ratio,Unadjusted,718,1.9720760448157648
participation_ratio,Unadjusted,719,0.009430185507085298
participation_ratio,Unadjusted,720,0.06825414560023546
participation_ratio,Unadjusted,721,4.256924982503563
participation_ratio,Unadjusted,722,1.4424328756259115
participation_ratio,Unadjusted,723,0.5018014681206182
participation_ratio,Unadjusted,724,2.462446474756632
participation_ratio,Unadjusted,725,1.8384118438406176
participation_ratio,Unadjusted,726,3.5656315199147457
participation_ratio,Unadjusted,727,0.0375742032889832
participation_ratio,Unadjusted,728,0.004936749280716413
participation_ratio,Unadjusted,729,4.837615464687417
participation_ratio,Unadjusted,730,2.3124103511949556
participation_ratio,Unadjusted,731,1.2280254434333528
participation_ratio,Unadjusted,732,0.1005293377731391
participation_ratio,Unadjusted,733,1.4154329272942618
participation_ratio,Unadjusted,734,0.42104721847812243
participation_ratio,Unadjusted,735,1.020813212277119
participation_ratio,Unadjusted,736,0.3313886074143966
participation_ratio,Unadjusted,737,0.2207939893277171
participation_ratio,Unadjusted,738,2.9309850260061694
participation_ratio,Unadjusted,739,0.2057250689202874
participation_ratio,Unadjusted,740,0.8796742926596721
participation_ratio,Unadjusted,741,0.058057134570788094
participation_ratio,Unadjusted,742,8.864707893962986e-05
participation_ratio,Unadjusted,743,2.4238256762388914
participation_ratio,Unadjusted,744,0.5120475175613706
participation_ratio,Unadjusted,745,0.9590735619349289
participation_ratio,Unadjusted,746,1.5035077426064163
participation_ratio,Unadjusted,747,8.314085974397585
participation_ratio,Unadjusted,748,0.5049583100238237
participation_ratio,Unadjusted,749,0.8608242388631879
participation_ratio,Unadjusted,750,0.0077484060548158595
participation_ratio,Unadjusted,751,0.03637276824855462
participation_ratio,Unadjusted,752,0.15866206625094037
participation_ratio,Unadjusted,753,0.07620942883335147
participation_ratio,Unadjusted,754,2.0338167392100672
participation_ratio,Unadjusted,755,0.18766816241975448
participation_ratio,Unadjusted,756,0.9745621698056652
participation_ratio,Unadjusted,757,0.7949331516659868
participation_ratio,Unadjusted,758,2.273061410479727
participation_ratio,Unadjusted,759,0.04524754357191796
participation_ratio,Unadjusted,760,1.992719848915442
participation_ratio,Unadjusted,761,0.0651256816125283
participation_ratio,Unadjusted,762,1.6740220176804144
participation_ratio,Unadjusted,763,0.5400602572424873
participation_ratio,Unadjusted,764,2.5258343308153712
participation_ratio,Unadjusted,765,3.302062193288805
participation_ratio,Unadjusted,766,0.0013640251571302997
participation_ratio,Unadjusted,767,0.17554634352757148
participation_ratio,Unadjusted,768,0.0008025475366366663
participation_ratio,Unadjusted,769,1.3676769235334518
participation_ratio,Unadjusted,770,10.182661891938835
participation_ratio,Unadjusted,771,0.44666820520797046
participation_ratio,Unadjusted,772,0.03220030951075614
participation_ratio,Unadjusted,773,0.5127401273098258
participation_ratio,Unadjusted,774,0.05540746016248477
participation_ratio,Unadjusted,775,0.47527297856544237
participation_ratio,Unadjusted,776,0.05397226189398907
participation_ratio,Unadjusted,777,3.249538697909088
participation_ratio,Unadjusted,778,0.11578494171914144
participation_ratio,Unadjusted,779,2.200935726592604
participation_ratio,Unadjusted,780,0.6524738193539292
participation_ratio,Unadjusted,781,1.6443056580013717
participation_ratio,Unadjusted,782,0.0041127206262103755
participation_ratio,Unadjusted,783,0.5802888628464302
participation_ratio,Unadjusted,784,0.057212438627800566
participation_ratio,Unadjusted,785,0.750852224639516
participation_ratio,Unadjusted,786,3.461417420689372
participation_ratio,Unadjusted,787,0.04519497861912214
participation_ratio,Unadjusted,788,0.007130033947191805
participation_ratio,Unadjusted,789,0.16045340838917355
participation_ratio,Unadjusted,790,0.02200878679724383
participation_ratio,Unadjusted,791,0.07635827477599832
participation_ratio,Unadjusted,792,0.0010389442782070546
participation_ratio,Unadjusted,793,0.002135713587392729
participation_ratio,Unadjusted,794,0.7854407088215964
participation_ratio,Unadjusted,795,0.06225155407787497
participation_ratio,Unadjusted,796,4.257774514461914
participation_ratio,Unadjusted,797,0.951104410469668
participation_ratio,Unadjusted,798,1.7926224377372932
participation_ratio,Unadjusted,799,0.017409349486570136
participation_ratio,Unadjusted,800,0.9939184408006554
participation_ratio,Unadjusted,801,0.005888023692534716
participation_ratio,Unadjusted,802,0.2469644441346759
participation_ratio,Unadjusted,803,0.4182019999151976
participation_ratio,Unadjusted,804,0.0007054108180568619
participation_ratio,Unadjusted,805,0.23962107924813836
participation_ratio,Unadjusted,806,0.28608881965817545
participation_ratio,Unadjusted,807,0.09948955828292583
participation_ratio,Unadjusted,808,0.0002206417136676464
participation_ratio,Unadjusted,809,1.1345516851988577
participation_ratio,Unadjusted,810,0.7328090832175462
participation_ratio,Unadjusted,811,0.7981953425972961
participation_ratio,Unadjusted,812,3.3382432548023644e-05
participation_ratio,Unadjusted,813,0.4925166999481121
participation_ratio,Unadjusted,814,0.007466898177028725
participation_ratio,Unadjusted,815,0.7884281626671736
participation_ratio,Unadjusted,816,0.12418794573875402
participation_ratio,Unadjusted,817,0.00809889996429547
participation_ratio,Unadjusted,818,0.45210847286907097
participation_ratio,Unadjusted,819,0.18918388758453375
participation_ratio,Unadjusted,820,0.2055739115737083
participation_ratio,Unadjusted,821,0.852147803972855
participation_ratio,Unadjusted,822,0.32757956752320183
participation_ratio,Unadjusted,823,1.467695042337084
participation_ratio,Unadjusted,824,0.3565099707863624
participation_ratio,Unadjusted,825,0.32820391913077174
participation_ratio,Unadjusted,826,0.5498683991492612
participation_ratio,Unadjusted,827,0.4615659966672183
participation_ratio,Unadjusted,828,1.5559178906195825
participation_ratio,Unadjusted,829,0.5476631543047006
participation_ratio,Unadjusted,830,0.86907335419113
participation_ratio,Unadjusted,831,0.18370422611769754
participation_ratio,Unadjusted,832,4.654381194378971
participation_ratio,Unadjusted,833,1.077238049269738
participation_ratio,Unadjusted,834,2.389112951160996
participation_ratio,Unadjusted,835,6.601680369472035
participation_ratio,Unadjusted,836,3.234470311445932
participation_ratio,Unadjusted,837,0.6487864282905207
participation_ratio,Unadjusted,838,0.8915876883404508
participation_ratio,Unadjusted,839,0.3222137229034274
participation_ratio,Unadjusted,840,0.24493068274557572
participation_ratio,Unadjusted,841,0.9056013201910105
participation_ratio,Unadjusted,842,0.017339723311920352
participation_ratio,Unadjusted,843,0.06465176098845404
participation_ratio,Unadjusted,844,0.5886336077722376
participation_ratio,Unadjusted,845,0.0015795575121728689
participation_ratio,Unadjusted,846,0.5325621794231665
participation_ratio,Unadjusted,847,0.5223547141800964
participation_ratio,Unadjusted,848,2.56300073208223
participation_ratio,Unadjusted,849,3.1803750269560283
participation_ratio,Unadjusted,850,0.18505635863459702
participation_ratio,Unadjusted,851,0.04481971971921439
participation_ratio,Unadjusted,852,0.6961810393680139
participation_ratio,Unadjusted,853,1.3915084844332455
participation_ratio,Unadjusted,854,0.295134501233008
participation_ratio,Unadjusted,855,0.09799664351237425
participation_ratio,Unadjusted,856,0.05671513590959876
participation_ratio,Unadjusted,857,0.01131269699845916
participation_ratio,Unadjusted,858,0.3794952039009445
participation_ratio,Unadjusted,859,1.8611247118013807
participation_ratio,Unadjusted,860,1.0458541721047823
participation_ratio,Unadjusted,861,0.06319067754702701
participation_ratio,Unadjusted,862,0.3623684867494603
participation_ratio,Unadjusted,863,0.0016912119693870409
participation_ratio,Unadjusted,864,0.007503396650065497
participation_ratio,Unadjusted,865,0.88467133065177
participation_ratio,Unadjusted,866,0.5141387442832865
participation_ratio,Unadjusted,867,4.277354767544182
participation_ratio,Unadjusted,868,0.014979084289848288
participation_ratio,Unadjusted,869,0.0011595156285579833
participation_ratio,Unadjusted,870,0.13812107420494613
participation_ratio,Unadjusted,871,0.21244485115551015
participation_ratio,Unadjusted,872,5.093003724025891
participation_ratio,Unadjusted,873,0.7360899989561744
participation_ratio,Unadjusted,874,1.4344876348263824
participation_ratio,Unadjusted,875,0.06091811030688632
participation_ratio,Unadjusted,876,0.08560278173678171
participation_ratio,Unadjusted,877,1.0114388149463593
participation_ratio,Unadjusted,878,1.0688101991039503
participation_ratio,Unadjusted,879,0.004036045221369022
participation_ratio,Unadjusted,880,0.712881338798411
participation_ratio,Unadjusted,881,0.44668288071432016
participation_ratio,Unadjusted,882,1.1380405094794241
participation_ratio,Unadjusted,883,2.937333679102153
participation_ratio,Unadjusted,884,2.2053230337484706
participation_ratio,Unadjusted,885,0.6936500718325647
participation_ratio,Unadjusted,886,0.8782504303724181
participation_ratio,Unadjusted,887,0.14218695766550127
participation_ratio,Unadjusted,888,0.7163789490937802
participation_ratio,Unadjusted,889,0.004245276884205396
participation_ratio,Unadjusted,890,0.01861082818891191
participation_ratio,Unadjusted,891,1.4437864509316114
participation_ratio,Unadjusted,892,0.30284999751211217
participation_ratio,Unadjusted,893,0.0385271539465748
participation_ratio,Unadjusted,894,0.7940148377600167
participation_ratio,Unadjusted,895,3.1473684720651818
participation_ratio,Unadjusted,896,0.33287024451306024
participation_ratio,Unadjusted,897,0.3511111537011402
participation_ratio,Unadjusted,898,0.0026147091086272667
participation_ratio,Unadjusted,899,0.1527245625680962
participation_ratio,Unadjusted,900,2.8107235859663717
participation_ratio,Unadjusted,901,1.4117547664227459e-05
participation_ratio,Unadjusted,902,0.02034309491142494
participation_ratio,Unadjusted,903,3.974553763384961
participation_ratio,Unadjusted,904,0.4660392301101979
participation_ratio,Unadjusted,905,0.8108973789262564
participation_ratio,Unadjusted,906,0.04696112524590035
participation_ratio,Unadjusted,907,0.3376250645940786
participation_ratio,Unadjusted,908,0.020964432386222143
participation_ratio,Unadjusted,909,0.003983915497656199
participation_ratio,Unadjusted,910,0.00011296891887013771
participation_ratio,Unadjusted,911,0.38025769299503054
participation_ratio,Unadjusted,912,0.6680687035070036
participation_ratio,Unadjusted,913,1.803869922287845
participation_ratio,Unadjusted,914,1.3660004228156595
participation_ratio,Unadjusted,915,0.14444136711580313
participation_ratio,Unadjusted,916,0.5261884548891089
participation_ratio,Unadjusted,917,5.386199522444429
participation_ratio,Unadjusted,918,0.6124027805416858
participation_ratio,Unadjusted,919,3.515117083579412
participation_ratio,Unadjusted,920,1.1464368593318568
participation_ratio,Unadjusted,921,0.26942348547186157
participation_ratio,Unadjusted,922,0.13690200488900928
participation_ratio,Unadjusted,923,0.6701993139480464
participation_ratio,Unadjusted,924,0.006934628913029428
participation_ratio,Unadjusted,925,0.286153823404959
participation_ratio,Unadjusted,926,0.24990876973134846
participation_ratio,Unadjusted,927,5.1946316994444715
participation_ratio,Unadjusted,928,1.762079356350739
participation_ratio,Unadjusted,929,0.02224648546877006
participation_ratio,Unadjusted,930,1.588876314709836
participation_ratio,Unadjusted,931,0.17777363511487465
participation_ratio,Unadjusted,932,0.8637979707621071
participation_ratio,Unadjusted,933,1.984008768774288
participation_ratio,Unadjusted,934,0.5720115428387089
participation_ratio,Unadjusted,935,2.461903530763948
participation_ratio,Unadjusted,936,1.8656034639367078
participation_ratio,Unadjusted,937,0.7531172783125157
participation_ratio,Unadjusted,938,1.603627435446299
participation_ratio,Unadjusted,939,0.17935841806206554
participation_ratio,Unadjusted,940,2.081094757931453
participation_ratio,Unadjusted,941,1.1425061803727772
participation_ratio,Unadjusted,942,0.8001086253555627
participation_ratio,Unadjusted,943,0.2583408219838361
participation_ratio,Unadjusted,944,1.6804723243675426
participation_ratio,Unadjusted,945,2.027763451569456
participation_ratio,Unadjusted,946,0.1555892284447964
participation_ratio,Unadjusted,947,0.29521339463695995
participation_ratio,Unadjusted,948,0.6531537266166083
participation_ratio,Unadjusted,949,0.17642777068397208
participation_ratio,Unadjusted,950,0.03379356536265732
participation_ratio,Unadjusted,951,0.12683334002326774
participation_ratio,Unadjusted,952,0.09729236864541235
participation_ratio,Unadjusted,953,0.26614046696369087
participation_ratio,Unadjusted,954,2.85961113273396
participation_ratio,Unadjusted,955,0.1217743598214156
participation_ratio,Unadjusted,956,0.8574005229417594
participation_ratio,Unadjusted,957,0.0008860804723553883
participation_ratio,Unadjusted,958,0.6383177996708014
participation_ratio,Unadjusted,959,1.6794503166838126
participation_ratio,Unadjusted,960,0.0313739975940166
participation_ratio,Unadjusted,961,0.5292593361088507
participation_ratio,Unadjusted,962,0.8675070826098477
participation_ratio,Unadjusted,963,5.550235690201305
participation_ratio,Unadjusted,964,0.45360767435533944
participation_ratio,Unadjusted,965,2.9463282214388755
participation_ratio,Unadjusted,966,0.17014294905339966
participation_ratio,Unadjusted,967,0.14741803358549532
participation_ratio,Unadjusted,968,1.257609685356016
participation_ratio,Unadjusted,969,0.1517332579889512
participation_ratio,Unadjusted,970,0.058208641903007674
participation_ratio,Unadjusted,971,2.1160648831568096
participation_ratio,Unadjusted,972,0.017689698439539825
participation_ratio,Unadjusted,973,0.01656596081392081
participation_ratio,Unadjusted,974,0.3959916602614726
participation_ratio,Unadjusted,975,3.819722682722613
participation_ratio,Unadjusted,976,2.3874863794433168
participation_ratio,Unadjusted,977,0.2835469532358843
participation_ratio,Unadjusted,978,0.06040399724224699
participation_ratio,Unadjusted,979,0.6439382846248805
participation_ratio,Unadjusted,980,0.12930465392622637
participation_ratio,Unadjusted,981,2.9607522966756505
participation_ratio,Unadjusted,982,2.096857504119896
participation_ratio,Unadjusted,983,0.23124991155481212
participation_ratio,Unadjusted,984,0.05868564335682436
participation_ratio,Unadjusted,985,2.3190618975574466
participation_ratio,Unadjusted,986,0.18986660624295837
participation_ratio,Unadjusted,987,0.002144237339848587
participation_ratio,Unadjusted,988,1.4754124704770106
participation_ratio,Unadjusted,989,1.389362979711052
participation_ratio,Unadjusted,990,0.07334196898762002
participation_ratio,Unadjusted,991,1.1021786595352978
participation_ratio,Unadjusted,992,0.007385501048531751
participation_ratio,Unadjusted,993,0.06835247959645585
participation_ratio,Unadjusted,994,0.17974453785467404
participation_ratio,Unadjusted,995,0.08144245887365287
participation_ratio,Unadjusted,996,2.9591906135623276
participation_ratio,Unadjusted,997,0.17016500326536743
participation_ratio,Unadjusted,998,0.2462295941290904
participation_ratio,Count-adjusted,0,0.8801566162067616
participation_ratio,Count-adjusted,1,0.5441056088271239
participation_ratio,Count-adjusted,2,2.422879478611719
participation_ratio,Count-adjusted,3,0.005266901232602095
participation_ratio,Count-adjusted,4,0.17035259380017465
participation_ratio,Count-adjusted,5,0.13661735946189424
participation_ratio,Count-adjusted,6,0.02428794569024717
participation_ratio,Count-adjusted,7,0.3102701419960283
participation_ratio,Count-adjusted,8,0.3719268094514234
participation_ratio,Count-adjusted,9,0.1937141691532247
participation_ratio,Count-adjusted,10,0.05822540320201597
participation_ratio,Count-adjusted,11,0.41285421136018385
participation_ratio,Count-adjusted,12,1.2109028780995743
participation_ratio,Count-adjusted,13,7.945431121606788
participation_ratio,Count-adjusted,14,0.6861028313761608
participation_ratio,Count-adjusted,15,0.05529153220439298
participation_ratio,Count-adjusted,16,0.00887442417953821
participation_ratio,Count-adjusted,17,0.011014424629934183
participation_ratio,Count-adjusted,18,0.2095329836881774
participation_ratio,Count-adjusted,19,2.116119344720886
participation_ratio,Count-adjusted,20,0.042658908495155856
participation_ratio,Count-adjusted,21,0.3781115254724341
participation_ratio,Count-adjusted,22,0.015124881664007717
participation_ratio,Count-adjusted,23,0.07777577333635577
participation_ratio,Count-adjusted,24,0.43590338364748504
participation_ratio,Count-adjusted,25,0.07056981583508559
participation_ratio,Count-adjusted,26,0.0012012774573975094
participation_ratio,Count-adjusted,27,0.07444187623673315
participation_ratio,Count-adjusted,28,0.04003411627024889
participation_ratio,Count-adjusted,29,3.339406480587428
participation_ratio,Count-adjusted,30,0.059658978564584686
participation_ratio,Count-adjusted,31,0.010872587304447734
participation_ratio,Count-adjusted,32,4.369553892621383
participation_ratio,Count-adjusted,33,0.18920223114434975
participation_ratio,Count-adjusted,34,0.192814030251526
participation_ratio,Count-adjusted,35,2.915537560101228
participation_ratio,Count-adjusted,36,0.5499090575651451
participation_ratio,Count-adjusted,37,2.2547266819956064
participation_ratio,Count-adjusted,38,2.1885139787961805
participation_ratio,Count-adjusted,39,0.14599017701053185
participation_ratio,Count-adjusted,40,15.173704718036987
participation_ratio,Count-adjusted,41,0.27556382239504273
participation_ratio,Count-adjusted,42,0.0448083465088871
participation_ratio,Count-adjusted,43,0.8462811892725313
participation_ratio,Count-adjusted,44,0.14028808378083113
participation_ratio,Count-adjusted,45,1.353749988421157
participation_ratio,Count-adjusted,46,1.0946165950565785
participation_ratio,Count-adjusted,47,3.2183912317659065
participation_ratio,Count-adjusted,48,0.4014448904900121
participation_ratio,Count-adjusted,49,0.1604921105106314
participation_ratio,Count-adjusted,50,0.7907573360173501
participation_ratio,Count-adjusted,51,2.7915526189343325
participation_ratio,Count-adjusted,52,0.5146875214693978
participation_ratio,Count-adjusted,53,2.4508825782451424
participation_ratio,Count-adjusted,54,0.2712929410534457
participation_ratio,Count-adjusted,55,0.2103867114670095
participation_ratio,Count-adjusted,56,0.17229311039614004
participation_ratio,Count-adjusted,57,0.07942721560360155
participation_ratio,Count-adjusted,58,7.760694392585151
participation_ratio,Count-adjusted,59,2.3887901937462743
participation_ratio,Count-adjusted,60,0.4262592929154039
participation_ratio,Count-adjusted,61,0.1261044411754142
participation_ratio,Count-adjusted,62,0.2628574367655574
participation_ratio,Count-adjusted,63,4.328434390832626
participation_ratio,Count-adjusted,64,0.13030397200057564
participation_ratio,Count-adjusted,65,0.5789644116598822
participation_ratio,Count-adjusted,66,0.6762072271435215
participation_ratio,Count-adjusted,67,2.8972003696560193
participation_ratio,Count-adjusted,68,3.867261038375773
participation_ratio,Count-adjusted,69,0.9534247542284504
participation_ratio,Count-adjusted,70,0.07486344950734747
participation_ratio,Count-adjusted,71,3.8564577667806645
participation_ratio,Count-adjusted,72,1.277404784376273
participation_ratio,Count-adjusted,73,0.6915102925842973
participation_ratio,Count-adjusted,74,0.02734611792456576
participation_ratio,Count-adjusted,75,0.5319265030622375
participation_ratio,Count-adjusted,76,0.902617893746509
participation_ratio,Count-adjusted,77,1.2469041039277897
participation_ratio,Count-adjusted,78,0.5474734449185519
participation_ratio,Count-adjusted,79,0.04537475358264942
participation_ratio,Count-adjusted,80,0.4353346107327525
participation_ratio,Count-adjusted,81,0.05300214686147342
participation_ratio,Count-adjusted,82,2.3463068060405874
participation_ratio,Count-adjusted,83,0.013697722575898297
participation_ratio,Count-adjusted,84,0.04177900914521615
participation_ratio,Count-adjusted,85,1.2735952385583857
participation_ratio,Count-adjusted,86,3.159899669968553
participation_ratio,Count-adjusted,87,0.08611468574284231
participation_ratio,Count-adjusted,88,0.011200006818626207
participation_ratio,Count-adjusted,89,6.342982667291693
participation_ratio,Count-adjusted,90,0.5784816625269968
participation_ratio,Count-adjusted,91,0.306438356857484
participation_ratio,Count-adjusted,92,0.4652035130510228
participation_ratio,Count-adjusted,93,0.21409418609991349
participation_ratio,Count-adjusted,94,3.743408468810628
participation_ratio,Count-adjusted,95,0.07159527315010905
participation_ratio,Count-adjusted,96,2.311312752032279
participation_ratio,Count-adjusted,97,1.8709384081410576
participation_ratio,Count-adjusted,98,1.7073769129094671
participation_ratio,Count-adjusted,99,3.427265925071765
participation_ratio,Count-adjusted,100,0.020109344079429547
participation_ratio,Count-adjusted,101,0.8423037956715689
participation_ratio,Count-adjusted,102,2.491258828869462
participation_ratio,Count-adjusted,103,0.022165202359047953
participation_ratio,Count-adjusted,104,0.002217825292092357
participation_ratio,Count-adjusted,105,1.0731742968625895
participation_ratio,Count-adjusted,106,1.0483587097407963
participation_ratio,Count-adjusted,107,0.4295042946630474
participation_ratio,Count-adjusted,108,0.025548567512544196
participation_ratio,Count-adjusted,109,1.1303231298009564
participation_ratio,Count-adjusted,110,0.10027862197964055
participation_ratio,Count-adjusted,111,0.30859105473737714
participation_ratio,Count-adjusted,112,0.003935652228165054
participation_ratio,Count-adjusted,113,0.5465213201943584
participation_ratio,Count-adjusted,114,0.7737166474152275
participation_ratio,Count-adjusted,115,1.0050752081157555
participation_ratio,Count-adjusted,116,0.00032102945533551974
participation_ratio,Count-adjusted,117,4.412745445426481
participation_ratio,Count-adjusted,118,0.4299734691585968
participation_ratio,Count-adjusted,119,0.1898217360169383
participation_ratio,Count-adjusted,120,0.003166994388038802
participation_ratio,Count-adjusted,121,4.309041265967238
participation_ratio,Count-adjusted,122,0.6331054412378307
participation_ratio,Count-adjusted,123,2.777170143714443
participation_ratio,Count-adjusted,124,1.2831163538622263
participation_ratio,Count-adjusted,125,3.5796431495332968
participation_ratio,Count-adjusted,126,1.0338210230501659
participation_ratio,Count-adjusted,127,1.8523118652850883
participation_ratio,Count-adjusted,128,0.002142996164707256
participation_ratio,Count-adjusted,129,1.8760212136848224
participation_ratio,Count-adjusted,130,0.04883307424103123
participation_ratio,Count-adjusted,131,0.27225645966049683
participation_ratio,Count-adjusted,132,0.2515839541574678
participation_ratio,Count-adjusted,133,0.0011778508525139841
participation_ratio,Count-adjusted,134,1.0332236464781772
participation_ratio,Count-adjusted,135,0.2748463912584782
participation_ratio,Count-adjusted,136,0.5742960326803939
participation_ratio,Count-adjusted,137,0.9254635815058805
participation_ratio,Count-adjusted,138,0.2242996811869773
participation_ratio,Count-adjusted,139,0.07132505365134989
participation_ratio,Count-adjusted,140,0.10714669078760153
participation_ratio,Count-adjusted,141,0.5384326358385181
participation_ratio,Count-adjusted,142,0.027397767324771394
participation_ratio,Count-adjusted,143,1.056898214455856
participation_ratio,Count-adjusted,144,2.1569562124164747
participation_ratio,Count-adjusted,145,0.28418799245270066
participation_ratio,Count-adjusted,146,0.035093681253016484
participation_ratio,Count-adjusted,147,0.08663653408925143
participation_ratio,Count-adjusted,148,0.027787856033626213
participation_ratio,Count-adjusted,149,1.9606289860254833
participation_ratio,Count-adjusted,150,0.5075228311495437
participation_ratio,Count-adjusted,151,3.982712985235395
participation_ratio,Count-adjusted,152,0.5323106449696979
participation_ratio,Count-adjusted,153,0.06863944878281814
participation_ratio,Count-adjusted,154,0.17960465050032326
participation_ratio,Count-adjusted,155,1.4963561159460141
participation_ratio,Count-adjusted,156,1.79072236011001
participation_ratio,Count-adjusted,157,1.3376275611603603
participation_ratio,Count-adjusted,158,1.732493634007568
participation_ratio,Count-adjusted,159,0.6672903056060306
participation_ratio,Count-adjusted,160,0.2625339581656476
participation_ratio,Count-adjusted,161,0.9067761002059456
participation_ratio,Count-adjusted,162,1.9283716937934514e-05
participation_ratio,Count-adjusted,163,1.3724640453889378
participation_ratio,Count-adjusted,164,0.6798830647196894
participation_ratio,Count-adjusted,165,0.21080278727310997
participation_ratio,Count-adjusted,166,0.51740335465513
participation_ratio,Count-adjusted,167,0.6237440801465084
participation_ratio,Count-adjusted,168,2.9740789377449346
participation_ratio,Count-adjusted,169,5.399496797639273
participation_ratio,Count-adjusted,170,0.1844202416178291
participation_ratio,Count-adjusted,171,0.32470649326171497
participation_ratio,Count-adjusted,172,0.5127041707990259
participation_ratio,Count-adjusted,173,3.667161955476871
participation_ratio,Count-adjusted,174,0.23287385571643426
participation_ratio,Count-adjusted,175,0.19738736111949606
participation_ratio,Count-adjusted,176,0.2574253638991877
participation_ratio,Count-adjusted,177,1.3455971164877383
participation_ratio,Count-adjusted,178,0.1859691362332967
participation_ratio,Count-adjusted,179,2.8014255050564145
participation_ratio,Count-adjusted,180,1.649944795826002
participation_ratio,Count-adjusted,181,7.2451630456324665
participation_ratio,Count-adjusted,182,0.46742714199029933
participation_ratio,Count-adjusted,183,1.6749742459231811
participation_ratio,Count-adjusted,184,0.1175537753885294
participation_ratio,Count-adjusted,185,0.3335532090156903
participation_ratio,Count-adjusted,186,0.05807273267805613
participation_ratio,Count-adjusted,187,0.3823100973301621
participation_ratio,Count-adjusted,188,2.432615666518444
participation_ratio,Count-adjusted,189,0.16190313442228899
participation_ratio,Count-adjusted,190,0.6656788781411365
participation_ratio,Count-adjusted,191,1.10947106824446
participation_ratio,Count-adjusted,192,0.034625350625560714
participation_ratio,Count-adjusted,193,0.5550215723580152
participation_ratio,Count-adjusted,194,4.910122376915467
participation_ratio,Count-adjusted,195,0.11960078914216865
participation_ratio,Count-adjusted,196,0.47940905685376833
participation_ratio,Count-adjusted,197,0.4794065644813372
participation_ratio,Count-adjusted,198,3.1627402019404656
participation_ratio,Count-adjusted,199,0.9327987963601458
participation_ratio,Count-adjusted,200,0.543479390055353
participation_ratio,Count-adjusted,201,3.4146080782193735
participation_ratio,Count-adjusted,202,2.2539107403992205
participation_ratio,Count-adjusted,203,9.579097176507844
participation_ratio,Count-adjusted,204,0.43271922070277924
participation_ratio,Count-adjusted,205,0.7907118959519437
participation_ratio,Count-adjusted,206,0.01715111071032993
participation_ratio,Count-adjusted,207,0.5534872304446026
participation_ratio,Count-adjusted,208,0.0035022924137138034
participation_ratio,Count-adjusted,209,0.15194859734660326
participation_ratio,Count-adjusted,210,0.8932293245376286
participation_ratio,Count-adjusted,211,0.5093035789958549
participation_ratio,Count-adjusted,212,0.5079056453315047
participation_ratio,Count-adjusted,213,0.14319510330153662
participation_ratio,Count-adjusted,214,4.627112167852744
participation_ratio,Count-adjusted,215,0.0756955808182056
participation_ratio,Count-adjusted,216,0.38653155500125536
participation_ratio,Count-adjusted,217,1.809139552343936
participation_ratio,Count-adjusted,218,0.02953409402852003
participation_ratio,Count-adjusted,219,1.2616244715548532
participation_ratio,Count-adjusted,220,2.4979878075577346
participation_ratio,Count-adjusted,221,0.20502815996979962
participation_ratio,Count-adjusted,222,3.6255127527316517
participation_ratio,Count-adjusted,223,0.10951250191808981
participation_ratio,Count-adjusted,224,2.828644329924316
participation_ratio,Count-adjusted,225,0.7475149080724179
participation_ratio,Count-adjusted,226,1.8636116759270465
participation_ratio,Count-adjusted,227,1.3228305488207468
participation_ratio,Count-adjusted,228,0.15963053834391872
participation_ratio,Count-adjusted,229,2.1595331970218865
participation_ratio,Count-adjusted,230,0.06360158237470159
participation_ratio,Count-adjusted,231,0.0032514230574633984
participation_ratio,Count-adjusted,232,0.01687461076764407
participation_ratio,Count-adjusted,233,1.4068086784391198e-07
participation_ratio,Count-adjusted,234,4.085754035281582
participation_ratio,Count-adjusted,235,0.0987499479899725
participation_ratio,Count-adjusted,236,0.02695247632109954
participation_ratio,Count-adjusted,237,0.46666961403241203
participation_ratio,Count-adjusted,238,0.02662769798112663
participation_ratio,Count-adjusted,239,0.18469836229564862
participation_ratio,Count-adjusted,240,0.9619584662215459
participation_ratio,Count-adjusted,241,0.22948222966132903
participation_ratio,Count-adjusted,242,0.029370321352558904
participation_ratio,Count-adjusted,243,0.06262456367318237
participation_ratio,Count-adjusted,244,8.693391937584948
participation_ratio,Count-adjusted,245,2.4590148765136064
participation_ratio,Count-adjusted,246,0.41466185722418913
participation_ratio,Count-adjusted,247,1.294860007362871
participation_ratio,Count-adjusted,248,0.0045539454644369926
participation_ratio,Count-adjusted,249,0.018531855693822763
participation_ratio,Count-adjusted,250,1.4790753819045506
participation_ratio,Count-adjusted,251,2.5244528192020823
participation_ratio,Count-adjusted,252,0.0024391044735807554
participation_ratio,Count-adjusted,253,0.02142343769324384
participation_ratio,Count-adjusted,254,1.5749840108396143
participation_ratio,Count-adjusted,255,1.1154841189165268
participation_ratio,Count-adjusted,256,4.4118051411461465
participation_ratio,Count-adjusted,257,0.1599078695706737
participation_ratio,Count-adjusted,258,0.019066824828655626
participation_ratio,Count-adjusted,259,1.417390970625604
participation_ratio,Count-adjusted,260,0.4763897916948281
participation_ratio,Count-adjusted,261,2.0412664859161964
participation_ratio,Count-adjusted,262,1.8544853459797253
participation_ratio,Count-adjusted,263,0.021289824029480542
participation_ratio,Count-adjusted,264,0.15051148764032973
participation_ratio,Count-adjusted,265,0.2508981172432243
participation_ratio,Count-adjusted,266,0.13823101710082142
participation_ratio,Count-adjusted,267,0.7281606972829024
participation_ratio,Count-adjusted,268,0.12189096240402364
participation_ratio,Count-adjusted,269,0.02763024218808141
participation_ratio,Count-adjusted,270,0.07407791956740084
participation_ratio,Count-adjusted,271,0.2438566518479206
participation_ratio,Count-adjusted,272,3.248660226623855
participation_ratio,Count-adjusted,273,0.21160696005898672
participation_ratio,Count-adjusted,274,0.030196180755154955
participation_ratio,Count-adjusted,275,0.013285798090350909
participation_ratio,Count-adjusted,276,0.05215457864764517
participation_ratio,Count-adjusted,277,0.20814719997090947
participation_ratio,Count-adjusted,278,0.2282665755910216
participation_ratio,Count-adjusted,279,0.6499536903560852
participation_ratio,Count-adjusted,280,5.081832709950788
participation_ratio,Count-adjusted,281,0.5373117805747825
participation_ratio,Count-adjusted,282,1.954808382435317
participation_ratio,Count-adjusted,283,0.2233786441393022
participation_ratio,Count-adjusted,284,0.22146657966774796
participation_ratio,Count-adjusted,285,2.5872519892672017
participation_ratio,Count-adjusted,286,2.182019941149548
participation_ratio,Count-adjusted,287,0.5700976923417329
participation_ratio,Count-adjusted,288,0.5344164381144765
participation_ratio,Count-adjusted,289,0.9069605266793417
participation_ratio,Count-adjusted,290,1.0500395715379227
participation_ratio,Count-adjusted,291,0.8939251395152326
participation_ratio,Count-adjusted,292,0.20913454454040448
participation_ratio,Count-adjusted,293,0.6943887378750162
participation_ratio,Count-adjusted,294,0.32146268976643455
participation_ratio,Count-adjusted,295,0.22774079334561748
participation_ratio,Count-adjusted,296,0.5333685458709851
participation_ratio,Count-adjusted,297,0.9271892579516816
participation_ratio,Count-adjusted,298,0.029226450176651042
participation_ratio,Count-adjusted,299,2.388790178648037
participation_ratio,Count-adjusted,300,2.0188615340800595
participation_ratio,Count-adjusted,301,1.015790615306713
participation_ratio,Count-adjusted,302,1.3586680039744294
participation_ratio,Count-adjusted,303,1.41547665748476e-05
participation_ratio,Count-adjusted,304,0.10086856494027074
participation_ratio,Count-adjusted,305,0.1868613426162824
participation_ratio,Count-adjusted,306,0.5053363127873638
participation_ratio,Count-adjusted,307,0.0015834686701339251
participation_ratio,Count-adjusted,308,1.6958666095096362
participation_ratio,Count-adjusted,309,0.021922556858527287
participation_ratio,Count-adjusted,310,1.301062756071616
participation_ratio,Count-adjusted,311,0.03266127778985606
participation_ratio,Count-adjusted,312,1.3493192159668865
participation_ratio,Count-adjusted,313,6.4286870398959195
participation_ratio,Count-adjusted,314,1.2089632454623427
participation_ratio,Count-adjusted,315,0.3676857560833753
participation_ratio,Count-adjusted,316,0.31113036817757234
participation_ratio,Count-adjusted,317,1.3121977720915936
participation_ratio,Count-adjusted,318,0.25082912881390484
participation_ratio,Count-adjusted,319,0.16343378530902442
participation_ratio,Count-adjusted,320,0.017990906155347375
participation_ratio,Count-adjusted,321,1.3242360943569054
participation_ratio,Count-adjusted,322,0.027383114695311406
participation_ratio,Count-adjusted,323,0.037042701422308255
participation_ratio,Count-adjusted,324,0.4742749453825752
participation_ratio,Count-adjusted,325,1.519835971581955
participation_ratio,Count-adjusted,326,0.19831167082199386
participation_ratio,Count-adjusted,327,0.22103308523227838
participation_ratio,Count-adjusted,328,0.3104848560488165
participation_ratio,Count-adjusted,329,0.012382609627394459
participation_ratio,Count-adjusted,330,0.42268779093291187
participation_ratio,Count-adjusted,331,0.509653562174833
participation_ratio,Count-adjusted,332,0.48925429139998755
participation_ratio,Count-adjusted,333,0.059315602206424956
participation_ratio,Count-adjusted,334,0.05532819961626956
participation_ratio,Count-adjusted,335,0.6376993788337302
participation_ratio,Count-adjusted,336,0.804175786257673
participation_ratio,Count-adjusted,337,0.022144107191365947
participation_ratio,Count-adjusted,338,1.1247412972447535
participation_ratio,Count-adjusted,339,1.9414617074787088
participation_ratio,Count-adjusted,340,2.0276300129708034
participation_ratio,Count-adjusted,341,0.03453677553275725
participation_ratio,Count-adjusted,342,0.0510436443212825
participation_ratio,Count-adjusted,343,2.017137348573897
participation_ratio,Count-adjusted,344,0.7472630329161802
participation_ratio,Count-adjusted,345,1.332511062141549
participation_ratio,Count-adjusted,346,0.17611057451867396
participation_ratio,Count-adjusted,347,1.4566484815267131
participation_ratio,Count-adjusted,348,0.016181712668810633
participation_ratio,Count-adjusted,349,0.027194227855744657
participation_ratio,Count-adjusted,350,0.9428595041777044
participation_ratio,Count-adjusted,351,0.35501599637476033
participation_ratio,Count-adjusted,352,0.9191746577060655
participation_ratio,Count-adjusted,353,2.0944608053298737
participation_ratio,Count-adjusted,354,1.8464213705239843
participation_ratio,Count-adjusted,355,0.5476380680049147
participation_ratio,Count-adjusted,356,2.2726011382083584
participation_ratio,Count-adjusted,357,0.3659845759221412
participation_ratio,Count-adjusted,358,1.7881578576520383
participation_ratio,Count-adjusted,359,2.6540476784576583
participation_ratio,Count-adjusted,360,1.016983322108274
participation_ratio,Count-adjusted,361,0.023396234976075903
participation_ratio,Count-adjusted,362,4.87506387194918
participation_ratio,Count-adjusted,363,5.237527727786073e-05
participation_ratio,Count-adjusted,364,0.31075160579317185
participation_ratio,Count-adjusted,365,0.33920442361409187
participation_ratio,Count-adjusted,366,4.093157866773851
participation_ratio,Count-adjusted,367,0.0034572942479371704
participation_ratio,Count-adjusted,368,0.8403701231357843
participation_ratio,Count-adjusted,369,0.42729035470645726
participation_ratio,Count-adjusted,370,1.6718163139974536
participation_ratio,Count-adjusted,371,0.9818776413034982
participation_ratio,Count-adjusted,372,2.2982002701999704
participation_ratio,Count-adjusted,373,0.001166691941676845
participation_ratio,Count-adjusted,374,0.09821448179388881
participation_ratio,Count-adjusted,375,0.43778931306340496
participation_ratio,Count-adjusted,376,0.7985564314020905
participation_ratio,Count-adjusted,377,0.0650679730150614
participation_ratio,Count-adjusted,378,0.009535841435223347
participation_ratio,Count-adjusted,379,0.009886723022106025
participation_ratio,Count-adjusted,380,0.7822601779032539
participation_ratio,Count-adjusted,381,3.517999913414286
participation_ratio,Count-adjusted,382,1.924240598256688
participation_ratio,Count-adjusted,383,0.1760545321448035
participation_ratio,Count-adjusted,384,1.1379724016095736
participation_ratio,Count-adjusted,385,0.09260737219082671
participation_ratio,Count-adjusted,386,0.022650140546090825
participation_ratio,Count-adjusted,387,1.668140591878597
participation_ratio,Count-adjusted,388,1.5153996992037833
participation_ratio,Count-adjusted,389,1.250840712715899
participation_ratio,Count-adjusted,390,0.6122193124680848
participation_ratio,Count-adjusted,391,2.2077701266399004
participation_ratio,Count-adjusted,392,0.984649390425119
participation_ratio,Count-adjusted,393,0.0008568818506375919
participation_ratio,Count-adjusted,394,0.009475814384956038
participation_ratio,Count-adjusted,395,1.369489875878628
participation_ratio,Count-adjusted,396,0.9251973869786525
participation_ratio,Count-adjusted,397,0.2904354583598092
participation_ratio,Count-adjusted,398,0.462716276172614
participation_ratio,Count-adjusted,399,0.044111883612572456
participation_ratio,Count-adjusted,400,0.12032887251334046
participation_ratio,Count-adjusted,401,0.10215738745839076
participation_ratio,Count-adjusted,402,0.2869306203817814
participation_ratio,Count-adjusted,403,0.0311935592957866
participation_ratio,Count-adjusted,404,3.930969891331671
participation_ratio,Count-adjusted,405,0.35372726169885027
participation_ratio,Count-adjusted,406,4.217812235646562
participation_ratio,Count-adjusted,407,0.18234706999672312
participation_ratio,Count-adjusted,408,0.08134308091581488
participation_ratio,Count-adjusted,409,0.6067921104664435
participation_ratio,Count-adjusted,410,0.24899450471770024
participation_ratio,Count-adjusted,411,0.04746635091896678
participation_ratio,Count-adjusted,412,0.02620552540579979
participation_ratio,Count-adjusted,413,0.15537673551006037
participation_ratio,Count-adjusted,414,0.03253502976656364
participation_ratio,Count-adjusted,415,0.13927395776892126
participation_ratio,Count-adjusted,416,0.21681377719207262
participation_ratio,Count-adjusted,417,0.31667070883003134
participation_ratio,Count-adjusted,418,2.8753591216622283
participation_ratio,Count-adjusted,419,0.018849410598136274
participation_ratio,Count-adjusted,420,0.6164004597180792
participation_ratio,Count-adjusted,421,0.021547406890903176
participation_ratio,Count-adjusted,422,0.05321998647826831
participation_ratio,Count-adjusted,423,3.4772812107726736
participation_ratio,Count-adjusted,424,0.06377530611510451
participation_ratio,Count-adjusted,425,4.850001498915162
participation_ratio,Count-adjusted,426,0.03611548501436346
participation_ratio,Count-adjusted,427,0.727075197656319
participation_ratio,Count-adjusted,428,1.9334249456673547
participation_ratio,Count-adjusted,429,0.01917493960465322
participation_ratio,Count-adjusted,430,0.13331645084346633
participation_ratio,Count-adjusted,431,0.014103933518157419
participation_ratio,Count-adjusted,432,0.0587336074012228
participation_ratio,Count-adjusted,433,0.30099713264743855
participation_ratio,Count-adjusted,434,0.00757655736686047
participation_ratio,Count-adjusted,435,0.06255820653203159
participation_ratio,Count-adjusted,436,0.0329242231101432
participation_ratio,Count-adjusted,437,0.46945675828342814
participation_ratio,Count-adjusted,438,0.052935804417387544
participation_ratio,Count-adjusted,439,0.6686640137913571
participation_ratio,Count-adjusted,440,2.019521039332602
participation_ratio,Count-adjusted,441,0.14453077342622578
participation_ratio,Count-adjusted,442,0.012116585290357307
participation_ratio,Count-adjusted,443,1.314754715437374
participation_ratio,Count-adjusted,444,0.6289170178471011
participation_ratio,Count-adjusted,445,0.18064983647249733
participation_ratio,Count-adjusted,446,0.6226020325270838
participation_ratio,Count-adjusted,447,0.2651815544233216
participation_ratio,Count-adjusted,448,2.02446456895953
participation_ratio,Count-adjusted,449,0.05278099904234068
participation_ratio,Count-adjusted,450,4.78187849729099
participation_ratio,Count-adjusted,451,0.7567775983322633
participation_ratio,Count-adjusted,452,5.205158436858994
participation_ratio,Count-adjusted,453,0.16817117217459554
participation_ratio,Count-adjusted,454,0.0038647409345173855
participation_ratio,Count-adjusted,455,0.7929910079040496
participation_ratio,Count-adjusted,456,0.0530359891039609
participation_ratio,Count-adjusted,457,10.213888293838096
participation_ratio,Count-adjusted,458,0.4852643642945793
participation_ratio,Count-adjusted,459,0.4919044879305545
participation_ratio,Count-adjusted,460,2.3461102221242243
participation_ratio,Count-adjusted,461,1.8618232151384575
participation_ratio,Count-adjusted,462,2.2266924331580924
participation_ratio,Count-adjusted,463,1.010469198813496
participation_ratio,Count-adjusted,464,0.14539202146724506
participation_ratio,Count-adjusted,465,0.9970724583492085
participation_ratio,Count-adjusted,466,1.488675908353116
participation_ratio,Count-adjusted,467,1.8656528077597159
participation_ratio,Count-adjusted,468,0.6089292028897262
participation_ratio,Count-adjusted,469,0.7700252725268228
participation_ratio,Count-adjusted,470,2.4872439661982924
participation_ratio,Count-adjusted,471,0.9853395946194325
participation_ratio,Count-adjusted,472,0.4121909396800447
participation_ratio,Count-adjusted,473,0.11087760427304261
participation_ratio,Count-adjusted,474,0.7883118602365187
participation_ratio,Count-adjusted,475,0.9021660320648834
participation_ratio,Count-adjusted,476,1.2473715752207113
participation_ratio,Count-adjusted,477,0.02585548705661722
participation_ratio,Count-adjusted,478,1.0708604084346405
participation_ratio,Count-adjusted,479,0.06582518406804638
participation_ratio,Count-adjusted,480,0.4653917821414666
participation_ratio,Count-adjusted,481,0.0319705854554968
participation_ratio,Count-adjusted,482,0.3799754102036559
participation_ratio,Count-adjusted,483,0.2561587181455707
participation_ratio,Count-adjusted,484,0.053959781853620825
participation_ratio,Count-adjusted,485,0.021691652919201942
participation_ratio,Count-adjusted,486,1.8142634783920641
participation_ratio,Count-adjusted,487,6.379626432817531e-05
participation_ratio,Count-adjusted,488,0.019953332514859312
participation_ratio,Count-adjusted,489,0.6897686268203245
participation_ratio,Count-adjusted,490,0.6694723631805743
participation_ratio,Count-adjusted,491,3.541824557255069
participation_ratio,Count-adjusted,492,0.8855834130765174
participation_ratio,Count-adjusted,493,0.001455678929005444
participation_ratio,Count-adjusted,494,0.0022991778626533232
participation_ratio,Count-adjusted,495,0.05242796936286709
participation_ratio,Count-adjusted,496,0.03461749921004298
participation_ratio,Count-adjusted,497,0.11573699403501791
participation_ratio,Count-adjusted,498,0.028083451632085144
participation_ratio,Count-adjusted,499,0.1497006113830821
participation_ratio,Count-adjusted,500,1.8698468751748862
participation_ratio,Count-adjusted,501,1.8331995512599235
participation_ratio,Count-adjusted,502,0.13104032730527138
participation_ratio,Count-adjusted,503,0.526252079214828
participation_ratio,Count-adjusted,504,0.04449479891854935
participation_ratio,Count-adjusted,505,0.07930628122912253
participation_ratio,Count-adjusted,506,3.034183652766984
participation_ratio,Count-adjusted,507,0.7342993841639611
participation_ratio,Count-adjusted,508,0.4963036338739073
participation_ratio,Count-adjusted,509,0.006171319206345061
participation_ratio,Count-adjusted,510,0.3304475037485588
participation_ratio,Count-adjusted,511,0.0935570580096794
participation_ratio,Count-adjusted,512,0.024184989404318458
participation_ratio,Count-adjusted,513,1.6053849856883176
participation_ratio,Count-adjusted,514,0.6242796508918786
participation_ratio,Count-adjusted,515,2.233459023943169
participation_ratio,Count-adjusted,516,0.004454496727475998
participation_ratio,Count-adjusted,517,0.0011716732074660285
participation_ratio,Count-adjusted,518,0.5995851106839893
participation_ratio,Count-adjusted,519,4.886729382551863
participation_ratio,Count-adjusted,520,0.5898381560256496
participation_ratio,Count-adjusted,521,0.2635605402271608
participation_ratio,Count-adjusted,522,0.10554026704542707
participation_ratio,Count-adjusted,523,2.4414220742272903
participation_ratio,Count-adjusted,524,0.06412935476279813
participation_ratio,Count-adjusted,525,0.07234565822091099
participation_ratio,Count-adjusted,526,0.07344263233864012
participation_ratio,Count-adjusted,527,1.7333495918474853
participation_ratio,Count-adjusted,528,3.1449860294216023
participation_ratio,Count-adjusted,529,0.6588965614004678
participation_ratio,Count-adjusted,530,3.272645824094866
participation_ratio,Count-adjusted,531,3.328106398375155
participation_ratio,Count-adjusted,532,0.8492919566977832
participation_ratio,Count-adjusted,533,3.3519782606219906
participation_ratio,Count-adjusted,534,0.06621484077160744
participation_ratio,Count-adjusted,535,1.8366035509552603
participation_ratio,Count-adjusted,536,2.836828423631175
participation_ratio,Count-adjusted,537,0.5014572800485837
participation_ratio,Count-adjusted,538,1.9474598088544894
participation_ratio,Count-adjusted,539,0.9845587571344083
participation_ratio,Count-adjusted,540,0.2758331149007063
participation_ratio,Count-adjusted,541,2.321187164963874
participation_ratio,Count-adjusted,542,0.007380271092387147
participation_ratio,Count-adjusted,543,0.5870577804416826
participation_ratio,Count-adjusted,544,0.6514537366591071
participation_ratio,Count-adjusted,545,0.06880470653049997
participation_ratio,Count-adjusted,546,0.10199032661441265
participation_ratio,Count-adjusted,547,0.0811455860464605
participation_ratio,Count-adjusted,548,5.639749208023318
participation_ratio,Count-adjusted,549,0.14219127622237693
participation_ratio,Count-adjusted,550,0.4656382399622885
participation_ratio,Count-adjusted,551,2.2914974843474454
participation_ratio,Count-adjusted,552,2.5624532286815054
participation_ratio,Count-adjusted,553,3.6169842476862186
participation_ratio,Count-adjusted,554,0.04030982648077952
participation_ratio,Count-adjusted,555,0.7024705220133001
participation_ratio,Count-adjusted,556,0.08495278630888947
participation_ratio,Count-adjusted,557,0.19224636824660024
participation_ratio,Count-adjusted,558,1.9371887698752914
participation_ratio,Count-adjusted,559,1.5820677115902697
participation_ratio,Count-adjusted,560,0.36971635947168124
participation_ratio,Count-adjusted,561,0.03114762953873651
participation_ratio,Count-adjusted,562,0.5686750309582749
participation_ratio,Count-adjusted,563,1.5614873344467526
participation_ratio,Count-adjusted,564,1.3524754160700923
participation_ratio,Count-adjusted,565,0.39612930994474027
participation_ratio,Count-adjusted,566,0.1164113443793724
participation_ratio,Count-adjusted,567,0.12210091153426106
participation_ratio,Count-adjusted,568,0.00030763711083636736
participation_ratio,Count-adjusted,569,0.28097699814071575
participation_ratio,Count-adjusted,570,0.17466729530980274
participation_ratio,Count-adjusted,571,0.11045060516974559
participation_ratio,Count-adjusted,572,0.7387447168868846
participation_ratio,Count-adjusted,573,0.4820952831673253
participation_ratio,Count-adjusted,574,0.059621297570117804
participation_ratio,Count-adjusted,575,0.31099885299042285
participation_ratio,Count-adjusted,576,0.18552007015793492
participation_ratio,Count-adjusted,577,0.078956748033022
participation_ratio,Count-adjusted,578,0.8127354469454247
participation_ratio,Count-adjusted,579,0.21340562565814025
participation_ratio,Count-adjusted,580,0.16349201236195654
participation_ratio,Count-adjusted,581,0.5882429944879277
participation_ratio,Count-adjusted,582,0.01639314177197093
participation_ratio,Count-adjusted,583,2.556784438618223
participation_ratio,Count-adjusted,584,1.773992193000197
participation_ratio,Count-adjusted,585,0.2788167442452334
participation_ratio,Count-adjusted,586,0.6960182927285246
participation_ratio,Count-adjusted,587,0.1819520557959038
participation_ratio,Count-adjusted,588,0.0009188837683495876
participation_ratio,Count-adjusted,589,2.1460901236192456
participation_ratio,Count-adjusted,590,0.23002161093151585
participation_ratio,Count-adjusted,591,1.6858158091462485
participation_ratio,Count-adjusted,592,0.09152673532742028
participation_ratio,Count-adjusted,593,0.3991313012589046
participation_ratio,Count-adjusted,594,0.7669629949218404
participation_ratio,Count-adjusted,595,0.22903021167300608
participation_ratio,Count-adjusted,596,0.10923535264763018
participation_ratio,Count-adjusted,597,0.03586998149887677
participation_ratio,Count-adjusted,598,0.024032164225815222
participation_ratio,Count-adjusted,599,0.338794990267445
participation_ratio,Count-adjusted,600,1.1423859048311442
participation_ratio,Count-adjusted,601,0.05931196612692702
participation_ratio,Count-adjusted,602,2.632160945452597
participation_ratio,Count-adjusted,603,0.053694944323154914
participation_ratio,Count-adjusted,604,3.8184791258458404
participation_ratio,Count-adjusted,605,0.9158703402827939
participation_ratio,Count-adjusted,606,0.2161601452260129
participation_ratio,Count-adjusted,607,1.1915949966908954
participation_ratio,Count-adjusted,608,0.5283659023577911
participation_ratio,Count-adjusted,609,0.6945784357767195
participation_ratio,Count-adjusted,610,0.685965980515391
participation_ratio,Count-adjusted,611,1.0349058526817032
participation_ratio,Count-adjusted,612,0.28765525761485833
participation_ratio,Count-adjusted,613,0.02897353180574669
participation_ratio,Count-adjusted,614,0.011768113716811968
participation_ratio,Count-adjusted,615,6.9347633212759945
participation_ratio,Count-adjusted,616,1.9918002014729836
participation_ratio,Count-adjusted,617,2.6639361710251137
participation_ratio,Count-adjusted,618,1.8953229969343113
participation_ratio,Count-adjusted,619,0.12696846106675252
participation_ratio,Count-adjusted,620,5.3959880203204875
participation_ratio,Count-adjusted,621,0.11117460433220572
participation_ratio,Count-adjusted,622,8.407974767008909
participation_ratio,Count-adjusted,623,0.8567322809709594
participation_ratio,Count-adjusted,624,0.7358802288689503
participation_ratio,Count-adjusted,625,0.0012955744056739604
participation_ratio,Count-adjusted,626,0.8853797036881872
participation_ratio,Count-adjusted,627,3.073295988727949
participation_ratio,Count-adjusted,628,0.5156643729011705
participation_ratio,Count-adjusted,629,0.6536662825071744
participation_ratio,Count-adjusted,630,1.7173431758462243
participation_ratio,Count-adjusted,631,0.0011373569013528595
participation_ratio,Count-adjusted,632,0.6577554356481983
participation_ratio,Count-adjusted,633,0.8703258469802222
participation_ratio,Count-adjusted,634,0.6277569894872386
participation_ratio,Count-adjusted,635,0.02031949080208051
participation_ratio,Count-adjusted,636,0.029700137198290122
participation_ratio,Count-adjusted,637,0.14606299042566206
participation_ratio,Count-adjusted,638,1.2920827199730809
participation_ratio,Count-adjusted,639,0.7542734472010864
participation_ratio,Count-adjusted,640,2.485884900364198
participation_ratio,Count-adjusted,641,1.4521927836552209
participation_ratio,Count-adjusted,642,0.8639751201018555
participation_ratio,Count-adjusted,643,0.1752591002928625
participation_ratio,Count-adjusted,644,0.22767447173274036
participation_ratio,Count-adjusted,645,2.8330075375947104
participation_ratio,Count-adjusted,646,2.6610955568753525
participation_ratio,Count-adjusted,647,0.007157522075857514
participation_ratio,Count-adjusted,648,3.2857208043563446
participation_ratio,Count-adjusted,649,0.002605894777531148
participation_ratio,Count-adjusted,650,0.5119748862167057
participation_ratio,Count-adjusted,651,6.683715751099186
participation_ratio,Count-adjusted,652,0.8208156262115551
participation_ratio,Count-adjusted,653,0.2952664594232033
participation_ratio,Count-adjusted,654,0.05755918736176113
participation_ratio,Count-adjusted,655,0.3917133565146287
participation_ratio,Count-adjusted,656,0.02655730825827618
participation_ratio,Count-adjusted,657,0.1467498571355179
participation_ratio,Count-adjusted,658,1.8200468904659886
participation_ratio,Count-adjusted,659,0.5445198535068982
participation_ratio,Count-adjusted,660,0.3906116494931666
participation_ratio,Count-adjusted,661,0.21063305150926226
participation_ratio,Count-adjusted,662,0.09044856158044468
participation_ratio,Count-adjusted,663,1.1428989223283565
participation_ratio,Count-adjusted,664,0.26621363552695243
participation_ratio,Count-adjusted,665,0.2647882835373423
participation_ratio,Count-adjusted,666,0.27784060246480635
participation_ratio,Count-adjusted,667,0.09644237827080815
participation_ratio,Count-adjusted,668,0.4639614773673202
participation_ratio,Count-adjusted,669,0.6842772995685493
participation_ratio,Count-adjusted,670,0.0003937776959048733
participation_ratio,Count-adjusted,671,1.2653335632909375
participation_ratio,Count-adjusted,672,1.0972224485399238
participation_ratio,Count-adjusted,673,0.0006349254331894372
participation_ratio,Count-adjusted,674,0.06317633404526646
participation_ratio,Count-adjusted,675,0.08301195826706476
participation_ratio,Count-adjusted,676,0.022646045705982942
participation_ratio,Count-adjusted,677,0.019086810879912264
participation_ratio,Count-adjusted,678,0.0020830512836766957
participation_ratio,Count-adjusted,679,0.9651192997280589
participation_ratio,Count-adjusted,680,2.7640640902442897
participation_ratio,Count-adjusted,681,0.5553370340007575
participation_ratio,Count-adjusted,682,0.0026755480213012106
participation_ratio,Count-adjusted,683,0.09468364595798562
participation_ratio,Count-adjusted,684,0.14304289423145633
participation_ratio,Count-adjusted,685,0.0473109959336
participation_ratio,Count-adjusted,686,0.7801361762354304
participation_ratio,Count-adjusted,687,0.005788861417926228
participation_ratio,Count-adjusted,688,1.90644381464611
participation_ratio,Count-adjusted,689,2.040822004691563
participation_ratio,Count-adjusted,690,2.525799746662102
participation_ratio,Count-adjusted,691,0.14174737715677566
participation_ratio,Count-adjusted,692,0.018938165750086
participation_ratio,Count-adjusted,693,1.0073509036681685
participation_ratio,Count-adjusted,694,0.4728028726968603
participation_ratio,Count-adjusted,695,1.754316286739396
participation_ratio,Count-adjusted,696,1.423367335963178
participation_ratio,Count-adjusted,697,0.003465676737278045
participation_ratio,Count-adjusted,698,0.8359959284752563
participation_ratio,Count-adjusted,699,1.8645580317815984
participation_ratio,Count-adjusted,700,0.010503751135246375
participation_ratio,Count-adjusted,701,2.380243442600488
participation_ratio,Count-adjusted,702,9.206695741290673
participation_ratio,Count-adjusted,703,0.16389303996979265
participation_ratio,Count-adjusted,704,0.031082965496125325
participation_ratio,Count-adjusted,705,0.6844321007939129
participation_ratio,Count-adjusted,706,0.054165964355831875
participation_ratio,Count-adjusted,707,1.154202161047948
participation_ratio,Count-adjusted,708,2.0849128064818956
participation_ratio,Count-adjusted,709,3.6247313011020026
participation_ratio,Count-adjusted,710,0.02354106385371324
participation_ratio,Count-adjusted,711,0.1372765063991892
participation_ratio,Count-adjusted,712,0.17050923080773828
participation_ratio,Count-adjusted,713,0.8938701696908709
participation_ratio,Count-adjusted,714,1.5352092943030016
participation_ratio,Count-adjusted,715,1.024101420755727
participation_ratio,Count-adjusted,716,0.5248314840827675
participation_ratio,Count-adjusted,717,0.7458034699538132
participation_ratio,Count-adjusted,718,3.104714263777538
participation_ratio,Count-adjusted,719,1.3444346550675732
participation_ratio,Count-adjusted,720,0.2228689942117228
participation_ratio,Count-adjusted,721,0.408122807485114
participation_ratio,Count-adjusted,722,0.28038235464129
participation_ratio,Count-adjusted,723,1.7815211157986255
participation_ratio,Count-adjusted,724,0.14667034444622118
participation_ratio,Count-adjusted,725,0.0884895675267785
participation_ratio,Count-adjusted,726,0.6720195463688867
participation_ratio,Count-adjusted,727,0.005172759796096216
participation_ratio,Count-adjusted,728,3.3828281351421197
participation_ratio,Count-adjusted,729,0.3282701833311421
participation_ratio,Count-adjusted,730,0.001996936984483
participation_ratio,Count-adjusted,731,1.9926092286323467
participation_ratio,Count-adjusted,732,0.336888414929831
participation_ratio,Count-adjusted,733,1.6947755752325406
participation_ratio,Count-adjusted,734,0.4753503949782498
participation_ratio,Count-adjusted,735,0.44922071653152784
participation_ratio,Count-adjusted,736,0.22847262808559776
participation_ratio,Count-adjusted,737,1.4239675479651908
participation_ratio,Count-adjusted,738,1.319158641411832
participation_ratio,Count-adjusted,739,0.005460151283102732
participation_ratio,Count-adjusted,740,1.319524252846918
participation_ratio,Count-adjusted,741,2.0815213942659057
participation_ratio,Count-adjusted,742,0.23875315952841447
participation_ratio,Count-adjusted,743,0.5741741634193147
participation_ratio,Count-adjusted,744,0.017140656702878232
participation_ratio,Count-adjusted,745,3.574451298782833
participation_ratio,Count-adjusted,746,0.0008529747570378277
participation_ratio,Count-adjusted,747,0.005771788001680989
participation_ratio,Count-adjusted,748,1.3057715407155115
participation_ratio,Count-adjusted,749,1.1327011106519933
participation_ratio,Count-adjusted,750,0.2711402458676275
participation_ratio,Count-adjusted,751,4.23134767402189e-05
participation_ratio,Count-adjusted,752,0.01169926841458846
participation_ratio,Count-adjusted,753,0.6667001088801499
participation_ratio,Count-adjusted,754,0.7179943391693939
participation_ratio,Count-adjusted,755,0.6682769552773493
participation_ratio,Count-adjusted,756,2.582270219653992
participation_ratio,Count-adjusted,757,0.20071822233884973
participation_ratio,Count-adjusted,758,0.702443581791016
participation_ratio,Count-adjusted,759,2.1109173725003245
participation_ratio,Count-adjusted,760,1.2509711064241174
participation_ratio,Count-adjusted,761,0.08708333047940187
participation_ratio,Count-adjusted,762,4.625515973881733
participation_ratio,Count-adjusted,763,1.9206728391169179
participation_ratio,Count-adjusted,764,0.24183796132209068
participation_ratio,Count-adjusted,765,0.00019182650046900562
participation_ratio,Count-adjusted,766,0.638388744383775
participation_ratio,Count-adjusted,767,1.3635546228955775
participation_ratio,Count-adjusted,768,3.1478532775963686e-06
participation_ratio,Count-adjusted,769,0.2931647639345272
participation_ratio,Count-adjusted,770,3.7212918152864347
participation_ratio,Count-adjusted,771,0.751521273124439
participation_ratio,Count-adjusted,772,0.07785589245958136
participation_ratio,Count-adjusted,773,2.448146357258281
participation_ratio,Count-adjusted,774,0.72974165014395
participation_ratio,Count-adjusted,775,0.309023082478717
participation_ratio,Count-adjusted,776,0.05100189720587878
participation_ratio,Count-adjusted,777,5.907409662627629
participation_ratio,Count-adjusted,778,2.5777808115257415
participation_ratio,Count-adjusted,779,2.278532611142367
participation_ratio,Count-adjusted,780,0.12601569437541116
participation_ratio,Count-adjusted,781,4.226546609889937
participation_ratio,Count-adjusted,782,1.4904452806790403
participation_ratio,Count-adjusted,783,0.8899608385569593
participation_ratio,Count-adjusted,784,3.0186353069453276
participation_ratio,Count-adjusted,785,1.0019181786447007e-06
participation_ratio,Count-adjusted,786,4.335766918325504
participation_ratio,Count-adjusted,787,0.05764947461611314
participation_ratio,Count-adjusted,788,0.10852263192956002
participation_ratio,Count-adjusted,789,2.152666997550284
participation_ratio,Count-adjusted,790,0.6392668242158095
participation_ratio,Count-adjusted,791,0.0006326124416773382
participation_ratio,Count-adjusted,792,8.159574273312671
participation_ratio,Count-adjusted,793,2.7869009255557557
participation_ratio,Count-adjusted,794,0.609910807524443
participation_ratio,Count-adjusted,795,2.2671084517572524
participation_ratio,Count-adjusted,796,2.560733795751162
participation_ratio,Count-adjusted,797,0.36940455563689056
participation_ratio,Count-adjusted,798,2.103003231346719
participation_ratio,Count-adjusted,799,0.7808693691162318
participation_ratio,Count-adjusted,800,0.296533396667229
participation_ratio,Count-adjusted,801,0.05592079570746478
participation_ratio,Count-adjusted,802,0.4926690837114336
participation_ratio,Count-adjusted,803,0.317307197781588
participation_ratio,Count-adjusted,804,0.5748352296671158
participation_ratio,Count-adjusted,805,8.67621814770979
participation_ratio,Count-adjusted,806,0.03946716117994242
participation_ratio,Count-adjusted,807,0.44563617237346875
participation_ratio,Count-adjusted,808,0.16502994255390036
participation_ratio,Count-adjusted,809,0.8481258167018098
participation_ratio,Count-adjusted,810,1.0043373080742413
participation_ratio,Count-adjusted,811,0.7082452236232086
participation_ratio,Count-adjusted,812,0.6526657408859364
participation_ratio,Count-adjusted,813,4.221568819948601
participation_ratio,Count-adjusted,814,0.24310061942696848
participation_ratio,Count-adjusted,815,0.06355703234984844
participation_ratio,Count-adjusted,816,1.7250961699983236
participation_ratio,Count-adjusted,817,0.487183710198309
participation_ratio,Count-adjusted,818,0.8169988086867193
participation_ratio,Count-adjusted,819,3.7650673616217887
participation_ratio,Count-adjusted,820,0.04272782221454463
participation_ratio,Count-adjusted,821,0.0709526511589047
participation_ratio,Count-adjusted,822,0.6518724019014428
participation_ratio,Count-adjusted,823,0.06568701343095995
participation_ratio,Count-adjusted,824,1.1865771748861107
participation_ratio,Count-adjusted,825,0.07919500358016762
participation_ratio,Count-adjusted,826,0.7026693863649598
participation_ratio,Count-adjusted,827,0.3637837784918929
participation_ratio,Count-adjusted,828,2.381339341120764
participation_ratio,Count-adjusted,829,1.5880741501684952
participation_ratio,Count-adjusted,830,0.3286106712990602
participation_ratio,Count-adjusted,831,0.5398681319698255
participation_ratio,Count-adjusted,832,0.3848291081509103
participation_ratio,Count-adjusted,833,0.3207328646949179
participation_ratio,Count-adjusted,834,0.8026783745333717
participation_ratio,Count-adjusted,835,0.04613712931154623
participation_ratio,Count-adjusted,836,0.4548691258830502
participation_ratio,Count-adjusted,837,3.441902952192237
participation_ratio,Count-adjusted,838,0.9400712106551623
participation_ratio,Count-adjusted,839,0.06224006588229258
participation_ratio,Count-adjusted,840,0.38822756552634985
participation_ratio,Count-adjusted,841,0.04148282043658469
participation_ratio,Count-adjusted,842,3.1501127111065728
participation_ratio,Count-adjusted,843,0.9329184306135971
participation_ratio,Count-adjusted,844,1.1736708464140122
participation_ratio,Count-adjusted,845,0.017392099515461723
participation_ratio,Count-adjusted,846,0.3081243695545197
participation_ratio,Count-adjusted,847,0.45119605547589003
participation_ratio,Count-adjusted,848,0.34049365446847446
participation_ratio,Count-adjusted,849,2.7508750661448857
participation_ratio,Count-adjusted,850,1.9290988636053044
participation_ratio,Count-adjusted,851,1.526336261026671
participation_ratio,Count-adjusted,852,0.038271020463298555
participation_ratio,Count-adjusted,853,0.22698326445788553
participation_ratio,Count-adjusted,854,0.4896810461420671
participation_ratio,Count-adjusted,855,0.18397218306290597
participation_ratio,Count-adjusted,856,2.584995785551399
participation_ratio,Count-adjusted,857,0.011468632658221622
participation_ratio,Count-adjusted,858,0.02177106105747839
participation_ratio,Count-adjusted,859,0.5048491431854814
participation_ratio,Count-adjusted,860,0.2870721160924177
participation_ratio,Count-adjusted,861,3.1765538168790783
participation_ratio,Count-adjusted,862,1.7592358751831796
participation_ratio,Count-adjusted,863,0.5043242113459883
participation_ratio,Count-adjusted,864,0.17666648243837813
participation_ratio,Count-adjusted,865,0.2247311006742052
participation_ratio,Count-adjusted,866,1.6077368466477822
participation_ratio,Count-adjusted,867,0.5563247262530524
participation_ratio,Count-adjusted,868,0.06972563218712935
participation_ratio,Count-adjusted,869,3.1232619425751125
participation_ratio,Count-adjusted,870,1.031347408970504
participation_ratio,Count-adjusted,871,1.046288067538086
participation_ratio,Count-adjusted,872,1.3265181524258196
participation_ratio,Count-adjusted,873,0.7806741183654253
participation_ratio,Count-adjusted,874,0.11048625424342617
participation_ratio,Count-adjusted,875,0.12819876860285717
participation_ratio,Count-adjusted,876,0.44353569843809737
participation_ratio,Count-adjusted,877,0.4413166810307416
participation_ratio,Count-adjusted,878,0.04393295187679769
participation_ratio,Count-adjusted,879,0.2826167424215953
participation_ratio,Count-adjusted,880,2.5178106961193407
participation_ratio,Count-adjusted,881,3.2393638254699226
participation_ratio,Count-adjusted,882,0.12314995474858392
participation_ratio,Count-adjusted,883,2.7045579113900544
participation_ratio,Count-adjusted,884,6.709428589530319
participation_ratio,Count-adjusted,885,0.5760615836119882
participation_ratio,Count-adjusted,886,0.6204560735246787
participation_ratio,Count-adjusted,887,0.18594280746748382
participation_ratio,Count-adjusted,888,0.4084121819978179
participation_ratio,Count-adjusted,889,0.0584642846531267
participation_ratio,Count-adjusted,890,0.06842361106691897
participation_ratio,Count-adjusted,891,0.494392716584116
participation_ratio,Count-adjusted,892,0.0038380920530016738
participation_ratio,Count-adjusted,893,2.848855742308217
participation_ratio,Count-adjusted,894,1.1892695339275576
participation_ratio,Count-adjusted,895,0.46126479352375327
participation_ratio,Count-adjusted,896,1.773963981899385
participation_ratio,Count-adjusted,897,3.0097641370721817
participation_ratio,Count-adjusted,898,0.35969438277351173
participation_ratio,Count-adjusted,899,0.23523146539560003
participation_ratio,Count-adjusted,900,0.0805204669157149
participation_ratio,Count-adjusted,901,0.39191417332682477
participation_ratio,Count-adjusted,902,0.2310047692707542
participation_ratio,Count-adjusted,903,0.020072601361789566
participation_ratio,Count-adjusted,904,0.09171368211062259
participation_ratio,Count-adjusted,905,0.3845859343590803
participation_ratio,Count-adjusted,906,0.7043555277884934
participation_ratio,Count-adjusted,907,0.0877844148745055
participation_ratio,Count-adjusted,908,1.7077318805044968
participation_ratio,Count-adjusted,909,0.0899847412733834
participation_ratio,Count-adjusted,910,0.6497270646240736
participation_ratio,Count-adjusted,911,0.02964072441506005
participation_ratio,Count-adjusted,912,0.8413203516408885
participation_ratio,Count-adjusted,913,0.10215665973848331
participation_ratio,Count-adjusted,914,0.23286718168770904
participation_ratio,Count-adjusted,915,0.8244361291174016
participation_ratio,Count-adjusted,916,2.057166075029727
participation_ratio,Count-adjusted,917,0.3488139604036178
participation_ratio,Count-adjusted,918,0.33693421097652276
participation_ratio,Count-adjusted,919,2.4757513626593095
participation_ratio,Count-adjusted,920,0.4338553260600406
participation_ratio,Count-adjusted,921,0.001256509285667562
participation_ratio,Count-adjusted,922,0.022303453458846434
participation_ratio,Count-adjusted,923,0.0049035210297176945
participation_ratio,Count-adjusted,924,0.4017451086376127
participation_ratio,Count-adjusted,925,0.019914180196309417
participation_ratio,Count-adjusted,926,3.852126990841384
participation_ratio,Count-adjusted,927,0.28961543399822176
participation_ratio,Count-adjusted,928,0.16476248674766225
participation_ratio,Count-adjusted,929,0.1869675516068412
participation_ratio,Count-adjusted,930,0.17828682711592592
participation_ratio,Count-adjusted,931,0.782362065632185
participation_ratio,Count-adjusted,932,3.7862425279169827
participation_ratio,Count-adjusted,933,0.027255490981303865
participation_ratio,Count-adjusted,934,1.6252852655455854
participation_ratio,Count-adjusted,935,0.8667553571158351
participation_ratio,Count-adjusted,936,0.6811329857462454
participation_ratio,Count-adjusted,937,1.280584254508483
participation_ratio,Count-adjusted,938,0.7460590623373093
participation_ratio,Count-adjusted,939,2.928216902023621
participation_ratio,Count-adjusted,940,2.176832505839741
participation_ratio,Count-adjusted,941,1.5395981613014271
participation_ratio,Count-adjusted,942,0.4265071035529502
participation_ratio,Count-adjusted,943,3.6024009674260355
participation_ratio,Count-adjusted,944,3.471490490047586
participation_ratio,Count-adjusted,945,0.050096145723756536
participation_ratio,Count-adjusted,946,2.820381024454548
participation_ratio,Count-adjusted,947,1.043859988905126
participation_ratio,Count-adjusted,948,0.12865116232350715
participation_ratio,Count-adjusted,949,0.8774023849317132
participation_ratio,Count-adjusted,950,2.2751835587376945
participation_ratio,Count-adjusted,951,0.8377472173669389
participation_ratio,Count-adjusted,952,0.22359590933805862
participation_ratio,Count-adjusted,953,0.28683221840356055
participation_ratio,Count-adjusted,954,1.348339836391034
participation_ratio,Count-adjusted,955,0.0008018567614271888
participation_ratio,Count-adjusted,956,1.805520349725498
participation_ratio,Count-adjusted,957,0.3705763985036299
participation_ratio,Count-adjusted,958,0.5811585775057893
participation_ratio,Count-adjusted,959,0.7939295189538598
participation_ratio,Count-adjusted,960,1.4814986481023595
participation_ratio,Count-adjusted,961,0.026373545845672197
participation_ratio,Count-adjusted,962,0.3510816308098015
participation_ratio,Count-adjusted,963,0.07350630099008981
participation_ratio,Count-adjusted,964,0.20318429094763246
participation_ratio,Count-adjusted,965,0.013262452362283739
participation_ratio,Count-adjusted,966,6.073970555678358
participation_ratio,Count-adjusted,967,0.5114062883101838
participation_ratio,Count-adjusted,968,2.674244836719339
participation_ratio,Count-adjusted,969,0.3970021733004785
participation_ratio,Count-adjusted,970,0.0057248587337426216
participation_ratio,Count-adjusted,971,0.775452581362515
participation_ratio,Count-adjusted,972,1.6423657447876394
participation_ratio,Count-adjusted,973,0.5996474494913002
participation_ratio,Count-adjusted,974,0.9638859041104411
participation_ratio,Count-adjusted,975,0.12832206772293375
participation_ratio,Count-adjusted,976,0.8809046663567415
participation_ratio,Count-adjusted,977,0.15650576726974919
participation_ratio,Count-adjusted,978,0.0003466278341193174
participation_ratio,Count-adjusted,979,0.07465407544123082
participation_ratio,Count-adjusted,980,1.2375534048012753
participation_ratio,Count-adjusted,981,0.11453591862397161
participation_ratio,Count-adjusted,982,0.2941670587200065
participation_ratio,Count-adjusted,983,0.3923017492547558
participation_ratio,Count-adjusted,984,3.442887236600626
participation_ratio,Count-adjusted,985,2.2542884534741177
participation_ratio,Count-adjusted,986,2.2584357479080666
participation_ratio,Count-adjusted,987,0.6605129561224317
participation_ratio,Count-adjusted,988,0.33106063576755673
participation_ratio,Count-adjusted,989,0.03039308522042461
participation_ratio,Count-adjusted,990,1.6900500816662998
participation_ratio,Count-adjusted,991,1.0991089662919649
participation_ratio,Count-adjusted,992,1.419272532857775
participation_ratio,Count-adjusted,993,2.377293514990754
participation_ratio,Count-adjusted,994,0.10667749470647436
participation_ratio,Count-adjusted,995,0.24120099098635706
participation_ratio,Count-adjusted,996,0.2818576370684127
participation_ratio,Count-adjusted,997,0.2613063189835998
participation_ratio,Count-adjusted,998,1.176049364305527
