feature,partial_r,n,abs_partial_r
align_lag_A_to_B,0.9865552051077637,10,0.9865552051077637
entropy_B,-0.882976744357217,10,0.882976744357217
turn_jump_std,0.8072924886139417,10,0.8072924886139417
cross_nn_B_to_A,0.7919416891044112,10,0.7919416891044112
hull_area_B,-0.7829175066023043,10,0.7829175066023043
entropy_slope_A,0.7769982100936843,10,0.7769982100936843
turn_jump_B_to_A_mean,-0.7387908972718568,10,0.7387908972718568
turn_jump_A_to_B_mean,0.7385860693504628,10,0.7385860693504628
entropy_total,-0.6987234086702461,10,0.6987234086702461
turn_jump_mean,-0.6950728740226083,10,0.6950728740226083
hull_overlap_area,-0.5755729284776584,10,0.5755729284776584
cross_nn_A_to_B,0.5307938203997405,10,0.5307938203997405
hausdorff_AB,0.5307938203997405,10,0.5307938203997405
entropy_slope_B,-0.5258483117130706,10,0.5258483117130706
containment_A_in_B,-0.5234590620669307,10,0.5234590620669307
containment_B_in_A,-0.49815569903686724,10,0.49815569903686724
nmi_speaker_cluster,0.4961757004104784,10,0.4961757004104784
centroid_dist_std,-0.4447939638337939,10,0.4447939638337939
mi_speaker_cluster,0.43171586934507017,10,0.43171586934507017
align_lag_B_to_A,-0.40146814884012777,10,0.40146814884012777
centroid_dist_mean,-0.3781567724896821,10,0.3781567724896821
influence_B_toward_A,-0.3641436904226903,10,0.3641436904226903
influence_asymmetry_AminusB,0.34127405154798857,10,0.34127405154798857
entropy_A,-0.2793377965870152,10,0.2793377965870152
n_trigrams,-0.2768719569076703,10,0.2768719569076703
expertise_B_ord,0.26734601050544526,10,0.26734601050544526
expertise_A_ord,0.26734601050544504,10,0.26734601050544504
align_eps,-0.25758393820771774,10,0.25758393820771774
influence_A_toward_B,-0.2507795785313017,10,0.2507795785313017
centroid_dist_slope,0.23741797670009454,10,0.23741797670009454
hull_overlap_ratio_min,-0.1233217389557444,10,0.1233217389557444
nmi_turn_clusters,0.09404937627840174,10,0.09404937627840174
hull_area_A,-0.08544749360663383,10,0.08544749360663383
mi_turn_clusters,-0.030093144603743828,10,0.030093144603743828
k_clusters,,10,
