metric,adjustment,replicate,null_lr
speaker_centroid_cosine_distance,Unadjusted,0,0.6943684040110725
speaker_centroid_cosine_distance,Unadjusted,1,0.1634098036875571
speaker_centroid_cosine_distance,Unadjusted,2,0.37839549698929886
speaker_centroid_cosine_distance,Unadjusted,3,0.739003436075734
speaker_centroid_cosine_distance,Unadjusted,4,0.029199571167794147
speaker_centroid_cosine_distance,Unadjusted,5,0.6733912390722594
speaker_centroid_cosine_distance,Unadjusted,6,3.259866576776858
speaker_centroid_cosine_distance,Unadjusted,7,0.7460191816908832
speaker_centroid_cosine_distance,Unadjusted,8,0.061496052962297654
speaker_centroid_cosine_distance,Unadjusted,9,0.06723084530227652
speaker_centroid_cosine_distance,Unadjusted,10,0.753693255778046
speaker_centroid_cosine_distance,Unadjusted,11,0.4188363691612267
speaker_centroid_cosine_distance,Unadjusted,12,0.8800529504199517
speaker_centroid_cosine_distance,Unadjusted,13,0.1443292910196874
speaker_centroid_cosine_distance,Unadjusted,14,3.6728804195973908
speaker_centroid_cosine_distance,Unadjusted,15,0.06600393575365615
speaker_centroid_cosine_distance,Unadjusted,16,2.843190172692175
speaker_centroid_cosine_distance,Unadjusted,17,0.1591288088123406
speaker_centroid_cosine_distance,Unadjusted,18,2.7866232560129447
speaker_centroid_cosine_distance,Unadjusted,19,0.6597831305056729
speaker_centroid_cosine_distance,Unadjusted,20,0.16973566794121098
speaker_centroid_cosine_distance,Unadjusted,21,1.2453071541426652
speaker_centroid_cosine_distance,Unadjusted,22,0.12497028055202009
speaker_centroid_cosine_distance,Unadjusted,23,0.7495873097540766
speaker_centroid_cosine_distance,Unadjusted,24,1.7187135363548123
speaker_centroid_cosine_distance,Unadjusted,25,0.8555389121884787
speaker_centroid_cosine_distance,Unadjusted,26,2.7551577449847855
speaker_centroid_cosine_distance,Unadjusted,27,0.012790873225810628
speaker_centroid_cosine_distance,Unadjusted,28,0.00045028770421140507
speaker_centroid_cosine_distance,Unadjusted,29,0.2332231953426458
speaker_centroid_cosine_distance,Unadjusted,30,8.53432428030095
speaker_centroid_cosine_distance,Unadjusted,31,0.0375508219995595
speaker_centroid_cosine_distance,Unadjusted,32,2.314143028270621
speaker_centroid_cosine_distance,Unadjusted,33,0.8601805017292463
speaker_centroid_cosine_distance,Unadjusted,34,8.250557349966869
speaker_centroid_cosine_distance,Unadjusted,35,2.5869001713458033
speaker_centroid_cosine_distance,Unadjusted,36,0.3419716406850739
speaker_centroid_cosine_distance,Unadjusted,37,1.2834133854376546
speaker_centroid_cosine_distance,Unadjusted,38,3.3772990206625195
speaker_centroid_cosine_distance,Unadjusted,39,0.05827033723471686
speaker_centroid_cosine_distance,Unadjusted,40,2.3148391523633336
speaker_centroid_cosine_distance,Unadjusted,41,0.009049316117341277
speaker_centroid_cosine_distance,Unadjusted,42,0.13194507574502268
speaker_centroid_cosine_distance,Unadjusted,43,2.5046229391059
speaker_centroid_cosine_distance,Unadjusted,44,0.9166585115411294
speaker_centroid_cosine_distance,Unadjusted,45,0.7630928716092171
speaker_centroid_cosine_distance,Unadjusted,46,0.1525490034397876
speaker_centroid_cosine_distance,Unadjusted,47,0.09249866845823362
speaker_centroid_cosine_distance,Unadjusted,48,0.9402125387139222
speaker_centroid_cosine_distance,Unadjusted,49,0.05053655024590853
speaker_centroid_cosine_distance,Unadjusted,50,2.75963997929955
speaker_centroid_cosine_distance,Unadjusted,51,0.08231127654607917
speaker_centroid_cosine_distance,Unadjusted,52,0.3215869138365406
speaker_centroid_cosine_distance,Unadjusted,53,0.45764413999847875
speaker_centroid_cosine_distance,Unadjusted,54,0.08048687038427715
speaker_centroid_cosine_distance,Unadjusted,55,0.00013966620548444553
speaker_centroid_cosine_distance,Unadjusted,56,0.3730508410824882
speaker_centroid_cosine_distance,Unadjusted,57,0.7908870643450996
speaker_centroid_cosine_distance,Unadjusted,58,0.22081190984641808
speaker_centroid_cosine_distance,Unadjusted,59,0.05831707115771678
speaker_centroid_cosine_distance,Unadjusted,60,1.766381121637039
speaker_centroid_cosine_distance,Unadjusted,61,0.6522854533938585
speaker_centroid_cosine_distance,Unadjusted,62,0.38998667878695414
speaker_centroid_cosine_distance,Unadjusted,63,0.5607731945535193
speaker_centroid_cosine_distance,Unadjusted,64,2.081226690114761
speaker_centroid_cosine_distance,Unadjusted,65,4.928771163578972
speaker_centroid_cosine_distance,Unadjusted,66,0.22879644303719715
speaker_centroid_cosine_distance,Unadjusted,67,1.4125576689159516
speaker_centroid_cosine_distance,Unadjusted,68,1.5788425582999253
speaker_centroid_cosine_distance,Unadjusted,69,0.20734939787547546
speaker_centroid_cosine_distance,Unadjusted,70,2.686970674950828
speaker_centroid_cosine_distance,Unadjusted,71,0.5948815360570165
speaker_centroid_cosine_distance,Unadjusted,72,0.11404438287837593
speaker_centroid_cosine_distance,Unadjusted,73,0.2711235722425158
speaker_centroid_cosine_distance,Unadjusted,74,0.49930663182135504
speaker_centroid_cosine_distance,Unadjusted,75,0.6162749331418809
speaker_centroid_cosine_distance,Unadjusted,76,0.2647888690807463
speaker_centroid_cosine_distance,Unadjusted,77,0.1320479684840734
speaker_centroid_cosine_distance,Unadjusted,78,0.22714467024792384
speaker_centroid_cosine_distance,Unadjusted,79,0.060878580498751944
speaker_centroid_cosine_distance,Unadjusted,80,0.3347495284307911
speaker_centroid_cosine_distance,Unadjusted,81,1.716887995091497
speaker_centroid_cosine_distance,Unadjusted,82,0.07580770230140388
speaker_centroid_cosine_distance,Unadjusted,83,3.8269099450126305
speaker_centroid_cosine_distance,Unadjusted,84,1.784085900126911
speaker_centroid_cosine_distance,Unadjusted,85,0.33412899044361666
speaker_centroid_cosine_distance,Unadjusted,86,0.4599032128459726
speaker_centroid_cosine_distance,Unadjusted,87,3.7294494214182237
speaker_centroid_cosine_distance,Unadjusted,88,4.046416582401434
speaker_centroid_cosine_distance,Unadjusted,89,2.881228228452926
speaker_centroid_cosine_distance,Unadjusted,90,0.009674042926576476
speaker_centroid_cosine_distance,Unadjusted,91,0.3065709544251263
speaker_centroid_cosine_distance,Unadjusted,92,2.5111624830913684
speaker_centroid_cosine_distance,Unadjusted,93,0.040213774124197244
speaker_centroid_cosine_distance,Unadjusted,94,1.3939693515599174
speaker_centroid_cosine_distance,Unadjusted,95,0.3488776504969451
speaker_centroid_cosine_distance,Unadjusted,96,0.4374703105318076
speaker_centroid_cosine_distance,Unadjusted,97,0.03609809746552628
speaker_centroid_cosine_distance,Unadjusted,98,0.47956406172897914
speaker_centroid_cosine_distance,Unadjusted,99,1.010793572155876
speaker_centroid_cosine_distance,Unadjusted,100,1.893276970631348
speaker_centroid_cosine_distance,Unadjusted,101,3.912209276022395
speaker_centroid_cosine_distance,Unadjusted,102,0.0038827302082609094
speaker_centroid_cosine_distance,Unadjusted,103,2.5777459934193416
speaker_centroid_cosine_distance,Unadjusted,104,0.3404346634870876
speaker_centroid_cosine_distance,Unadjusted,105,1.218914773294557
speaker_centroid_cosine_distance,Unadjusted,106,1.6274911458776842
speaker_centroid_cosine_distance,Unadjusted,107,2.0489656150481323
speaker_centroid_cosine_distance,Unadjusted,108,3.187884087288978
speaker_centroid_cosine_distance,Unadjusted,109,0.08016543751500649
speaker_centroid_cosine_distance,Unadjusted,110,0.1671658354423471
speaker_centroid_cosine_distance,Unadjusted,111,0.003374070024165121
speaker_centroid_cosine_distance,Unadjusted,112,0.0011557942878539507
speaker_centroid_cosine_distance,Unadjusted,113,2.4962900214044907
speaker_centroid_cosine_distance,Unadjusted,114,0.36947489857857363
speaker_centroid_cosine_distance,Unadjusted,115,0.18273121526885916
speaker_centroid_cosine_distance,Unadjusted,116,0.0368976131077261
speaker_centroid_cosine_distance,Unadjusted,117,0.8091075204393405
speaker_centroid_cosine_distance,Unadjusted,118,1.2996463721823943
speaker_centroid_cosine_distance,Unadjusted,119,2.3695813897089693
speaker_centroid_cosine_distance,Unadjusted,120,0.8894792483928313
speaker_centroid_cosine_distance,Unadjusted,121,4.60687233907413
speaker_centroid_cosine_distance,Unadjusted,122,1.1562234283308612
speaker_centroid_cosine_distance,Unadjusted,123,2.623029370132315
speaker_centroid_cosine_distance,Unadjusted,124,1.6938394661925713
speaker_centroid_cosine_distance,Unadjusted,125,0.25121010907793107
speaker_centroid_cosine_distance,Unadjusted,126,0.40594294737059045
speaker_centroid_cosine_distance,Unadjusted,127,0.059755516333211744
speaker_centroid_cosine_distance,Unadjusted,128,1.977069905097835
speaker_centroid_cosine_distance,Unadjusted,129,3.8446370525345515
speaker_centroid_cosine_distance,Unadjusted,130,0.0010974029564181365
speaker_centroid_cosine_distance,Unadjusted,131,1.0683693277173347
speaker_centroid_cosine_distance,Unadjusted,132,5.192731067452428
speaker_centroid_cosine_distance,Unadjusted,133,1.8239378255521501
speaker_centroid_cosine_distance,Unadjusted,134,0.0009230021576627223
speaker_centroid_cosine_distance,Unadjusted,135,2.194046063089047
speaker_centroid_cosine_distance,Unadjusted,136,0.1989815065149969
speaker_centroid_cosine_distance,Unadjusted,137,0.04639500234429761
speaker_centroid_cosine_distance,Unadjusted,138,3.670683402143652
speaker_centroid_cosine_distance,Unadjusted,139,0.5264894221902523
speaker_centroid_cosine_distance,Unadjusted,140,0.04385884985140365
speaker_centroid_cosine_distance,Unadjusted,141,4.643660001414844
speaker_centroid_cosine_distance,Unadjusted,142,0.6113581984984648
speaker_centroid_cosine_distance,Unadjusted,143,0.8138863747354321
speaker_centroid_cosine_distance,Unadjusted,144,0.262471838795193
speaker_centroid_cosine_distance,Unadjusted,145,3.176044653958229
speaker_centroid_cosine_distance,Unadjusted,146,0.05582614186613455
speaker_centroid_cosine_distance,Unadjusted,147,0.07478406739710408
speaker_centroid_cosine_distance,Unadjusted,148,1.21245397056083
speaker_centroid_cosine_distance,Unadjusted,149,0.024790702278153276
speaker_centroid_cosine_distance,Unadjusted,150,0.002967410649659996
speaker_centroid_cosine_distance,Unadjusted,151,2.790742173860565
speaker_centroid_cosine_distance,Unadjusted,152,3.9332867366968003
speaker_centroid_cosine_distance,Unadjusted,153,5.916864976227771
speaker_centroid_cosine_distance,Unadjusted,154,0.026231890873077646
speaker_centroid_cosine_distance,Unadjusted,155,2.8673277602464964
speaker_centroid_cosine_distance,Unadjusted,156,0.018324148871442958
speaker_centroid_cosine_distance,Unadjusted,157,0.43423282887152936
speaker_centroid_cosine_distance,Unadjusted,158,1.8024630867316205
speaker_centroid_cosine_distance,Unadjusted,159,0.3079383162937006
speaker_centroid_cosine_distance,Unadjusted,160,5.70107290794067
speaker_centroid_cosine_distance,Unadjusted,161,3.317966682016504
speaker_centroid_cosine_distance,Unadjusted,162,0.88771642830568
speaker_centroid_cosine_distance,Unadjusted,163,1.4028340809180122
speaker_centroid_cosine_distance,Unadjusted,164,0.01993328257117355
speaker_centroid_cosine_distance,Unadjusted,165,0.4683214315487021
speaker_centroid_cosine_distance,Unadjusted,166,0.20831676552808176
speaker_centroid_cosine_distance,Unadjusted,167,2.364348327655705
speaker_centroid_cosine_distance,Unadjusted,168,0.5927972690107595
speaker_centroid_cosine_distance,Unadjusted,169,0.07063251953707095
speaker_centroid_cosine_distance,Unadjusted,170,0.0037069594867489286
speaker_centroid_cosine_distance,Unadjusted,171,0.6846564122217842
speaker_centroid_cosine_distance,Unadjusted,172,0.08537600420612534
speaker_centroid_cosine_distance,Unadjusted,173,0.1895596867416316
speaker_centroid_cosine_distance,Unadjusted,174,0.030789257880485366
speaker_centroid_cosine_distance,Unadjusted,175,0.3382961168318843
speaker_centroid_cosine_distance,Unadjusted,176,2.617998521365223
speaker_centroid_cosine_distance,Unadjusted,177,1.020730571248464
speaker_centroid_cosine_distance,Unadjusted,178,0.0028619235451401437
speaker_centroid_cosine_distance,Unadjusted,179,0.001998207924714279
speaker_centroid_cosine_distance,Unadjusted,180,0.3479809428373528
speaker_centroid_cosine_distance,Unadjusted,181,0.5757704042466685
speaker_centroid_cosine_distance,Unadjusted,182,0.13696386576532404
speaker_centroid_cosine_distance,Unadjusted,183,5.600341958077195
speaker_centroid_cosine_distance,Unadjusted,184,0.09339538487597565
speaker_centroid_cosine_distance,Unadjusted,185,0.708305422383603
speaker_centroid_cosine_distance,Unadjusted,186,0.003289902256994992
speaker_centroid_cosine_distance,Unadjusted,187,1.7077137940860325
speaker_centroid_cosine_distance,Unadjusted,188,0.06711906046575677
speaker_centroid_cosine_distance,Unadjusted,189,1.2214029768372257
speaker_centroid_cosine_distance,Unadjusted,190,0.2270598518945235
speaker_centroid_cosine_distance,Unadjusted,191,1.4279345097519354
speaker_centroid_cosine_distance,Unadjusted,192,0.5167282637353878
speaker_centroid_cosine_distance,Unadjusted,193,0.007673569852329365
speaker_centroid_cosine_distance,Unadjusted,194,0.3573177916236432
speaker_centroid_cosine_distance,Unadjusted,195,7.8250233836699294
speaker_centroid_cosine_distance,Unadjusted,196,3.9595121236026785
speaker_centroid_cosine_distance,Unadjusted,197,4.248581706731727
speaker_centroid_cosine_distance,Unadjusted,198,0.13110069587281714
speaker_centroid_cosine_distance,Unadjusted,199,0.04615429583543573
speaker_centroid_cosine_distance,Unadjusted,200,0.31712468375263825
speaker_centroid_cosine_distance,Unadjusted,201,1.8128875286924426
speaker_centroid_cosine_distance,Unadjusted,202,0.8220115375752926
speaker_centroid_cosine_distance,Unadjusted,203,1.9278679208408107
speaker_centroid_cosine_distance,Unadjusted,204,0.14295962214993096
speaker_centroid_cosine_distance,Unadjusted,205,0.05350922631708954
speaker_centroid_cosine_distance,Unadjusted,206,1.2849795662299925
speaker_centroid_cosine_distance,Unadjusted,207,0.21773787532572442
speaker_centroid_cosine_distance,Unadjusted,208,0.004472902137990786
speaker_centroid_cosine_distance,Unadjusted,209,1.6207280222623126
speaker_centroid_cosine_distance,Unadjusted,210,0.003841328524515575
speaker_centroid_cosine_distance,Unadjusted,211,1.2573991818019863
speaker_centroid_cosine_distance,Unadjusted,212,0.7010580438808915
speaker_centroid_cosine_distance,Unadjusted,213,3.5028603451405047
speaker_centroid_cosine_distance,Unadjusted,214,0.6399065854817536
speaker_centroid_cosine_distance,Unadjusted,215,0.9556588799678138
speaker_centroid_cosine_distance,Unadjusted,216,0.020903320864022135
speaker_centroid_cosine_distance,Unadjusted,217,2.7187035365969905
speaker_centroid_cosine_distance,Unadjusted,218,0.23773675258388494
speaker_centroid_cosine_distance,Unadjusted,219,1.3958067885288301
speaker_centroid_cosine_distance,Unadjusted,220,0.0030529464539768014
speaker_centroid_cosine_distance,Unadjusted,221,1.0121626833165749
speaker_centroid_cosine_distance,Unadjusted,222,0.09095102817389034
speaker_centroid_cosine_distance,Unadjusted,223,0.9860772807680291
speaker_centroid_cosine_distance,Unadjusted,224,0.25140920602473216
speaker_centroid_cosine_distance,Unadjusted,225,0.5924985798912985
speaker_centroid_cosine_distance,Unadjusted,226,0.061277976733094874
speaker_centroid_cosine_distance,Unadjusted,227,0.5661803910869025
speaker_centroid_cosine_distance,Unadjusted,228,0.29228453114478725
speaker_centroid_cosine_distance,Unadjusted,229,0.0038395034907807712
speaker_centroid_cosine_distance,Unadjusted,230,2.3874069529814506
speaker_centroid_cosine_distance,Unadjusted,231,0.5980206031148327
speaker_centroid_cosine_distance,Unadjusted,232,1.1807362556083376
speaker_centroid_cosine_distance,Unadjusted,233,0.06230549382746631
speaker_centroid_cosine_distance,Unadjusted,234,0.9892480757280282
speaker_centroid_cosine_distance,Unadjusted,235,1.1882210943130076
speaker_centroid_cosine_distance,Unadjusted,236,0.38490464621776255
speaker_centroid_cosine_distance,Unadjusted,237,0.6971449156049516
speaker_centroid_cosine_distance,Unadjusted,238,1.3247890663391217
speaker_centroid_cosine_distance,Unadjusted,239,4.0705629176336515
speaker_centroid_cosine_distance,Unadjusted,240,0.3038878865263541
speaker_centroid_cosine_distance,Unadjusted,241,0.6585769874249081
speaker_centroid_cosine_distance,Unadjusted,242,0.0024093710796364576
speaker_centroid_cosine_distance,Unadjusted,243,0.17273453644310166
speaker_centroid_cosine_distance,Unadjusted,244,0.9241967067331416
speaker_centroid_cosine_distance,Unadjusted,245,1.7008819060891938
speaker_centroid_cosine_distance,Unadjusted,246,0.05714494785388524
speaker_centroid_cosine_distance,Unadjusted,247,0.27051493880543376
speaker_centroid_cosine_distance,Unadjusted,248,1.2823446287151228
speaker_centroid_cosine_distance,Unadjusted,249,1.2176121811016856
speaker_centroid_cosine_distance,Unadjusted,250,0.9922914099567492
speaker_centroid_cosine_distance,Unadjusted,251,0.6509044560219195
speaker_centroid_cosine_distance,Unadjusted,252,0.7751259665417933
speaker_centroid_cosine_distance,Unadjusted,253,0.04604385452239512
speaker_centroid_cosine_distance,Unadjusted,254,2.3471661573801725
speaker_centroid_cosine_distance,Unadjusted,255,1.2775621889105082
speaker_centroid_cosine_distance,Unadjusted,256,0.4502835035663111
speaker_centroid_cosine_distance,Unadjusted,257,0.10128668511896421
speaker_centroid_cosine_distance,Unadjusted,258,0.18631357524839132
speaker_centroid_cosine_distance,Unadjusted,259,0.37002434679749285
speaker_centroid_cosine_distance,Unadjusted,260,0.025196931588595817
speaker_centroid_cosine_distance,Unadjusted,261,2.406918984888705
speaker_centroid_cosine_distance,Unadjusted,262,0.12147377757935374
speaker_centroid_cosine_distance,Unadjusted,263,0.21515373074669242
speaker_centroid_cosine_distance,Unadjusted,264,1.8235880004852447
speaker_centroid_cosine_distance,Unadjusted,265,0.724144175869128
speaker_centroid_cosine_distance,Unadjusted,266,0.6448202983427791
speaker_centroid_cosine_distance,Unadjusted,267,1.3296739707634515
speaker_centroid_cosine_distance,Unadjusted,268,0.11964111964192625
speaker_centroid_cosine_distance,Unadjusted,269,0.3834687069071947
speaker_centroid_cosine_distance,Unadjusted,270,0.3224299816232019
speaker_centroid_cosine_distance,Unadjusted,271,0.013529430044286528
speaker_centroid_cosine_distance,Unadjusted,272,3.7087603070731348
speaker_centroid_cosine_distance,Unadjusted,273,2.657790395697191
speaker_centroid_cosine_distance,Unadjusted,274,0.36032497743622116
speaker_centroid_cosine_distance,Unadjusted,275,0.7984545351686165
speaker_centroid_cosine_distance,Unadjusted,276,1.7083966391965077
speaker_centroid_cosine_distance,Unadjusted,277,1.1288360434110132
speaker_centroid_cosine_distance,Unadjusted,278,0.15164481139129293
speaker_centroid_cosine_distance,Unadjusted,279,3.16031326318938
speaker_centroid_cosine_distance,Unadjusted,280,1.073774305413565
speaker_centroid_cosine_distance,Unadjusted,281,0.5211179192534132
speaker_centroid_cosine_distance,Unadjusted,282,1.6976937842561028
speaker_centroid_cosine_distance,Unadjusted,283,2.589120225650106
speaker_centroid_cosine_distance,Unadjusted,284,0.2840415342883489
speaker_centroid_cosine_distance,Unadjusted,285,0.0793513158352539
speaker_centroid_cosine_distance,Unadjusted,286,2.4086415932054024
speaker_centroid_cosine_distance,Unadjusted,287,3.0024824843704323
speaker_centroid_cosine_distance,Unadjusted,288,0.5014657670253087
speaker_centroid_cosine_distance,Unadjusted,289,0.0729216917800386
speaker_centroid_cosine_distance,Unadjusted,290,0.1263512067278043
speaker_centroid_cosine_distance,Unadjusted,291,3.0720803465555946e-06
speaker_centroid_cosine_distance,Unadjusted,292,0.053763830525269896
speaker_centroid_cosine_distance,Unadjusted,293,0.05723833569072667
speaker_centroid_cosine_distance,Unadjusted,294,2.463681190976672
speaker_centroid_cosine_distance,Unadjusted,295,1.880380479947405
speaker_centroid_cosine_distance,Unadjusted,296,0.25343304844142267
speaker_centroid_cosine_distance,Unadjusted,297,0.4411729265237341
speaker_centroid_cosine_distance,Unadjusted,298,0.11866062334195249
speaker_centroid_cosine_distance,Unadjusted,299,1.1017987104221447
speaker_centroid_cosine_distance,Unadjusted,300,2.1427466019326857
speaker_centroid_cosine_distance,Unadjusted,301,0.023951295263941574
speaker_centroid_cosine_distance,Unadjusted,302,0.3040374337725211
speaker_centroid_cosine_distance,Unadjusted,303,0.23118800488379065
speaker_centroid_cosine_distance,Unadjusted,304,0.15276563830741452
speaker_centroid_cosine_distance,Unadjusted,305,0.06398940999787328
speaker_centroid_cosine_distance,Unadjusted,306,0.061559899485246206
speaker_centroid_cosine_distance,Unadjusted,307,2.3939439597527326
speaker_centroid_cosine_distance,Unadjusted,308,0.055410314755988566
speaker_centroid_cosine_distance,Unadjusted,309,0.44639823713015403
speaker_centroid_cosine_distance,Unadjusted,310,0.11783090690101972
speaker_centroid_cosine_distance,Unadjusted,311,0.04061644872490433
speaker_centroid_cosine_distance,Unadjusted,312,0.4875676505179172
speaker_centroid_cosine_distance,Unadjusted,313,0.055856507286023316
speaker_centroid_cosine_distance,Unadjusted,314,1.3934996933696766
speaker_centroid_cosine_distance,Unadjusted,315,0.003440291977369725
speaker_centroid_cosine_distance,Unadjusted,316,7.00255348508648
speaker_centroid_cosine_distance,Unadjusted,317,0.8579911257894537
speaker_centroid_cosine_distance,Unadjusted,318,2.6239829183829784
speaker_centroid_cosine_distance,Unadjusted,319,0.1065560139347781
speaker_centroid_cosine_distance,Unadjusted,320,6.207446039775391
speaker_centroid_cosine_distance,Unadjusted,321,0.23707503940562447
speaker_centroid_cosine_distance,Unadjusted,322,0.020258362999186375
speaker_centroid_cosine_distance,Unadjusted,323,1.3082302603646667
speaker_centroid_cosine_distance,Unadjusted,324,0.027962006411485163
speaker_centroid_cosine_distance,Unadjusted,325,0.37302590280461345
speaker_centroid_cosine_distance,Unadjusted,326,0.05242523620512429
speaker_centroid_cosine_distance,Unadjusted,327,0.3433229838470311
speaker_centroid_cosine_distance,Unadjusted,328,0.3991042745383879
speaker_centroid_cosine_distance,Unadjusted,329,0.5080737015969703
speaker_centroid_cosine_distance,Unadjusted,330,5.4742761703533915
speaker_centroid_cosine_distance,Unadjusted,331,0.5709845750537852
speaker_centroid_cosine_distance,Unadjusted,332,0.026394452346721664
speaker_centroid_cosine_distance,Unadjusted,333,3.2347701613920776
speaker_centroid_cosine_distance,Unadjusted,334,1.3318897639376814
speaker_centroid_cosine_distance,Unadjusted,335,4.829906584698733
speaker_centroid_cosine_distance,Unadjusted,336,0.11482698903398614
speaker_centroid_cosine_distance,Unadjusted,337,1.478599038110758
speaker_centroid_cosine_distance,Unadjusted,338,0.36289635756122607
speaker_centroid_cosine_distance,Unadjusted,339,0.06571687050887931
speaker_centroid_cosine_distance,Unadjusted,340,3.3908675352589626
speaker_centroid_cosine_distance,Unadjusted,341,0.0024120174676340866
speaker_centroid_cosine_distance,Unadjusted,342,0.5095836497425239
speaker_centroid_cosine_distance,Unadjusted,343,8.526388185243093
speaker_centroid_cosine_distance,Unadjusted,344,2.8620660781322727
speaker_centroid_cosine_distance,Unadjusted,345,0.1646123721549202
speaker_centroid_cosine_distance,Unadjusted,346,0.0012043272982964481
speaker_centroid_cosine_distance,Unadjusted,347,0.36961192281063404
speaker_centroid_cosine_distance,Unadjusted,348,0.38992210678253514
speaker_centroid_cosine_distance,Unadjusted,349,5.542063389722273
speaker_centroid_cosine_distance,Unadjusted,350,0.05402759247999711
speaker_centroid_cosine_distance,Unadjusted,351,0.20688626116515252
speaker_centroid_cosine_distance,Unadjusted,352,0.01847893426287328
speaker_centroid_cosine_distance,Unadjusted,353,0.5232306142502807
speaker_centroid_cosine_distance,Unadjusted,354,0.02040610158843492
speaker_centroid_cosine_distance,Unadjusted,355,0.36744038361985076
speaker_centroid_cosine_distance,Unadjusted,356,0.05283923218121345
speaker_centroid_cosine_distance,Unadjusted,357,0.8331926209927474
speaker_centroid_cosine_distance,Unadjusted,358,1.914341521464678
speaker_centroid_cosine_distance,Unadjusted,359,0.9998632356218877
speaker_centroid_cosine_distance,Unadjusted,360,0.12552180376872002
speaker_centroid_cosine_distance,Unadjusted,361,1.9351783974709633
speaker_centroid_cosine_distance,Unadjusted,362,0.7940491137900949
speaker_centroid_cosine_distance,Unadjusted,363,2.581266613731543
speaker_centroid_cosine_distance,Unadjusted,364,0.8344270304547763
speaker_centroid_cosine_distance,Unadjusted,365,3.613652672606179
speaker_centroid_cosine_distance,Unadjusted,366,0.7914836198250441
speaker_centroid_cosine_distance,Unadjusted,367,0.15633799014477745
speaker_centroid_cosine_distance,Unadjusted,368,0.13017206860405395
speaker_centroid_cosine_distance,Unadjusted,369,5.7153018543010035
speaker_centroid_cosine_distance,Unadjusted,370,6.573553492140434
speaker_centroid_cosine_distance,Unadjusted,371,0.5475939342525749
speaker_centroid_cosine_distance,Unadjusted,372,0.8085166406268627
speaker_centroid_cosine_distance,Unadjusted,373,0.5742907057139064
speaker_centroid_cosine_distance,Unadjusted,374,1.0971715803951838
speaker_centroid_cosine_distance,Unadjusted,375,0.4308825493110362
speaker_centroid_cosine_distance,Unadjusted,376,0.07666049295238508
speaker_centroid_cosine_distance,Unadjusted,377,0.6706039220326261
speaker_centroid_cosine_distance,Unadjusted,378,1.0942061328734667
speaker_centroid_cosine_distance,Unadjusted,379,0.2116909107424476
speaker_centroid_cosine_distance,Unadjusted,380,0.17459048317664383
speaker_centroid_cosine_distance,Unadjusted,381,1.0223944295285037
speaker_centroid_cosine_distance,Unadjusted,382,3.348346013212506
speaker_centroid_cosine_distance,Unadjusted,383,2.0004193954879383
speaker_centroid_cosine_distance,Unadjusted,384,0.6567568303324265
speaker_centroid_cosine_distance,Unadjusted,385,0.5752150023602667
speaker_centroid_cosine_distance,Unadjusted,386,4.816596806549171
speaker_centroid_cosine_distance,Unadjusted,387,0.30372875871063343
speaker_centroid_cosine_distance,Unadjusted,388,0.9162457037845684
speaker_centroid_cosine_distance,Unadjusted,389,0.6669812768062684
speaker_centroid_cosine_distance,Unadjusted,390,1.7201835061396196
speaker_centroid_cosine_distance,Unadjusted,391,0.0191647079835775
speaker_centroid_cosine_distance,Unadjusted,392,3.191752217124076
speaker_centroid_cosine_distance,Unadjusted,393,0.12654854036509278
speaker_centroid_cosine_distance,Unadjusted,394,0.17108059070608306
speaker_centroid_cosine_distance,Unadjusted,395,0.17326486326300028
speaker_centroid_cosine_distance,Unadjusted,396,1.4091406459904192
speaker_centroid_cosine_distance,Unadjusted,397,0.14200812654354422
speaker_centroid_cosine_distance,Unadjusted,398,0.587063182029226
speaker_centroid_cosine_distance,Unadjusted,399,0.19230389665210623
speaker_centroid_cosine_distance,Unadjusted,400,0.408820730822697
speaker_centroid_cosine_distance,Unadjusted,401,0.09427614377568716
speaker_centroid_cosine_distance,Unadjusted,402,0.0009219050120350403
speaker_centroid_cosine_distance,Unadjusted,403,2.059820224172256
speaker_centroid_cosine_distance,Unadjusted,404,1.2475887545363662
speaker_centroid_cosine_distance,Unadjusted,405,0.003601175354390307
speaker_centroid_cosine_distance,Unadjusted,406,1.4209231593342793
speaker_centroid_cosine_distance,Unadjusted,407,0.32114108452572054
speaker_centroid_cosine_distance,Unadjusted,408,0.004175384925645176
speaker_centroid_cosine_distance,Unadjusted,409,0.024636420477293086
speaker_centroid_cosine_distance,Unadjusted,410,1.2918164595017743
speaker_centroid_cosine_distance,Unadjusted,411,0.4838336258893605
speaker_centroid_cosine_distance,Unadjusted,412,0.6964861308377408
speaker_centroid_cosine_distance,Unadjusted,413,0.7726012191783411
speaker_centroid_cosine_distance,Unadjusted,414,0.6134887709167742
speaker_centroid_cosine_distance,Unadjusted,415,0.49304842079169475
speaker_centroid_cosine_distance,Unadjusted,416,0.052846378480239764
speaker_centroid_cosine_distance,Unadjusted,417,0.33532609814210446
speaker_centroid_cosine_distance,Unadjusted,418,0.05630332166492735
speaker_centroid_cosine_distance,Unadjusted,419,0.5821431634598184
speaker_centroid_cosine_distance,Unadjusted,420,0.07500448623972034
speaker_centroid_cosine_distance,Unadjusted,421,0.6580042410042779
speaker_centroid_cosine_distance,Unadjusted,422,0.37945336186550094
speaker_centroid_cosine_distance,Unadjusted,423,0.10917682981209964
speaker_centroid_cosine_distance,Unadjusted,424,0.42409373176218423
speaker_centroid_cosine_distance,Unadjusted,425,0.46905270236931074
speaker_centroid_cosine_distance,Unadjusted,426,2.544331349787001
speaker_centroid_cosine_distance,Unadjusted,427,3.3871375543717477
speaker_centroid_cosine_distance,Unadjusted,428,0.6515315367311132
speaker_centroid_cosine_distance,Unadjusted,429,0.4099777927332866
speaker_centroid_cosine_distance,Unadjusted,430,4.8740687816462014e-05
speaker_centroid_cosine_distance,Unadjusted,431,0.2625675724947314
speaker_centroid_cosine_distance,Unadjusted,432,0.12185437741709393
speaker_centroid_cosine_distance,Unadjusted,433,0.9461736530400344
speaker_centroid_cosine_distance,Unadjusted,434,2.449551210706886
speaker_centroid_cosine_distance,Unadjusted,435,0.07056479540727878
speaker_centroid_cosine_distance,Unadjusted,436,0.02583861272529475
speaker_centroid_cosine_distance,Unadjusted,437,1.9909634556996139
speaker_centroid_cosine_distance,Unadjusted,438,1.970055284576631
speaker_centroid_cosine_distance,Unadjusted,439,5.3477299732986125
speaker_centroid_cosine_distance,Unadjusted,440,13.137084614416324
speaker_centroid_cosine_distance,Unadjusted,441,0.11181578365778932
speaker_centroid_cosine_distance,Unadjusted,442,1.989592539296666
speaker_centroid_cosine_distance,Unadjusted,443,0.04722119221111143
speaker_centroid_cosine_distance,Unadjusted,444,0.08980323116338695
speaker_centroid_cosine_distance,Unadjusted,445,0.013084657669992339
speaker_centroid_cosine_distance,Unadjusted,446,0.5608477017638904
speaker_centroid_cosine_distance,Unadjusted,447,1.5172769917628557
speaker_centroid_cosine_distance,Unadjusted,448,0.36731214588076
speaker_centroid_cosine_distance,Unadjusted,449,0.06375838618561147
speaker_centroid_cosine_distance,Unadjusted,450,0.05438615038104899
speaker_centroid_cosine_distance,Unadjusted,451,3.6768317956671126
speaker_centroid_cosine_distance,Unadjusted,452,1.389088597017178
speaker_centroid_cosine_distance,Unadjusted,453,0.04165545007504079
speaker_centroid_cosine_distance,Unadjusted,454,2.56271155310435
speaker_centroid_cosine_distance,Unadjusted,455,1.842438163223619
speaker_centroid_cosine_distance,Unadjusted,456,2.203998857341219
speaker_centroid_cosine_distance,Unadjusted,457,0.10601422221475332
speaker_centroid_cosine_distance,Unadjusted,458,0.1148729195517717
speaker_centroid_cosine_distance,Unadjusted,459,1.1030892523977514
speaker_centroid_cosine_distance,Unadjusted,460,0.028548378390610196
speaker_centroid_cosine_distance,Unadjusted,461,3.452070840521742
speaker_centroid_cosine_distance,Unadjusted,462,0.22089980355451644
speaker_centroid_cosine_distance,Unadjusted,463,0.03819592083397083
speaker_centroid_cosine_distance,Unadjusted,464,0.08173550328757528
speaker_centroid_cosine_distance,Unadjusted,465,1.9423040598140915
speaker_centroid_cosine_distance,Unadjusted,466,0.013515600679340878
speaker_centroid_cosine_distance,Unadjusted,467,1.167065019429458
speaker_centroid_cosine_distance,Unadjusted,468,0.21552405021247978
speaker_centroid_cosine_distance,Unadjusted,469,1.1188713278588125
speaker_centroid_cosine_distance,Unadjusted,470,2.205649821886084
speaker_centroid_cosine_distance,Unadjusted,471,0.8572682416505017
speaker_centroid_cosine_distance,Unadjusted,472,2.1328445072492173
speaker_centroid_cosine_distance,Unadjusted,473,0.4691035755726034
speaker_centroid_cosine_distance,Unadjusted,474,3.1641513703438022
speaker_centroid_cosine_distance,Unadjusted,475,1.9860328123641011
speaker_centroid_cosine_distance,Unadjusted,476,0.07151012130134404
speaker_centroid_cosine_distance,Unadjusted,477,1.0212021723533553
speaker_centroid_cosine_distance,Unadjusted,478,2.176855427324824
speaker_centroid_cosine_distance,Unadjusted,479,0.016333784960806952
speaker_centroid_cosine_distance,Unadjusted,480,0.004349552538883472
speaker_centroid_cosine_distance,Unadjusted,481,0.09002804339195336
speaker_centroid_cosine_distance,Unadjusted,482,2.217587212112562
speaker_centroid_cosine_distance,Unadjusted,483,2.152942132895191
speaker_centroid_cosine_distance,Unadjusted,484,0.12873036529907722
speaker_centroid_cosine_distance,Unadjusted,485,0.003935033732773263
speaker_centroid_cosine_distance,Unadjusted,486,0.10999861328031102
speaker_centroid_cosine_distance,Unadjusted,487,0.012204958038751101
speaker_centroid_cosine_distance,Unadjusted,488,0.1589169723998225
speaker_centroid_cosine_distance,Unadjusted,489,0.028304569444344452
speaker_centroid_cosine_distance,Unadjusted,490,1.5276857619579687
speaker_centroid_cosine_distance,Unadjusted,491,3.156346187947463
speaker_centroid_cosine_distance,Unadjusted,492,5.200484183796789
speaker_centroid_cosine_distance,Unadjusted,493,0.050811743297799694
speaker_centroid_cosine_distance,Unadjusted,494,4.923961442612097
speaker_centroid_cosine_distance,Unadjusted,495,7.206521008502307
speaker_centroid_cosine_distance,Unadjusted,496,0.38064305682013355
speaker_centroid_cosine_distance,Unadjusted,497,0.1351951145285284
speaker_centroid_cosine_distance,Unadjusted,498,0.15122871667176696
speaker_centroid_cosine_distance,Unadjusted,499,1.1572838613832346
speaker_centroid_cosine_distance,Unadjusted,500,3.3701531237857694
speaker_centroid_cosine_distance,Unadjusted,501,3.549403062269505
speaker_centroid_cosine_distance,Unadjusted,502,0.8968975432376283
speaker_centroid_cosine_distance,Unadjusted,503,0.535953327519735
speaker_centroid_cosine_distance,Unadjusted,504,0.2868917920632157
speaker_centroid_cosine_distance,Unadjusted,505,5.709886195126387
speaker_centroid_cosine_distance,Unadjusted,506,8.951194184824999
speaker_centroid_cosine_distance,Unadjusted,507,3.8162585887633895
speaker_centroid_cosine_distance,Unadjusted,508,1.8101254889186293
speaker_centroid_cosine_distance,Unadjusted,509,0.00848176671672718
speaker_centroid_cosine_distance,Unadjusted,510,0.060849521258433015
speaker_centroid_cosine_distance,Unadjusted,511,0.5474556358026348
speaker_centroid_cosine_distance,Unadjusted,512,1.8624479473605788
speaker_centroid_cosine_distance,Unadjusted,513,0.396938491529113
speaker_centroid_cosine_distance,Unadjusted,514,0.03532676003561619
speaker_centroid_cosine_distance,Unadjusted,515,0.08282852826744147
speaker_centroid_cosine_distance,Unadjusted,516,1.3605625618409931
speaker_centroid_cosine_distance,Unadjusted,517,0.11851349591347571
speaker_centroid_cosine_distance,Unadjusted,518,0.31137434127049346
speaker_centroid_cosine_distance,Unadjusted,519,1.3773793366520977
speaker_centroid_cosine_distance,Unadjusted,520,0.6722767961667842
speaker_centroid_cosine_distance,Unadjusted,521,0.023873205374400186
speaker_centroid_cosine_distance,Unadjusted,522,0.8826920138159267
speaker_centroid_cosine_distance,Unadjusted,523,0.0015113198528524663
speaker_centroid_cosine_distance,Unadjusted,524,1.3451108913948815
speaker_centroid_cosine_distance,Unadjusted,525,4.112458194807971
speaker_centroid_cosine_distance,Unadjusted,526,0.7314924630241535
speaker_centroid_cosine_distance,Unadjusted,527,0.27435523403261186
speaker_centroid_cosine_distance,Unadjusted,528,0.06209717215148203
speaker_centroid_cosine_distance,Unadjusted,529,1.8718274077400565e-06
speaker_centroid_cosine_distance,Unadjusted,530,0.7109256183410935
speaker_centroid_cosine_distance,Unadjusted,531,0.737872895792691
speaker_centroid_cosine_distance,Unadjusted,532,3.221118409063365
speaker_centroid_cosine_distance,Unadjusted,533,0.6488793181835035
speaker_centroid_cosine_distance,Unadjusted,534,0.37867606030494017
speaker_centroid_cosine_distance,Unadjusted,535,4.606608060434155
speaker_centroid_cosine_distance,Unadjusted,536,0.15766612268674862
speaker_centroid_cosine_distance,Unadjusted,537,1.209271284672468
speaker_centroid_cosine_distance,Unadjusted,538,1.0711269009515831
speaker_centroid_cosine_distance,Unadjusted,539,0.21861698497929183
speaker_centroid_cosine_distance,Unadjusted,540,0.2517086197680669
speaker_centroid_cosine_distance,Unadjusted,541,0.08286253596418192
speaker_centroid_cosine_distance,Unadjusted,542,0.001148010134102151
speaker_centroid_cosine_distance,Unadjusted,543,0.5339152301090735
speaker_centroid_cosine_distance,Unadjusted,544,0.14156135831603933
speaker_centroid_cosine_distance,Unadjusted,545,2.046228362657814
speaker_centroid_cosine_distance,Unadjusted,546,0.1694597951217247
speaker_centroid_cosine_distance,Unadjusted,547,0.585839742798214
speaker_centroid_cosine_distance,Unadjusted,548,0.19310458206530257
speaker_centroid_cosine_distance,Unadjusted,549,0.09715430104506595
speaker_centroid_cosine_distance,Unadjusted,550,1.2252878284087387
speaker_centroid_cosine_distance,Unadjusted,551,0.05215364166497238
speaker_centroid_cosine_distance,Unadjusted,552,1.7601713217243287
speaker_centroid_cosine_distance,Unadjusted,553,0.5896879557810735
speaker_centroid_cosine_distance,Unadjusted,554,0.022761353613702795
speaker_centroid_cosine_distance,Unadjusted,555,1.7378119512079024
speaker_centroid_cosine_distance,Unadjusted,556,0.2824448314248684
speaker_centroid_cosine_distance,Unadjusted,557,0.4104765664973229
speaker_centroid_cosine_distance,Unadjusted,558,1.2246872937988655
speaker_centroid_cosine_distance,Unadjusted,559,0.11369567847935969
speaker_centroid_cosine_distance,Unadjusted,560,1.0428408465024859
speaker_centroid_cosine_distance,Unadjusted,561,0.14120008433036446
speaker_centroid_cosine_distance,Unadjusted,562,1.084431467948491
speaker_centroid_cosine_distance,Unadjusted,563,0.0058831549009710216
speaker_centroid_cosine_distance,Unadjusted,564,2.1473986978400035
speaker_centroid_cosine_distance,Unadjusted,565,0.7412122197748658
speaker_centroid_cosine_distance,Unadjusted,566,0.008275649208144387
speaker_centroid_cosine_distance,Unadjusted,567,1.8557315271642665
speaker_centroid_cosine_distance,Unadjusted,568,0.0056689273067718204
speaker_centroid_cosine_distance,Unadjusted,569,0.09498631313334727
speaker_centroid_cosine_distance,Unadjusted,570,0.013943514919617428
speaker_centroid_cosine_distance,Unadjusted,571,0.11580720002541511
speaker_centroid_cosine_distance,Unadjusted,572,0.06304329016882093
speaker_centroid_cosine_distance,Unadjusted,573,4.710427893907422
speaker_centroid_cosine_distance,Unadjusted,574,0.8472605395631376
speaker_centroid_cosine_distance,Unadjusted,575,3.5022307536336825
speaker_centroid_cosine_distance,Unadjusted,576,3.56951704670405
speaker_centroid_cosine_distance,Unadjusted,577,0.14424980254875663
speaker_centroid_cosine_distance,Unadjusted,578,5.734125668407728
speaker_centroid_cosine_distance,Unadjusted,579,2.23419227209547
speaker_centroid_cosine_distance,Unadjusted,580,1.0706108150695286
speaker_centroid_cosine_distance,Unadjusted,581,0.0032789612998271878
speaker_centroid_cosine_distance,Unadjusted,582,0.10377595356783331
speaker_centroid_cosine_distance,Unadjusted,583,3.4871949968329545
speaker_centroid_cosine_distance,Unadjusted,584,5.4995556995124275
speaker_centroid_cosine_distance,Unadjusted,585,5.032116786436632
speaker_centroid_cosine_distance,Unadjusted,586,0.49947029466068216
speaker_centroid_cosine_distance,Unadjusted,587,0.17248449648678843
speaker_centroid_cosine_distance,Unadjusted,588,0.0988272204752434
speaker_centroid_cosine_distance,Unadjusted,589,0.028117949344675708
speaker_centroid_cosine_distance,Unadjusted,590,0.021260832242802508
speaker_centroid_cosine_distance,Unadjusted,591,1.0510448016024156
speaker_centroid_cosine_distance,Unadjusted,592,0.8570115379224603
speaker_centroid_cosine_distance,Unadjusted,593,1.1252604141931783
speaker_centroid_cosine_distance,Unadjusted,594,2.523133809493629
speaker_centroid_cosine_distance,Unadjusted,595,1.054719278805294
speaker_centroid_cosine_distance,Unadjusted,596,0.8518674210657196
speaker_centroid_cosine_distance,Unadjusted,597,0.06879153864798582
speaker_centroid_cosine_distance,Unadjusted,598,0.17562063058682043
speaker_centroid_cosine_distance,Unadjusted,599,0.7038733940378847
speaker_centroid_cosine_distance,Unadjusted,600,0.0001256512697409562
speaker_centroid_cosine_distance,Unadjusted,601,0.12284532523869984
speaker_centroid_cosine_distance,Unadjusted,602,1.6272334134947641
speaker_centroid_cosine_distance,Unadjusted,603,0.34618436758154303
speaker_centroid_cosine_distance,Unadjusted,604,0.2476681820187423
speaker_centroid_cosine_distance,Unadjusted,605,0.04679465009070327
speaker_centroid_cosine_distance,Unadjusted,606,0.511393150614083
speaker_centroid_cosine_distance,Unadjusted,607,1.9126205117880204
speaker_centroid_cosine_distance,Unadjusted,608,2.3641843525637967
speaker_centroid_cosine_distance,Unadjusted,609,1.555430933142702
speaker_centroid_cosine_distance,Unadjusted,610,0.19810188114445282
speaker_centroid_cosine_distance,Unadjusted,611,0.13619502329152056
speaker_centroid_cosine_distance,Unadjusted,612,0.01704895550568608
speaker_centroid_cosine_distance,Unadjusted,613,1.1937606858397203
speaker_centroid_cosine_distance,Unadjusted,614,1.6653838033701618
speaker_centroid_cosine_distance,Unadjusted,615,0.501286709875103
speaker_centroid_cosine_distance,Unadjusted,616,0.40390384903628274
speaker_centroid_cosine_distance,Unadjusted,617,1.1901876029052119
speaker_centroid_cosine_distance,Unadjusted,618,5.003857677665735
speaker_centroid_cosine_distance,Unadjusted,619,0.40319810947642054
speaker_centroid_cosine_distance,Unadjusted,620,0.46904212611678986
speaker_centroid_cosine_distance,Unadjusted,621,4.515318490059599
speaker_centroid_cosine_distance,Unadjusted,622,0.17997096701185455
speaker_centroid_cosine_distance,Unadjusted,623,0.06625185699562053
speaker_centroid_cosine_distance,Unadjusted,624,0.00011494073953599582
speaker_centroid_cosine_distance,Unadjusted,625,0.22806289505666655
speaker_centroid_cosine_distance,Unadjusted,626,1.2555351021339334
speaker_centroid_cosine_distance,Unadjusted,627,0.2901965306407419
speaker_centroid_cosine_distance,Unadjusted,628,0.1058564942781004
speaker_centroid_cosine_distance,Unadjusted,629,0.06718248681755767
speaker_centroid_cosine_distance,Unadjusted,630,1.377463461871514
speaker_centroid_cosine_distance,Unadjusted,631,1.4845315642145351
speaker_centroid_cosine_distance,Unadjusted,632,0.28827059297594815
speaker_centroid_cosine_distance,Unadjusted,633,0.0036613065765891406
speaker_centroid_cosine_distance,Unadjusted,634,0.3556650607972074
speaker_centroid_cosine_distance,Unadjusted,635,2.0883942063622385
speaker_centroid_cosine_distance,Unadjusted,636,0.059580092653845895
speaker_centroid_cosine_distance,Unadjusted,637,0.37602821786907725
speaker_centroid_cosine_distance,Unadjusted,638,2.491313156592014
speaker_centroid_cosine_distance,Unadjusted,639,0.016254060596338604
speaker_centroid_cosine_distance,Unadjusted,640,1.3466642516779643
speaker_centroid_cosine_distance,Unadjusted,641,1.710977306211305
speaker_centroid_cosine_distance,Unadjusted,642,0.28183406860830473
speaker_centroid_cosine_distance,Unadjusted,643,1.6981704417636934
speaker_centroid_cosine_distance,Unadjusted,644,0.1465552761163167
speaker_centroid_cosine_distance,Unadjusted,645,1.001140935437661
speaker_centroid_cosine_distance,Unadjusted,646,1.2670866217006278
speaker_centroid_cosine_distance,Unadjusted,647,0.24958860691481277
speaker_centroid_cosine_distance,Unadjusted,648,0.0003530342441990797
speaker_centroid_cosine_distance,Unadjusted,649,0.14105709510226916
speaker_centroid_cosine_distance,Unadjusted,650,0.21911234432121773
speaker_centroid_cosine_distance,Unadjusted,651,3.90051683999377
speaker_centroid_cosine_distance,Unadjusted,652,0.2076870676524436
speaker_centroid_cosine_distance,Unadjusted,653,0.021922527004278436
speaker_centroid_cosine_distance,Unadjusted,654,0.047849221287037835
speaker_centroid_cosine_distance,Unadjusted,655,1.7375350363182633
speaker_centroid_cosine_distance,Unadjusted,656,1.766435320221376
speaker_centroid_cosine_distance,Unadjusted,657,1.0961315692407538
speaker_centroid_cosine_distance,Unadjusted,658,0.19911637736856846
speaker_centroid_cosine_distance,Unadjusted,659,0.055481656867812035
speaker_centroid_cosine_distance,Unadjusted,660,3.244523723540567
speaker_centroid_cosine_distance,Unadjusted,661,0.4279149799166362
speaker_centroid_cosine_distance,Unadjusted,662,0.012023569250345645
speaker_centroid_cosine_distance,Unadjusted,663,0.47693808043527497
speaker_centroid_cosine_distance,Unadjusted,664,0.009104928019212366
speaker_centroid_cosine_distance,Unadjusted,665,0.0014887195289929878
speaker_centroid_cosine_distance,Unadjusted,666,0.12105725459593941
speaker_centroid_cosine_distance,Unadjusted,667,0.8117233681056746
speaker_centroid_cosine_distance,Unadjusted,668,0.1106000082370997
speaker_centroid_cosine_distance,Unadjusted,669,2.1239280052905656
speaker_centroid_cosine_distance,Unadjusted,670,0.46180974078436066
speaker_centroid_cosine_distance,Unadjusted,671,3.1611913433084737
speaker_centroid_cosine_distance,Unadjusted,672,1.783713138629139
speaker_centroid_cosine_distance,Unadjusted,673,1.955605215481171
speaker_centroid_cosine_distance,Unadjusted,674,0.41757954292359045
speaker_centroid_cosine_distance,Unadjusted,675,0.12698965809852325
speaker_centroid_cosine_distance,Unadjusted,676,0.18472763974762074
speaker_centroid_cosine_distance,Unadjusted,677,0.1929509183584628
speaker_centroid_cosine_distance,Unadjusted,678,0.17586847129507532
speaker_centroid_cosine_distance,Unadjusted,679,0.06663471350105965
speaker_centroid_cosine_distance,Unadjusted,680,0.38195425825472284
speaker_centroid_cosine_distance,Unadjusted,681,0.3814767225132982
speaker_centroid_cosine_distance,Unadjusted,682,0.07449473834839182
speaker_centroid_cosine_distance,Unadjusted,683,0.08954484672693752
speaker_centroid_cosine_distance,Unadjusted,684,0.9280380271397348
speaker_centroid_cosine_distance,Unadjusted,685,3.104324609722539
speaker_centroid_cosine_distance,Unadjusted,686,0.8287838375065917
speaker_centroid_cosine_distance,Unadjusted,687,0.9040803223945773
speaker_centroid_cosine_distance,Unadjusted,688,0.6823330009796109
speaker_centroid_cosine_distance,Unadjusted,689,0.05682027392361988
speaker_centroid_cosine_distance,Unadjusted,690,1.6131026798813082
speaker_centroid_cosine_distance,Unadjusted,691,0.08028207071953375
speaker_centroid_cosine_distance,Unadjusted,692,0.5247873092291684
speaker_centroid_cosine_distance,Unadjusted,693,0.22772648070235846
speaker_centroid_cosine_distance,Unadjusted,694,0.7566600594847728
speaker_centroid_cosine_distance,Unadjusted,695,0.008163899687360754
speaker_centroid_cosine_distance,Unadjusted,696,0.663672225478706
speaker_centroid_cosine_distance,Unadjusted,697,0.02795699342749458
speaker_centroid_cosine_distance,Unadjusted,698,2.5307338509520605
speaker_centroid_cosine_distance,Unadjusted,699,0.9892450715183259
speaker_centroid_cosine_distance,Unadjusted,700,1.9214738209829534
speaker_centroid_cosine_distance,Unadjusted,701,0.9024102202762379
speaker_centroid_cosine_distance,Unadjusted,702,0.009453784548725253
speaker_centroid_cosine_distance,Unadjusted,703,3.2350715939913357
speaker_centroid_cosine_distance,Unadjusted,704,0.4527846154445001
speaker_centroid_cosine_distance,Unadjusted,705,1.1155782105198568
speaker_centroid_cosine_distance,Unadjusted,706,0.25868701685965334
speaker_centroid_cosine_distance,Unadjusted,707,1.5346999245695656
speaker_centroid_cosine_distance,Unadjusted,708,2.5704366937321765
speaker_centroid_cosine_distance,Unadjusted,709,0.052904184148928834
speaker_centroid_cosine_distance,Unadjusted,710,0.18835891518398284
speaker_centroid_cosine_distance,Unadjusted,711,6.041852456515244
speaker_centroid_cosine_distance,Unadjusted,712,0.6853620135382243
speaker_centroid_cosine_distance,Unadjusted,713,7.3013244106073785
speaker_centroid_cosine_distance,Unadjusted,714,0.03604233118596767
speaker_centroid_cosine_distance,Unadjusted,715,0.010311681611142376
speaker_centroid_cosine_distance,Unadjusted,716,0.010562197524279782
speaker_centroid_cosine_distance,Unadjusted,717,0.2053284282661707
speaker_centroid_cosine_distance,Unadjusted,718,1.872986020155679
speaker_centroid_cosine_distance,Unadjusted,719,1.8145013999136381
speaker_centroid_cosine_distance,Unadjusted,720,1.7175841083096657
speaker_centroid_cosine_distance,Unadjusted,721,1.9898664391307648
speaker_centroid_cosine_distance,Unadjusted,722,0.5519170856438222
speaker_centroid_cosine_distance,Unadjusted,723,0.5028292995751826
speaker_centroid_cosine_distance,Unadjusted,724,1.489815305638956
speaker_centroid_cosine_distance,Unadjusted,725,0.011784583953044603
speaker_centroid_cosine_distance,Unadjusted,726,0.005265166716014846
speaker_centroid_cosine_distance,Unadjusted,727,0.5699858542798779
speaker_centroid_cosine_distance,Unadjusted,728,0.006859655164532796
speaker_centroid_cosine_distance,Unadjusted,729,0.036689481932512535
speaker_centroid_cosine_distance,Unadjusted,730,0.2879596898587806
speaker_centroid_cosine_distance,Unadjusted,731,0.5609645935032859
speaker_centroid_cosine_distance,Unadjusted,732,0.010545134356732433
speaker_centroid_cosine_distance,Unadjusted,733,1.732025680782499
speaker_centroid_cosine_distance,Unadjusted,734,0.023019373906436158
speaker_centroid_cosine_distance,Unadjusted,735,0.23887411392519198
speaker_centroid_cosine_distance,Unadjusted,736,0.2154551263665212
speaker_centroid_cosine_distance,Unadjusted,737,0.010679931852621394
speaker_centroid_cosine_distance,Unadjusted,738,2.56614658696202
speaker_centroid_cosine_distance,Unadjusted,739,0.5967521735055357
speaker_centroid_cosine_distance,Unadjusted,740,0.022939016174120752
speaker_centroid_cosine_distance,Unadjusted,741,0.23878133971061288
speaker_centroid_cosine_distance,Unadjusted,742,0.4919804343599594
speaker_centroid_cosine_distance,Unadjusted,743,1.5259873185076458
speaker_centroid_cosine_distance,Unadjusted,744,0.6040396710432105
speaker_centroid_cosine_distance,Unadjusted,745,0.006074863622700377
speaker_centroid_cosine_distance,Unadjusted,746,3.6731550441620016
speaker_centroid_cosine_distance,Unadjusted,747,0.06867257488306677
speaker_centroid_cosine_distance,Unadjusted,748,1.5627213823308352
speaker_centroid_cosine_distance,Unadjusted,749,1.3482558185617108
speaker_centroid_cosine_distance,Unadjusted,750,0.051325514919767556
speaker_centroid_cosine_distance,Unadjusted,751,0.0098731825725622
speaker_centroid_cosine_distance,Unadjusted,752,0.4006223958350006
speaker_centroid_cosine_distance,Unadjusted,753,0.8975812596277706
speaker_centroid_cosine_distance,Unadjusted,754,0.03665107589500849
speaker_centroid_cosine_distance,Unadjusted,755,2.1381897399446075
speaker_centroid_cosine_distance,Unadjusted,756,2.019993188056162
speaker_centroid_cosine_distance,Unadjusted,757,0.9942405342193297
speaker_centroid_cosine_distance,Unadjusted,758,1.6361399241339996
speaker_centroid_cosine_distance,Unadjusted,759,0.02429129700675503
speaker_centroid_cosine_distance,Unadjusted,760,0.032514921748429515
speaker_centroid_cosine_distance,Unadjusted,761,0.9637241606970974
speaker_centroid_cosine_distance,Unadjusted,762,0.2556243714080324
speaker_centroid_cosine_distance,Unadjusted,763,0.31046318984164145
speaker_centroid_cosine_distance,Unadjusted,764,0.020206876388215278
speaker_centroid_cosine_distance,Unadjusted,765,0.15406669961123498
speaker_centroid_cosine_distance,Unadjusted,766,0.03049022659581624
speaker_centroid_cosine_distance,Unadjusted,767,0.40981941909024044
speaker_centroid_cosine_distance,Unadjusted,768,1.7293104104336408
speaker_centroid_cosine_distance,Unadjusted,769,3.15694616654406
speaker_centroid_cosine_distance,Unadjusted,770,0.7292272908646282
speaker_centroid_cosine_distance,Unadjusted,771,0.1915524339398189
speaker_centroid_cosine_distance,Unadjusted,772,5.1954254527218495
speaker_centroid_cosine_distance,Unadjusted,773,1.9257110815358374
speaker_centroid_cosine_distance,Unadjusted,774,0.605266859814833
speaker_centroid_cosine_distance,Unadjusted,775,0.41788638692401037
speaker_centroid_cosine_distance,Unadjusted,776,0.006852114945161247
speaker_centroid_cosine_distance,Unadjusted,777,0.508765668301578
speaker_centroid_cosine_distance,Unadjusted,778,0.5934492603636841
speaker_centroid_cosine_distance,Unadjusted,779,0.6316365657194183
speaker_centroid_cosine_distance,Unadjusted,780,0.9940239883438835
speaker_centroid_cosine_distance,Unadjusted,781,3.888648222982738e-05
speaker_centroid_cosine_distance,Unadjusted,782,1.0597706661654342
speaker_centroid_cosine_distance,Unadjusted,783,0.7137049543585476
speaker_centroid_cosine_distance,Unadjusted,784,1.296034272420286
speaker_centroid_cosine_distance,Unadjusted,785,2.254797733904809
speaker_centroid_cosine_distance,Unadjusted,786,0.4149640854856784
speaker_centroid_cosine_distance,Unadjusted,787,0.15057728714509722
speaker_centroid_cosine_distance,Unadjusted,788,1.4436440891005304
speaker_centroid_cosine_distance,Unadjusted,789,0.14831979449445498
speaker_centroid_cosine_distance,Unadjusted,790,1.998653854819338
speaker_centroid_cosine_distance,Unadjusted,791,1.893907722856568
speaker_centroid_cosine_distance,Unadjusted,792,2.115032352851358
speaker_centroid_cosine_distance,Unadjusted,793,2.261927938568249
speaker_centroid_cosine_distance,Unadjusted,794,1.6613338516035014
speaker_centroid_cosine_distance,Unadjusted,795,0.18804173438883254
speaker_centroid_cosine_distance,Unadjusted,796,0.004902190959569452
speaker_centroid_cosine_distance,Unadjusted,797,0.017845193289304007
speaker_centroid_cosine_distance,Unadjusted,798,0.19641831676040056
speaker_centroid_cosine_distance,Unadjusted,799,0.7094458833278168
speaker_centroid_cosine_distance,Unadjusted,800,1.335795053798904
speaker_centroid_cosine_distance,Unadjusted,801,0.031774081809089694
speaker_centroid_cosine_distance,Unadjusted,802,0.2679057775438878
speaker_centroid_cosine_distance,Unadjusted,803,0.013548447630341798
speaker_centroid_cosine_distance,Unadjusted,804,0.048615061634791346
speaker_centroid_cosine_distance,Unadjusted,805,1.7152294310151888
speaker_centroid_cosine_distance,Unadjusted,806,0.4964764322927522
speaker_centroid_cosine_distance,Unadjusted,807,0.37764924191128557
speaker_centroid_cosine_distance,Unadjusted,808,0.642777000701301
speaker_centroid_cosine_distance,Unadjusted,809,0.03209966502356565
speaker_centroid_cosine_distance,Unadjusted,810,0.0022889501137797197
speaker_centroid_cosine_distance,Unadjusted,811,0.3653809351655468
speaker_centroid_cosine_distance,Unadjusted,812,5.390340070199045
speaker_centroid_cosine_distance,Unadjusted,813,1.2638299621045235
speaker_centroid_cosine_distance,Unadjusted,814,0.9640259947704521
speaker_centroid_cosine_distance,Unadjusted,815,0.7056118697066154
speaker_centroid_cosine_distance,Unadjusted,816,1.0416343213136088
speaker_centroid_cosine_distance,Unadjusted,817,0.3662383796902873
speaker_centroid_cosine_distance,Unadjusted,818,4.953384556971571
speaker_centroid_cosine_distance,Unadjusted,819,0.13519426733267892
speaker_centroid_cosine_distance,Unadjusted,820,5.056563114960113
speaker_centroid_cosine_distance,Unadjusted,821,0.06726076593139396
speaker_centroid_cosine_distance,Unadjusted,822,0.004089678835725863
speaker_centroid_cosine_distance,Unadjusted,823,1.570600856969179
speaker_centroid_cosine_distance,Unadjusted,824,0.22620220290076531
speaker_centroid_cosine_distance,Unadjusted,825,3.6110392954924464e-05
speaker_centroid_cosine_distance,Unadjusted,826,1.4354628975073638
speaker_centroid_cosine_distance,Unadjusted,827,0.2382304458062663
speaker_centroid_cosine_distance,Unadjusted,828,3.5944389098306715
speaker_centroid_cosine_distance,Unadjusted,829,0.1444971518826037
speaker_centroid_cosine_distance,Unadjusted,830,0.01198987520490391
speaker_centroid_cosine_distance,Unadjusted,831,1.9838989516028391
speaker_centroid_cosine_distance,Unadjusted,832,1.122019347396531
speaker_centroid_cosine_distance,Unadjusted,833,1.0892491264623345
speaker_centroid_cosine_distance,Unadjusted,834,0.006784859400283949
speaker_centroid_cosine_distance,Unadjusted,835,0.7788006398046718
speaker_centroid_cosine_distance,Unadjusted,836,0.001777749617133395
speaker_centroid_cosine_distance,Unadjusted,837,0.7606690323981411
speaker_centroid_cosine_distance,Unadjusted,838,1.0276369713808435
speaker_centroid_cosine_distance,Unadjusted,839,0.01554857664626752
speaker_centroid_cosine_distance,Unadjusted,840,0.01234980437482136
speaker_centroid_cosine_distance,Unadjusted,841,0.5792397044346558
speaker_centroid_cosine_distance,Unadjusted,842,0.43464214795778844
speaker_centroid_cosine_distance,Unadjusted,843,0.01573971703874122
speaker_centroid_cosine_distance,Unadjusted,844,0.012739518298474195
speaker_centroid_cosine_distance,Unadjusted,845,2.4770193257120354
speaker_centroid_cosine_distance,Unadjusted,846,0.07025635725727852
speaker_centroid_cosine_distance,Unadjusted,847,1.245459070757306
speaker_centroid_cosine_distance,Unadjusted,848,0.06198722374688259
speaker_centroid_cosine_distance,Unadjusted,849,2.309677233561331
speaker_centroid_cosine_distance,Unadjusted,850,0.028848611107434863
speaker_centroid_cosine_distance,Unadjusted,851,0.18582433736105486
speaker_centroid_cosine_distance,Unadjusted,852,0.3216476944273836
speaker_centroid_cosine_distance,Unadjusted,853,3.8141678100440117
speaker_centroid_cosine_distance,Unadjusted,854,0.07383807144753973
speaker_centroid_cosine_distance,Unadjusted,855,2.3033921214218367
speaker_centroid_cosine_distance,Unadjusted,856,0.8745258596202348
speaker_centroid_cosine_distance,Unadjusted,857,0.23583602204143972
speaker_centroid_cosine_distance,Unadjusted,858,1.5934521752748765
speaker_centroid_cosine_distance,Unadjusted,859,1.8648677563942329
speaker_centroid_cosine_distance,Unadjusted,860,0.15705661378825653
speaker_centroid_cosine_distance,Unadjusted,861,0.0011115857384993433
speaker_centroid_cosine_distance,Unadjusted,862,6.486743318671245
speaker_centroid_cosine_distance,Unadjusted,863,0.8100811238583105
speaker_centroid_cosine_distance,Unadjusted,864,0.015010450757472427
speaker_centroid_cosine_distance,Unadjusted,865,0.574659858667701
speaker_centroid_cosine_distance,Unadjusted,866,0.37909685054592046
speaker_centroid_cosine_distance,Unadjusted,867,0.33512223073438463
speaker_centroid_cosine_distance,Unadjusted,868,1.2306583587135265
speaker_centroid_cosine_distance,Unadjusted,869,3.1139625473603587
speaker_centroid_cosine_distance,Unadjusted,870,0.11859154590553089
speaker_centroid_cosine_distance,Unadjusted,871,0.02690858211434488
speaker_centroid_cosine_distance,Unadjusted,872,0.18410644872989224
speaker_centroid_cosine_distance,Unadjusted,873,8.73914610211881
speaker_centroid_cosine_distance,Unadjusted,874,0.18430660180058567
speaker_centroid_cosine_distance,Unadjusted,875,1.0010599531444768
speaker_centroid_cosine_distance,Unadjusted,876,1.188750827482579
speaker_centroid_cosine_distance,Unadjusted,877,1.4776736768531578
speaker_centroid_cosine_distance,Unadjusted,878,0.8261781139452751
speaker_centroid_cosine_distance,Unadjusted,879,0.07343141954993371
speaker_centroid_cosine_distance,Unadjusted,880,3.3559853246233615
speaker_centroid_cosine_distance,Unadjusted,881,0.004573235860959812
speaker_centroid_cosine_distance,Unadjusted,882,1.44468540159437
speaker_centroid_cosine_distance,Unadjusted,883,2.3184220104511155
speaker_centroid_cosine_distance,Unadjusted,884,0.19798729476644894
speaker_centroid_cosine_distance,Unadjusted,885,0.01038008337127394
speaker_centroid_cosine_distance,Unadjusted,886,3.022990765442671
speaker_centroid_cosine_distance,Unadjusted,887,0.042288786126448485
speaker_centroid_cosine_distance,Unadjusted,888,2.099812554605876
speaker_centroid_cosine_distance,Unadjusted,889,0.0028411573848075022
speaker_centroid_cosine_distance,Unadjusted,890,1.3339133859758476
speaker_centroid_cosine_distance,Unadjusted,891,1.1048557591687427
speaker_centroid_cosine_distance,Unadjusted,892,0.2594972150896524
speaker_centroid_cosine_distance,Unadjusted,893,0.13779730075759744
speaker_centroid_cosine_distance,Unadjusted,894,1.5726870669921595
speaker_centroid_cosine_distance,Unadjusted,895,0.5814263929314052
speaker_centroid_cosine_distance,Unadjusted,896,0.4401462686128639
speaker_centroid_cosine_distance,Unadjusted,897,0.011977889638330907
speaker_centroid_cosine_distance,Unadjusted,898,3.245321633624542
speaker_centroid_cosine_distance,Unadjusted,899,0.34323389459439113
speaker_centroid_cosine_distance,Unadjusted,900,0.04003041084456527
speaker_centroid_cosine_distance,Unadjusted,901,2.0500941975437854
speaker_centroid_cosine_distance,Unadjusted,902,0.9135358356918459
speaker_centroid_cosine_distance,Unadjusted,903,0.02212480108391901
speaker_centroid_cosine_distance,Unadjusted,904,0.21666445871096585
speaker_centroid_cosine_distance,Unadjusted,905,4.954202093518177
speaker_centroid_cosine_distance,Unadjusted,906,0.43724043236079524
speaker_centroid_cosine_distance,Unadjusted,907,2.207496382067802
speaker_centroid_cosine_distance,Unadjusted,908,0.38290082589486474
speaker_centroid_cosine_distance,Unadjusted,909,0.16375525868949126
speaker_centroid_cosine_distance,Unadjusted,910,0.6685604045305809
speaker_centroid_cosine_distance,Unadjusted,911,0.7211807326055464
speaker_centroid_cosine_distance,Unadjusted,912,0.08265487224605295
speaker_centroid_cosine_distance,Unadjusted,913,0.32248377066258627
speaker_centroid_cosine_distance,Unadjusted,914,0.7620633990997021
speaker_centroid_cosine_distance,Unadjusted,915,2.5393952698382236
speaker_centroid_cosine_distance,Unadjusted,916,0.36661440447051064
speaker_centroid_cosine_distance,Unadjusted,917,0.9138812096635434
speaker_centroid_cosine_distance,Unadjusted,918,0.011449023023999416
speaker_centroid_cosine_distance,Unadjusted,919,1.2919481272444386
speaker_centroid_cosine_distance,Unadjusted,920,1.16721225107392
speaker_centroid_cosine_distance,Unadjusted,921,1.126088201165146
speaker_centroid_cosine_distance,Unadjusted,922,1.2007737241796121
speaker_centroid_cosine_distance,Unadjusted,923,0.02793143774078999
speaker_centroid_cosine_distance,Unadjusted,924,1.7758099464027168
speaker_centroid_cosine_distance,Unadjusted,925,0.1272734414393426
speaker_centroid_cosine_distance,Unadjusted,926,1.192406865776661
speaker_centroid_cosine_distance,Unadjusted,927,0.057358322621610114
speaker_centroid_cosine_distance,Unadjusted,928,0.04941097552540441
speaker_centroid_cosine_distance,Unadjusted,929,1.9645365515401636
speaker_centroid_cosine_distance,Unadjusted,930,0.43516371339495663
speaker_centroid_cosine_distance,Unadjusted,931,0.369698993729628
speaker_centroid_cosine_distance,Unadjusted,932,9.295187404171827
speaker_centroid_cosine_distance,Unadjusted,933,1.0655376943477108
speaker_centroid_cosine_distance,Unadjusted,934,0.4144101450804669
speaker_centroid_cosine_distance,Unadjusted,935,2.4009053049647378
speaker_centroid_cosine_distance,Unadjusted,936,2.323789295488041
speaker_centroid_cosine_distance,Unadjusted,937,0.252937763081718
speaker_centroid_cosine_distance,Unadjusted,938,1.2681249788917626
speaker_centroid_cosine_distance,Unadjusted,939,0.1347650947237753
speaker_centroid_cosine_distance,Unadjusted,940,0.23941103120750995
speaker_centroid_cosine_distance,Unadjusted,941,0.2270861438474867
speaker_centroid_cosine_distance,Unadjusted,942,2.8320084526754385
speaker_centroid_cosine_distance,Unadjusted,943,4.063503609426675
speaker_centroid_cosine_distance,Unadjusted,944,0.634040730217805
speaker_centroid_cosine_distance,Unadjusted,945,0.0008244108751682688
speaker_centroid_cosine_distance,Unadjusted,946,0.7471253181082602
speaker_centroid_cosine_distance,Unadjusted,947,2.792272997854184
speaker_centroid_cosine_distance,Unadjusted,948,0.2268519979124335
speaker_centroid_cosine_distance,Unadjusted,949,0.2007538722263007
speaker_centroid_cosine_distance,Unadjusted,950,0.3557574690908609
speaker_centroid_cosine_distance,Unadjusted,951,0.05273758590220723
speaker_centroid_cosine_distance,Unadjusted,952,1.0929343005042256
speaker_centroid_cosine_distance,Unadjusted,953,0.6514454075365848
speaker_centroid_cosine_distance,Unadjusted,954,1.139255390528433
speaker_centroid_cosine_distance,Unadjusted,955,1.430018743386654
speaker_centroid_cosine_distance,Unadjusted,956,0.8422037319332958
speaker_centroid_cosine_distance,Unadjusted,957,0.9169377394532603
speaker_centroid_cosine_distance,Unadjusted,958,0.10607386611434322
speaker_centroid_cosine_distance,Unadjusted,959,2.8949112632931246
speaker_centroid_cosine_distance,Unadjusted,960,0.8755520377944208
speaker_centroid_cosine_distance,Unadjusted,961,0.020250269351436145
speaker_centroid_cosine_distance,Unadjusted,962,0.1535527514611772
speaker_centroid_cosine_distance,Unadjusted,963,2.1288175286652518
speaker_centroid_cosine_distance,Unadjusted,964,3.564854292407688
speaker_centroid_cosine_distance,Unadjusted,965,0.14658020374963598
speaker_centroid_cosine_distance,Unadjusted,966,0.7870013174709811
speaker_centroid_cosine_distance,Unadjusted,967,0.006602584714642035
speaker_centroid_cosine_distance,Unadjusted,968,1.0463637881853742
speaker_centroid_cosine_distance,Unadjusted,969,0.19176831403291317
speaker_centroid_cosine_distance,Unadjusted,970,0.08154269332652575
speaker_centroid_cosine_distance,Unadjusted,971,0.5470708804276683
speaker_centroid_cosine_distance,Unadjusted,972,2.032031238959064
speaker_centroid_cosine_distance,Unadjusted,973,0.021769316038557918
speaker_centroid_cosine_distance,Unadjusted,974,0.04839661210496615
speaker_centroid_cosine_distance,Unadjusted,975,0.0032617476954328595
speaker_centroid_cosine_distance,Unadjusted,976,0.041894003708421224
speaker_centroid_cosine_distance,Unadjusted,977,0.5366685706040357
speaker_centroid_cosine_distance,Unadjusted,978,0.4127676845878341
speaker_centroid_cosine_distance,Unadjusted,979,1.0362403531536302
speaker_centroid_cosine_distance,Unadjusted,980,0.22479149006682064
speaker_centroid_cosine_distance,Unadjusted,981,0.41786918481193425
speaker_centroid_cosine_distance,Unadjusted,982,2.0701075641227362e-05
speaker_centroid_cosine_distance,Unadjusted,983,0.008492136071197365
speaker_centroid_cosine_distance,Unadjusted,984,0.20610850806843928
speaker_centroid_cosine_distance,Unadjusted,985,0.47357477673108406
speaker_centroid_cosine_distance,Unadjusted,986,0.26720916724974586
speaker_centroid_cosine_distance,Unadjusted,987,1.5923545904212801
speaker_centroid_cosine_distance,Unadjusted,988,0.02079485011614679
speaker_centroid_cosine_distance,Unadjusted,989,0.019795738552886633
speaker_centroid_cosine_distance,Unadjusted,990,0.59261111864123
speaker_centroid_cosine_distance,Unadjusted,991,14.777740655931836
speaker_centroid_cosine_distance,Unadjusted,992,0.7206034407083166
speaker_centroid_cosine_distance,Unadjusted,993,3.847104004395078
speaker_centroid_cosine_distance,Unadjusted,994,0.6077710751667382
speaker_centroid_cosine_distance,Unadjusted,995,0.1054341475986007
speaker_centroid_cosine_distance,Unadjusted,996,0.006686444950616988
speaker_centroid_cosine_distance,Unadjusted,997,0.1665307347557814
speaker_centroid_cosine_distance,Unadjusted,998,1.364232811091938
speaker_centroid_cosine_distance,Count-adjusted,0,1.1337598743968158
speaker_centroid_cosine_distance,Count-adjusted,1,0.31036083712322693
speaker_centroid_cosine_distance,Count-adjusted,2,0.010303163147852956
speaker_centroid_cosine_distance,Count-adjusted,3,0.4367045887362906
speaker_centroid_cosine_distance,Count-adjusted,4,0.6712228711436126
speaker_centroid_cosine_distance,Count-adjusted,5,1.5704356440070057
speaker_centroid_cosine_distance,Count-adjusted,6,0.30808803914629834
speaker_centroid_cosine_distance,Count-adjusted,7,0.06581964072154278
speaker_centroid_cosine_distance,Count-adjusted,8,1.3826278842651618
speaker_centroid_cosine_distance,Count-adjusted,9,0.371157333593203
speaker_centroid_cosine_distance,Count-adjusted,10,1.2669331170040437
speaker_centroid_cosine_distance,Count-adjusted,11,0.2880274923269326
speaker_centroid_cosine_distance,Count-adjusted,12,0.7041701846936235
speaker_centroid_cosine_distance,Count-adjusted,13,1.635273353029703
speaker_centroid_cosine_distance,Count-adjusted,14,1.2120379660362346
speaker_centroid_cosine_distance,Count-adjusted,15,6.407159168020371e-05
speaker_centroid_cosine_distance,Count-adjusted,16,0.18875074978137718
speaker_centroid_cosine_distance,Count-adjusted,17,0.5635272930578026
speaker_centroid_cosine_distance,Count-adjusted,18,0.0005578158680918932
speaker_centroid_cosine_distance,Count-adjusted,19,0.3313160068692582
speaker_centroid_cosine_distance,Count-adjusted,20,1.4402828317186618
speaker_centroid_cosine_distance,Count-adjusted,21,0.6703755100787134
speaker_centroid_cosine_distance,Count-adjusted,22,0.17160877938420072
speaker_centroid_cosine_distance,Count-adjusted,23,1.0483766137952557
speaker_centroid_cosine_distance,Count-adjusted,24,0.0670674429313749
speaker_centroid_cosine_distance,Count-adjusted,25,0.10578063035472951
speaker_centroid_cosine_distance,Count-adjusted,26,0.785027302837193
speaker_centroid_cosine_distance,Count-adjusted,27,0.157169906167951
speaker_centroid_cosine_distance,Count-adjusted,28,0.7464770076994967
speaker_centroid_cosine_distance,Count-adjusted,29,0.9551716687011833
speaker_centroid_cosine_distance,Count-adjusted,30,4.873754604027283
speaker_centroid_cosine_distance,Count-adjusted,31,3.114831106400004
speaker_centroid_cosine_distance,Count-adjusted,32,0.057124698424331655
speaker_centroid_cosine_distance,Count-adjusted,33,0.04143345585265479
speaker_centroid_cosine_distance,Count-adjusted,34,0.003908977389471602
speaker_centroid_cosine_distance,Count-adjusted,35,4.443774546496229
speaker_centroid_cosine_distance,Count-adjusted,36,3.9538401436744834
speaker_centroid_cosine_distance,Count-adjusted,37,1.417626353958923
speaker_centroid_cosine_distance,Count-adjusted,38,0.8176817527000537
speaker_centroid_cosine_distance,Count-adjusted,39,0.4807168215978095
speaker_centroid_cosine_distance,Count-adjusted,40,1.1055290739811312
speaker_centroid_cosine_distance,Count-adjusted,41,0.46204155991841844
speaker_centroid_cosine_distance,Count-adjusted,42,0.04370066169349229
speaker_centroid_cosine_distance,Count-adjusted,43,1.2417430597886892
speaker_centroid_cosine_distance,Count-adjusted,44,0.19664752937814
speaker_centroid_cosine_distance,Count-adjusted,45,1.1800615900596654
speaker_centroid_cosine_distance,Count-adjusted,46,0.08353717416889594
speaker_centroid_cosine_distance,Count-adjusted,47,0.23039318380330087
speaker_centroid_cosine_distance,Count-adjusted,48,2.5249470063808417
speaker_centroid_cosine_distance,Count-adjusted,49,0.15127484715520723
speaker_centroid_cosine_distance,Count-adjusted,50,0.2211279908985091
speaker_centroid_cosine_distance,Count-adjusted,51,0.14652929016540384
speaker_centroid_cosine_distance,Count-adjusted,52,0.031611836355637024
speaker_centroid_cosine_distance,Count-adjusted,53,0.06700952022114848
speaker_centroid_cosine_distance,Count-adjusted,54,0.20881545454511752
speaker_centroid_cosine_distance,Count-adjusted,55,0.6990408421582686
speaker_centroid_cosine_distance,Count-adjusted,56,0.45725212332183673
speaker_centroid_cosine_distance,Count-adjusted,57,0.32859141622344623
speaker_centroid_cosine_distance,Count-adjusted,58,0.028939779260070964
speaker_centroid_cosine_distance,Count-adjusted,59,0.3601879646917894
speaker_centroid_cosine_distance,Count-adjusted,60,0.5757007131656451
speaker_centroid_cosine_distance,Count-adjusted,61,1.184289000179433
speaker_centroid_cosine_distance,Count-adjusted,62,0.7669772394626762
speaker_centroid_cosine_distance,Count-adjusted,63,1.3373741649410817
speaker_centroid_cosine_distance,Count-adjusted,64,0.001636297165873657
speaker_centroid_cosine_distance,Count-adjusted,65,0.15176279447058505
speaker_centroid_cosine_distance,Count-adjusted,66,1.4367670972531528
speaker_centroid_cosine_distance,Count-adjusted,67,0.24114922571487796
speaker_centroid_cosine_distance,Count-adjusted,68,1.1844993789415525
speaker_centroid_cosine_distance,Count-adjusted,69,0.03772541573241028
speaker_centroid_cosine_distance,Count-adjusted,70,2.2933387252826947
speaker_centroid_cosine_distance,Count-adjusted,71,0.21964159614896062
speaker_centroid_cosine_distance,Count-adjusted,72,0.6514644011072619
speaker_centroid_cosine_distance,Count-adjusted,73,2.02902532813539
speaker_centroid_cosine_distance,Count-adjusted,74,0.5185816881343328
speaker_centroid_cosine_distance,Count-adjusted,75,2.0732023934680797
speaker_centroid_cosine_distance,Count-adjusted,76,5.164371377119068
speaker_centroid_cosine_distance,Count-adjusted,77,0.25845178678133607
speaker_centroid_cosine_distance,Count-adjusted,78,5.188849483626797
speaker_centroid_cosine_distance,Count-adjusted,79,0.19259129696294508
speaker_centroid_cosine_distance,Count-adjusted,80,4.466390328320216
speaker_centroid_cosine_distance,Count-adjusted,81,0.23889684164339542
speaker_centroid_cosine_distance,Count-adjusted,82,0.02684013124496687
speaker_centroid_cosine_distance,Count-adjusted,83,2.377271658663858
speaker_centroid_cosine_distance,Count-adjusted,84,0.045020724928775735
speaker_centroid_cosine_distance,Count-adjusted,85,0.9608682058758973
speaker_centroid_cosine_distance,Count-adjusted,86,5.88332422848768
speaker_centroid_cosine_distance,Count-adjusted,87,0.6820734137624527
speaker_centroid_cosine_distance,Count-adjusted,88,0.4065971212207842
speaker_centroid_cosine_distance,Count-adjusted,89,0.03579181041649804
speaker_centroid_cosine_distance,Count-adjusted,90,3.72201886134809
speaker_centroid_cosine_distance,Count-adjusted,91,1.236202467894259
speaker_centroid_cosine_distance,Count-adjusted,92,1.5555064204311293
speaker_centroid_cosine_distance,Count-adjusted,93,0.015347708022943607
speaker_centroid_cosine_distance,Count-adjusted,94,4.155556474399617
speaker_centroid_cosine_distance,Count-adjusted,95,0.21695763107885568
speaker_centroid_cosine_distance,Count-adjusted,96,0.0003544731439433235
speaker_centroid_cosine_distance,Count-adjusted,97,1.377372736325782
speaker_centroid_cosine_distance,Count-adjusted,98,0.005422647720934037
speaker_centroid_cosine_distance,Count-adjusted,99,0.02411077701759723
speaker_centroid_cosine_distance,Count-adjusted,100,0.38174081322327424
speaker_centroid_cosine_distance,Count-adjusted,101,2.4133963362456825
speaker_centroid_cosine_distance,Count-adjusted,102,0.5491864307053334
speaker_centroid_cosine_distance,Count-adjusted,103,2.2577401377699005
speaker_centroid_cosine_distance,Count-adjusted,104,0.20836142041599715
speaker_centroid_cosine_distance,Count-adjusted,105,6.38160017985544
speaker_centroid_cosine_distance,Count-adjusted,106,0.6815430922964083
speaker_centroid_cosine_distance,Count-adjusted,107,1.0074903752071123
speaker_centroid_cosine_distance,Count-adjusted,108,0.06270877038443246
speaker_centroid_cosine_distance,Count-adjusted,109,0.6012907155082701
speaker_centroid_cosine_distance,Count-adjusted,110,1.597614873493427
speaker_centroid_cosine_distance,Count-adjusted,111,0.02823634966608779
speaker_centroid_cosine_distance,Count-adjusted,112,0.04679998889332637
speaker_centroid_cosine_distance,Count-adjusted,113,0.6756534661799378
speaker_centroid_cosine_distance,Count-adjusted,114,0.0050492109143362995
speaker_centroid_cosine_distance,Count-adjusted,115,0.11858907319810896
speaker_centroid_cosine_distance,Count-adjusted,116,4.102434468978686
speaker_centroid_cosine_distance,Count-adjusted,117,9.898517561168774e-06
speaker_centroid_cosine_distance,Count-adjusted,118,4.615790271978597
speaker_centroid_cosine_distance,Count-adjusted,119,0.13794059188938945
speaker_centroid_cosine_distance,Count-adjusted,120,0.0002532961556767077
speaker_centroid_cosine_distance,Count-adjusted,121,0.002816950699980225
speaker_centroid_cosine_distance,Count-adjusted,122,3.5366516262212144
speaker_centroid_cosine_distance,Count-adjusted,123,2.769054775130712
speaker_centroid_cosine_distance,Count-adjusted,124,0.007871735126968815
speaker_centroid_cosine_distance,Count-adjusted,125,0.0005272136189944376
speaker_centroid_cosine_distance,Count-adjusted,126,0.9110470259859369
speaker_centroid_cosine_distance,Count-adjusted,127,3.975858100468713
speaker_centroid_cosine_distance,Count-adjusted,128,0.23813031753417135
speaker_centroid_cosine_distance,Count-adjusted,129,2.1321329477089535
speaker_centroid_cosine_distance,Count-adjusted,130,0.4808833889346147
speaker_centroid_cosine_distance,Count-adjusted,131,0.024639466042543745
speaker_centroid_cosine_distance,Count-adjusted,132,0.7465555922520366
speaker_centroid_cosine_distance,Count-adjusted,133,0.05618473638133992
speaker_centroid_cosine_distance,Count-adjusted,134,0.2035677905151374
speaker_centroid_cosine_distance,Count-adjusted,135,0.7958934304650143
speaker_centroid_cosine_distance,Count-adjusted,136,4.749454450347912e-05
speaker_centroid_cosine_distance,Count-adjusted,137,7.879224361599341
speaker_centroid_cosine_distance,Count-adjusted,138,0.04697400368320359
speaker_centroid_cosine_distance,Count-adjusted,139,4.116694758191784
speaker_centroid_cosine_distance,Count-adjusted,140,0.03376306879073354
speaker_centroid_cosine_distance,Count-adjusted,141,4.18397848175033
speaker_centroid_cosine_distance,Count-adjusted,142,6.5869286069896305
speaker_centroid_cosine_distance,Count-adjusted,143,0.5755526371372071
speaker_centroid_cosine_distance,Count-adjusted,144,1.298958838935107
speaker_centroid_cosine_distance,Count-adjusted,145,1.7307967485235167
speaker_centroid_cosine_distance,Count-adjusted,146,0.8490882517868386
speaker_centroid_cosine_distance,Count-adjusted,147,4.6435573160364925
speaker_centroid_cosine_distance,Count-adjusted,148,4.786182683541398
speaker_centroid_cosine_distance,Count-adjusted,149,0.033775211505769676
speaker_centroid_cosine_distance,Count-adjusted,150,0.8289043887630783
speaker_centroid_cosine_distance,Count-adjusted,151,0.940762685671416
speaker_centroid_cosine_distance,Count-adjusted,152,0.1479975794061943
speaker_centroid_cosine_distance,Count-adjusted,153,0.5988788084702037
speaker_centroid_cosine_distance,Count-adjusted,154,0.06946795089908164
speaker_centroid_cosine_distance,Count-adjusted,155,2.0991025913807846
speaker_centroid_cosine_distance,Count-adjusted,156,0.0063223659228697215
speaker_centroid_cosine_distance,Count-adjusted,157,0.8559808043636963
speaker_centroid_cosine_distance,Count-adjusted,158,0.8132050783810314
speaker_centroid_cosine_distance,Count-adjusted,159,4.439219384063335
speaker_centroid_cosine_distance,Count-adjusted,160,0.6776127838904813
speaker_centroid_cosine_distance,Count-adjusted,161,7.369953587549958
speaker_centroid_cosine_distance,Count-adjusted,162,0.0005190361933955501
speaker_centroid_cosine_distance,Count-adjusted,163,0.7591194382241611
speaker_centroid_cosine_distance,Count-adjusted,164,0.31368037741486887
speaker_centroid_cosine_distance,Count-adjusted,165,0.8744138180438767
speaker_centroid_cosine_distance,Count-adjusted,166,0.22718010273371192
speaker_centroid_cosine_distance,Count-adjusted,167,2.018019826908244
speaker_centroid_cosine_distance,Count-adjusted,168,0.21289532687643486
speaker_centroid_cosine_distance,Count-adjusted,169,0.0005219060780916607
speaker_centroid_cosine_distance,Count-adjusted,170,0.5027010457597498
speaker_centroid_cosine_distance,Count-adjusted,171,0.0474198704211517
speaker_centroid_cosine_distance,Count-adjusted,172,0.05556148463506361
speaker_centroid_cosine_distance,Count-adjusted,173,0.33619537399761157
speaker_centroid_cosine_distance,Count-adjusted,174,1.6424908961424762
speaker_centroid_cosine_distance,Count-adjusted,175,3.094629147001058
speaker_centroid_cosine_distance,Count-adjusted,176,0.1404424283968524
speaker_centroid_cosine_distance,Count-adjusted,177,1.3945947577873312
speaker_centroid_cosine_distance,Count-adjusted,178,0.014011121274961624
speaker_centroid_cosine_distance,Count-adjusted,179,0.23267497505423762
speaker_centroid_cosine_distance,Count-adjusted,180,0.2536743941319628
speaker_centroid_cosine_distance,Count-adjusted,181,2.1260660163954412
speaker_centroid_cosine_distance,Count-adjusted,182,0.010121490710986336
speaker_centroid_cosine_distance,Count-adjusted,183,0.0025885762875645923
speaker_centroid_cosine_distance,Count-adjusted,184,0.07093213345086724
speaker_centroid_cosine_distance,Count-adjusted,185,0.07771976377028977
speaker_centroid_cosine_distance,Count-adjusted,186,0.3099583590941677
speaker_centroid_cosine_distance,Count-adjusted,187,0.0010865609035022317
speaker_centroid_cosine_distance,Count-adjusted,188,0.5060904436061833
speaker_centroid_cosine_distance,Count-adjusted,189,0.37551780037966864
speaker_centroid_cosine_distance,Count-adjusted,190,1.087039787795959
speaker_centroid_cosine_distance,Count-adjusted,191,0.05227201424921191
speaker_centroid_cosine_distance,Count-adjusted,192,2.149640999206781
speaker_centroid_cosine_distance,Count-adjusted,193,0.08828015838213332
speaker_centroid_cosine_distance,Count-adjusted,194,0.005324754910446927
speaker_centroid_cosine_distance,Count-adjusted,195,1.4189602456830812
speaker_centroid_cosine_distance,Count-adjusted,196,1.7033706000246411
speaker_centroid_cosine_distance,Count-adjusted,197,0.5562079383755076
speaker_centroid_cosine_distance,Count-adjusted,198,0.42380282521440904
speaker_centroid_cosine_distance,Count-adjusted,199,0.832910068371632
speaker_centroid_cosine_distance,Count-adjusted,200,0.31103137560336336
speaker_centroid_cosine_distance,Count-adjusted,201,0.036443696611115683
speaker_centroid_cosine_distance,Count-adjusted,202,3.1517600410236355
speaker_centroid_cosine_distance,Count-adjusted,203,0.04085239508685845
speaker_centroid_cosine_distance,Count-adjusted,204,0.24308508241603022
speaker_centroid_cosine_distance,Count-adjusted,205,0.17849683595926535
speaker_centroid_cosine_distance,Count-adjusted,206,3.886483760664021
speaker_centroid_cosine_distance,Count-adjusted,207,0.05213344428682376
speaker_centroid_cosine_distance,Count-adjusted,208,0.19783427898909167
speaker_centroid_cosine_distance,Count-adjusted,209,0.0828156948940375
speaker_centroid_cosine_distance,Count-adjusted,210,0.04836077327996691
speaker_centroid_cosine_distance,Count-adjusted,211,0.004116851080198103
speaker_centroid_cosine_distance,Count-adjusted,212,2.176630420090305
speaker_centroid_cosine_distance,Count-adjusted,213,0.5263784998015524
speaker_centroid_cosine_distance,Count-adjusted,214,0.04023657850888185
speaker_centroid_cosine_distance,Count-adjusted,215,3.2872128251886465
speaker_centroid_cosine_distance,Count-adjusted,216,0.0003494289900345393
speaker_centroid_cosine_distance,Count-adjusted,217,0.18618781741037083
speaker_centroid_cosine_distance,Count-adjusted,218,0.010918577952509168
speaker_centroid_cosine_distance,Count-adjusted,219,0.010738237461112021
speaker_centroid_cosine_distance,Count-adjusted,220,1.5224114989458712
speaker_centroid_cosine_distance,Count-adjusted,221,0.7227189306078969
speaker_centroid_cosine_distance,Count-adjusted,222,0.6229232474186688
speaker_centroid_cosine_distance,Count-adjusted,223,1.906976112478958
speaker_centroid_cosine_distance,Count-adjusted,224,0.0003557070600663792
speaker_centroid_cosine_distance,Count-adjusted,225,0.9355155129388777
speaker_centroid_cosine_distance,Count-adjusted,226,0.6447831808158639
speaker_centroid_cosine_distance,Count-adjusted,227,0.1540763648953316
speaker_centroid_cosine_distance,Count-adjusted,228,0.012921465584668113
speaker_centroid_cosine_distance,Count-adjusted,229,0.6848108469051795
speaker_centroid_cosine_distance,Count-adjusted,230,7.767058008312233e-06
speaker_centroid_cosine_distance,Count-adjusted,231,0.9480888430302912
speaker_centroid_cosine_distance,Count-adjusted,232,0.3014957625424586
speaker_centroid_cosine_distance,Count-adjusted,233,0.1071214354377048
speaker_centroid_cosine_distance,Count-adjusted,234,1.2264582883897504
speaker_centroid_cosine_distance,Count-adjusted,235,0.007443025703452122
speaker_centroid_cosine_distance,Count-adjusted,236,0.30656982839980174
speaker_centroid_cosine_distance,Count-adjusted,237,0.14275458760272386
speaker_centroid_cosine_distance,Count-adjusted,238,1.3601103886315968
speaker_centroid_cosine_distance,Count-adjusted,239,0.9690362478508803
speaker_centroid_cosine_distance,Count-adjusted,240,3.8500271467916605
speaker_centroid_cosine_distance,Count-adjusted,241,0.0062731856567666
speaker_centroid_cosine_distance,Count-adjusted,242,0.031611940036356145
speaker_centroid_cosine_distance,Count-adjusted,243,0.5052852303536497
speaker_centroid_cosine_distance,Count-adjusted,244,1.227665984232999
speaker_centroid_cosine_distance,Count-adjusted,245,1.6175667771511826
speaker_centroid_cosine_distance,Count-adjusted,246,2.285201520884499
speaker_centroid_cosine_distance,Count-adjusted,247,1.9865922752304925
speaker_centroid_cosine_distance,Count-adjusted,248,0.5866596596308113
speaker_centroid_cosine_distance,Count-adjusted,249,0.03478014152608466
speaker_centroid_cosine_distance,Count-adjusted,250,0.00408719929629342
speaker_centroid_cosine_distance,Count-adjusted,251,0.5894952457088038
speaker_centroid_cosine_distance,Count-adjusted,252,0.027018012213318343
speaker_centroid_cosine_distance,Count-adjusted,253,4.509274800674916
speaker_centroid_cosine_distance,Count-adjusted,254,0.32962815654599353
speaker_centroid_cosine_distance,Count-adjusted,255,3.036806569878422
speaker_centroid_cosine_distance,Count-adjusted,256,0.33343594320626835
speaker_centroid_cosine_distance,Count-adjusted,257,0.0023949144813286694
speaker_centroid_cosine_distance,Count-adjusted,258,0.18665524664794475
speaker_centroid_cosine_distance,Count-adjusted,259,1.2707594242989444
speaker_centroid_cosine_distance,Count-adjusted,260,0.0009914653484770497
speaker_centroid_cosine_distance,Count-adjusted,261,3.2557114082803196
speaker_centroid_cosine_distance,Count-adjusted,262,0.003791838716495022
speaker_centroid_cosine_distance,Count-adjusted,263,0.11283203188742164
speaker_centroid_cosine_distance,Count-adjusted,264,0.1660263500758674
speaker_centroid_cosine_distance,Count-adjusted,265,1.3216576021440858
speaker_centroid_cosine_distance,Count-adjusted,266,0.00739204422717421
speaker_centroid_cosine_distance,Count-adjusted,267,0.5145481628320567
speaker_centroid_cosine_distance,Count-adjusted,268,0.02205504832460292
speaker_centroid_cosine_distance,Count-adjusted,269,0.07362625928368516
speaker_centroid_cosine_distance,Count-adjusted,270,1.3884528786261683
speaker_centroid_cosine_distance,Count-adjusted,271,1.4424477800346835
speaker_centroid_cosine_distance,Count-adjusted,272,0.3716895558608826
speaker_centroid_cosine_distance,Count-adjusted,273,0.22347641661130524
speaker_centroid_cosine_distance,Count-adjusted,274,0.9433540182520517
speaker_centroid_cosine_distance,Count-adjusted,275,0.08994415489502217
speaker_centroid_cosine_distance,Count-adjusted,276,12.330604019627856
speaker_centroid_cosine_distance,Count-adjusted,277,0.0014008892903234482
speaker_centroid_cosine_distance,Count-adjusted,278,3.3995923209395187
speaker_centroid_cosine_distance,Count-adjusted,279,0.4259647265853346
speaker_centroid_cosine_distance,Count-adjusted,280,0.26881890592269997
speaker_centroid_cosine_distance,Count-adjusted,281,2.725986875916078
speaker_centroid_cosine_distance,Count-adjusted,282,0.7879051082460933
speaker_centroid_cosine_distance,Count-adjusted,283,1.2012464521297943
speaker_centroid_cosine_distance,Count-adjusted,284,0.25670730877453707
speaker_centroid_cosine_distance,Count-adjusted,285,0.1397493885453116
speaker_centroid_cosine_distance,Count-adjusted,286,0.2673875907809702
speaker_centroid_cosine_distance,Count-adjusted,287,3.0031798812809143
speaker_centroid_cosine_distance,Count-adjusted,288,1.0129951655370633
speaker_centroid_cosine_distance,Count-adjusted,289,2.6086031838779604
speaker_centroid_cosine_distance,Count-adjusted,290,0.9107054108431498
speaker_centroid_cosine_distance,Count-adjusted,291,0.02453141798400793
speaker_centroid_cosine_distance,Count-adjusted,292,0.016806298626363514
speaker_centroid_cosine_distance,Count-adjusted,293,2.71911373049511
speaker_centroid_cosine_distance,Count-adjusted,294,0.391327930735315
speaker_centroid_cosine_distance,Count-adjusted,295,0.00032458113980737835
speaker_centroid_cosine_distance,Count-adjusted,296,7.109282316585791
speaker_centroid_cosine_distance,Count-adjusted,297,4.1219878460708514
speaker_centroid_cosine_distance,Count-adjusted,298,5.9081512299904375
speaker_centroid_cosine_distance,Count-adjusted,299,0.7183810086112601
speaker_centroid_cosine_distance,Count-adjusted,300,0.23383565872927647
speaker_centroid_cosine_distance,Count-adjusted,301,0.6597157540035141
speaker_centroid_cosine_distance,Count-adjusted,302,0.39750028431188866
speaker_centroid_cosine_distance,Count-adjusted,303,0.525952879471447
speaker_centroid_cosine_distance,Count-adjusted,304,1.56446881301639
speaker_centroid_cosine_distance,Count-adjusted,305,0.9833292296853529
speaker_centroid_cosine_distance,Count-adjusted,306,0.16326572977862952
speaker_centroid_cosine_distance,Count-adjusted,307,1.8003453926702946
speaker_centroid_cosine_distance,Count-adjusted,308,1.0370186646522654
speaker_centroid_cosine_distance,Count-adjusted,309,0.4021936023552257
speaker_centroid_cosine_distance,Count-adjusted,310,0.0005547183352234697
speaker_centroid_cosine_distance,Count-adjusted,311,0.32292989282660756
speaker_centroid_cosine_distance,Count-adjusted,312,0.40153038575516575
speaker_centroid_cosine_distance,Count-adjusted,313,5.036256153218517
speaker_centroid_cosine_distance,Count-adjusted,314,0.3605451719697612
speaker_centroid_cosine_distance,Count-adjusted,315,0.6719836696929065
speaker_centroid_cosine_distance,Count-adjusted,316,0.2633704351557071
speaker_centroid_cosine_distance,Count-adjusted,317,4.406561575828874
speaker_centroid_cosine_distance,Count-adjusted,318,0.027704106385527894
speaker_centroid_cosine_distance,Count-adjusted,319,1.6443313079121822
speaker_centroid_cosine_distance,Count-adjusted,320,0.3471285896798122
speaker_centroid_cosine_distance,Count-adjusted,321,0.4819966029641023
speaker_centroid_cosine_distance,Count-adjusted,322,0.5094501353172802
speaker_centroid_cosine_distance,Count-adjusted,323,0.4005363293122741
speaker_centroid_cosine_distance,Count-adjusted,324,0.01940121950150342
speaker_centroid_cosine_distance,Count-adjusted,325,0.7139817400341713
speaker_centroid_cosine_distance,Count-adjusted,326,0.047931064057934236
speaker_centroid_cosine_distance,Count-adjusted,327,0.16460896227368949
speaker_centroid_cosine_distance,Count-adjusted,328,4.737971094227049
speaker_centroid_cosine_distance,Count-adjusted,329,0.7694015222005532
speaker_centroid_cosine_distance,Count-adjusted,330,0.005111794456951202
speaker_centroid_cosine_distance,Count-adjusted,331,1.080835752017208
speaker_centroid_cosine_distance,Count-adjusted,332,0.6274863962573249
speaker_centroid_cosine_distance,Count-adjusted,333,0.0009007360096688899
speaker_centroid_cosine_distance,Count-adjusted,334,0.5294519064760834
speaker_centroid_cosine_distance,Count-adjusted,335,1.1335169857696314
speaker_centroid_cosine_distance,Count-adjusted,336,0.8010842327025784
speaker_centroid_cosine_distance,Count-adjusted,337,3.4082553156400763
speaker_centroid_cosine_distance,Count-adjusted,338,0.11687008126722276
speaker_centroid_cosine_distance,Count-adjusted,339,0.4704333521659123
speaker_centroid_cosine_distance,Count-adjusted,340,0.10948966040325558
speaker_centroid_cosine_distance,Count-adjusted,341,0.35092695917205674
speaker_centroid_cosine_distance,Count-adjusted,342,2.4687722454922323
speaker_centroid_cosine_distance,Count-adjusted,343,0.18824148754953285
speaker_centroid_cosine_distance,Count-adjusted,344,2.370602968373589
speaker_centroid_cosine_distance,Count-adjusted,345,0.06012499407648875
speaker_centroid_cosine_distance,Count-adjusted,346,0.004278595833227428
speaker_centroid_cosine_distance,Count-adjusted,347,1.4217704551880104
speaker_centroid_cosine_distance,Count-adjusted,348,0.5722938549239132
speaker_centroid_cosine_distance,Count-adjusted,349,1.0449890012749279
speaker_centroid_cosine_distance,Count-adjusted,350,2.058701686474592
speaker_centroid_cosine_distance,Count-adjusted,351,1.6347199789379374e-06
speaker_centroid_cosine_distance,Count-adjusted,352,1.7488838421821242
speaker_centroid_cosine_distance,Count-adjusted,353,2.6160362064309766
speaker_centroid_cosine_distance,Count-adjusted,354,2.3491231982217187
speaker_centroid_cosine_distance,Count-adjusted,355,0.23367408055054284
speaker_centroid_cosine_distance,Count-adjusted,356,0.9578487589902238
speaker_centroid_cosine_distance,Count-adjusted,357,0.028830638355941574
speaker_centroid_cosine_distance,Count-adjusted,358,0.005593549856541813
speaker_centroid_cosine_distance,Count-adjusted,359,0.06450354281042792
speaker_centroid_cosine_distance,Count-adjusted,360,0.0013861344006613763
speaker_centroid_cosine_distance,Count-adjusted,361,0.2532362254580107
speaker_centroid_cosine_distance,Count-adjusted,362,4.786602380192505
speaker_centroid_cosine_distance,Count-adjusted,363,0.1530918669169523
speaker_centroid_cosine_distance,Count-adjusted,364,0.8489576988299063
speaker_centroid_cosine_distance,Count-adjusted,365,0.10311632905592205
speaker_centroid_cosine_distance,Count-adjusted,366,2.545293083341079
speaker_centroid_cosine_distance,Count-adjusted,367,0.21770169751340518
speaker_centroid_cosine_distance,Count-adjusted,368,2.7956593326728125
speaker_centroid_cosine_distance,Count-adjusted,369,2.604053755105781
speaker_centroid_cosine_distance,Count-adjusted,370,0.9050184657291993
speaker_centroid_cosine_distance,Count-adjusted,371,0.23364256163506525
speaker_centroid_cosine_distance,Count-adjusted,372,12.884964331766724
speaker_centroid_cosine_distance,Count-adjusted,373,0.20759969282107704
speaker_centroid_cosine_distance,Count-adjusted,374,2.517859438237849
speaker_centroid_cosine_distance,Count-adjusted,375,0.2641153205820501
speaker_centroid_cosine_distance,Count-adjusted,376,0.07696419879616201
speaker_centroid_cosine_distance,Count-adjusted,377,0.03351337579550773
speaker_centroid_cosine_distance,Count-adjusted,378,1.6036346384686908
speaker_centroid_cosine_distance,Count-adjusted,379,0.8711095898505619
speaker_centroid_cosine_distance,Count-adjusted,380,0.820436557371778
speaker_centroid_cosine_distance,Count-adjusted,381,0.29110438250745574
speaker_centroid_cosine_distance,Count-adjusted,382,0.0479683939087181
speaker_centroid_cosine_distance,Count-adjusted,383,0.11390924273516134
speaker_centroid_cosine_distance,Count-adjusted,384,0.10350851299364194
speaker_centroid_cosine_distance,Count-adjusted,385,0.7197923627133491
speaker_centroid_cosine_distance,Count-adjusted,386,0.1951259233397309
speaker_centroid_cosine_distance,Count-adjusted,387,0.1489962216348033
speaker_centroid_cosine_distance,Count-adjusted,388,0.6214080483054545
speaker_centroid_cosine_distance,Count-adjusted,389,5.544431369098618
speaker_centroid_cosine_distance,Count-adjusted,390,0.003649771712900929
speaker_centroid_cosine_distance,Count-adjusted,391,0.12573463237174565
speaker_centroid_cosine_distance,Count-adjusted,392,0.31052091875505994
speaker_centroid_cosine_distance,Count-adjusted,393,1.521710169304697
speaker_centroid_cosine_distance,Count-adjusted,394,0.864124177237727
speaker_centroid_cosine_distance,Count-adjusted,395,0.5882233797092624
speaker_centroid_cosine_distance,Count-adjusted,396,0.34577247306725667
speaker_centroid_cosine_distance,Count-adjusted,397,0.09753198629454118
speaker_centroid_cosine_distance,Count-adjusted,398,1.021385418534237
speaker_centroid_cosine_distance,Count-adjusted,399,0.4921054974434469
speaker_centroid_cosine_distance,Count-adjusted,400,1.927920985331042
speaker_centroid_cosine_distance,Count-adjusted,401,0.3938455999519874
speaker_centroid_cosine_distance,Count-adjusted,402,0.006573689846561592
speaker_centroid_cosine_distance,Count-adjusted,403,0.5512151102855682
speaker_centroid_cosine_distance,Count-adjusted,404,0.04583817783986888
speaker_centroid_cosine_distance,Count-adjusted,405,0.8776056173299196
speaker_centroid_cosine_distance,Count-adjusted,406,0.5313700587813628
speaker_centroid_cosine_distance,Count-adjusted,407,0.14241708757975857
speaker_centroid_cosine_distance,Count-adjusted,408,0.19100167702686122
speaker_centroid_cosine_distance,Count-adjusted,409,0.11417284771505365
speaker_centroid_cosine_distance,Count-adjusted,410,4.27434643001024
speaker_centroid_cosine_distance,Count-adjusted,411,1.333210884343174
speaker_centroid_cosine_distance,Count-adjusted,412,0.5851885942322212
speaker_centroid_cosine_distance,Count-adjusted,413,1.741629025016664
speaker_centroid_cosine_distance,Count-adjusted,414,0.03781634427784297
speaker_centroid_cosine_distance,Count-adjusted,415,0.00014347403941883385
speaker_centroid_cosine_distance,Count-adjusted,416,1.5253168792568204
speaker_centroid_cosine_distance,Count-adjusted,417,0.0029907080945577036
speaker_centroid_cosine_distance,Count-adjusted,418,0.4765843331521751
speaker_centroid_cosine_distance,Count-adjusted,419,0.23457839001943626
speaker_centroid_cosine_distance,Count-adjusted,420,0.005136951710767335
speaker_centroid_cosine_distance,Count-adjusted,421,0.11146516744190649
speaker_centroid_cosine_distance,Count-adjusted,422,4.1335007496818434
speaker_centroid_cosine_distance,Count-adjusted,423,0.283539513203209
speaker_centroid_cosine_distance,Count-adjusted,424,0.23803329652571392
speaker_centroid_cosine_distance,Count-adjusted,425,0.006898754873986945
speaker_centroid_cosine_distance,Count-adjusted,426,1.0322733668886315
speaker_centroid_cosine_distance,Count-adjusted,427,0.6896652833078747
speaker_centroid_cosine_distance,Count-adjusted,428,0.04216358676478649
speaker_centroid_cosine_distance,Count-adjusted,429,0.6850220549526966
speaker_centroid_cosine_distance,Count-adjusted,430,0.23144833648672147
speaker_centroid_cosine_distance,Count-adjusted,431,0.015310096120373373
speaker_centroid_cosine_distance,Count-adjusted,432,0.12401032778302579
speaker_centroid_cosine_distance,Count-adjusted,433,0.1682329520148187
speaker_centroid_cosine_distance,Count-adjusted,434,0.6748941978405583
speaker_centroid_cosine_distance,Count-adjusted,435,0.5868197253544167
speaker_centroid_cosine_distance,Count-adjusted,436,0.4412516429143807
speaker_centroid_cosine_distance,Count-adjusted,437,0.25128110602383913
speaker_centroid_cosine_distance,Count-adjusted,438,0.03497999965446752
speaker_centroid_cosine_distance,Count-adjusted,439,0.4744964148735278
speaker_centroid_cosine_distance,Count-adjusted,440,0.5412332287190793
speaker_centroid_cosine_distance,Count-adjusted,441,0.7699487509989922
speaker_centroid_cosine_distance,Count-adjusted,442,0.001795422088775922
speaker_centroid_cosine_distance,Count-adjusted,443,0.4991471363080109
speaker_centroid_cosine_distance,Count-adjusted,444,0.4204843021601903
speaker_centroid_cosine_distance,Count-adjusted,445,0.27823091844879855
speaker_centroid_cosine_distance,Count-adjusted,446,1.3539584381085206
speaker_centroid_cosine_distance,Count-adjusted,447,0.251933642868039
speaker_centroid_cosine_distance,Count-adjusted,448,0.3826043252980753
speaker_centroid_cosine_distance,Count-adjusted,449,0.16527632420945793
speaker_centroid_cosine_distance,Count-adjusted,450,0.38905648401154735
speaker_centroid_cosine_distance,Count-adjusted,451,1.847141209865498
speaker_centroid_cosine_distance,Count-adjusted,452,0.8453961679800273
speaker_centroid_cosine_distance,Count-adjusted,453,4.974756526031683
speaker_centroid_cosine_distance,Count-adjusted,454,0.06786986115611171
speaker_centroid_cosine_distance,Count-adjusted,455,1.4634566216317921
speaker_centroid_cosine_distance,Count-adjusted,456,0.36414132234870067
speaker_centroid_cosine_distance,Count-adjusted,457,1.8531301666096454
speaker_centroid_cosine_distance,Count-adjusted,458,0.6926252956062058
speaker_centroid_cosine_distance,Count-adjusted,459,1.5522276839874394e-05
speaker_centroid_cosine_distance,Count-adjusted,460,0.33167036702326413
speaker_centroid_cosine_distance,Count-adjusted,461,0.31755944944245584
speaker_centroid_cosine_distance,Count-adjusted,462,0.6612571465387873
speaker_centroid_cosine_distance,Count-adjusted,463,0.06007639609561011
speaker_centroid_cosine_distance,Count-adjusted,464,5.337321205867056
speaker_centroid_cosine_distance,Count-adjusted,465,1.596824181350712
speaker_centroid_cosine_distance,Count-adjusted,466,0.060534953106582634
speaker_centroid_cosine_distance,Count-adjusted,467,0.2554556989608727
speaker_centroid_cosine_distance,Count-adjusted,468,0.05245280384775697
speaker_centroid_cosine_distance,Count-adjusted,469,0.16848569280955417
speaker_centroid_cosine_distance,Count-adjusted,470,0.045361583445071574
speaker_centroid_cosine_distance,Count-adjusted,471,0.08327053091454673
speaker_centroid_cosine_distance,Count-adjusted,472,0.015998976594460146
speaker_centroid_cosine_distance,Count-adjusted,473,0.8697328719470079
speaker_centroid_cosine_distance,Count-adjusted,474,0.06979849927631676
speaker_centroid_cosine_distance,Count-adjusted,475,0.39540650006253486
speaker_centroid_cosine_distance,Count-adjusted,476,0.383880108365247
speaker_centroid_cosine_distance,Count-adjusted,477,0.16697673473339592
speaker_centroid_cosine_distance,Count-adjusted,478,0.5665455942096571
speaker_centroid_cosine_distance,Count-adjusted,479,0.12459068462686673
speaker_centroid_cosine_distance,Count-adjusted,480,1.7494872664582317
speaker_centroid_cosine_distance,Count-adjusted,481,2.011499559723802
speaker_centroid_cosine_distance,Count-adjusted,482,0.19034688358578933
speaker_centroid_cosine_distance,Count-adjusted,483,1.3697273278126545
speaker_centroid_cosine_distance,Count-adjusted,484,1.9793668249305654
speaker_centroid_cosine_distance,Count-adjusted,485,0.36292290675123695
speaker_centroid_cosine_distance,Count-adjusted,486,0.4782264945923771
speaker_centroid_cosine_distance,Count-adjusted,487,3.9282589963421515
speaker_centroid_cosine_distance,Count-adjusted,488,6.5988105251915385
speaker_centroid_cosine_distance,Count-adjusted,489,0.424391192731548
speaker_centroid_cosine_distance,Count-adjusted,490,0.04700059361690023
speaker_centroid_cosine_distance,Count-adjusted,491,0.056526985981236066
speaker_centroid_cosine_distance,Count-adjusted,492,0.027955732733062177
speaker_centroid_cosine_distance,Count-adjusted,493,0.2387633917381322
speaker_centroid_cosine_distance,Count-adjusted,494,0.5955950896616855
speaker_centroid_cosine_distance,Count-adjusted,495,0.4062769987240813
speaker_centroid_cosine_distance,Count-adjusted,496,1.9218884035748545
speaker_centroid_cosine_distance,Count-adjusted,497,4.84330108900366
speaker_centroid_cosine_distance,Count-adjusted,498,2.901127376749571
speaker_centroid_cosine_distance,Count-adjusted,499,1.0342419057911343
speaker_centroid_cosine_distance,Count-adjusted,500,0.004480588917260775
speaker_centroid_cosine_distance,Count-adjusted,501,0.05195126095611613
speaker_centroid_cosine_distance,Count-adjusted,502,0.11563794599078392
speaker_centroid_cosine_distance,Count-adjusted,503,0.4916263125634259
speaker_centroid_cosine_distance,Count-adjusted,504,0.009510750712905747
speaker_centroid_cosine_distance,Count-adjusted,505,0.03347260792014595
speaker_centroid_cosine_distance,Count-adjusted,506,1.19503115363932
speaker_centroid_cosine_distance,Count-adjusted,507,0.3655821984490899
speaker_centroid_cosine_distance,Count-adjusted,508,0.985285729945133
speaker_centroid_cosine_distance,Count-adjusted,509,0.0019684777236648188
speaker_centroid_cosine_distance,Count-adjusted,510,4.354975782625303
speaker_centroid_cosine_distance,Count-adjusted,511,0.003732901747781625
speaker_centroid_cosine_distance,Count-adjusted,512,0.07904145783720651
speaker_centroid_cosine_distance,Count-adjusted,513,1.2621292485164304
speaker_centroid_cosine_distance,Count-adjusted,514,0.37021966848658394
speaker_centroid_cosine_distance,Count-adjusted,515,0.34547146064593903
speaker_centroid_cosine_distance,Count-adjusted,516,0.19183289168722695
speaker_centroid_cosine_distance,Count-adjusted,517,6.017462396812334e-06
speaker_centroid_cosine_distance,Count-adjusted,518,0.019590939190266
speaker_centroid_cosine_distance,Count-adjusted,519,7.320149796896658e-05
speaker_centroid_cosine_distance,Count-adjusted,520,0.051879236653860517
speaker_centroid_cosine_distance,Count-adjusted,521,0.040969857186837544
speaker_centroid_cosine_distance,Count-adjusted,522,0.05355012928220049
speaker_centroid_cosine_distance,Count-adjusted,523,0.45468755472623457
speaker_centroid_cosine_distance,Count-adjusted,524,0.005304493294943313
speaker_centroid_cosine_distance,Count-adjusted,525,0.003439676275917236
speaker_centroid_cosine_distance,Count-adjusted,526,2.4665172142136953
speaker_centroid_cosine_distance,Count-adjusted,527,3.0926329785578446
speaker_centroid_cosine_distance,Count-adjusted,528,0.0014352625915421413
speaker_centroid_cosine_distance,Count-adjusted,529,0.16545313054911048
speaker_centroid_cosine_distance,Count-adjusted,530,0.10207091200169316
speaker_centroid_cosine_distance,Count-adjusted,531,0.09696742645900258
speaker_centroid_cosine_distance,Count-adjusted,532,0.038718434746812136
speaker_centroid_cosine_distance,Count-adjusted,533,0.051643242827253744
speaker_centroid_cosine_distance,Count-adjusted,534,0.3168060848038863
speaker_centroid_cosine_distance,Count-adjusted,535,1.614076959057087
speaker_centroid_cosine_distance,Count-adjusted,536,0.18517496129709343
speaker_centroid_cosine_distance,Count-adjusted,537,0.862692368027183
speaker_centroid_cosine_distance,Count-adjusted,538,4.537536947974729
speaker_centroid_cosine_distance,Count-adjusted,539,0.15475118288293288
speaker_centroid_cosine_distance,Count-adjusted,540,0.9981958127862072
speaker_centroid_cosine_distance,Count-adjusted,541,0.02543010898165221
speaker_centroid_cosine_distance,Count-adjusted,542,1.3221850395405568
speaker_centroid_cosine_distance,Count-adjusted,543,0.1019052573297472
speaker_centroid_cosine_distance,Count-adjusted,544,0.5318163689704534
speaker_centroid_cosine_distance,Count-adjusted,545,0.6274877462201403
speaker_centroid_cosine_distance,Count-adjusted,546,0.009416394165157271
speaker_centroid_cosine_distance,Count-adjusted,547,0.5551679326679277
speaker_centroid_cosine_distance,Count-adjusted,548,0.2529388123848548
speaker_centroid_cosine_distance,Count-adjusted,549,0.5574972649059475
speaker_centroid_cosine_distance,Count-adjusted,550,1.6339296896734652
speaker_centroid_cosine_distance,Count-adjusted,551,1.1055369581088712
speaker_centroid_cosine_distance,Count-adjusted,552,1.353268921712072
speaker_centroid_cosine_distance,Count-adjusted,553,0.31591827780573567
speaker_centroid_cosine_distance,Count-adjusted,554,0.5793190894473241
speaker_centroid_cosine_distance,Count-adjusted,555,0.005416927563203444
speaker_centroid_cosine_distance,Count-adjusted,556,0.012370983256857926
speaker_centroid_cosine_distance,Count-adjusted,557,0.430128550653194
speaker_centroid_cosine_distance,Count-adjusted,558,0.013164398579363024
speaker_centroid_cosine_distance,Count-adjusted,559,1.8769943893629204
speaker_centroid_cosine_distance,Count-adjusted,560,0.08645713187644333
speaker_centroid_cosine_distance,Count-adjusted,561,2.02660051347641
speaker_centroid_cosine_distance,Count-adjusted,562,0.6416944599126282
speaker_centroid_cosine_distance,Count-adjusted,563,0.09144610044188539
speaker_centroid_cosine_distance,Count-adjusted,564,0.014905120373470027
speaker_centroid_cosine_distance,Count-adjusted,565,0.03447244701578711
speaker_centroid_cosine_distance,Count-adjusted,566,5.578469031452187
speaker_centroid_cosine_distance,Count-adjusted,567,0.7779528695252225
speaker_centroid_cosine_distance,Count-adjusted,568,0.28676858196791954
speaker_centroid_cosine_distance,Count-adjusted,569,0.4612008969437227
speaker_centroid_cosine_distance,Count-adjusted,570,1.8257641487925582
speaker_centroid_cosine_distance,Count-adjusted,571,0.31235560673883356
speaker_centroid_cosine_distance,Count-adjusted,572,1.303407193494479
speaker_centroid_cosine_distance,Count-adjusted,573,0.5756244258604397
speaker_centroid_cosine_distance,Count-adjusted,574,0.33405532589171116
speaker_centroid_cosine_distance,Count-adjusted,575,0.02555881241210045
speaker_centroid_cosine_distance,Count-adjusted,576,0.6232635242606079
speaker_centroid_cosine_distance,Count-adjusted,577,0.35887004082741214
speaker_centroid_cosine_distance,Count-adjusted,578,0.49638915920479576
speaker_centroid_cosine_distance,Count-adjusted,579,0.5861927216402592
speaker_centroid_cosine_distance,Count-adjusted,580,1.2545089877758073
speaker_centroid_cosine_distance,Count-adjusted,581,0.0555841981478693
speaker_centroid_cosine_distance,Count-adjusted,582,0.6533838211564102
speaker_centroid_cosine_distance,Count-adjusted,583,0.04796679640500656
speaker_centroid_cosine_distance,Count-adjusted,584,1.832347783328487
speaker_centroid_cosine_distance,Count-adjusted,585,2.2716555482539036
speaker_centroid_cosine_distance,Count-adjusted,586,2.13034187035899
speaker_centroid_cosine_distance,Count-adjusted,587,0.3921097586120368
speaker_centroid_cosine_distance,Count-adjusted,588,0.0018201832484692204
speaker_centroid_cosine_distance,Count-adjusted,589,1.1563956583283073
speaker_centroid_cosine_distance,Count-adjusted,590,3.6604132120305906
speaker_centroid_cosine_distance,Count-adjusted,591,2.811142746438634
speaker_centroid_cosine_distance,Count-adjusted,592,1.8676538820496944
speaker_centroid_cosine_distance,Count-adjusted,593,0.32555241304794436
speaker_centroid_cosine_distance,Count-adjusted,594,0.0001232956829539944
speaker_centroid_cosine_distance,Count-adjusted,595,2.912759746039484
speaker_centroid_cosine_distance,Count-adjusted,596,0.1223617571623663
speaker_centroid_cosine_distance,Count-adjusted,597,2.2878888274629787
speaker_centroid_cosine_distance,Count-adjusted,598,0.0629820503188796
speaker_centroid_cosine_distance,Count-adjusted,599,0.12601288803659827
speaker_centroid_cosine_distance,Count-adjusted,600,1.2094168191764538
speaker_centroid_cosine_distance,Count-adjusted,601,0.7510778559245637
speaker_centroid_cosine_distance,Count-adjusted,602,2.3934786730702626
speaker_centroid_cosine_distance,Count-adjusted,603,2.9849196585786046
speaker_centroid_cosine_distance,Count-adjusted,604,0.7663744477034129
speaker_centroid_cosine_distance,Count-adjusted,605,0.08843424026298408
speaker_centroid_cosine_distance,Count-adjusted,606,0.04205189250586727
speaker_centroid_cosine_distance,Count-adjusted,607,1.2238301197511419
speaker_centroid_cosine_distance,Count-adjusted,608,0.7242600107276189
speaker_centroid_cosine_distance,Count-adjusted,609,0.1365051761582663
speaker_centroid_cosine_distance,Count-adjusted,610,1.451066529125825
speaker_centroid_cosine_distance,Count-adjusted,611,2.0835111054401523
speaker_centroid_cosine_distance,Count-adjusted,612,0.7500592424897263
speaker_centroid_cosine_distance,Count-adjusted,613,2.345580141793562
speaker_centroid_cosine_distance,Count-adjusted,614,0.8048326329950726
speaker_centroid_cosine_distance,Count-adjusted,615,0.17729415853426644
speaker_centroid_cosine_distance,Count-adjusted,616,0.5707139891720772
speaker_centroid_cosine_distance,Count-adjusted,617,5.105001264091754
speaker_centroid_cosine_distance,Count-adjusted,618,2.0389668905238523
speaker_centroid_cosine_distance,Count-adjusted,619,0.49597528942132385
speaker_centroid_cosine_distance,Count-adjusted,620,0.14366353478988003
speaker_centroid_cosine_distance,Count-adjusted,621,0.28882306097153787
speaker_centroid_cosine_distance,Count-adjusted,622,0.009334851222035923
speaker_centroid_cosine_distance,Count-adjusted,623,1.4661032028203067
speaker_centroid_cosine_distance,Count-adjusted,624,0.42088372041888533
speaker_centroid_cosine_distance,Count-adjusted,625,0.21648650514237033
speaker_centroid_cosine_distance,Count-adjusted,626,0.08797512842733113
speaker_centroid_cosine_distance,Count-adjusted,627,0.0018321926395969967
speaker_centroid_cosine_distance,Count-adjusted,628,0.08313970879217436
speaker_centroid_cosine_distance,Count-adjusted,629,1.203372465850407
speaker_centroid_cosine_distance,Count-adjusted,630,0.6141329595546381
speaker_centroid_cosine_distance,Count-adjusted,631,1.0556758119388405
speaker_centroid_cosine_distance,Count-adjusted,632,3.593505615370418
speaker_centroid_cosine_distance,Count-adjusted,633,0.4613746676698156
speaker_centroid_cosine_distance,Count-adjusted,634,0.3553529802021558
speaker_centroid_cosine_distance,Count-adjusted,635,0.095148793614527
speaker_centroid_cosine_distance,Count-adjusted,636,0.6472400945614822
speaker_centroid_cosine_distance,Count-adjusted,637,0.06221471211432572
speaker_centroid_cosine_distance,Count-adjusted,638,3.3644985444717577
speaker_centroid_cosine_distance,Count-adjusted,639,0.30046703303219147
speaker_centroid_cosine_distance,Count-adjusted,640,1.5785161295570163
speaker_centroid_cosine_distance,Count-adjusted,641,0.16010857721397542
speaker_centroid_cosine_distance,Count-adjusted,642,0.47451997079576813
speaker_centroid_cosine_distance,Count-adjusted,643,0.08744340759795932
speaker_centroid_cosine_distance,Count-adjusted,644,0.02167390955156634
speaker_centroid_cosine_distance,Count-adjusted,645,5.898173973306797
speaker_centroid_cosine_distance,Count-adjusted,646,6.6364390858879005
speaker_centroid_cosine_distance,Count-adjusted,647,1.1909646613070777
speaker_centroid_cosine_distance,Count-adjusted,648,2.5630004507110016
speaker_centroid_cosine_distance,Count-adjusted,649,0.19473671248675828
speaker_centroid_cosine_distance,Count-adjusted,650,0.14957593967710636
speaker_centroid_cosine_distance,Count-adjusted,651,0.1485655206171259
speaker_centroid_cosine_distance,Count-adjusted,652,0.8926969777988063
speaker_centroid_cosine_distance,Count-adjusted,653,0.7131289789888342
speaker_centroid_cosine_distance,Count-adjusted,654,0.4812895577167069
speaker_centroid_cosine_distance,Count-adjusted,655,0.06955874960641495
speaker_centroid_cosine_distance,Count-adjusted,656,0.3178607047948674
speaker_centroid_cosine_distance,Count-adjusted,657,0.09864347576194632
speaker_centroid_cosine_distance,Count-adjusted,658,0.6233216298280126
speaker_centroid_cosine_distance,Count-adjusted,659,1.8342710824719575
speaker_centroid_cosine_distance,Count-adjusted,660,0.3526439917384323
speaker_centroid_cosine_distance,Count-adjusted,661,6.800485353912848
speaker_centroid_cosine_distance,Count-adjusted,662,0.011871845385655888
speaker_centroid_cosine_distance,Count-adjusted,663,0.02107104025157014
speaker_centroid_cosine_distance,Count-adjusted,664,1.8711767155388657
speaker_centroid_cosine_distance,Count-adjusted,665,0.03314288358728845
speaker_centroid_cosine_distance,Count-adjusted,666,4.9357632351619145
speaker_centroid_cosine_distance,Count-adjusted,667,0.6328162985473114
speaker_centroid_cosine_distance,Count-adjusted,668,1.1559246711441347
speaker_centroid_cosine_distance,Count-adjusted,669,0.6036392440045972
speaker_centroid_cosine_distance,Count-adjusted,670,0.007637204282445964
speaker_centroid_cosine_distance,Count-adjusted,671,0.02158968534183714
speaker_centroid_cosine_distance,Count-adjusted,672,2.4541452613697174
speaker_centroid_cosine_distance,Count-adjusted,673,1.7954665732303852
speaker_centroid_cosine_distance,Count-adjusted,674,1.8490081874478506
speaker_centroid_cosine_distance,Count-adjusted,675,0.3136702309829218
speaker_centroid_cosine_distance,Count-adjusted,676,0.817783907880596
speaker_centroid_cosine_distance,Count-adjusted,677,2.110565576852963
speaker_centroid_cosine_distance,Count-adjusted,678,0.6823011234410501
speaker_centroid_cosine_distance,Count-adjusted,679,0.9937175218812513
speaker_centroid_cosine_distance,Count-adjusted,680,0.8163552186662741
speaker_centroid_cosine_distance,Count-adjusted,681,0.4397980777779935
speaker_centroid_cosine_distance,Count-adjusted,682,0.573238862177476
speaker_centroid_cosine_distance,Count-adjusted,683,3.744343406261578
speaker_centroid_cosine_distance,Count-adjusted,684,0.9856206031720944
speaker_centroid_cosine_distance,Count-adjusted,685,0.0791714286327192
speaker_centroid_cosine_distance,Count-adjusted,686,0.010408393335808341
speaker_centroid_cosine_distance,Count-adjusted,687,0.13637488285314703
speaker_centroid_cosine_distance,Count-adjusted,688,0.20624881413624507
speaker_centroid_cosine_distance,Count-adjusted,689,3.26782755974682
speaker_centroid_cosine_distance,Count-adjusted,690,0.016042318427196278
speaker_centroid_cosine_distance,Count-adjusted,691,0.021662965745917973
speaker_centroid_cosine_distance,Count-adjusted,692,3.3281389905853302
speaker_centroid_cosine_distance,Count-adjusted,693,0.34156986040696324
speaker_centroid_cosine_distance,Count-adjusted,694,0.10212783057301067
speaker_centroid_cosine_distance,Count-adjusted,695,0.46067908020353343
speaker_centroid_cosine_distance,Count-adjusted,696,0.28644200256167096
speaker_centroid_cosine_distance,Count-adjusted,697,0.6701261305504431
speaker_centroid_cosine_distance,Count-adjusted,698,0.030576003086366654
speaker_centroid_cosine_distance,Count-adjusted,699,0.6266251198579766
speaker_centroid_cosine_distance,Count-adjusted,700,0.5746952066755284
speaker_centroid_cosine_distance,Count-adjusted,701,0.1736007590425288
speaker_centroid_cosine_distance,Count-adjusted,702,1.910780830212417
speaker_centroid_cosine_distance,Count-adjusted,703,0.06115463578220215
speaker_centroid_cosine_distance,Count-adjusted,704,0.18577843035245678
speaker_centroid_cosine_distance,Count-adjusted,705,0.06165396200549367
speaker_centroid_cosine_distance,Count-adjusted,706,0.5195273940612424
speaker_centroid_cosine_distance,Count-adjusted,707,0.18021094167119145
speaker_centroid_cosine_distance,Count-adjusted,708,0.2390800057761453
speaker_centroid_cosine_distance,Count-adjusted,709,0.16667242424534834
speaker_centroid_cosine_distance,Count-adjusted,710,0.08675747048039284
speaker_centroid_cosine_distance,Count-adjusted,711,9.545426854053034
speaker_centroid_cosine_distance,Count-adjusted,712,0.18477070650385485
speaker_centroid_cosine_distance,Count-adjusted,713,0.5252758513848903
speaker_centroid_cosine_distance,Count-adjusted,714,1.1406262589160008
speaker_centroid_cosine_distance,Count-adjusted,715,0.9474724846017466
speaker_centroid_cosine_distance,Count-adjusted,716,0.2537803268317873
speaker_centroid_cosine_distance,Count-adjusted,717,1.2367528503295944
speaker_centroid_cosine_distance,Count-adjusted,718,1.834423987563639
speaker_centroid_cosine_distance,Count-adjusted,719,0.014044537463689721
speaker_centroid_cosine_distance,Count-adjusted,720,0.3684796225553555
speaker_centroid_cosine_distance,Count-adjusted,721,1.1753468398530629
speaker_centroid_cosine_distance,Count-adjusted,722,0.18350031180864335
speaker_centroid_cosine_distance,Count-adjusted,723,0.005689232512111175
speaker_centroid_cosine_distance,Count-adjusted,724,1.062838445954469
speaker_centroid_cosine_distance,Count-adjusted,725,1.8708924855062037
speaker_centroid_cosine_distance,Count-adjusted,726,2.1930278363104776
speaker_centroid_cosine_distance,Count-adjusted,727,3.1726906017571253
speaker_centroid_cosine_distance,Count-adjusted,728,0.03762895019866619
speaker_centroid_cosine_distance,Count-adjusted,729,0.14976577330185137
speaker_centroid_cosine_distance,Count-adjusted,730,0.0032141634764002447
speaker_centroid_cosine_distance,Count-adjusted,731,0.21861766567303675
speaker_centroid_cosine_distance,Count-adjusted,732,0.0007419124624448159
speaker_centroid_cosine_distance,Count-adjusted,733,0.8973553729715888
speaker_centroid_cosine_distance,Count-adjusted,734,2.914541818200803
speaker_centroid_cosine_distance,Count-adjusted,735,0.14233156631638622
speaker_centroid_cosine_distance,Count-adjusted,736,0.23934620405202622
speaker_centroid_cosine_distance,Count-adjusted,737,0.013539851030941463
speaker_centroid_cosine_distance,Count-adjusted,738,2.276989200916887
speaker_centroid_cosine_distance,Count-adjusted,739,3.025132374989255
speaker_centroid_cosine_distance,Count-adjusted,740,0.02373349444729911
speaker_centroid_cosine_distance,Count-adjusted,741,0.40701104509616925
speaker_centroid_cosine_distance,Count-adjusted,742,0.044282090373314986
speaker_centroid_cosine_distance,Count-adjusted,743,0.00763170125378565
speaker_centroid_cosine_distance,Count-adjusted,744,0.1476875661618351
speaker_centroid_cosine_distance,Count-adjusted,745,0.4520444199895337
speaker_centroid_cosine_distance,Count-adjusted,746,0.017605261205119405
speaker_centroid_cosine_distance,Count-adjusted,747,1.3047619722239574
speaker_centroid_cosine_distance,Count-adjusted,748,1.2418017649668514
speaker_centroid_cosine_distance,Count-adjusted,749,2.4564056289750056
speaker_centroid_cosine_distance,Count-adjusted,750,0.08856972813089214
speaker_centroid_cosine_distance,Count-adjusted,751,2.1337888978515025
speaker_centroid_cosine_distance,Count-adjusted,752,0.13031714457542876
speaker_centroid_cosine_distance,Count-adjusted,753,0.30717098365818174
speaker_centroid_cosine_distance,Count-adjusted,754,0.5615704368422598
speaker_centroid_cosine_distance,Count-adjusted,755,2.6914180014245517
speaker_centroid_cosine_distance,Count-adjusted,756,1.8416887766559
speaker_centroid_cosine_distance,Count-adjusted,757,1.0496443920752085
speaker_centroid_cosine_distance,Count-adjusted,758,0.061300302005122376
speaker_centroid_cosine_distance,Count-adjusted,759,0.2439890635001234
speaker_centroid_cosine_distance,Count-adjusted,760,0.2852787617107424
speaker_centroid_cosine_distance,Count-adjusted,761,0.2155810265855962
speaker_centroid_cosine_distance,Count-adjusted,762,0.6271127177735707
speaker_centroid_cosine_distance,Count-adjusted,763,0.05834034157476253
speaker_centroid_cosine_distance,Count-adjusted,764,3.0794783984507035
speaker_centroid_cosine_distance,Count-adjusted,765,1.7438913700694911
speaker_centroid_cosine_distance,Count-adjusted,766,0.24938109615862913
speaker_centroid_cosine_distance,Count-adjusted,767,0.15441690020566057
speaker_centroid_cosine_distance,Count-adjusted,768,0.09573115494629292
speaker_centroid_cosine_distance,Count-adjusted,769,1.7857549980002432
speaker_centroid_cosine_distance,Count-adjusted,770,0.14103273194569965
speaker_centroid_cosine_distance,Count-adjusted,771,0.00776090325871337
speaker_centroid_cosine_distance,Count-adjusted,772,4.758336494634989
speaker_centroid_cosine_distance,Count-adjusted,773,0.7619994669233847
speaker_centroid_cosine_distance,Count-adjusted,774,0.2678716004686521
speaker_centroid_cosine_distance,Count-adjusted,775,0.09197894648877991
speaker_centroid_cosine_distance,Count-adjusted,776,0.6589831940644331
speaker_centroid_cosine_distance,Count-adjusted,777,3.298454783107047
speaker_centroid_cosine_distance,Count-adjusted,778,0.3254273949627873
speaker_centroid_cosine_distance,Count-adjusted,779,0.013364176495457514
speaker_centroid_cosine_distance,Count-adjusted,780,7.058193887132802e-05
speaker_centroid_cosine_distance,Count-adjusted,781,1.037871823868187
speaker_centroid_cosine_distance,Count-adjusted,782,0.2131565966199389
speaker_centroid_cosine_distance,Count-adjusted,783,0.22165799922584029
speaker_centroid_cosine_distance,Count-adjusted,784,0.0008670723219097454
speaker_centroid_cosine_distance,Count-adjusted,785,3.197489099384711
speaker_centroid_cosine_distance,Count-adjusted,786,0.14533502135188314
speaker_centroid_cosine_distance,Count-adjusted,787,1.5656320191878308
speaker_centroid_cosine_distance,Count-adjusted,788,3.725562457335627
speaker_centroid_cosine_distance,Count-adjusted,789,0.23825778750489235
speaker_centroid_cosine_distance,Count-adjusted,790,0.142183187299878
speaker_centroid_cosine_distance,Count-adjusted,791,1.076548984685104
speaker_centroid_cosine_distance,Count-adjusted,792,0.12268379793937356
speaker_centroid_cosine_distance,Count-adjusted,793,1.0341118258325537
speaker_centroid_cosine_distance,Count-adjusted,794,0.9459199420498123
speaker_centroid_cosine_distance,Count-adjusted,795,0.02800181564626314
speaker_centroid_cosine_distance,Count-adjusted,796,0.35162782857975117
speaker_centroid_cosine_distance,Count-adjusted,797,2.978594977515968
speaker_centroid_cosine_distance,Count-adjusted,798,0.014217994951025048
speaker_centroid_cosine_distance,Count-adjusted,799,0.7725202866787981
speaker_centroid_cosine_distance,Count-adjusted,800,2.5377892902163808
speaker_centroid_cosine_distance,Count-adjusted,801,0.23379931113498742
speaker_centroid_cosine_distance,Count-adjusted,802,5.0348698053193175
speaker_centroid_cosine_distance,Count-adjusted,803,0.6638259948289544
speaker_centroid_cosine_distance,Count-adjusted,804,0.22473837241855676
speaker_centroid_cosine_distance,Count-adjusted,805,1.6657845846121404
speaker_centroid_cosine_distance,Count-adjusted,806,0.6557705646428076
speaker_centroid_cosine_distance,Count-adjusted,807,2.4485537559004626
speaker_centroid_cosine_distance,Count-adjusted,808,0.1119125491708246
speaker_centroid_cosine_distance,Count-adjusted,809,0.03516346167162965
speaker_centroid_cosine_distance,Count-adjusted,810,1.3176074253003094
speaker_centroid_cosine_distance,Count-adjusted,811,0.3409784194772669
speaker_centroid_cosine_distance,Count-adjusted,812,0.1332718155524617
speaker_centroid_cosine_distance,Count-adjusted,813,0.6049468627218744
speaker_centroid_cosine_distance,Count-adjusted,814,3.4931633188507476
speaker_centroid_cosine_distance,Count-adjusted,815,2.6163849899311913
speaker_centroid_cosine_distance,Count-adjusted,816,2.6909636256125395
speaker_centroid_cosine_distance,Count-adjusted,817,1.2059480919141663
speaker_centroid_cosine_distance,Count-adjusted,818,0.17906240544169805
speaker_centroid_cosine_distance,Count-adjusted,819,0.898295268870811
speaker_centroid_cosine_distance,Count-adjusted,820,0.06365676108023877
speaker_centroid_cosine_distance,Count-adjusted,821,0.011634604803475668
speaker_centroid_cosine_distance,Count-adjusted,822,0.00023192813296191161
speaker_centroid_cosine_distance,Count-adjusted,823,1.0531236893882578
speaker_centroid_cosine_distance,Count-adjusted,824,0.6904658604069596
speaker_centroid_cosine_distance,Count-adjusted,825,0.22301738142459726
speaker_centroid_cosine_distance,Count-adjusted,826,0.00016129352871985247
speaker_centroid_cosine_distance,Count-adjusted,827,3.5519516655706695
speaker_centroid_cosine_distance,Count-adjusted,828,0.11859701036337356
speaker_centroid_cosine_distance,Count-adjusted,829,3.9414836389464085
speaker_centroid_cosine_distance,Count-adjusted,830,0.6483467003332635
speaker_centroid_cosine_distance,Count-adjusted,831,0.0633292058430186
speaker_centroid_cosine_distance,Count-adjusted,832,0.4746571991743167
speaker_centroid_cosine_distance,Count-adjusted,833,0.10963844452686544
speaker_centroid_cosine_distance,Count-adjusted,834,0.4675259003099086
speaker_centroid_cosine_distance,Count-adjusted,835,0.4647993484395556
speaker_centroid_cosine_distance,Count-adjusted,836,0.4579116938776622
speaker_centroid_cosine_distance,Count-adjusted,837,2.8178318504161552
speaker_centroid_cosine_distance,Count-adjusted,838,0.0813286650549685
speaker_centroid_cosine_distance,Count-adjusted,839,0.43514189986262863
speaker_centroid_cosine_distance,Count-adjusted,840,0.2136468189943912
speaker_centroid_cosine_distance,Count-adjusted,841,0.0487884944586483
speaker_centroid_cosine_distance,Count-adjusted,842,5.287258821775083
speaker_centroid_cosine_distance,Count-adjusted,843,0.25200813997909677
speaker_centroid_cosine_distance,Count-adjusted,844,3.064019502916608
speaker_centroid_cosine_distance,Count-adjusted,845,1.3723563803110892
speaker_centroid_cosine_distance,Count-adjusted,846,0.3246043797685161
speaker_centroid_cosine_distance,Count-adjusted,847,0.01693541875692972
speaker_centroid_cosine_distance,Count-adjusted,848,0.5578616354690098
speaker_centroid_cosine_distance,Count-adjusted,849,0.29315305728596286
speaker_centroid_cosine_distance,Count-adjusted,850,0.23638995469940483
speaker_centroid_cosine_distance,Count-adjusted,851,4.35954937973861
speaker_centroid_cosine_distance,Count-adjusted,852,0.411445640279112
speaker_centroid_cosine_distance,Count-adjusted,853,1.8021568241071577
speaker_centroid_cosine_distance,Count-adjusted,854,0.5514997869855733
speaker_centroid_cosine_distance,Count-adjusted,855,0.0025931733806885404
speaker_centroid_cosine_distance,Count-adjusted,856,0.059121851233214784
speaker_centroid_cosine_distance,Count-adjusted,857,0.20298639115634387
speaker_centroid_cosine_distance,Count-adjusted,858,0.15816479919712378
speaker_centroid_cosine_distance,Count-adjusted,859,1.7199166442891283
speaker_centroid_cosine_distance,Count-adjusted,860,0.1533990385534878
speaker_centroid_cosine_distance,Count-adjusted,861,2.6887270265100938
speaker_centroid_cosine_distance,Count-adjusted,862,0.8452254072773258
speaker_centroid_cosine_distance,Count-adjusted,863,0.6726349750457814
speaker_centroid_cosine_distance,Count-adjusted,864,0.027219208356655145
speaker_centroid_cosine_distance,Count-adjusted,865,3.999481649227107
speaker_centroid_cosine_distance,Count-adjusted,866,3.375885910444765
speaker_centroid_cosine_distance,Count-adjusted,867,1.0882063918301128
speaker_centroid_cosine_distance,Count-adjusted,868,0.16692935404876152
speaker_centroid_cosine_distance,Count-adjusted,869,2.3476313906436417
speaker_centroid_cosine_distance,Count-adjusted,870,0.8016131577342094
speaker_centroid_cosine_distance,Count-adjusted,871,0.05902288234977959
speaker_centroid_cosine_distance,Count-adjusted,872,0.031913370166194
speaker_centroid_cosine_distance,Count-adjusted,873,0.048210004491011205
speaker_centroid_cosine_distance,Count-adjusted,874,0.22604981191051365
speaker_centroid_cosine_distance,Count-adjusted,875,0.5144112715501024
speaker_centroid_cosine_distance,Count-adjusted,876,0.8013539709743327
speaker_centroid_cosine_distance,Count-adjusted,877,0.002367038941372357
speaker_centroid_cosine_distance,Count-adjusted,878,0.5588974532722659
speaker_centroid_cosine_distance,Count-adjusted,879,3.2172471164906824
speaker_centroid_cosine_distance,Count-adjusted,880,1.3337812817578651
speaker_centroid_cosine_distance,Count-adjusted,881,1.532748277917051
speaker_centroid_cosine_distance,Count-adjusted,882,0.5957585363783551
speaker_centroid_cosine_distance,Count-adjusted,883,1.6707210338872187
speaker_centroid_cosine_distance,Count-adjusted,884,0.7348604810745485
speaker_centroid_cosine_distance,Count-adjusted,885,0.12347212195993507
speaker_centroid_cosine_distance,Count-adjusted,886,1.8862661790837194
speaker_centroid_cosine_distance,Count-adjusted,887,0.9478983662387748
speaker_centroid_cosine_distance,Count-adjusted,888,0.018340023658424798
speaker_centroid_cosine_distance,Count-adjusted,889,0.3148858223774482
speaker_centroid_cosine_distance,Count-adjusted,890,1.5674557157829838
speaker_centroid_cosine_distance,Count-adjusted,891,1.039779484276039
speaker_centroid_cosine_distance,Count-adjusted,892,0.1116233782346967
speaker_centroid_cosine_distance,Count-adjusted,893,0.6452178402881259
speaker_centroid_cosine_distance,Count-adjusted,894,0.4904830166985903
speaker_centroid_cosine_distance,Count-adjusted,895,0.10835839697216443
speaker_centroid_cosine_distance,Count-adjusted,896,3.6731909327089056
speaker_centroid_cosine_distance,Count-adjusted,897,0.29465723735319216
speaker_centroid_cosine_distance,Count-adjusted,898,0.5489314903095988
speaker_centroid_cosine_distance,Count-adjusted,899,0.09552919548525551
speaker_centroid_cosine_distance,Count-adjusted,900,0.4320886334817544
speaker_centroid_cosine_distance,Count-adjusted,901,0.9686668263495903
speaker_centroid_cosine_distance,Count-adjusted,902,0.0019570550328467107
speaker_centroid_cosine_distance,Count-adjusted,903,0.3493438074926303
speaker_centroid_cosine_distance,Count-adjusted,904,0.7962349462584939
speaker_centroid_cosine_distance,Count-adjusted,905,0.1884103385182243
speaker_centroid_cosine_distance,Count-adjusted,906,0.003819896094341857
speaker_centroid_cosine_distance,Count-adjusted,907,4.240991758881648
speaker_centroid_cosine_distance,Count-adjusted,908,3.6828521028300543
speaker_centroid_cosine_distance,Count-adjusted,909,0.20329745804650656
speaker_centroid_cosine_distance,Count-adjusted,910,0.07366586136589603
speaker_centroid_cosine_distance,Count-adjusted,911,1.2849817647658597
speaker_centroid_cosine_distance,Count-adjusted,912,0.08603245003592974
speaker_centroid_cosine_distance,Count-adjusted,913,0.16717811189585063
speaker_centroid_cosine_distance,Count-adjusted,914,1.2880710316563864
speaker_centroid_cosine_distance,Count-adjusted,915,0.25665595776808914
speaker_centroid_cosine_distance,Count-adjusted,916,0.9024083195396315
speaker_centroid_cosine_distance,Count-adjusted,917,1.0759054196240072
speaker_centroid_cosine_distance,Count-adjusted,918,0.019004953635914035
speaker_centroid_cosine_distance,Count-adjusted,919,0.9290094275643526
speaker_centroid_cosine_distance,Count-adjusted,920,0.0013120072046035602
speaker_centroid_cosine_distance,Count-adjusted,921,0.31862003713359854
speaker_centroid_cosine_distance,Count-adjusted,922,4.5287572006095616
speaker_centroid_cosine_distance,Count-adjusted,923,5.911536752391157
speaker_centroid_cosine_distance,Count-adjusted,924,0.07441245077174585
speaker_centroid_cosine_distance,Count-adjusted,925,0.9458208885855299
speaker_centroid_cosine_distance,Count-adjusted,926,1.658668161027805
speaker_centroid_cosine_distance,Count-adjusted,927,0.5425370284045812
speaker_centroid_cosine_distance,Count-adjusted,928,1.0771837745994617
speaker_centroid_cosine_distance,Count-adjusted,929,0.3513847171291786
speaker_centroid_cosine_distance,Count-adjusted,930,0.8596102218225781
speaker_centroid_cosine_distance,Count-adjusted,931,0.19816771163289104
speaker_centroid_cosine_distance,Count-adjusted,932,0.5490601729642322
speaker_centroid_cosine_distance,Count-adjusted,933,0.0927156903325681
speaker_centroid_cosine_distance,Count-adjusted,934,0.14288471297982142
speaker_centroid_cosine_distance,Count-adjusted,935,0.003664425894754686
speaker_centroid_cosine_distance,Count-adjusted,936,0.8210623355988105
speaker_centroid_cosine_distance,Count-adjusted,937,1.572962337429317
speaker_centroid_cosine_distance,Count-adjusted,938,2.347766036378289
speaker_centroid_cosine_distance,Count-adjusted,939,1.6586619571228312
speaker_centroid_cosine_distance,Count-adjusted,940,1.0415108402879412
speaker_centroid_cosine_distance,Count-adjusted,941,0.005166855616209887
speaker_centroid_cosine_distance,Count-adjusted,942,0.26588483741778646
speaker_centroid_cosine_distance,Count-adjusted,943,1.0108150544731984
speaker_centroid_cosine_distance,Count-adjusted,944,1.419876770851431
speaker_centroid_cosine_distance,Count-adjusted,945,0.2509722091702997
speaker_centroid_cosine_distance,Count-adjusted,946,0.13241766453009518
speaker_centroid_cosine_distance,Count-adjusted,947,0.4722255853404249
speaker_centroid_cosine_distance,Count-adjusted,948,1.0451588588335312
speaker_centroid_cosine_distance,Count-adjusted,949,0.6789564525498122
speaker_centroid_cosine_distance,Count-adjusted,950,0.43063282267530667
speaker_centroid_cosine_distance,Count-adjusted,951,0.6220723074821422
speaker_centroid_cosine_distance,Count-adjusted,952,1.4676475489539484
speaker_centroid_cosine_distance,Count-adjusted,953,3.902191516188509
speaker_centroid_cosine_distance,Count-adjusted,954,0.3263024654557398
speaker_centroid_cosine_distance,Count-adjusted,955,0.3950445592627716
speaker_centroid_cosine_distance,Count-adjusted,956,0.48521233156770904
speaker_centroid_cosine_distance,Count-adjusted,957,0.013294463267584433
speaker_centroid_cosine_distance,Count-adjusted,958,0.7299826001018914
speaker_centroid_cosine_distance,Count-adjusted,959,0.005441270981577873
speaker_centroid_cosine_distance,Count-adjusted,960,0.02599849742830429
speaker_centroid_cosine_distance,Count-adjusted,961,0.04297506419788988
speaker_centroid_cosine_distance,Count-adjusted,962,0.4918949190336548
speaker_centroid_cosine_distance,Count-adjusted,963,0.4561161971773231
speaker_centroid_cosine_distance,Count-adjusted,964,0.05271428300318348
speaker_centroid_cosine_distance,Count-adjusted,965,1.722892325235165
speaker_centroid_cosine_distance,Count-adjusted,966,1.1656421980543996
speaker_centroid_cosine_distance,Count-adjusted,967,1.2725689661587296
speaker_centroid_cosine_distance,Count-adjusted,968,2.0884100738574034
speaker_centroid_cosine_distance,Count-adjusted,969,0.18320306382321405
speaker_centroid_cosine_distance,Count-adjusted,970,0.8229058603175758
speaker_centroid_cosine_distance,Count-adjusted,971,0.23606607849450256
speaker_centroid_cosine_distance,Count-adjusted,972,0.9626147440573334
speaker_centroid_cosine_distance,Count-adjusted,973,2.2701562438201677
speaker_centroid_cosine_distance,Count-adjusted,974,0.5857917195425557
speaker_centroid_cosine_distance,Count-adjusted,975,0.004077999229309626
speaker_centroid_cosine_distance,Count-adjusted,976,0.7981725644929725
speaker_centroid_cosine_distance,Count-adjusted,977,0.11128831570908915
speaker_centroid_cosine_distance,Count-adjusted,978,1.4222083124093956
speaker_centroid_cosine_distance,Count-adjusted,979,0.02516791501187754
speaker_centroid_cosine_distance,Count-adjusted,980,0.05582542380267341
speaker_centroid_cosine_distance,Count-adjusted,981,2.089664459190601
speaker_centroid_cosine_distance,Count-adjusted,982,1.6787440358081085
speaker_centroid_cosine_distance,Count-adjusted,983,1.4411025352170839
speaker_centroid_cosine_distance,Count-adjusted,984,5.994170488927665
speaker_centroid_cosine_distance,Count-adjusted,985,1.3934300541536686
speaker_centroid_cosine_distance,Count-adjusted,986,0.14240243171076372
speaker_centroid_cosine_distance,Count-adjusted,987,0.0819530111123754
speaker_centroid_cosine_distance,Count-adjusted,988,0.029862938990106613
speaker_centroid_cosine_distance,Count-adjusted,989,2.496761911374108
speaker_centroid_cosine_distance,Count-adjusted,990,2.592378000047006
speaker_centroid_cosine_distance,Count-adjusted,991,0.6191328659143096
speaker_centroid_cosine_distance,Count-adjusted,992,0.11047952492219792
speaker_centroid_cosine_distance,Count-adjusted,993,0.1556355985208313
speaker_centroid_cosine_distance,Count-adjusted,994,1.5930734087751262
speaker_centroid_cosine_distance,Count-adjusted,995,0.0010242594717055908
speaker_centroid_cosine_distance,Count-adjusted,996,0.15105030364154004
speaker_centroid_cosine_distance,Count-adjusted,997,1.0587311979666367
speaker_centroid_cosine_distance,Count-adjusted,998,0.5252816456859932
radial_distance_median,Unadjusted,0,1.3087173520747228
radial_distance_median,Unadjusted,1,0.9808829251479096
radial_distance_median,Unadjusted,2,5.078881386044657
radial_distance_median,Unadjusted,3,0.3020195104090817
radial_distance_median,Unadjusted,4,0.41111593572992433
radial_distance_median,Unadjusted,5,2.987581496443056
radial_distance_median,Unadjusted,6,2.190959656532982
radial_distance_median,Unadjusted,7,1.5346066942860261
radial_distance_median,Unadjusted,8,0.034772595210142754
radial_distance_median,Unadjusted,9,0.02778425888050151
radial_distance_median,Unadjusted,10,0.3903294827628656
radial_distance_median,Unadjusted,11,0.8677816826324829
radial_distance_median,Unadjusted,12,1.191797801510745
radial_distance_median,Unadjusted,13,0.22826054637508264
radial_distance_median,Unadjusted,14,0.01477883695190485
radial_distance_median,Unadjusted,15,2.9457367323209382
radial_distance_median,Unadjusted,16,1.4480391119690807
radial_distance_median,Unadjusted,17,0.05684040037743898
radial_distance_median,Unadjusted,18,2.5506607673900703
radial_distance_median,Unadjusted,19,0.35491614060873644
radial_distance_median,Unadjusted,20,0.0017476322661309496
radial_distance_median,Unadjusted,21,0.03641732860290858
radial_distance_median,Unadjusted,22,5.692567175744728
radial_distance_median,Unadjusted,23,1.5284350961005657
radial_distance_median,Unadjusted,24,4.066053491013861
radial_distance_median,Unadjusted,25,0.0003394340500904036
radial_distance_median,Unadjusted,26,0.8330566816621854
radial_distance_median,Unadjusted,27,1.3162165127330354
radial_distance_median,Unadjusted,28,8.873836139855484e-05
radial_distance_median,Unadjusted,29,0.2473223771411881
radial_distance_median,Unadjusted,30,6.1803412934773405
radial_distance_median,Unadjusted,31,1.8855133665013568
radial_distance_median,Unadjusted,32,0.5491347209764967
radial_distance_median,Unadjusted,33,0.18623026155876232
radial_distance_median,Unadjusted,34,0.1627519202933172
radial_distance_median,Unadjusted,35,0.16597071933682628
radial_distance_median,Unadjusted,36,0.9135324361276957
radial_distance_median,Unadjusted,37,0.04113266844609598
radial_distance_median,Unadjusted,38,0.046946925971326436
radial_distance_median,Unadjusted,39,0.3977196174020605
radial_distance_median,Unadjusted,40,0.3098795365921774
radial_distance_median,Unadjusted,41,0.2761305822822351
radial_distance_median,Unadjusted,42,0.14323627237592973
radial_distance_median,Unadjusted,43,3.1080574038907685
radial_distance_median,Unadjusted,44,0.6035632760101066
radial_distance_median,Unadjusted,45,1.0314801267332427
radial_distance_median,Unadjusted,46,4.748930871301127e-05
radial_distance_median,Unadjusted,47,0.5911259131851807
radial_distance_median,Unadjusted,48,0.1442964211910862
radial_distance_median,Unadjusted,49,3.258642981732862
radial_distance_median,Unadjusted,50,2.9051394319081965
radial_distance_median,Unadjusted,51,0.2678108078566197
radial_distance_median,Unadjusted,52,6.3033280071067566e-06
radial_distance_median,Unadjusted,53,0.025915144807242996
radial_distance_median,Unadjusted,54,0.3259466518733234
radial_distance_median,Unadjusted,55,1.6176155152105025
radial_distance_median,Unadjusted,56,0.8836083494155105
radial_distance_median,Unadjusted,57,0.054716152224443704
radial_distance_median,Unadjusted,58,0.010740065267270893
radial_distance_median,Unadjusted,59,0.9118190724969395
radial_distance_median,Unadjusted,60,2.3479179074703325
radial_distance_median,Unadjusted,61,0.040183684034332146
radial_distance_median,Unadjusted,62,0.049768940774413295
radial_distance_median,Unadjusted,63,2.44430702198531
radial_distance_median,Unadjusted,64,0.07219460379553766
radial_distance_median,Unadjusted,65,0.1622921114845326
radial_distance_median,Unadjusted,66,1.1902366645986717
radial_distance_median,Unadjusted,67,1.9589799662604719
radial_distance_median,Unadjusted,68,0.18219341916238818
radial_distance_median,Unadjusted,69,5.33255317656733
radial_distance_median,Unadjusted,70,0.6205795734173307
radial_distance_median,Unadjusted,71,0.05166310209443736
radial_distance_median,Unadjusted,72,0.0008115475557133323
radial_distance_median,Unadjusted,73,0.0011589348152938328
radial_distance_median,Unadjusted,74,0.06786677015770692
radial_distance_median,Unadjusted,75,0.014341864828793405
radial_distance_median,Unadjusted,76,4.952160279204179
radial_distance_median,Unadjusted,77,0.05824015744025246
radial_distance_median,Unadjusted,78,0.68191460480449
radial_distance_median,Unadjusted,79,0.00037555193932803377
radial_distance_median,Unadjusted,80,6.527844439012426
radial_distance_median,Unadjusted,81,2.7509481543176264
radial_distance_median,Unadjusted,82,0.07003370958312871
radial_distance_median,Unadjusted,83,0.34986592073903466
radial_distance_median,Unadjusted,84,1.0681249473644812
radial_distance_median,Unadjusted,85,0.00809615109517381
radial_distance_median,Unadjusted,86,0.9324958079847647
radial_distance_median,Unadjusted,87,1.9037678205401107
radial_distance_median,Unadjusted,88,0.00014364337459937815
radial_distance_median,Unadjusted,89,0.08316898468945055
radial_distance_median,Unadjusted,90,0.21847561090100953
radial_distance_median,Unadjusted,91,0.6739636829628921
radial_distance_median,Unadjusted,92,1.8503548909761207
radial_distance_median,Unadjusted,93,0.35115186979260216
radial_distance_median,Unadjusted,94,0.10391877896546475
radial_distance_median,Unadjusted,95,0.7066862208587281
radial_distance_median,Unadjusted,96,0.014368025029227738
radial_distance_median,Unadjusted,97,0.08534024993952016
radial_distance_median,Unadjusted,98,0.34452833325508436
radial_distance_median,Unadjusted,99,0.18840012100309877
radial_distance_median,Unadjusted,100,0.31206640382032447
radial_distance_median,Unadjusted,101,0.06986230247639469
radial_distance_median,Unadjusted,102,0.4809620032966677
radial_distance_median,Unadjusted,103,0.337089119037671
radial_distance_median,Unadjusted,104,3.1912059774131194
radial_distance_median,Unadjusted,105,0.5214243132265892
radial_distance_median,Unadjusted,106,0.31332458749363923
radial_distance_median,Unadjusted,107,0.001471210757983954
radial_distance_median,Unadjusted,108,0.04979792567758068
radial_distance_median,Unadjusted,109,0.4850179247812889
radial_distance_median,Unadjusted,110,1.6664409674958165
radial_distance_median,Unadjusted,111,0.13141223069698071
radial_distance_median,Unadjusted,112,0.023286769955916498
radial_distance_median,Unadjusted,113,1.3433666957704986
radial_distance_median,Unadjusted,114,0.05844140806902942
radial_distance_median,Unadjusted,115,0.0242629580249627
radial_distance_median,Unadjusted,116,1.2311471967427678
radial_distance_median,Unadjusted,117,0.2195974825658027
radial_distance_median,Unadjusted,118,0.14745114056717057
radial_distance_median,Unadjusted,119,1.1001549657020178
radial_distance_median,Unadjusted,120,2.7749449311704666
radial_distance_median,Unadjusted,121,3.9283054579185546
radial_distance_median,Unadjusted,122,0.39099304526325795
radial_distance_median,Unadjusted,123,0.4592649508296631
radial_distance_median,Unadjusted,124,0.039759682667920515
radial_distance_median,Unadjusted,125,0.13838109430469103
radial_distance_median,Unadjusted,126,0.5371526402924474
radial_distance_median,Unadjusted,127,0.3921178090255353
radial_distance_median,Unadjusted,128,3.7236370726943164
radial_distance_median,Unadjusted,129,0.13179624405330514
radial_distance_median,Unadjusted,130,0.007669518759996663
radial_distance_median,Unadjusted,131,0.6743581050758394
radial_distance_median,Unadjusted,132,0.647579087594579
radial_distance_median,Unadjusted,133,0.07906110220471874
radial_distance_median,Unadjusted,134,1.6559822244220186
radial_distance_median,Unadjusted,135,0.2340792975903696
radial_distance_median,Unadjusted,136,1.8496927271386312
radial_distance_median,Unadjusted,137,0.9566472643709858
radial_distance_median,Unadjusted,138,0.15266800470152475
radial_distance_median,Unadjusted,139,3.8369582657830392
radial_distance_median,Unadjusted,140,0.13520830794766425
radial_distance_median,Unadjusted,141,0.011979143487621968
radial_distance_median,Unadjusted,142,0.38372379006500523
radial_distance_median,Unadjusted,143,1.9870217727629438
radial_distance_median,Unadjusted,144,0.9014452884389925
radial_distance_median,Unadjusted,145,0.002299311063438836
radial_distance_median,Unadjusted,146,1.2754694227380128
radial_distance_median,Unadjusted,147,0.542205144082061
radial_distance_median,Unadjusted,148,0.014284927022401916
radial_distance_median,Unadjusted,149,0.8289406815048324
radial_distance_median,Unadjusted,150,0.015894452555414773
radial_distance_median,Unadjusted,151,0.048215552001124706
radial_distance_median,Unadjusted,152,0.00916893475721281
radial_distance_median,Unadjusted,153,0.4172157543362687
radial_distance_median,Unadjusted,154,2.3888712583907363
radial_distance_median,Unadjusted,155,0.6299876105546787
radial_distance_median,Unadjusted,156,0.029691727624935993
radial_distance_median,Unadjusted,157,0.4308555931417004
radial_distance_median,Unadjusted,158,2.908352101532728
radial_distance_median,Unadjusted,159,0.5946585329569416
radial_distance_median,Unadjusted,160,1.161426362819725
radial_distance_median,Unadjusted,161,0.1068078649252584
radial_distance_median,Unadjusted,162,0.7813202439559745
radial_distance_median,Unadjusted,163,0.04360069878941886
radial_distance_median,Unadjusted,164,1.2199875475617432
radial_distance_median,Unadjusted,165,0.020908299644759154
radial_distance_median,Unadjusted,166,0.03307890656424206
radial_distance_median,Unadjusted,167,0.14728310005324374
radial_distance_median,Unadjusted,168,0.172479280825371
radial_distance_median,Unadjusted,169,1.8355933793355348
radial_distance_median,Unadjusted,170,0.0010753706329751367
radial_distance_median,Unadjusted,171,3.0954921001230673
radial_distance_median,Unadjusted,172,0.00038988717091115177
radial_distance_median,Unadjusted,173,0.011723568251341021
radial_distance_median,Unadjusted,174,0.008058661736924932
radial_distance_median,Unadjusted,175,1.0331845914087125
radial_distance_median,Unadjusted,176,1.1075307681231266
radial_distance_median,Unadjusted,177,0.20591020256938464
radial_distance_median,Unadjusted,178,0.03528642869542864
radial_distance_median,Unadjusted,179,0.011300698279853805
radial_distance_median,Unadjusted,180,3.4998472770850526
radial_distance_median,Unadjusted,181,0.7082731835847085
radial_distance_median,Unadjusted,182,0.826608374050295
radial_distance_median,Unadjusted,183,0.2803395770300767
radial_distance_median,Unadjusted,184,0.5778704911331829
radial_distance_median,Unadjusted,185,0.7160138880183808
radial_distance_median,Unadjusted,186,2.5868508735295563
radial_distance_median,Unadjusted,187,0.08214385474803976
radial_distance_median,Unadjusted,188,0.5911585767556744
radial_distance_median,Unadjusted,189,0.8717478200410369
radial_distance_median,Unadjusted,190,1.0509366069351813
radial_distance_median,Unadjusted,191,0.22691305213822943
radial_distance_median,Unadjusted,192,0.023602490356381622
radial_distance_median,Unadjusted,193,0.6884156031960629
radial_distance_median,Unadjusted,194,0.0028689042841278933
radial_distance_median,Unadjusted,195,0.004784576912129523
radial_distance_median,Unadjusted,196,0.07295628862766534
radial_distance_median,Unadjusted,197,0.1611428140688531
radial_distance_median,Unadjusted,198,0.028550896054866826
radial_distance_median,Unadjusted,199,0.017910897325748465
radial_distance_median,Unadjusted,200,0.026429397545200572
radial_distance_median,Unadjusted,201,2.0429457675090816
radial_distance_median,Unadjusted,202,0.0447318407237276
radial_distance_median,Unadjusted,203,0.9271439341156338
radial_distance_median,Unadjusted,204,0.4792007329575654
radial_distance_median,Unadjusted,205,2.7827016655471652
radial_distance_median,Unadjusted,206,0.23463459457440194
radial_distance_median,Unadjusted,207,0.022859789509425354
radial_distance_median,Unadjusted,208,0.9478894750156428
radial_distance_median,Unadjusted,209,0.8062948739374747
radial_distance_median,Unadjusted,210,0.06115633382739816
radial_distance_median,Unadjusted,211,5.577627730311008
radial_distance_median,Unadjusted,212,0.029825016484153366
radial_distance_median,Unadjusted,213,1.4089775531489295
radial_distance_median,Unadjusted,214,0.0449419718667059
radial_distance_median,Unadjusted,215,1.0051720411318001
radial_distance_median,Unadjusted,216,1.7689866342955725
radial_distance_median,Unadjusted,217,0.22779717166361024
radial_distance_median,Unadjusted,218,0.10689605435857175
radial_distance_median,Unadjusted,219,0.11135351136238114
radial_distance_median,Unadjusted,220,4.742543786235217
radial_distance_median,Unadjusted,221,0.02114860733632895
radial_distance_median,Unadjusted,222,0.0071095982362407995
radial_distance_median,Unadjusted,223,1.7538287700837714
radial_distance_median,Unadjusted,224,1.7943554582110437
radial_distance_median,Unadjusted,225,2.5575459184309466
radial_distance_median,Unadjusted,226,0.8750722337696288
radial_distance_median,Unadjusted,227,5.269642753311814
radial_distance_median,Unadjusted,228,2.0193125974665804
radial_distance_median,Unadjusted,229,0.08732376858438329
radial_distance_median,Unadjusted,230,0.01808369622705186
radial_distance_median,Unadjusted,231,0.33716627693166856
radial_distance_median,Unadjusted,232,0.6574865196267297
radial_distance_median,Unadjusted,233,0.08652472603330352
radial_distance_median,Unadjusted,234,1.3783425209102802
radial_distance_median,Unadjusted,235,3.13522155508565
radial_distance_median,Unadjusted,236,0.0427257217320971
radial_distance_median,Unadjusted,237,0.036751400906382514
radial_distance_median,Unadjusted,238,0.2000365856923736
radial_distance_median,Unadjusted,239,1.7540305931176476
radial_distance_median,Unadjusted,240,1.0168327696636084
radial_distance_median,Unadjusted,241,0.0014062537092058847
radial_distance_median,Unadjusted,242,5.69521015494405
radial_distance_median,Unadjusted,243,7.185475549154717
radial_distance_median,Unadjusted,244,0.2323758668121627
radial_distance_median,Unadjusted,245,0.07331436643903544
radial_distance_median,Unadjusted,246,4.686236531490181
radial_distance_median,Unadjusted,247,0.0024662836416950995
radial_distance_median,Unadjusted,248,1.6077736220521501
radial_distance_median,Unadjusted,249,3.37198672494452
radial_distance_median,Unadjusted,250,0.14136249969578785
radial_distance_median,Unadjusted,251,1.0587237592367273
radial_distance_median,Unadjusted,252,0.011277684730089277
radial_distance_median,Unadjusted,253,0.05553573683209834
radial_distance_median,Unadjusted,254,6.010351004489905
radial_distance_median,Unadjusted,255,0.11191295666947099
radial_distance_median,Unadjusted,256,0.3902229212267798
radial_distance_median,Unadjusted,257,1.499077899824556
radial_distance_median,Unadjusted,258,0.0201458348185497
radial_distance_median,Unadjusted,259,0.6391247823276558
radial_distance_median,Unadjusted,260,3.826771002725195
radial_distance_median,Unadjusted,261,3.1208010584119847
radial_distance_median,Unadjusted,262,4.226576825106406
radial_distance_median,Unadjusted,263,0.33712205249753424
radial_distance_median,Unadjusted,264,0.12369638860496934
radial_distance_median,Unadjusted,265,1.1862586501715668
radial_distance_median,Unadjusted,266,0.0446394819454099
radial_distance_median,Unadjusted,267,0.48704291346473383
radial_distance_median,Unadjusted,268,0.30443671921176474
radial_distance_median,Unadjusted,269,0.14000046478656714
radial_distance_median,Unadjusted,270,0.031123854610370927
radial_distance_median,Unadjusted,271,2.1499722856821393
radial_distance_median,Unadjusted,272,1.6462016645991184
radial_distance_median,Unadjusted,273,0.7455440744727184
radial_distance_median,Unadjusted,274,0.08896126120367853
radial_distance_median,Unadjusted,275,0.021017043446761363
radial_distance_median,Unadjusted,276,0.8100659643944255
radial_distance_median,Unadjusted,277,0.004483888285449211
radial_distance_median,Unadjusted,278,9.798927067095065e-05
radial_distance_median,Unadjusted,279,4.7452749583953846e-05
radial_distance_median,Unadjusted,280,0.5333015436727919
radial_distance_median,Unadjusted,281,0.09605447428668867
radial_distance_median,Unadjusted,282,0.7934588976235659
radial_distance_median,Unadjusted,283,1.8092945449732838
radial_distance_median,Unadjusted,284,0.014830829136826651
radial_distance_median,Unadjusted,285,0.0965967357099089
radial_distance_median,Unadjusted,286,0.004681783101659676
radial_distance_median,Unadjusted,287,0.21651944034670123
radial_distance_median,Unadjusted,288,1.0804220883640028
radial_distance_median,Unadjusted,289,0.2646688733938163
radial_distance_median,Unadjusted,290,0.0006202186320365399
radial_distance_median,Unadjusted,291,0.24443564295887654
radial_distance_median,Unadjusted,292,0.25878315414286135
radial_distance_median,Unadjusted,293,0.017890525702398463
radial_distance_median,Unadjusted,294,3.3953990746554155
radial_distance_median,Unadjusted,295,0.3624323287824609
radial_distance_median,Unadjusted,296,5.285327764606166
radial_distance_median,Unadjusted,297,4.895420939942653
radial_distance_median,Unadjusted,298,1.4141160298069053
radial_distance_median,Unadjusted,299,1.9617788035634476
radial_distance_median,Unadjusted,300,0.6327715766627762
radial_distance_median,Unadjusted,301,0.8302267351974706
radial_distance_median,Unadjusted,302,0.8352806616975386
radial_distance_median,Unadjusted,303,0.1725688498528939
radial_distance_median,Unadjusted,304,4.5353461741290175
radial_distance_median,Unadjusted,305,0.2367298029638505
radial_distance_median,Unadjusted,306,0.2572736936950264
radial_distance_median,Unadjusted,307,7.2124166861661365
radial_distance_median,Unadjusted,308,0.12271159070149906
radial_distance_median,Unadjusted,309,0.0004500066492028054
radial_distance_median,Unadjusted,310,0.7389175063327116
radial_distance_median,Unadjusted,311,0.0026224685745432907
radial_distance_median,Unadjusted,312,0.7217265485356847
radial_distance_median,Unadjusted,313,0.212305982193584
radial_distance_median,Unadjusted,314,0.07173423126420175
radial_distance_median,Unadjusted,315,2.258420726286033
radial_distance_median,Unadjusted,316,1.7307677353103372
radial_distance_median,Unadjusted,317,1.6098205910732304
radial_distance_median,Unadjusted,318,0.028597843023533187
radial_distance_median,Unadjusted,319,1.0650161947664856
radial_distance_median,Unadjusted,320,5.5193086381841
radial_distance_median,Unadjusted,321,0.34491724300846727
radial_distance_median,Unadjusted,322,0.02497667102267087
radial_distance_median,Unadjusted,323,0.37656573490937717
radial_distance_median,Unadjusted,324,1.629462626103873
radial_distance_median,Unadjusted,325,0.5331842322632951
radial_distance_median,Unadjusted,326,0.07956014048443194
radial_distance_median,Unadjusted,327,0.006068146927219686
radial_distance_median,Unadjusted,328,0.4305904018793285
radial_distance_median,Unadjusted,329,0.014411455666277107
radial_distance_median,Unadjusted,330,0.0658362636449965
radial_distance_median,Unadjusted,331,0.018905589370547204
radial_distance_median,Unadjusted,332,0.9759761189698111
radial_distance_median,Unadjusted,333,0.6084134452742092
radial_distance_median,Unadjusted,334,3.3557494752771504
radial_distance_median,Unadjusted,335,1.5316992160530276
radial_distance_median,Unadjusted,336,0.008354631698011872
radial_distance_median,Unadjusted,337,0.25059093494013496
radial_distance_median,Unadjusted,338,0.13599371316126962
radial_distance_median,Unadjusted,339,0.005127341117031392
radial_distance_median,Unadjusted,340,0.9594635568324179
radial_distance_median,Unadjusted,341,3.936707867292796
radial_distance_median,Unadjusted,342,1.2249769799751107
radial_distance_median,Unadjusted,343,6.593875269718183
radial_distance_median,Unadjusted,344,0.0334499330891731
radial_distance_median,Unadjusted,345,0.32396736505967283
radial_distance_median,Unadjusted,346,0.9017005664856583
radial_distance_median,Unadjusted,347,0.45652320432071747
radial_distance_median,Unadjusted,348,2.3142165175755736
radial_distance_median,Unadjusted,349,0.3628746734267452
radial_distance_median,Unadjusted,350,0.0004940521475305104
radial_distance_median,Unadjusted,351,1.5598653970330076
radial_distance_median,Unadjusted,352,0.09173449331183292
radial_distance_median,Unadjusted,353,1.9435695163286368
radial_distance_median,Unadjusted,354,0.14793110008724852
radial_distance_median,Unadjusted,355,0.10333529937929598
radial_distance_median,Unadjusted,356,0.24009115727739072
radial_distance_median,Unadjusted,357,0.10808058058461256
radial_distance_median,Unadjusted,358,0.0044213042029355165
radial_distance_median,Unadjusted,359,0.3755092392586903
radial_distance_median,Unadjusted,360,0.09436260756649517
radial_distance_median,Unadjusted,361,3.1341292962843
radial_distance_median,Unadjusted,362,0.6125350661340576
radial_distance_median,Unadjusted,363,0.009014634511856912
radial_distance_median,Unadjusted,364,2.972147881795024
radial_distance_median,Unadjusted,365,0.03782023938828161
radial_distance_median,Unadjusted,366,0.3137951235974583
radial_distance_median,Unadjusted,367,7.979882029990733
radial_distance_median,Unadjusted,368,0.4397652530587379
radial_distance_median,Unadjusted,369,0.0664669484821161
radial_distance_median,Unadjusted,370,0.403485454450049
radial_distance_median,Unadjusted,371,0.15544394992605248
radial_distance_median,Unadjusted,372,0.6349020080872378
radial_distance_median,Unadjusted,373,2.331492550631367
radial_distance_median,Unadjusted,374,0.161360369838917
radial_distance_median,Unadjusted,375,0.5908973919151208
radial_distance_median,Unadjusted,376,3.7979666343945837
radial_distance_median,Unadjusted,377,0.20106635830182995
radial_distance_median,Unadjusted,378,1.268342583347021
radial_distance_median,Unadjusted,379,2.0410841679031364
radial_distance_median,Unadjusted,380,0.372966285428447
radial_distance_median,Unadjusted,381,2.1568557867115032
radial_distance_median,Unadjusted,382,0.0015807188851795217
radial_distance_median,Unadjusted,383,0.9337234034341577
radial_distance_median,Unadjusted,384,0.0169480559172257
radial_distance_median,Unadjusted,385,0.18638317172423058
radial_distance_median,Unadjusted,386,0.6041088119899882
radial_distance_median,Unadjusted,387,0.015776848287998746
radial_distance_median,Unadjusted,388,0.24952519941399487
radial_distance_median,Unadjusted,389,2.085736913278595
radial_distance_median,Unadjusted,390,0.2625006878718068
radial_distance_median,Unadjusted,391,0.005326610250506292
radial_distance_median,Unadjusted,392,1.8563743058801947
radial_distance_median,Unadjusted,393,0.5081104811529826
radial_distance_median,Unadjusted,394,0.9649356422908113
radial_distance_median,Unadjusted,395,1.4613564653425328
radial_distance_median,Unadjusted,396,1.850633223172565
radial_distance_median,Unadjusted,397,0.8866880904037657
radial_distance_median,Unadjusted,398,0.10025810508693667
radial_distance_median,Unadjusted,399,4.470033513149417
radial_distance_median,Unadjusted,400,0.23965873226637768
radial_distance_median,Unadjusted,401,0.27994432807071234
radial_distance_median,Unadjusted,402,1.1767805867411312
radial_distance_median,Unadjusted,403,0.08749778985350076
radial_distance_median,Unadjusted,404,0.42179128278542066
radial_distance_median,Unadjusted,405,0.2560428318487311
radial_distance_median,Unadjusted,406,1.4522520204005787
radial_distance_median,Unadjusted,407,0.09591355586343298
radial_distance_median,Unadjusted,408,0.1669041152729278
radial_distance_median,Unadjusted,409,0.5599562844724915
radial_distance_median,Unadjusted,410,0.7401671429381054
radial_distance_median,Unadjusted,411,0.08850287419193137
radial_distance_median,Unadjusted,412,0.15403917795401867
radial_distance_median,Unadjusted,413,1.3499222988464226
radial_distance_median,Unadjusted,414,0.01745303091814776
radial_distance_median,Unadjusted,415,0.0542356510613331
radial_distance_median,Unadjusted,416,0.21698111729597258
radial_distance_median,Unadjusted,417,1.7391065501007574
radial_distance_median,Unadjusted,418,0.3843473958435766
radial_distance_median,Unadjusted,419,0.28375383674722343
radial_distance_median,Unadjusted,420,2.556414926997377
radial_distance_median,Unadjusted,421,1.0637378628813394
radial_distance_median,Unadjusted,422,0.8860676242388763
radial_distance_median,Unadjusted,423,0.003141664660859078
radial_distance_median,Unadjusted,424,2.9266463957449673
radial_distance_median,Unadjusted,425,0.07198392706936829
radial_distance_median,Unadjusted,426,0.4672265120390193
radial_distance_median,Unadjusted,427,0.013225602235081624
radial_distance_median,Unadjusted,428,4.220749573880198
radial_distance_median,Unadjusted,429,0.005399091577658055
radial_distance_median,Unadjusted,430,3.5165811349576757
radial_distance_median,Unadjusted,431,2.555003693688036
radial_distance_median,Unadjusted,432,0.06454140896124727
radial_distance_median,Unadjusted,433,0.4925899244584002
radial_distance_median,Unadjusted,434,0.41826563985273424
radial_distance_median,Unadjusted,435,8.682836930652229
radial_distance_median,Unadjusted,436,3.399185263530171
radial_distance_median,Unadjusted,437,3.085744738752851
radial_distance_median,Unadjusted,438,0.6944949678878061
radial_distance_median,Unadjusted,439,3.528176115568897
radial_distance_median,Unadjusted,440,1.0457602530889858
radial_distance_median,Unadjusted,441,0.3532857463589494
radial_distance_median,Unadjusted,442,1.2995689704521851
radial_distance_median,Unadjusted,443,0.0031589712471031817
radial_distance_median,Unadjusted,444,2.3960136827740257
radial_distance_median,Unadjusted,445,0.6230106048772939
radial_distance_median,Unadjusted,446,1.676908739115106
radial_distance_median,Unadjusted,447,0.6564142817036895
radial_distance_median,Unadjusted,448,0.40666888741031926
radial_distance_median,Unadjusted,449,0.03206795024209441
radial_distance_median,Unadjusted,450,0.018944842519601934
radial_distance_median,Unadjusted,451,2.078081585213397
radial_distance_median,Unadjusted,452,0.01076166415384705
radial_distance_median,Unadjusted,453,0.9377185339616858
radial_distance_median,Unadjusted,454,0.1165532836491252
radial_distance_median,Unadjusted,455,0.2414890983977216
radial_distance_median,Unadjusted,456,0.006685642789761914
radial_distance_median,Unadjusted,457,0.45764032805499255
radial_distance_median,Unadjusted,458,0.08714376012397906
radial_distance_median,Unadjusted,459,1.627978460665986
radial_distance_median,Unadjusted,460,0.0040643173123839915
radial_distance_median,Unadjusted,461,0.0855144346387533
radial_distance_median,Unadjusted,462,2.1916955934064504
radial_distance_median,Unadjusted,463,0.6292716319318288
radial_distance_median,Unadjusted,464,0.674526162871814
radial_distance_median,Unadjusted,465,0.19720547710147684
radial_distance_median,Unadjusted,466,0.9849695127890072
radial_distance_median,Unadjusted,467,1.7839346615263594
radial_distance_median,Unadjusted,468,1.8561161922215206
radial_distance_median,Unadjusted,469,0.4046166355969376
radial_distance_median,Unadjusted,470,0.5358734585814204
radial_distance_median,Unadjusted,471,0.6484195484807742
radial_distance_median,Unadjusted,472,2.5592394441505917
radial_distance_median,Unadjusted,473,0.009406977197897959
radial_distance_median,Unadjusted,474,3.5833096163730715
radial_distance_median,Unadjusted,475,0.01951356307597507
radial_distance_median,Unadjusted,476,2.4182092570067084
radial_distance_median,Unadjusted,477,0.3009903060868737
radial_distance_median,Unadjusted,478,0.055476657476617675
radial_distance_median,Unadjusted,479,0.8571476614655467
radial_distance_median,Unadjusted,480,1.2457090855986053
radial_distance_median,Unadjusted,481,0.06673567305858796
radial_distance_median,Unadjusted,482,0.10744683803670796
radial_distance_median,Unadjusted,483,0.9990654868556135
radial_distance_median,Unadjusted,484,3.22890741707738
radial_distance_median,Unadjusted,485,1.8660604725423582
radial_distance_median,Unadjusted,486,0.034649097259716655
radial_distance_median,Unadjusted,487,0.4925421203756173
radial_distance_median,Unadjusted,488,0.04934714297951359
radial_distance_median,Unadjusted,489,0.061023634370314994
radial_distance_median,Unadjusted,490,0.04087017136129134
radial_distance_median,Unadjusted,491,0.4434338366499446
radial_distance_median,Unadjusted,492,1.5354670417447096
radial_distance_median,Unadjusted,493,0.558103358524022
radial_distance_median,Unadjusted,494,0.21595694236305008
radial_distance_median,Unadjusted,495,0.00893663414973389
radial_distance_median,Unadjusted,496,0.0018305203737440934
radial_distance_median,Unadjusted,497,0.38012211056803835
radial_distance_median,Unadjusted,498,0.15833222849630602
radial_distance_median,Unadjusted,499,0.05734747174767563
radial_distance_median,Unadjusted,500,0.43029659219973837
radial_distance_median,Unadjusted,501,0.04126310579295023
radial_distance_median,Unadjusted,502,0.004465474546009318
radial_distance_median,Unadjusted,503,0.012108137095708571
radial_distance_median,Unadjusted,504,2.1441674439734015
radial_distance_median,Unadjusted,505,0.10879642161484071
radial_distance_median,Unadjusted,506,0.12518719869370898
radial_distance_median,Unadjusted,507,0.6871156245179577
radial_distance_median,Unadjusted,508,0.07182515723275174
radial_distance_median,Unadjusted,509,1.1828124245017193
radial_distance_median,Unadjusted,510,1.1277961026630123
radial_distance_median,Unadjusted,511,0.8665580749582773
radial_distance_median,Unadjusted,512,1.024364227311196
radial_distance_median,Unadjusted,513,0.4493167459389724
radial_distance_median,Unadjusted,514,0.09062983603422481
radial_distance_median,Unadjusted,515,0.16812747355919555
radial_distance_median,Unadjusted,516,0.8195109070309741
radial_distance_median,Unadjusted,517,0.42395637958361476
radial_distance_median,Unadjusted,518,1.9198432979904396
radial_distance_median,Unadjusted,519,0.16327848453448723
radial_distance_median,Unadjusted,520,1.0285800035351826
radial_distance_median,Unadjusted,521,2.0354298368691843
radial_distance_median,Unadjusted,522,0.01742387936860723
radial_distance_median,Unadjusted,523,0.041700232464506826
radial_distance_median,Unadjusted,524,1.3144393731488435
radial_distance_median,Unadjusted,525,3.904868851692072
radial_distance_median,Unadjusted,526,0.1859561949100339
radial_distance_median,Unadjusted,527,0.9252491946538157
radial_distance_median,Unadjusted,528,0.07190618366240642
radial_distance_median,Unadjusted,529,0.0437273817705659
radial_distance_median,Unadjusted,530,0.17446682758054521
radial_distance_median,Unadjusted,531,1.124522184392788
radial_distance_median,Unadjusted,532,0.7767049620090347
radial_distance_median,Unadjusted,533,1.0611438605194508
radial_distance_median,Unadjusted,534,0.5450571551905341
radial_distance_median,Unadjusted,535,0.013617102073737897
radial_distance_median,Unadjusted,536,0.012122306129754179
radial_distance_median,Unadjusted,537,0.16789349808220777
radial_distance_median,Unadjusted,538,1.8048988361366582
radial_distance_median,Unadjusted,539,1.6955942403932909
radial_distance_median,Unadjusted,540,0.3661577622036134
radial_distance_median,Unadjusted,541,4.287043867114278
radial_distance_median,Unadjusted,542,0.28617948917059266
radial_distance_median,Unadjusted,543,0.3234171123997953
radial_distance_median,Unadjusted,544,3.164371268549303
radial_distance_median,Unadjusted,545,0.5253441547899911
radial_distance_median,Unadjusted,546,0.02468644702690881
radial_distance_median,Unadjusted,547,0.6356680046819179
radial_distance_median,Unadjusted,548,0.021216165524549524
radial_distance_median,Unadjusted,549,2.240281571140031
radial_distance_median,Unadjusted,550,3.836333164602138
radial_distance_median,Unadjusted,551,0.0025768894634552453
radial_distance_median,Unadjusted,552,0.8720412051665676
radial_distance_median,Unadjusted,553,2.6490899508897314
radial_distance_median,Unadjusted,554,2.7719751743288725
radial_distance_median,Unadjusted,555,0.20127926661479023
radial_distance_median,Unadjusted,556,1.2361298460691046
radial_distance_median,Unadjusted,557,1.409470116557486
radial_distance_median,Unadjusted,558,5.22287763260465e-06
radial_distance_median,Unadjusted,559,0.02205719230704517
radial_distance_median,Unadjusted,560,0.5681615300418343
radial_distance_median,Unadjusted,561,0.04554839037683678
radial_distance_median,Unadjusted,562,0.20170621895823615
radial_distance_median,Unadjusted,563,0.07167116843345411
radial_distance_median,Unadjusted,564,1.5615685000924486
radial_distance_median,Unadjusted,565,0.15220135553767022
radial_distance_median,Unadjusted,566,0.6874952323814227
radial_distance_median,Unadjusted,567,6.55152018773731
radial_distance_median,Unadjusted,568,2.0285155242493147
radial_distance_median,Unadjusted,569,2.3999571975716663
radial_distance_median,Unadjusted,570,0.5612860882994823
radial_distance_median,Unadjusted,571,0.02531902636110317
radial_distance_median,Unadjusted,572,0.9539057631507148
radial_distance_median,Unadjusted,573,1.8546611401906432
radial_distance_median,Unadjusted,574,0.1391974340234583
radial_distance_median,Unadjusted,575,2.5614270433407
radial_distance_median,Unadjusted,576,3.9087333342189368
radial_distance_median,Unadjusted,577,0.5214659802877009
radial_distance_median,Unadjusted,578,3.3135477407992084
radial_distance_median,Unadjusted,579,0.027536092719287808
radial_distance_median,Unadjusted,580,0.018996084419313775
radial_distance_median,Unadjusted,581,2.740993096984994
radial_distance_median,Unadjusted,582,0.39874984936653846
radial_distance_median,Unadjusted,583,0.5315774090129821
radial_distance_median,Unadjusted,584,0.0031976486507687696
radial_distance_median,Unadjusted,585,0.3187529152666002
radial_distance_median,Unadjusted,586,0.005853774196395989
radial_distance_median,Unadjusted,587,0.17494785957052272
radial_distance_median,Unadjusted,588,0.32887166350917596
radial_distance_median,Unadjusted,589,0.24751542457653386
radial_distance_median,Unadjusted,590,1.7924330248692968
radial_distance_median,Unadjusted,591,0.3211857052080518
radial_distance_median,Unadjusted,592,3.6817788526686286
radial_distance_median,Unadjusted,593,1.50499412803714
radial_distance_median,Unadjusted,594,0.8287492090588557
radial_distance_median,Unadjusted,595,2.898185966525034
radial_distance_median,Unadjusted,596,0.05897902819077672
radial_distance_median,Unadjusted,597,0.5308807064957932
radial_distance_median,Unadjusted,598,0.5316841666677874
radial_distance_median,Unadjusted,599,2.72070359969797
radial_distance_median,Unadjusted,600,0.26347074953309857
radial_distance_median,Unadjusted,601,0.44212055040156883
radial_distance_median,Unadjusted,602,4.84963943122807
radial_distance_median,Unadjusted,603,1.2199177012585665
radial_distance_median,Unadjusted,604,0.0023236024687207646
radial_distance_median,Unadjusted,605,0.8195107709385638
radial_distance_median,Unadjusted,606,0.49354650354092655
radial_distance_median,Unadjusted,607,0.9691420864526776
radial_distance_median,Unadjusted,608,0.7997083572733459
radial_distance_median,Unadjusted,609,1.0020819001893528
radial_distance_median,Unadjusted,610,4.734389813273083
radial_distance_median,Unadjusted,611,0.8077068364717093
radial_distance_median,Unadjusted,612,0.9116302318254839
radial_distance_median,Unadjusted,613,4.7445669120041885
radial_distance_median,Unadjusted,614,1.1074660979640498
radial_distance_median,Unadjusted,615,0.7433746047239538
radial_distance_median,Unadjusted,616,2.7907421633095737
radial_distance_median,Unadjusted,617,3.285456891708577
radial_distance_median,Unadjusted,618,0.34756328291143745
radial_distance_median,Unadjusted,619,0.2612060846014401
radial_distance_median,Unadjusted,620,2.0101535361085894
radial_distance_median,Unadjusted,621,0.4767731809502038
radial_distance_median,Unadjusted,622,0.12210786820674002
radial_distance_median,Unadjusted,623,0.11915635744190922
radial_distance_median,Unadjusted,624,1.427100480176989
radial_distance_median,Unadjusted,625,0.028993674883679432
radial_distance_median,Unadjusted,626,1.3649906388110367
radial_distance_median,Unadjusted,627,0.5260575496178035
radial_distance_median,Unadjusted,628,0.002529866075008158
radial_distance_median,Unadjusted,629,0.13963142049806265
radial_distance_median,Unadjusted,630,0.5112146415993948
radial_distance_median,Unadjusted,631,0.10151996543584119
radial_distance_median,Unadjusted,632,0.9408942434550909
radial_distance_median,Unadjusted,633,1.3299360215502247
radial_distance_median,Unadjusted,634,0.003659492410463372
radial_distance_median,Unadjusted,635,0.04456060340442036
radial_distance_median,Unadjusted,636,0.8464130079348138
radial_distance_median,Unadjusted,637,0.008248330824585537
radial_distance_median,Unadjusted,638,0.5549746810540341
radial_distance_median,Unadjusted,639,3.547152977384826
radial_distance_median,Unadjusted,640,0.08539757558787642
radial_distance_median,Unadjusted,641,0.05043492081824752
radial_distance_median,Unadjusted,642,0.04712146197465472
radial_distance_median,Unadjusted,643,0.7501611757540445
radial_distance_median,Unadjusted,644,1.1149825014719
radial_distance_median,Unadjusted,645,0.865518501785175
radial_distance_median,Unadjusted,646,2.6871023530391085
radial_distance_median,Unadjusted,647,0.56399897448091
radial_distance_median,Unadjusted,648,1.6747341103327358
radial_distance_median,Unadjusted,649,0.033359173846974954
radial_distance_median,Unadjusted,650,3.5769256240542973
radial_distance_median,Unadjusted,651,0.004445485646954239
radial_distance_median,Unadjusted,652,1.024321500523115
radial_distance_median,Unadjusted,653,0.24881150692004894
radial_distance_median,Unadjusted,654,0.6903510933427128
radial_distance_median,Unadjusted,655,0.15327001817786368
radial_distance_median,Unadjusted,656,0.8153672313770812
radial_distance_median,Unadjusted,657,0.250216027161116
radial_distance_median,Unadjusted,658,0.005635429726851271
radial_distance_median,Unadjusted,659,6.132663270455566
radial_distance_median,Unadjusted,660,0.8526123923389832
radial_distance_median,Unadjusted,661,0.2471685507074426
radial_distance_median,Unadjusted,662,3.1279225797666186
radial_distance_median,Unadjusted,663,0.04258336722051581
radial_distance_median,Unadjusted,664,0.5877909207176231
radial_distance_median,Unadjusted,665,0.015367577645520214
radial_distance_median,Unadjusted,666,1.9850335560767007
radial_distance_median,Unadjusted,667,2.6443719687985094
radial_distance_median,Unadjusted,668,4.231786034393053
radial_distance_median,Unadjusted,669,0.23280967288258125
radial_distance_median,Unadjusted,670,0.755626114662789
radial_distance_median,Unadjusted,671,0.10049206734947802
radial_distance_median,Unadjusted,672,1.7224090961960883
radial_distance_median,Unadjusted,673,1.8134370330487286
radial_distance_median,Unadjusted,674,1.6444331542798523
radial_distance_median,Unadjusted,675,1.5041904135735535
radial_distance_median,Unadjusted,676,0.02879025636082133
radial_distance_median,Unadjusted,677,0.6896573665475216
radial_distance_median,Unadjusted,678,0.05117135421585317
radial_distance_median,Unadjusted,679,0.12917695647422534
radial_distance_median,Unadjusted,680,0.6564343204764782
radial_distance_median,Unadjusted,681,1.6476837853119264
radial_distance_median,Unadjusted,682,1.6215579016219976
radial_distance_median,Unadjusted,683,0.20130745433243646
radial_distance_median,Unadjusted,684,0.13174267558150632
radial_distance_median,Unadjusted,685,0.9840352532941097
radial_distance_median,Unadjusted,686,2.539248875725775
radial_distance_median,Unadjusted,687,1.3155333167053413
radial_distance_median,Unadjusted,688,1.3371964877625828
radial_distance_median,Unadjusted,689,0.046467964683188256
radial_distance_median,Unadjusted,690,2.884870766277004
radial_distance_median,Unadjusted,691,0.6062051547535248
radial_distance_median,Unadjusted,692,0.002610860290474193
radial_distance_median,Unadjusted,693,3.750618713715994
radial_distance_median,Unadjusted,694,4.861885808700322
radial_distance_median,Unadjusted,695,0.08460299486739586
radial_distance_median,Unadjusted,696,0.3250297235219364
radial_distance_median,Unadjusted,697,1.1356335377233222
radial_distance_median,Unadjusted,698,0.045750328134431584
radial_distance_median,Unadjusted,699,0.2205087625274018
radial_distance_median,Unadjusted,700,0.9111452787072949
radial_distance_median,Unadjusted,701,0.13466909974903274
radial_distance_median,Unadjusted,702,0.012654220222259482
radial_distance_median,Unadjusted,703,1.1334240182452504
radial_distance_median,Unadjusted,704,0.8214546872480639
radial_distance_median,Unadjusted,705,2.746535031909616
radial_distance_median,Unadjusted,706,0.418762711903355
radial_distance_median,Unadjusted,707,0.03678369372994439
radial_distance_median,Unadjusted,708,2.5345069632915056
radial_distance_median,Unadjusted,709,0.026865240152858405
radial_distance_median,Unadjusted,710,0.18277988727794536
radial_distance_median,Unadjusted,711,0.05939865483060203
radial_distance_median,Unadjusted,712,0.03668099693811655
radial_distance_median,Unadjusted,713,4.706791740807887
radial_distance_median,Unadjusted,714,1.1684740893335857
radial_distance_median,Unadjusted,715,0.21308985321763885
radial_distance_median,Unadjusted,716,2.734981614936885
radial_distance_median,Unadjusted,717,0.09390574988452727
radial_distance_median,Unadjusted,718,0.7770564121824464
radial_distance_median,Unadjusted,719,0.5968389693683775
radial_distance_median,Unadjusted,720,2.23475569460453
radial_distance_median,Unadjusted,721,4.757370801320292
radial_distance_median,Unadjusted,722,0.274723750227281
radial_distance_median,Unadjusted,723,0.031782653157563345
radial_distance_median,Unadjusted,724,0.5950740994634316
radial_distance_median,Unadjusted,725,0.09044591037570626
radial_distance_median,Unadjusted,726,0.09794558760751215
radial_distance_median,Unadjusted,727,1.7128123355147977
radial_distance_median,Unadjusted,728,0.03101032660151759
radial_distance_median,Unadjusted,729,0.6164724325644784
radial_distance_median,Unadjusted,730,0.001412126286311377
radial_distance_median,Unadjusted,731,0.031832526640812375
radial_distance_median,Unadjusted,732,0.9679569946849256
radial_distance_median,Unadjusted,733,2.576111428675887
radial_distance_median,Unadjusted,734,0.6822644810019938
radial_distance_median,Unadjusted,735,0.04404334622603301
radial_distance_median,Unadjusted,736,0.5939453504301468
radial_distance_median,Unadjusted,737,3.5213757510218784
radial_distance_median,Unadjusted,738,1.7375115629836841
radial_distance_median,Unadjusted,739,0.2513786604885695
radial_distance_median,Unadjusted,740,0.3216110981131237
radial_distance_median,Unadjusted,741,4.451049336848712
radial_distance_median,Unadjusted,742,2.345998160260933
radial_distance_median,Unadjusted,743,1.3957269004753812
radial_distance_median,Unadjusted,744,0.10798210801090136
radial_distance_median,Unadjusted,745,1.1717872623713674
radial_distance_median,Unadjusted,746,0.30702225452461107
radial_distance_median,Unadjusted,747,1.8278481551459436
radial_distance_median,Unadjusted,748,0.06339776081000537
radial_distance_median,Unadjusted,749,2.103419995900026
radial_distance_median,Unadjusted,750,2.6367900336423418
radial_distance_median,Unadjusted,751,3.308382095826289
radial_distance_median,Unadjusted,752,0.148550183142504
radial_distance_median,Unadjusted,753,0.29278833458221243
radial_distance_median,Unadjusted,754,0.2814786351805765
radial_distance_median,Unadjusted,755,2.1496136905144567
radial_distance_median,Unadjusted,756,2.681301270628694
radial_distance_median,Unadjusted,757,2.567462808811854
radial_distance_median,Unadjusted,758,0.3375670784346312
radial_distance_median,Unadjusted,759,0.8764182423261673
radial_distance_median,Unadjusted,760,3.615623395986802
radial_distance_median,Unadjusted,761,0.00018101020816629898
radial_distance_median,Unadjusted,762,0.2829576401273357
radial_distance_median,Unadjusted,763,0.394089735772468
radial_distance_median,Unadjusted,764,1.2706275254756179
radial_distance_median,Unadjusted,765,0.08951212306817524
radial_distance_median,Unadjusted,766,1.5255268021108463
radial_distance_median,Unadjusted,767,0.044077298551997046
radial_distance_median,Unadjusted,768,0.1834743493704991
radial_distance_median,Unadjusted,769,0.06434699027499846
radial_distance_median,Unadjusted,770,0.7824028350830758
radial_distance_median,Unadjusted,771,1.453481386514568
radial_distance_median,Unadjusted,772,0.6001032711668017
radial_distance_median,Unadjusted,773,0.03663425296076639
radial_distance_median,Unadjusted,774,0.3683693301157973
radial_distance_median,Unadjusted,775,1.359731495598112
radial_distance_median,Unadjusted,776,1.3480703464191492
radial_distance_median,Unadjusted,777,0.054547684786882655
radial_distance_median,Unadjusted,778,0.0013873062609377484
radial_distance_median,Unadjusted,779,0.6525168247569013
radial_distance_median,Unadjusted,780,0.005997944289333645
radial_distance_median,Unadjusted,781,0.1314748446239946
radial_distance_median,Unadjusted,782,1.2741469300748918
radial_distance_median,Unadjusted,783,2.4325327426437866
radial_distance_median,Unadjusted,784,0.4097598698747902
radial_distance_median,Unadjusted,785,1.3854367239218845e-05
radial_distance_median,Unadjusted,786,0.14656476132910257
radial_distance_median,Unadjusted,787,0.04746429909368999
radial_distance_median,Unadjusted,788,5.791845734326785
radial_distance_median,Unadjusted,789,4.00224035353375
radial_distance_median,Unadjusted,790,1.6154597840654787
radial_distance_median,Unadjusted,791,1.0638678874119591
radial_distance_median,Unadjusted,792,0.004411449574092785
radial_distance_median,Unadjusted,793,0.02066275475499424
radial_distance_median,Unadjusted,794,0.40857636063151404
radial_distance_median,Unadjusted,795,0.47354735881663146
radial_distance_median,Unadjusted,796,0.037252292211803706
radial_distance_median,Unadjusted,797,1.9245354774921566
radial_distance_median,Unadjusted,798,2.770861912933583
radial_distance_median,Unadjusted,799,0.06462479168834534
radial_distance_median,Unadjusted,800,2.7241862747667938
radial_distance_median,Unadjusted,801,1.1430765874798112
radial_distance_median,Unadjusted,802,0.1352197366090877
radial_distance_median,Unadjusted,803,0.34618294314867626
radial_distance_median,Unadjusted,804,1.2050478643292308
radial_distance_median,Unadjusted,805,0.6512948076141356
radial_distance_median,Unadjusted,806,3.2805814481617404
radial_distance_median,Unadjusted,807,0.69147746819948
radial_distance_median,Unadjusted,808,1.845502424488302
radial_distance_median,Unadjusted,809,0.0006822188098567494
radial_distance_median,Unadjusted,810,0.13857192280897834
radial_distance_median,Unadjusted,811,0.36894820330905986
radial_distance_median,Unadjusted,812,3.1078776579554415
radial_distance_median,Unadjusted,813,0.0918876794231096
radial_distance_median,Unadjusted,814,0.8312717242808958
radial_distance_median,Unadjusted,815,1.0746239128189359
radial_distance_median,Unadjusted,816,5.96966029331378
radial_distance_median,Unadjusted,817,1.0066678463734888
radial_distance_median,Unadjusted,818,0.013234538579240507
radial_distance_median,Unadjusted,819,0.0666343374325038
radial_distance_median,Unadjusted,820,0.07818697683484288
radial_distance_median,Unadjusted,821,0.4483003843758979
radial_distance_median,Unadjusted,822,1.0099491889485535
radial_distance_median,Unadjusted,823,2.71079595231339
radial_distance_median,Unadjusted,824,0.0023223454581966507
radial_distance_median,Unadjusted,825,1.6816339190752956
radial_distance_median,Unadjusted,826,0.3698222906830324
radial_distance_median,Unadjusted,827,0.21830046414231674
radial_distance_median,Unadjusted,828,0.10143538843072974
radial_distance_median,Unadjusted,829,0.9224439199499557
radial_distance_median,Unadjusted,830,0.05634394673961651
radial_distance_median,Unadjusted,831,0.0007725587790901045
radial_distance_median,Unadjusted,832,1.0583665215114593
radial_distance_median,Unadjusted,833,3.8996345336513514
radial_distance_median,Unadjusted,834,0.292806792356771
radial_distance_median,Unadjusted,835,0.8324173388828058
radial_distance_median,Unadjusted,836,1.3937550557585041
radial_distance_median,Unadjusted,837,0.02794859016898954
radial_distance_median,Unadjusted,838,0.006953597115057164
radial_distance_median,Unadjusted,839,4.221563760971037
radial_distance_median,Unadjusted,840,0.5531098437990636
radial_distance_median,Unadjusted,841,0.3455490848608065
radial_distance_median,Unadjusted,842,0.3538022343299758
radial_distance_median,Unadjusted,843,0.42990947238337185
radial_distance_median,Unadjusted,844,2.7681734900229458
radial_distance_median,Unadjusted,845,0.005112889353767969
radial_distance_median,Unadjusted,846,0.9328449816751458
radial_distance_median,Unadjusted,847,1.0416470059849416
radial_distance_median,Unadjusted,848,0.744372851672324
radial_distance_median,Unadjusted,849,0.0025775799743996686
radial_distance_median,Unadjusted,850,1.5871167219780773
radial_distance_median,Unadjusted,851,1.9314667807341266
radial_distance_median,Unadjusted,852,0.9326285361333362
radial_distance_median,Unadjusted,853,0.7006451665136524
radial_distance_median,Unadjusted,854,0.8187292635992094
radial_distance_median,Unadjusted,855,0.45507211753960064
radial_distance_median,Unadjusted,856,0.015567577142007849
radial_distance_median,Unadjusted,857,0.629078452026647
radial_distance_median,Unadjusted,858,0.5932987550207258
radial_distance_median,Unadjusted,859,0.09094002842363125
radial_distance_median,Unadjusted,860,0.000871705129043221
radial_distance_median,Unadjusted,861,1.3484855072593973
radial_distance_median,Unadjusted,862,1.9872576225641296
radial_distance_median,Unadjusted,863,0.4216035291075855
radial_distance_median,Unadjusted,864,0.4002863480099563
radial_distance_median,Unadjusted,865,0.02034197014552319
radial_distance_median,Unadjusted,866,2.052840665091992
radial_distance_median,Unadjusted,867,4.709707884775241
radial_distance_median,Unadjusted,868,3.021083718824457
radial_distance_median,Unadjusted,869,0.3740643778268691
radial_distance_median,Unadjusted,870,2.8869274928899245
radial_distance_median,Unadjusted,871,1.0678361175794748
radial_distance_median,Unadjusted,872,2.9812315801722775
radial_distance_median,Unadjusted,873,2.8734616850350108
radial_distance_median,Unadjusted,874,0.607050190606742
radial_distance_median,Unadjusted,875,0.24794613353037676
radial_distance_median,Unadjusted,876,0.10694223267745429
radial_distance_median,Unadjusted,877,2.4975457681163675
radial_distance_median,Unadjusted,878,1.101694291756644
radial_distance_median,Unadjusted,879,4.276191088887742
radial_distance_median,Unadjusted,880,3.347718710798233
radial_distance_median,Unadjusted,881,0.4914937168169331
radial_distance_median,Unadjusted,882,3.0014355527255248
radial_distance_median,Unadjusted,883,1.2080911152165186
radial_distance_median,Unadjusted,884,0.12884933282151678
radial_distance_median,Unadjusted,885,0.42877576008856977
radial_distance_median,Unadjusted,886,0.4903636157977189
radial_distance_median,Unadjusted,887,0.022132098735085037
radial_distance_median,Unadjusted,888,0.000543302346954988
radial_distance_median,Unadjusted,889,0.25366745083823616
radial_distance_median,Unadjusted,890,0.022225758903232418
radial_distance_median,Unadjusted,891,0.31079358115499645
radial_distance_median,Unadjusted,892,1.3693354648694935
radial_distance_median,Unadjusted,893,0.8784994694074157
radial_distance_median,Unadjusted,894,0.8228427440874384
radial_distance_median,Unadjusted,895,0.8709263908141907
radial_distance_median,Unadjusted,896,0.0033223937042521356
radial_distance_median,Unadjusted,897,0.0014294498903382191
radial_distance_median,Unadjusted,898,0.28747165605307146
radial_distance_median,Unadjusted,899,1.1786456990309944
radial_distance_median,Unadjusted,900,2.9070826132600587
radial_distance_median,Unadjusted,901,0.018654790355412842
radial_distance_median,Unadjusted,902,0.7777946413456789
radial_distance_median,Unadjusted,903,1.744866752075609
radial_distance_median,Unadjusted,904,0.3522018899517434
radial_distance_median,Unadjusted,905,0.22972362265119273
radial_distance_median,Unadjusted,906,0.004342094339108371
radial_distance_median,Unadjusted,907,0.12877041034039394
radial_distance_median,Unadjusted,908,1.7314005111757638
radial_distance_median,Unadjusted,909,0.19435414398498096
radial_distance_median,Unadjusted,910,1.5719706110895686
radial_distance_median,Unadjusted,911,0.05251570373013692
radial_distance_median,Unadjusted,912,1.8401482335590913
radial_distance_median,Unadjusted,913,1.2706620740106018
radial_distance_median,Unadjusted,914,0.17376621951882498
radial_distance_median,Unadjusted,915,0.7477182682958414
radial_distance_median,Unadjusted,916,0.0587322374726682
radial_distance_median,Unadjusted,917,3.636983549287436
radial_distance_median,Unadjusted,918,1.375126475321224
radial_distance_median,Unadjusted,919,0.15182797512670732
radial_distance_median,Unadjusted,920,4.186207357298429
radial_distance_median,Unadjusted,921,0.1056114889764217
radial_distance_median,Unadjusted,922,0.4085150399604913
radial_distance_median,Unadjusted,923,1.7298179572975414
radial_distance_median,Unadjusted,924,0.04590230684959806
radial_distance_median,Unadjusted,925,1.2293241240163866
radial_distance_median,Unadjusted,926,1.343897376647874
radial_distance_median,Unadjusted,927,1.2293139490044496
radial_distance_median,Unadjusted,928,0.8366830465430439
radial_distance_median,Unadjusted,929,0.0908354467850927
radial_distance_median,Unadjusted,930,0.19924842724560676
radial_distance_median,Unadjusted,931,0.08025163610062691
radial_distance_median,Unadjusted,932,1.2047734486906734
radial_distance_median,Unadjusted,933,0.1574222037561981
radial_distance_median,Unadjusted,934,0.40908083850899857
radial_distance_median,Unadjusted,935,6.0526716065588175
radial_distance_median,Unadjusted,936,2.742109644886625
radial_distance_median,Unadjusted,937,0.00697424064213692
radial_distance_median,Unadjusted,938,2.0702172847107363
radial_distance_median,Unadjusted,939,0.38968163171057313
radial_distance_median,Unadjusted,940,2.2952704324540036
radial_distance_median,Unadjusted,941,0.6506640248469466
radial_distance_median,Unadjusted,942,8.024822599580773
radial_distance_median,Unadjusted,943,2.2750157360350727
radial_distance_median,Unadjusted,944,0.7687785787789494
radial_distance_median,Unadjusted,945,0.003499509151026814
radial_distance_median,Unadjusted,946,0.305404015679585
radial_distance_median,Unadjusted,947,4.086909326764953
radial_distance_median,Unadjusted,948,0.0017556701358785176
radial_distance_median,Unadjusted,949,9.064959115380645
radial_distance_median,Unadjusted,950,0.0003429000528853976
radial_distance_median,Unadjusted,951,7.0414632418416545
radial_distance_median,Unadjusted,952,1.7687386007480086
radial_distance_median,Unadjusted,953,0.013376989156085983
radial_distance_median,Unadjusted,954,0.0833111815348957
radial_distance_median,Unadjusted,955,0.0383530403701684
radial_distance_median,Unadjusted,956,0.014082764940326342
radial_distance_median,Unadjusted,957,0.29085036678782217
radial_distance_median,Unadjusted,958,0.02677892053515052
radial_distance_median,Unadjusted,959,0.8408013894940041
radial_distance_median,Unadjusted,960,0.1751824424564461
radial_distance_median,Unadjusted,961,0.4349839760589589
radial_distance_median,Unadjusted,962,0.6866123325013973
radial_distance_median,Unadjusted,963,1.6226107441322029
radial_distance_median,Unadjusted,964,8.929144314606674e-06
radial_distance_median,Unadjusted,965,6.417316756627088
radial_distance_median,Unadjusted,966,0.6463111016022367
radial_distance_median,Unadjusted,967,0.33245250239656343
radial_distance_median,Unadjusted,968,0.016490883044468774
radial_distance_median,Unadjusted,969,5.820682877254171
radial_distance_median,Unadjusted,970,0.5721848322864957
radial_distance_median,Unadjusted,971,0.20521200405050877
radial_distance_median,Unadjusted,972,0.06559150385226076
radial_distance_median,Unadjusted,973,0.006393167863507188
radial_distance_median,Unadjusted,974,4.80580131891827
radial_distance_median,Unadjusted,975,0.2282451168776447
radial_distance_median,Unadjusted,976,0.10833236720912964
radial_distance_median,Unadjusted,977,0.2772023488275295
radial_distance_median,Unadjusted,978,0.010593435676241825
radial_distance_median,Unadjusted,979,6.22289077988637
radial_distance_median,Unadjusted,980,0.0012976478067230346
radial_distance_median,Unadjusted,981,0.257811899611454
radial_distance_median,Unadjusted,982,1.5067901617857729
radial_distance_median,Unadjusted,983,0.18268472759206134
radial_distance_median,Unadjusted,984,0.17636170602600032
radial_distance_median,Unadjusted,985,0.45571981257938887
radial_distance_median,Unadjusted,986,2.8911715389767778e-05
radial_distance_median,Unadjusted,987,0.558607783111313
radial_distance_median,Unadjusted,988,0.7725544824542112
radial_distance_median,Unadjusted,989,0.035475186376061174
radial_distance_median,Unadjusted,990,0.022951022125994314
radial_distance_median,Unadjusted,991,7.525218693169791
radial_distance_median,Unadjusted,992,0.07820291679081492
radial_distance_median,Unadjusted,993,1.0982460961945435
radial_distance_median,Unadjusted,994,0.11518747574427834
radial_distance_median,Unadjusted,995,0.9097291334677493
radial_distance_median,Unadjusted,996,1.3856766617363974
radial_distance_median,Unadjusted,997,0.04025286363662417
radial_distance_median,Unadjusted,998,0.06619587136873406
radial_distance_median,Count-adjusted,0,0.06844893272290165
radial_distance_median,Count-adjusted,1,1.488134384427326
radial_distance_median,Count-adjusted,2,0.04402421434966186
radial_distance_median,Count-adjusted,3,0.974004210660155
radial_distance_median,Count-adjusted,4,0.4544828381508239
radial_distance_median,Count-adjusted,5,0.9266927911774587
radial_distance_median,Count-adjusted,6,4.117977410082744
radial_distance_median,Count-adjusted,7,0.07998540700478429
radial_distance_median,Count-adjusted,8,4.533226965767341
radial_distance_median,Count-adjusted,9,0.12116897897539047
radial_distance_median,Count-adjusted,10,0.698543274194094
radial_distance_median,Count-adjusted,11,3.2941792099120732
radial_distance_median,Count-adjusted,12,0.11319163423536338
radial_distance_median,Count-adjusted,13,0.07261490026829165
radial_distance_median,Count-adjusted,14,1.2014820888557267
radial_distance_median,Count-adjusted,15,1.3382219811560105
radial_distance_median,Count-adjusted,16,0.11031461368781947
radial_distance_median,Count-adjusted,17,1.4164233637580423
radial_distance_median,Count-adjusted,18,0.0006968093937587128
radial_distance_median,Count-adjusted,19,0.22248351429021795
radial_distance_median,Count-adjusted,20,0.24045642686493807
radial_distance_median,Count-adjusted,21,0.6599668861130681
radial_distance_median,Count-adjusted,22,0.9217037964563133
radial_distance_median,Count-adjusted,23,1.137570412254263
radial_distance_median,Count-adjusted,24,1.445067429531349
radial_distance_median,Count-adjusted,25,3.790763171756282
radial_distance_median,Count-adjusted,26,0.3314664817139601
radial_distance_median,Count-adjusted,27,0.1449129068248567
radial_distance_median,Count-adjusted,28,0.10637036561882951
radial_distance_median,Count-adjusted,29,1.3780573971227739
radial_distance_median,Count-adjusted,30,0.2280638981659706
radial_distance_median,Count-adjusted,31,0.09936061635318083
radial_distance_median,Count-adjusted,32,0.8521552584001029
radial_distance_median,Count-adjusted,33,0.049637182878257136
radial_distance_median,Count-adjusted,34,0.41755822575467505
radial_distance_median,Count-adjusted,35,0.23129724007887376
radial_distance_median,Count-adjusted,36,1.6403236529748142
radial_distance_median,Count-adjusted,37,0.37121972005041926
radial_distance_median,Count-adjusted,38,1.0011038829872518
radial_distance_median,Count-adjusted,39,0.22567462068411714
radial_distance_median,Count-adjusted,40,0.2345066110459868
radial_distance_median,Count-adjusted,41,1.6686616541100534
radial_distance_median,Count-adjusted,42,0.5269015975327136
radial_distance_median,Count-adjusted,43,0.1517002209269549
radial_distance_median,Count-adjusted,44,0.4014258740005232
radial_distance_median,Count-adjusted,45,0.05209469521258825
radial_distance_median,Count-adjusted,46,2.6689606625066062
radial_distance_median,Count-adjusted,47,0.6334620699973073
radial_distance_median,Count-adjusted,48,0.014207820281683325
radial_distance_median,Count-adjusted,49,0.06095957171760347
radial_distance_median,Count-adjusted,50,1.5816262833423593
radial_distance_median,Count-adjusted,51,0.060795257442237016
radial_distance_median,Count-adjusted,52,0.8261128194675393
radial_distance_median,Count-adjusted,53,2.593514953792095
radial_distance_median,Count-adjusted,54,0.00015139665663355117
radial_distance_median,Count-adjusted,55,0.04938006830698782
radial_distance_median,Count-adjusted,56,1.8536827591494784
radial_distance_median,Count-adjusted,57,1.3827703702169458
radial_distance_median,Count-adjusted,58,0.005754176164771252
radial_distance_median,Count-adjusted,59,0.07088297308226288
radial_distance_median,Count-adjusted,60,10.366008216233155
radial_distance_median,Count-adjusted,61,0.16679413313721625
radial_distance_median,Count-adjusted,62,0.7422660440328173
radial_distance_median,Count-adjusted,63,0.4669815959748007
radial_distance_median,Count-adjusted,64,1.2954265931422526
radial_distance_median,Count-adjusted,65,2.631807761800701
radial_distance_median,Count-adjusted,66,0.2901964678768536
radial_distance_median,Count-adjusted,67,3.128397043983682
radial_distance_median,Count-adjusted,68,0.021633578508897244
radial_distance_median,Count-adjusted,69,0.4594003027846725
radial_distance_median,Count-adjusted,70,6.5674311299125065
radial_distance_median,Count-adjusted,71,0.8163574307765771
radial_distance_median,Count-adjusted,72,0.25618157960855115
radial_distance_median,Count-adjusted,73,0.2914145825408241
radial_distance_median,Count-adjusted,74,0.9612588654948979
radial_distance_median,Count-adjusted,75,0.7161532568179325
radial_distance_median,Count-adjusted,76,0.6731604540197793
radial_distance_median,Count-adjusted,77,0.26153938150719114
radial_distance_median,Count-adjusted,78,0.8908268397000825
radial_distance_median,Count-adjusted,79,0.29261165711017156
radial_distance_median,Count-adjusted,80,0.02853783154910161
radial_distance_median,Count-adjusted,81,0.025211395494267208
radial_distance_median,Count-adjusted,82,0.21213754335272483
radial_distance_median,Count-adjusted,83,0.002380636636928557
radial_distance_median,Count-adjusted,84,0.12656929251977544
radial_distance_median,Count-adjusted,85,0.4159865817083528
radial_distance_median,Count-adjusted,86,0.8412305068110868
radial_distance_median,Count-adjusted,87,0.13568445700065013
radial_distance_median,Count-adjusted,88,0.1085086167243503
radial_distance_median,Count-adjusted,89,2.498332936498457
radial_distance_median,Count-adjusted,90,0.10223668882923675
radial_distance_median,Count-adjusted,91,1.6432149118426764
radial_distance_median,Count-adjusted,92,2.2575866779561693e-05
radial_distance_median,Count-adjusted,93,0.04163097653713521
radial_distance_median,Count-adjusted,94,0.020564886616170952
radial_distance_median,Count-adjusted,95,3.832795696062419
radial_distance_median,Count-adjusted,96,0.6740871163508473
radial_distance_median,Count-adjusted,97,0.1540956124206332
radial_distance_median,Count-adjusted,98,0.31027045355031646
radial_distance_median,Count-adjusted,99,0.03319245658764203
radial_distance_median,Count-adjusted,100,0.9111954135699989
radial_distance_median,Count-adjusted,101,0.029870144677431654
radial_distance_median,Count-adjusted,102,0.9075120628041589
radial_distance_median,Count-adjusted,103,0.038436522366225745
radial_distance_median,Count-adjusted,104,0.32619222825957195
radial_distance_median,Count-adjusted,105,0.00014011441112415923
radial_distance_median,Count-adjusted,106,0.0026774005226570807
radial_distance_median,Count-adjusted,107,0.913764737274164
radial_distance_median,Count-adjusted,108,0.33005391220939373
radial_distance_median,Count-adjusted,109,0.868516595148833
radial_distance_median,Count-adjusted,110,4.009663596773606
radial_distance_median,Count-adjusted,111,2.8383532567205805
radial_distance_median,Count-adjusted,112,0.1298056350195793
radial_distance_median,Count-adjusted,113,0.4788316904200087
radial_distance_median,Count-adjusted,114,0.16962505784562154
radial_distance_median,Count-adjusted,115,1.011680544757894
radial_distance_median,Count-adjusted,116,0.0024158058478178646
radial_distance_median,Count-adjusted,117,2.5384124997909225
radial_distance_median,Count-adjusted,118,0.002518361829800142
radial_distance_median,Count-adjusted,119,0.6545431088821374
radial_distance_median,Count-adjusted,120,0.7885866169157225
radial_distance_median,Count-adjusted,121,0.29380830179701434
radial_distance_median,Count-adjusted,122,0.3269557253582889
radial_distance_median,Count-adjusted,123,0.09071586963983691
radial_distance_median,Count-adjusted,124,2.171265372096741
radial_distance_median,Count-adjusted,125,0.019445895095600463
radial_distance_median,Count-adjusted,126,0.5925049524360588
radial_distance_median,Count-adjusted,127,0.606603692170637
radial_distance_median,Count-adjusted,128,0.3513697574950072
radial_distance_median,Count-adjusted,129,0.27459446181489966
radial_distance_median,Count-adjusted,130,1.6263805811830423
radial_distance_median,Count-adjusted,131,0.06792845021539051
radial_distance_median,Count-adjusted,132,0.998177361230205
radial_distance_median,Count-adjusted,133,0.1685192038727905
radial_distance_median,Count-adjusted,134,1.6164455254914856
radial_distance_median,Count-adjusted,135,0.2043926154696578
radial_distance_median,Count-adjusted,136,0.7908218061558046
radial_distance_median,Count-adjusted,137,6.375615728800824
radial_distance_median,Count-adjusted,138,0.9982953730253996
radial_distance_median,Count-adjusted,139,0.013840595188980842
radial_distance_median,Count-adjusted,140,0.5196094713902824
radial_distance_median,Count-adjusted,141,0.06049251901617936
radial_distance_median,Count-adjusted,142,0.1791431785666191
radial_distance_median,Count-adjusted,143,0.5846625715894902
radial_distance_median,Count-adjusted,144,1.184285528934879
radial_distance_median,Count-adjusted,145,0.8656079556721181
radial_distance_median,Count-adjusted,146,0.1891192474432728
radial_distance_median,Count-adjusted,147,0.49354372187488593
radial_distance_median,Count-adjusted,148,0.0014202728936538733
radial_distance_median,Count-adjusted,149,0.05747388564515177
radial_distance_median,Count-adjusted,150,0.05839754044765755
radial_distance_median,Count-adjusted,151,1.0553748523987565
radial_distance_median,Count-adjusted,152,0.28870425055748683
radial_distance_median,Count-adjusted,153,0.26628011373472305
radial_distance_median,Count-adjusted,154,1.1373658069539943
radial_distance_median,Count-adjusted,155,0.005397309556315122
radial_distance_median,Count-adjusted,156,2.035432957693473
radial_distance_median,Count-adjusted,157,1.8349427974198989
radial_distance_median,Count-adjusted,158,0.981076962682323
radial_distance_median,Count-adjusted,159,0.6722958082226569
radial_distance_median,Count-adjusted,160,0.7767454674361147
radial_distance_median,Count-adjusted,161,1.6450469398287453
radial_distance_median,Count-adjusted,162,0.4879943433952292
radial_distance_median,Count-adjusted,163,0.7795965883672977
radial_distance_median,Count-adjusted,164,0.1985520881903824
radial_distance_median,Count-adjusted,165,1.494483293350413
radial_distance_median,Count-adjusted,166,0.3962909348398398
radial_distance_median,Count-adjusted,167,0.26724665547527593
radial_distance_median,Count-adjusted,168,0.7332127986367141
radial_distance_median,Count-adjusted,169,0.2719875013125943
radial_distance_median,Count-adjusted,170,0.01523245332401757
radial_distance_median,Count-adjusted,171,0.015956284868821058
radial_distance_median,Count-adjusted,172,0.24964946694720425
radial_distance_median,Count-adjusted,173,2.8485572276553626
radial_distance_median,Count-adjusted,174,0.8233413188189047
radial_distance_median,Count-adjusted,175,0.8235575308547709
radial_distance_median,Count-adjusted,176,0.05699606476727581
radial_distance_median,Count-adjusted,177,0.09990519651586283
radial_distance_median,Count-adjusted,178,0.0017023949738472766
radial_distance_median,Count-adjusted,179,0.00016460394357409314
radial_distance_median,Count-adjusted,180,0.5426431856122349
radial_distance_median,Count-adjusted,181,3.4751750393691907
radial_distance_median,Count-adjusted,182,0.6748010690574802
radial_distance_median,Count-adjusted,183,0.0005785237454745129
radial_distance_median,Count-adjusted,184,0.352042364188037
radial_distance_median,Count-adjusted,185,0.7933219523322634
radial_distance_median,Count-adjusted,186,0.046354776799091724
radial_distance_median,Count-adjusted,187,1.5115881429869091
radial_distance_median,Count-adjusted,188,0.03433332952985779
radial_distance_median,Count-adjusted,189,0.003390131573155486
radial_distance_median,Count-adjusted,190,2.135490678340801
radial_distance_median,Count-adjusted,191,1.1775950202507488
radial_distance_median,Count-adjusted,192,0.0055976228692316
radial_distance_median,Count-adjusted,193,0.9565962957775582
radial_distance_median,Count-adjusted,194,0.10848682610549076
radial_distance_median,Count-adjusted,195,5.565806504876321
radial_distance_median,Count-adjusted,196,0.1990393452907142
radial_distance_median,Count-adjusted,197,0.0004453628118312736
radial_distance_median,Count-adjusted,198,1.6526906113420523
radial_distance_median,Count-adjusted,199,0.42834549935736277
radial_distance_median,Count-adjusted,200,3.108729068907678
radial_distance_median,Count-adjusted,201,0.08186134277502788
radial_distance_median,Count-adjusted,202,0.5276135863556988
radial_distance_median,Count-adjusted,203,0.4712347447928096
radial_distance_median,Count-adjusted,204,0.015738533857131642
radial_distance_median,Count-adjusted,205,0.3176915359689474
radial_distance_median,Count-adjusted,206,0.04529509929136566
radial_distance_median,Count-adjusted,207,2.1777595585338645
radial_distance_median,Count-adjusted,208,0.007615540993583636
radial_distance_median,Count-adjusted,209,2.9422823514129846
radial_distance_median,Count-adjusted,210,0.19360626490981758
radial_distance_median,Count-adjusted,211,4.02406925606445
radial_distance_median,Count-adjusted,212,0.3375165133501241
radial_distance_median,Count-adjusted,213,1.180038271617434
radial_distance_median,Count-adjusted,214,0.1001656379604583
radial_distance_median,Count-adjusted,215,1.4748758109316213
radial_distance_median,Count-adjusted,216,0.053962229156866215
radial_distance_median,Count-adjusted,217,0.0325265707101039
radial_distance_median,Count-adjusted,218,1.7062400158565083
radial_distance_median,Count-adjusted,219,1.1146864847363531
radial_distance_median,Count-adjusted,220,0.3128461496861803
radial_distance_median,Count-adjusted,221,3.0659445402991423
radial_distance_median,Count-adjusted,222,0.5181317570793453
radial_distance_median,Count-adjusted,223,0.005987725753641371
radial_distance_median,Count-adjusted,224,0.00743155698830833
radial_distance_median,Count-adjusted,225,4.478173322987175
radial_distance_median,Count-adjusted,226,0.4519566923320042
radial_distance_median,Count-adjusted,227,5.442671106266886
radial_distance_median,Count-adjusted,228,1.540170300183263
radial_distance_median,Count-adjusted,229,0.10927283916916508
radial_distance_median,Count-adjusted,230,0.6822304301161921
radial_distance_median,Count-adjusted,231,1.1717659323772693
radial_distance_median,Count-adjusted,232,0.09261830134417437
radial_distance_median,Count-adjusted,233,5.452242413668074
radial_distance_median,Count-adjusted,234,7.627717634665487
radial_distance_median,Count-adjusted,235,0.4659893091816514
radial_distance_median,Count-adjusted,236,0.0009190647228649595
radial_distance_median,Count-adjusted,237,0.15731952800220483
radial_distance_median,Count-adjusted,238,0.0005744327441448149
radial_distance_median,Count-adjusted,239,0.0007423191276245689
radial_distance_median,Count-adjusted,240,4.006698507453507
radial_distance_median,Count-adjusted,241,1.5464390032404367
radial_distance_median,Count-adjusted,242,0.7023783421030885
radial_distance_median,Count-adjusted,243,0.0005604284991704844
radial_distance_median,Count-adjusted,244,0.5261955587347984
radial_distance_median,Count-adjusted,245,0.0002050001584734673
radial_distance_median,Count-adjusted,246,0.0017757740816080059
radial_distance_median,Count-adjusted,247,0.2865866573179119
radial_distance_median,Count-adjusted,248,0.3254659981371333
radial_distance_median,Count-adjusted,249,1.0901462812119291
radial_distance_median,Count-adjusted,250,2.809989107051422
radial_distance_median,Count-adjusted,251,0.3161765450668099
radial_distance_median,Count-adjusted,252,2.743750221218761
radial_distance_median,Count-adjusted,253,0.10621015153185454
radial_distance_median,Count-adjusted,254,1.9295476489980388
radial_distance_median,Count-adjusted,255,0.07813752840667121
radial_distance_median,Count-adjusted,256,0.3523781288887733
radial_distance_median,Count-adjusted,257,2.170002818581793
radial_distance_median,Count-adjusted,258,0.0048468833606705175
radial_distance_median,Count-adjusted,259,0.4123011987285281
radial_distance_median,Count-adjusted,260,0.8108776545868182
radial_distance_median,Count-adjusted,261,0.6717782231318381
radial_distance_median,Count-adjusted,262,0.08080058616394581
radial_distance_median,Count-adjusted,263,0.014584660906621139
radial_distance_median,Count-adjusted,264,1.1114639081363862
radial_distance_median,Count-adjusted,265,0.05505482834968234
radial_distance_median,Count-adjusted,266,0.8226237371825391
radial_distance_median,Count-adjusted,267,0.5073650417116937
radial_distance_median,Count-adjusted,268,0.3690801704380817
radial_distance_median,Count-adjusted,269,0.23873272112456334
radial_distance_median,Count-adjusted,270,0.13506329940472028
radial_distance_median,Count-adjusted,271,0.35712511026551397
radial_distance_median,Count-adjusted,272,1.341902602497214
radial_distance_median,Count-adjusted,273,1.2832068789162463
radial_distance_median,Count-adjusted,274,0.17519677878846096
radial_distance_median,Count-adjusted,275,4.707709535180584
radial_distance_median,Count-adjusted,276,3.4051591654413187
radial_distance_median,Count-adjusted,277,0.1603201468185773
radial_distance_median,Count-adjusted,278,0.018180170469889845
radial_distance_median,Count-adjusted,279,0.011828093404233186
radial_distance_median,Count-adjusted,280,0.002120271290493747
radial_distance_median,Count-adjusted,281,0.003264687546732148
radial_distance_median,Count-adjusted,282,0.09973981867034354
radial_distance_median,Count-adjusted,283,0.026903675953064976
radial_distance_median,Count-adjusted,284,1.8676436504380263
radial_distance_median,Count-adjusted,285,0.14919397245378718
radial_distance_median,Count-adjusted,286,5.231532772652713
radial_distance_median,Count-adjusted,287,0.3076700284736944
radial_distance_median,Count-adjusted,288,0.2421400490858332
radial_distance_median,Count-adjusted,289,0.8140038883246916
radial_distance_median,Count-adjusted,290,0.046897181617651995
radial_distance_median,Count-adjusted,291,1.0988251088507468
radial_distance_median,Count-adjusted,292,0.6652763627283775
radial_distance_median,Count-adjusted,293,0.02205235121533633
radial_distance_median,Count-adjusted,294,0.1913166655816667
radial_distance_median,Count-adjusted,295,1.2638766052328663
radial_distance_median,Count-adjusted,296,0.6062598106966277
radial_distance_median,Count-adjusted,297,0.6592299586840227
radial_distance_median,Count-adjusted,298,0.0009430101894167819
radial_distance_median,Count-adjusted,299,0.19754307337865384
radial_distance_median,Count-adjusted,300,1.7591161786968712
radial_distance_median,Count-adjusted,301,3.1733335115320074
radial_distance_median,Count-adjusted,302,0.029579635719187536
radial_distance_median,Count-adjusted,303,1.0605925325392604
radial_distance_median,Count-adjusted,304,1.0740815156304393
radial_distance_median,Count-adjusted,305,3.706038947786851
radial_distance_median,Count-adjusted,306,6.8731622028393815
radial_distance_median,Count-adjusted,307,2.957985318219727
radial_distance_median,Count-adjusted,308,0.015443743727900028
radial_distance_median,Count-adjusted,309,0.7842752438875209
radial_distance_median,Count-adjusted,310,2.230378411717993
radial_distance_median,Count-adjusted,311,2.1640984932194556
radial_distance_median,Count-adjusted,312,0.031866681864187285
radial_distance_median,Count-adjusted,313,0.004709036818780987
radial_distance_median,Count-adjusted,314,0.6474845277233783
radial_distance_median,Count-adjusted,315,0.40966765391539184
radial_distance_median,Count-adjusted,316,0.0734591130261606
radial_distance_median,Count-adjusted,317,0.486161364500191
radial_distance_median,Count-adjusted,318,0.5100948744713492
radial_distance_median,Count-adjusted,319,1.355886414862141
radial_distance_median,Count-adjusted,320,0.0023098179354406057
radial_distance_median,Count-adjusted,321,2.3402762763709006
radial_distance_median,Count-adjusted,322,1.9160443715535962
radial_distance_median,Count-adjusted,323,0.3753173386438675
radial_distance_median,Count-adjusted,324,5.999407154006349
radial_distance_median,Count-adjusted,325,0.33755596460471793
radial_distance_median,Count-adjusted,326,0.5069886469005382
radial_distance_median,Count-adjusted,327,0.5912836582162981
radial_distance_median,Count-adjusted,328,0.009539124727041326
radial_distance_median,Count-adjusted,329,4.961213122576112
radial_distance_median,Count-adjusted,330,0.43233764856256585
radial_distance_median,Count-adjusted,331,1.0607514379668714
radial_distance_median,Count-adjusted,332,0.6590729919712999
radial_distance_median,Count-adjusted,333,1.9627677724919295
radial_distance_median,Count-adjusted,334,5.463943194138324
radial_distance_median,Count-adjusted,335,0.18088997533024553
radial_distance_median,Count-adjusted,336,0.12039944688376636
radial_distance_median,Count-adjusted,337,2.953020970899729
radial_distance_median,Count-adjusted,338,0.7230798269961838
radial_distance_median,Count-adjusted,339,1.1857721776752044
radial_distance_median,Count-adjusted,340,0.8628767854115154
radial_distance_median,Count-adjusted,341,0.5543847368182355
radial_distance_median,Count-adjusted,342,0.8300533444023586
radial_distance_median,Count-adjusted,343,0.6211346689655954
radial_distance_median,Count-adjusted,344,0.131085839479141
radial_distance_median,Count-adjusted,345,0.13970080486038228
radial_distance_median,Count-adjusted,346,0.06609912892679404
radial_distance_median,Count-adjusted,347,0.6882127646085792
radial_distance_median,Count-adjusted,348,3.387064022283454
radial_distance_median,Count-adjusted,349,0.2623923212173622
radial_distance_median,Count-adjusted,350,0.743487659272688
radial_distance_median,Count-adjusted,351,0.29458403355369
radial_distance_median,Count-adjusted,352,1.3487981183420175
radial_distance_median,Count-adjusted,353,0.11927016246079347
radial_distance_median,Count-adjusted,354,0.9170248119450264
radial_distance_median,Count-adjusted,355,0.23467470220444397
radial_distance_median,Count-adjusted,356,0.3780928162521491
radial_distance_median,Count-adjusted,357,0.0625948860380845
radial_distance_median,Count-adjusted,358,2.4856607211610253
radial_distance_median,Count-adjusted,359,0.16564115164595705
radial_distance_median,Count-adjusted,360,0.44552402631677523
radial_distance_median,Count-adjusted,361,0.29694915486999207
radial_distance_median,Count-adjusted,362,0.7652572707966669
radial_distance_median,Count-adjusted,363,2.4872705213845734
radial_distance_median,Count-adjusted,364,2.00288360734541
radial_distance_median,Count-adjusted,365,0.24867269346648868
radial_distance_median,Count-adjusted,366,1.971306053325094
radial_distance_median,Count-adjusted,367,1.9629032430517555
radial_distance_median,Count-adjusted,368,1.1115234813799475
radial_distance_median,Count-adjusted,369,0.5748753459686782
radial_distance_median,Count-adjusted,370,0.614104215479415
radial_distance_median,Count-adjusted,371,0.7594788671454467
radial_distance_median,Count-adjusted,372,0.005118067801674897
radial_distance_median,Count-adjusted,373,0.012596021348684872
radial_distance_median,Count-adjusted,374,0.8242987395238401
radial_distance_median,Count-adjusted,375,0.05975105409171988
radial_distance_median,Count-adjusted,376,1.1653118731795757
radial_distance_median,Count-adjusted,377,1.089491877172179
radial_distance_median,Count-adjusted,378,3.4876743277378637
radial_distance_median,Count-adjusted,379,2.033734161998325
radial_distance_median,Count-adjusted,380,0.3159344428364932
radial_distance_median,Count-adjusted,381,2.034752697960471
radial_distance_median,Count-adjusted,382,1.2964951067743868
radial_distance_median,Count-adjusted,383,1.5563397103260002
radial_distance_median,Count-adjusted,384,0.4271721515011109
radial_distance_median,Count-adjusted,385,1.1164478977595422
radial_distance_median,Count-adjusted,386,0.26730250301176284
radial_distance_median,Count-adjusted,387,2.0651455579085223
radial_distance_median,Count-adjusted,388,1.121282273838574
radial_distance_median,Count-adjusted,389,3.5567744793980864
radial_distance_median,Count-adjusted,390,0.03052845845451202
radial_distance_median,Count-adjusted,391,0.16565008932315095
radial_distance_median,Count-adjusted,392,0.09708866910301595
radial_distance_median,Count-adjusted,393,0.5114332093977794
radial_distance_median,Count-adjusted,394,3.8401383242321003
radial_distance_median,Count-adjusted,395,1.6086779196324699
radial_distance_median,Count-adjusted,396,5.115809270643666
radial_distance_median,Count-adjusted,397,0.2680409827522112
radial_distance_median,Count-adjusted,398,1.266620920813807
radial_distance_median,Count-adjusted,399,0.26368617101135783
radial_distance_median,Count-adjusted,400,1.6613039053951297
radial_distance_median,Count-adjusted,401,0.016155323007779998
radial_distance_median,Count-adjusted,402,0.8863679492017695
radial_distance_median,Count-adjusted,403,3.855753829582852
radial_distance_median,Count-adjusted,404,0.2882161630964788
radial_distance_median,Count-adjusted,405,3.830833650101397
radial_distance_median,Count-adjusted,406,3.7348335232719023
radial_distance_median,Count-adjusted,407,0.028955532568829767
radial_distance_median,Count-adjusted,408,1.997004746106768
radial_distance_median,Count-adjusted,409,0.3139702206034656
radial_distance_median,Count-adjusted,410,1.4145544119974147
radial_distance_median,Count-adjusted,411,1.019198733199289
radial_distance_median,Count-adjusted,412,0.011318152541605286
radial_distance_median,Count-adjusted,413,0.5507725366560692
radial_distance_median,Count-adjusted,414,1.088680502666847
radial_distance_median,Count-adjusted,415,8.32407605106431
radial_distance_median,Count-adjusted,416,0.7810106929374001
radial_distance_median,Count-adjusted,417,0.028111788014058448
radial_distance_median,Count-adjusted,418,0.029833269670405116
radial_distance_median,Count-adjusted,419,0.2597556711028801
radial_distance_median,Count-adjusted,420,4.425311317390879e-08
radial_distance_median,Count-adjusted,421,1.4816420618295183
radial_distance_median,Count-adjusted,422,0.4469164766111362
radial_distance_median,Count-adjusted,423,0.042168516003584955
radial_distance_median,Count-adjusted,424,8.105405636383551
radial_distance_median,Count-adjusted,425,0.3293042891001221
radial_distance_median,Count-adjusted,426,0.17390639971176824
radial_distance_median,Count-adjusted,427,1.0120915471513285
radial_distance_median,Count-adjusted,428,1.8201285977681607
radial_distance_median,Count-adjusted,429,0.00404083616126627
radial_distance_median,Count-adjusted,430,1.1514382658710645
radial_distance_median,Count-adjusted,431,0.016138178388814595
radial_distance_median,Count-adjusted,432,0.1348325189688353
radial_distance_median,Count-adjusted,433,0.0063634841997668445
radial_distance_median,Count-adjusted,434,0.05143007634086416
radial_distance_median,Count-adjusted,435,0.7270735382322755
radial_distance_median,Count-adjusted,436,0.06352688904391357
radial_distance_median,Count-adjusted,437,0.32918968815823746
radial_distance_median,Count-adjusted,438,4.20951679280995
radial_distance_median,Count-adjusted,439,0.12468434660479488
radial_distance_median,Count-adjusted,440,1.5373539638891884
radial_distance_median,Count-adjusted,441,0.15669335552229313
radial_distance_median,Count-adjusted,442,1.2912785856266566
radial_distance_median,Count-adjusted,443,0.0489178603554592
radial_distance_median,Count-adjusted,444,0.05291911799019999
radial_distance_median,Count-adjusted,445,1.615955078987838
radial_distance_median,Count-adjusted,446,0.006625225721194283
radial_distance_median,Count-adjusted,447,6.289621606380706
radial_distance_median,Count-adjusted,448,0.14840199251403874
radial_distance_median,Count-adjusted,449,1.5003234655982283
radial_distance_median,Count-adjusted,450,0.3497164772450674
radial_distance_median,Count-adjusted,451,0.02896736409059031
radial_distance_median,Count-adjusted,452,5.069912071841202
radial_distance_median,Count-adjusted,453,4.104595364902423
radial_distance_median,Count-adjusted,454,1.408148545267352
radial_distance_median,Count-adjusted,455,0.24240938325067418
radial_distance_median,Count-adjusted,456,2.1771569630712975
radial_distance_median,Count-adjusted,457,0.8450873852287941
radial_distance_median,Count-adjusted,458,1.2065965406331145
radial_distance_median,Count-adjusted,459,0.0010072601415629379
radial_distance_median,Count-adjusted,460,0.4372001044841909
radial_distance_median,Count-adjusted,461,0.13780130742253505
radial_distance_median,Count-adjusted,462,0.12861077149429434
radial_distance_median,Count-adjusted,463,0.7621247186301616
radial_distance_median,Count-adjusted,464,0.17312309220716315
radial_distance_median,Count-adjusted,465,0.2866479639917259
radial_distance_median,Count-adjusted,466,0.19775222331679743
radial_distance_median,Count-adjusted,467,3.2508679061120347
radial_distance_median,Count-adjusted,468,0.09861818890888685
radial_distance_median,Count-adjusted,469,0.13087253341115002
radial_distance_median,Count-adjusted,470,3.9329554196581853
radial_distance_median,Count-adjusted,471,0.9990299982807471
radial_distance_median,Count-adjusted,472,0.23316467867010715
radial_distance_median,Count-adjusted,473,0.1284269553144668
radial_distance_median,Count-adjusted,474,2.8411280259858813
radial_distance_median,Count-adjusted,475,0.7460255885391689
radial_distance_median,Count-adjusted,476,0.16667243922481134
radial_distance_median,Count-adjusted,477,0.3481990413244489
radial_distance_median,Count-adjusted,478,0.10954835356236003
radial_distance_median,Count-adjusted,479,0.06746869491314555
radial_distance_median,Count-adjusted,480,0.7164006369096114
radial_distance_median,Count-adjusted,481,0.036459183395010086
radial_distance_median,Count-adjusted,482,0.07706138608261881
radial_distance_median,Count-adjusted,483,1.725540414048396
radial_distance_median,Count-adjusted,484,0.03925171152781104
radial_distance_median,Count-adjusted,485,0.0008324206050644989
radial_distance_median,Count-adjusted,486,0.09992904878470199
radial_distance_median,Count-adjusted,487,0.8190449613442468
radial_distance_median,Count-adjusted,488,1.1776197428556827
radial_distance_median,Count-adjusted,489,0.12341460238471313
radial_distance_median,Count-adjusted,490,0.633333435633233
radial_distance_median,Count-adjusted,491,0.07541450319939713
radial_distance_median,Count-adjusted,492,0.030231545367769286
radial_distance_median,Count-adjusted,493,1.9937689699470411
radial_distance_median,Count-adjusted,494,0.476918333559297
radial_distance_median,Count-adjusted,495,0.7478696012158537
radial_distance_median,Count-adjusted,496,0.6587128273488361
radial_distance_median,Count-adjusted,497,0.02791951173810503
radial_distance_median,Count-adjusted,498,1.7754334767678301
radial_distance_median,Count-adjusted,499,0.24288521469298985
radial_distance_median,Count-adjusted,500,2.8699037539673498
radial_distance_median,Count-adjusted,501,0.016406649915694516
radial_distance_median,Count-adjusted,502,1.2349755228902382
radial_distance_median,Count-adjusted,503,0.4029965343771664
radial_distance_median,Count-adjusted,504,0.024251827112948376
radial_distance_median,Count-adjusted,505,0.16433877462890223
radial_distance_median,Count-adjusted,506,1.1513207233547575
radial_distance_median,Count-adjusted,507,1.9512351837140613
radial_distance_median,Count-adjusted,508,6.249261515986234
radial_distance_median,Count-adjusted,509,1.1904623444650326
radial_distance_median,Count-adjusted,510,0.22303895597769952
radial_distance_median,Count-adjusted,511,0.04179350128350734
radial_distance_median,Count-adjusted,512,0.33065113702022586
radial_distance_median,Count-adjusted,513,0.5500863602086383
radial_distance_median,Count-adjusted,514,0.016764863513344608
radial_distance_median,Count-adjusted,515,0.02616377772596934
radial_distance_median,Count-adjusted,516,0.6976935219836662
radial_distance_median,Count-adjusted,517,1.7256616209301683
radial_distance_median,Count-adjusted,518,0.00733483843859517
radial_distance_median,Count-adjusted,519,4.294607401811106
radial_distance_median,Count-adjusted,520,0.36806090459225516
radial_distance_median,Count-adjusted,521,1.367220604646235
radial_distance_median,Count-adjusted,522,1.19465749756165
radial_distance_median,Count-adjusted,523,1.008138001090515
radial_distance_median,Count-adjusted,524,2.0383248590333096
radial_distance_median,Count-adjusted,525,0.2803186889642575
radial_distance_median,Count-adjusted,526,0.1607906971629518
radial_distance_median,Count-adjusted,527,0.0607671677805115
radial_distance_median,Count-adjusted,528,0.848974191457387
radial_distance_median,Count-adjusted,529,1.1307755211876156
radial_distance_median,Count-adjusted,530,0.44297075373788175
radial_distance_median,Count-adjusted,531,0.6699981303852383
radial_distance_median,Count-adjusted,532,6.410925834643422e-08
radial_distance_median,Count-adjusted,533,0.8961545532844468
radial_distance_median,Count-adjusted,534,0.12156626550347482
radial_distance_median,Count-adjusted,535,0.3033085136078455
radial_distance_median,Count-adjusted,536,0.5604371714822491
radial_distance_median,Count-adjusted,537,1.2392796167237066
radial_distance_median,Count-adjusted,538,0.7833489265759681
radial_distance_median,Count-adjusted,539,0.0007804513926430445
radial_distance_median,Count-adjusted,540,0.13858229479205875
radial_distance_median,Count-adjusted,541,0.05028502708569249
radial_distance_median,Count-adjusted,542,0.14849464944387591
radial_distance_median,Count-adjusted,543,2.0067491144725693
radial_distance_median,Count-adjusted,544,0.07935107326957791
radial_distance_median,Count-adjusted,545,0.15547563175127266
radial_distance_median,Count-adjusted,546,0.0001979067494062292
radial_distance_median,Count-adjusted,547,0.25460508577191376
radial_distance_median,Count-adjusted,548,0.034074778835417874
radial_distance_median,Count-adjusted,549,1.2115542729581534
radial_distance_median,Count-adjusted,550,0.058985620602868494
radial_distance_median,Count-adjusted,551,0.5486971360844279
radial_distance_median,Count-adjusted,552,0.03498534540693754
radial_distance_median,Count-adjusted,553,5.009579257847292
radial_distance_median,Count-adjusted,554,0.07024489448411941
radial_distance_median,Count-adjusted,555,0.0011692758383503588
radial_distance_median,Count-adjusted,556,0.6385675069453782
radial_distance_median,Count-adjusted,557,0.272530066470722
radial_distance_median,Count-adjusted,558,0.22549140052424832
radial_distance_median,Count-adjusted,559,1.1575075640429588
radial_distance_median,Count-adjusted,560,1.9127238541335316
radial_distance_median,Count-adjusted,561,5.64440984440904
radial_distance_median,Count-adjusted,562,0.3926328690584455
radial_distance_median,Count-adjusted,563,1.939084405038443
radial_distance_median,Count-adjusted,564,0.7283849905793431
radial_distance_median,Count-adjusted,565,0.3189827492385575
radial_distance_median,Count-adjusted,566,0.8103328376359684
radial_distance_median,Count-adjusted,567,0.02223315044238916
radial_distance_median,Count-adjusted,568,0.140492260349788
radial_distance_median,Count-adjusted,569,1.330264878116509
radial_distance_median,Count-adjusted,570,0.4128685621382715
radial_distance_median,Count-adjusted,571,1.7928555285928098
radial_distance_median,Count-adjusted,572,4.691057294362395
radial_distance_median,Count-adjusted,573,1.7237902379922048
radial_distance_median,Count-adjusted,574,0.26794725745551773
radial_distance_median,Count-adjusted,575,2.5676505501546103
radial_distance_median,Count-adjusted,576,0.08894399810480991
radial_distance_median,Count-adjusted,577,5.318101442598277
radial_distance_median,Count-adjusted,578,0.053106339677128744
radial_distance_median,Count-adjusted,579,0.4219678962076614
radial_distance_median,Count-adjusted,580,0.9368384428149739
radial_distance_median,Count-adjusted,581,1.5880651230593799
radial_distance_median,Count-adjusted,582,0.4472245117836451
radial_distance_median,Count-adjusted,583,0.33980965351406667
radial_distance_median,Count-adjusted,584,0.008821546670361613
radial_distance_median,Count-adjusted,585,0.8012507182160107
radial_distance_median,Count-adjusted,586,1.8064233250684367
radial_distance_median,Count-adjusted,587,0.04534779170629122
radial_distance_median,Count-adjusted,588,2.620079068023358
radial_distance_median,Count-adjusted,589,0.07877354853854968
radial_distance_median,Count-adjusted,590,0.13352397437427044
radial_distance_median,Count-adjusted,591,0.26220544593456907
radial_distance_median,Count-adjusted,592,0.9103465123425281
radial_distance_median,Count-adjusted,593,0.8078201143307524
radial_distance_median,Count-adjusted,594,1.0078236276211783
radial_distance_median,Count-adjusted,595,0.3200367180175192
radial_distance_median,Count-adjusted,596,0.9252803681963542
radial_distance_median,Count-adjusted,597,0.08019179964321665
radial_distance_median,Count-adjusted,598,0.08988974666408467
radial_distance_median,Count-adjusted,599,0.04179088870165515
radial_distance_median,Count-adjusted,600,0.04639959089297463
radial_distance_median,Count-adjusted,601,0.1532714053296047
radial_distance_median,Count-adjusted,602,1.7076797081214181
radial_distance_median,Count-adjusted,603,0.8545018899977777
radial_distance_median,Count-adjusted,604,0.005572520709051787
radial_distance_median,Count-adjusted,605,3.2263927143920625
radial_distance_median,Count-adjusted,606,0.36871784486098136
radial_distance_median,Count-adjusted,607,3.261859154490935
radial_distance_median,Count-adjusted,608,0.04018254374585695
radial_distance_median,Count-adjusted,609,0.7375178744854907
radial_distance_median,Count-adjusted,610,0.11183611142695327
radial_distance_median,Count-adjusted,611,0.6116611320705374
radial_distance_median,Count-adjusted,612,0.01455848229068124
radial_distance_median,Count-adjusted,613,3.808392081246325
radial_distance_median,Count-adjusted,614,1.1190882189046363
radial_distance_median,Count-adjusted,615,0.006485618936892479
radial_distance_median,Count-adjusted,616,0.06682899139491383
radial_distance_median,Count-adjusted,617,1.588255793271287
radial_distance_median,Count-adjusted,618,1.0818563417741416
radial_distance_median,Count-adjusted,619,0.15066749929431467
radial_distance_median,Count-adjusted,620,0.24449353169529786
radial_distance_median,Count-adjusted,621,0.046109051185737826
radial_distance_median,Count-adjusted,622,3.538587756851001
radial_distance_median,Count-adjusted,623,2.6388260771178125
radial_distance_median,Count-adjusted,624,0.0014905266938285422
radial_distance_median,Count-adjusted,625,0.02649988924019908
radial_distance_median,Count-adjusted,626,3.028987591257078
radial_distance_median,Count-adjusted,627,0.16975527589514172
radial_distance_median,Count-adjusted,628,1.4274233717192146
radial_distance_median,Count-adjusted,629,0.16182034836350567
radial_distance_median,Count-adjusted,630,2.3772009344658613
radial_distance_median,Count-adjusted,631,0.14856332979991294
radial_distance_median,Count-adjusted,632,2.7644386593891284
radial_distance_median,Count-adjusted,633,1.0763738912913254
radial_distance_median,Count-adjusted,634,0.019433781117811577
radial_distance_median,Count-adjusted,635,1.766286541468503
radial_distance_median,Count-adjusted,636,0.026350705725207035
radial_distance_median,Count-adjusted,637,0.3667282351715926
radial_distance_median,Count-adjusted,638,0.5997037243702721
radial_distance_median,Count-adjusted,639,0.00028651869348550463
radial_distance_median,Count-adjusted,640,0.021889770545357123
radial_distance_median,Count-adjusted,641,0.11093180591228702
radial_distance_median,Count-adjusted,642,0.1724078242797873
radial_distance_median,Count-adjusted,643,2.7263998428523166
radial_distance_median,Count-adjusted,644,0.14906553566646608
radial_distance_median,Count-adjusted,645,0.004199417332557687
radial_distance_median,Count-adjusted,646,0.034873866921884655
radial_distance_median,Count-adjusted,647,0.08973768412073468
radial_distance_median,Count-adjusted,648,0.36998669373042503
radial_distance_median,Count-adjusted,649,2.4283716508163877
radial_distance_median,Count-adjusted,650,0.5387560352673688
radial_distance_median,Count-adjusted,651,0.0014546937489114953
radial_distance_median,Count-adjusted,652,1.532915278305211
radial_distance_median,Count-adjusted,653,0.04842538217008041
radial_distance_median,Count-adjusted,654,0.9014342985576889
radial_distance_median,Count-adjusted,655,0.002502082419596263
radial_distance_median,Count-adjusted,656,0.6278862177102553
radial_distance_median,Count-adjusted,657,0.023301628775470817
radial_distance_median,Count-adjusted,658,4.308756845910722
radial_distance_median,Count-adjusted,659,6.898142369359249
radial_distance_median,Count-adjusted,660,2.9593386189026774
radial_distance_median,Count-adjusted,661,1.0561000948376886
radial_distance_median,Count-adjusted,662,0.6529268446140009
radial_distance_median,Count-adjusted,663,0.25275930429916116
radial_distance_median,Count-adjusted,664,0.09250263392630131
radial_distance_median,Count-adjusted,665,0.30456499993570674
radial_distance_median,Count-adjusted,666,0.0973413277468751
radial_distance_median,Count-adjusted,667,0.14149893211134668
radial_distance_median,Count-adjusted,668,2.2116675344537384
radial_distance_median,Count-adjusted,669,0.23549031711723956
radial_distance_median,Count-adjusted,670,0.5851436932819922
radial_distance_median,Count-adjusted,671,0.014093443027121566
radial_distance_median,Count-adjusted,672,1.55781760940161
radial_distance_median,Count-adjusted,673,3.4105291162638878
radial_distance_median,Count-adjusted,674,0.4294289586185869
radial_distance_median,Count-adjusted,675,0.9847923480165548
radial_distance_median,Count-adjusted,676,0.029895441078451768
radial_distance_median,Count-adjusted,677,0.005686012066746571
radial_distance_median,Count-adjusted,678,0.12254227034367204
radial_distance_median,Count-adjusted,679,0.02750724361766288
radial_distance_median,Count-adjusted,680,2.1590159666841373
radial_distance_median,Count-adjusted,681,3.5468856387510357
radial_distance_median,Count-adjusted,682,1.09621978974522
radial_distance_median,Count-adjusted,683,0.8065074802584036
radial_distance_median,Count-adjusted,684,2.48805382758178
radial_distance_median,Count-adjusted,685,2.207530413820564
radial_distance_median,Count-adjusted,686,0.5304537857018374
radial_distance_median,Count-adjusted,687,1.1148457360475845
radial_distance_median,Count-adjusted,688,0.08501851392381354
radial_distance_median,Count-adjusted,689,0.5836288090180801
radial_distance_median,Count-adjusted,690,0.16131493345716308
radial_distance_median,Count-adjusted,691,0.15506518838526517
radial_distance_median,Count-adjusted,692,0.10794810319123371
radial_distance_median,Count-adjusted,693,0.030479046646945562
radial_distance_median,Count-adjusted,694,3.544032769679063
radial_distance_median,Count-adjusted,695,0.008029655051359441
radial_distance_median,Count-adjusted,696,0.2925661768221346
radial_distance_median,Count-adjusted,697,2.048248852298542
radial_distance_median,Count-adjusted,698,0.009999989222592376
radial_distance_median,Count-adjusted,699,0.05123361248240599
radial_distance_median,Count-adjusted,700,0.4145196547374894
radial_distance_median,Count-adjusted,701,4.754723253316968
radial_distance_median,Count-adjusted,702,0.012304528135814508
radial_distance_median,Count-adjusted,703,0.35125267330255383
radial_distance_median,Count-adjusted,704,2.3897195275208674
radial_distance_median,Count-adjusted,705,3.519895406481396
radial_distance_median,Count-adjusted,706,0.08058175998877459
radial_distance_median,Count-adjusted,707,0.02904990374432259
radial_distance_median,Count-adjusted,708,3.3949705901638367
radial_distance_median,Count-adjusted,709,1.5687722282591494
radial_distance_median,Count-adjusted,710,0.14270738169994956
radial_distance_median,Count-adjusted,711,1.103149943233575
radial_distance_median,Count-adjusted,712,0.8864193417763033
radial_distance_median,Count-adjusted,713,0.31460366262200523
radial_distance_median,Count-adjusted,714,3.366678983944041
radial_distance_median,Count-adjusted,715,1.1232355528293851
radial_distance_median,Count-adjusted,716,1.49018589803228
radial_distance_median,Count-adjusted,717,0.0787770414424358
radial_distance_median,Count-adjusted,718,1.3800891637967538
radial_distance_median,Count-adjusted,719,0.7578973681470984
radial_distance_median,Count-adjusted,720,0.49635793256928196
radial_distance_median,Count-adjusted,721,2.115384235078693
radial_distance_median,Count-adjusted,722,0.3233122390985841
radial_distance_median,Count-adjusted,723,1.1759425086067665
radial_distance_median,Count-adjusted,724,0.19877118900129176
radial_distance_median,Count-adjusted,725,0.12471474109696601
radial_distance_median,Count-adjusted,726,3.213553627655898
radial_distance_median,Count-adjusted,727,0.48275570397248657
radial_distance_median,Count-adjusted,728,1.2955428698769538
radial_distance_median,Count-adjusted,729,2.8200503720917425
radial_distance_median,Count-adjusted,730,0.5176862552015677
radial_distance_median,Count-adjusted,731,2.0735223891454666
radial_distance_median,Count-adjusted,732,0.5920643682325135
radial_distance_median,Count-adjusted,733,1.2917327848492164
radial_distance_median,Count-adjusted,734,0.22881391302632892
radial_distance_median,Count-adjusted,735,0.6889240284494917
radial_distance_median,Count-adjusted,736,1.6599018568845452
radial_distance_median,Count-adjusted,737,0.6779870961991037
radial_distance_median,Count-adjusted,738,0.007869215241896654
radial_distance_median,Count-adjusted,739,1.4538137396317552
radial_distance_median,Count-adjusted,740,4.129402501027698
radial_distance_median,Count-adjusted,741,1.1834208944951001
radial_distance_median,Count-adjusted,742,0.004935218821970011
radial_distance_median,Count-adjusted,743,0.3976919904377496
radial_distance_median,Count-adjusted,744,1.1117568171065955
radial_distance_median,Count-adjusted,745,0.5665661811481755
radial_distance_median,Count-adjusted,746,0.4249115691380041
radial_distance_median,Count-adjusted,747,0.03591689545200438
radial_distance_median,Count-adjusted,748,0.5642362862671746
radial_distance_median,Count-adjusted,749,0.30097672626436633
radial_distance_median,Count-adjusted,750,0.086071927802152
radial_distance_median,Count-adjusted,751,0.7644355011374842
radial_distance_median,Count-adjusted,752,0.0872721345567129
radial_distance_median,Count-adjusted,753,0.9272591811149482
radial_distance_median,Count-adjusted,754,0.5350425704126565
radial_distance_median,Count-adjusted,755,1.0359002748150488
radial_distance_median,Count-adjusted,756,0.05932037227350406
radial_distance_median,Count-adjusted,757,0.35298734879708604
radial_distance_median,Count-adjusted,758,2.87866115196411
radial_distance_median,Count-adjusted,759,8.50928660438342
radial_distance_median,Count-adjusted,760,0.49673403713794073
radial_distance_median,Count-adjusted,761,0.6715404745197588
radial_distance_median,Count-adjusted,762,0.0049184290041068834
radial_distance_median,Count-adjusted,763,0.215777842935438
radial_distance_median,Count-adjusted,764,0.013022986553210103
radial_distance_median,Count-adjusted,765,1.1874577984795565
radial_distance_median,Count-adjusted,766,0.5693221284780066
radial_distance_median,Count-adjusted,767,0.00567185388871394
radial_distance_median,Count-adjusted,768,1.0748424060544153
radial_distance_median,Count-adjusted,769,0.18769821464005076
radial_distance_median,Count-adjusted,770,0.0005665174599585043
radial_distance_median,Count-adjusted,771,1.3724683255970547
radial_distance_median,Count-adjusted,772,0.5476897296737491
radial_distance_median,Count-adjusted,773,0.9474729311009185
radial_distance_median,Count-adjusted,774,0.06401176187449664
radial_distance_median,Count-adjusted,775,0.1908490508596401
radial_distance_median,Count-adjusted,776,0.08065544326831287
radial_distance_median,Count-adjusted,777,0.17374047104760848
radial_distance_median,Count-adjusted,778,2.7287028989232454
radial_distance_median,Count-adjusted,779,0.5840869928447319
radial_distance_median,Count-adjusted,780,1.8959041008920963
radial_distance_median,Count-adjusted,781,2.191610632085059
radial_distance_median,Count-adjusted,782,0.4298957102421639
radial_distance_median,Count-adjusted,783,0.2513533267352841
radial_distance_median,Count-adjusted,784,10.706763016048512
radial_distance_median,Count-adjusted,785,2.2593831898296344
radial_distance_median,Count-adjusted,786,0.0029923198361530012
radial_distance_median,Count-adjusted,787,0.6810786273161966
radial_distance_median,Count-adjusted,788,0.05894121309847833
radial_distance_median,Count-adjusted,789,0.024328614828505124
radial_distance_median,Count-adjusted,790,0.3743640924204783
radial_distance_median,Count-adjusted,791,0.2151411014583573
radial_distance_median,Count-adjusted,792,1.3727131689094278
radial_distance_median,Count-adjusted,793,0.011437002259157225
radial_distance_median,Count-adjusted,794,0.3952104059089834
radial_distance_median,Count-adjusted,795,0.1303061741109559
radial_distance_median,Count-adjusted,796,2.1911366357015254
radial_distance_median,Count-adjusted,797,0.04563777251104284
radial_distance_median,Count-adjusted,798,0.2664625751394567
radial_distance_median,Count-adjusted,799,0.1512302683693747
radial_distance_median,Count-adjusted,800,1.6276481274866796
radial_distance_median,Count-adjusted,801,0.034714174082921545
radial_distance_median,Count-adjusted,802,0.019432237931027885
radial_distance_median,Count-adjusted,803,0.9099889436883473
radial_distance_median,Count-adjusted,804,0.23679846338006882
radial_distance_median,Count-adjusted,805,6.990868823528416
radial_distance_median,Count-adjusted,806,3.92639040763504
radial_distance_median,Count-adjusted,807,0.002823553625603381
radial_distance_median,Count-adjusted,808,0.4193406017864163
radial_distance_median,Count-adjusted,809,1.7793826442570548
radial_distance_median,Count-adjusted,810,2.6086465244649446
radial_distance_median,Count-adjusted,811,1.243762431822347
radial_distance_median,Count-adjusted,812,0.24428313264348844
radial_distance_median,Count-adjusted,813,0.4432651987356735
radial_distance_median,Count-adjusted,814,2.0733821688348826
radial_distance_median,Count-adjusted,815,0.3134848155813188
radial_distance_median,Count-adjusted,816,2.4150514172652606
radial_distance_median,Count-adjusted,817,2.275304191168061
radial_distance_median,Count-adjusted,818,0.3154908026160115
radial_distance_median,Count-adjusted,819,0.08033308739084077
radial_distance_median,Count-adjusted,820,6.517792854443599
radial_distance_median,Count-adjusted,821,2.3746499431505868
radial_distance_median,Count-adjusted,822,2.170600783439056
radial_distance_median,Count-adjusted,823,3.6072313730539918
radial_distance_median,Count-adjusted,824,0.127568671044628
radial_distance_median,Count-adjusted,825,1.1104068438123988
radial_distance_median,Count-adjusted,826,1.1434788368829913
radial_distance_median,Count-adjusted,827,4.0003384827167
radial_distance_median,Count-adjusted,828,2.052285355119693
radial_distance_median,Count-adjusted,829,0.03946212527824855
radial_distance_median,Count-adjusted,830,0.0013997598937862676
radial_distance_median,Count-adjusted,831,1.1657456948188951
radial_distance_median,Count-adjusted,832,0.11248365385210946
radial_distance_median,Count-adjusted,833,1.8121077525370595
radial_distance_median,Count-adjusted,834,1.2484579459674592
radial_distance_median,Count-adjusted,835,0.11120019640236478
radial_distance_median,Count-adjusted,836,0.023451073721332705
radial_distance_median,Count-adjusted,837,0.12700690971041695
radial_distance_median,Count-adjusted,838,5.670224178721583
radial_distance_median,Count-adjusted,839,0.010601314053445776
radial_distance_median,Count-adjusted,840,0.017047242731791812
radial_distance_median,Count-adjusted,841,0.01638791182747923
radial_distance_median,Count-adjusted,842,0.19975608430610237
radial_distance_median,Count-adjusted,843,1.018425370045918
radial_distance_median,Count-adjusted,844,0.2668403299245483
radial_distance_median,Count-adjusted,845,0.0027613931506493827
radial_distance_median,Count-adjusted,846,0.011162614273104055
radial_distance_median,Count-adjusted,847,9.30468149817898e-06
radial_distance_median,Count-adjusted,848,0.005047352271418504
radial_distance_median,Count-adjusted,849,0.003514349740498801
radial_distance_median,Count-adjusted,850,1.5583352405903383
radial_distance_median,Count-adjusted,851,0.04789683952085966
radial_distance_median,Count-adjusted,852,0.7945123618031289
radial_distance_median,Count-adjusted,853,0.06372448540992082
radial_distance_median,Count-adjusted,854,0.844016068728962
radial_distance_median,Count-adjusted,855,0.03894113934441634
radial_distance_median,Count-adjusted,856,2.3206824874282574
radial_distance_median,Count-adjusted,857,3.638725748100626
radial_distance_median,Count-adjusted,858,1.1293609192381382
radial_distance_median,Count-adjusted,859,0.2580193420671435
radial_distance_median,Count-adjusted,860,0.739779141407837
radial_distance_median,Count-adjusted,861,0.08573362688318298
radial_distance_median,Count-adjusted,862,2.7450097335261034
radial_distance_median,Count-adjusted,863,0.8612674826399029
radial_distance_median,Count-adjusted,864,0.5181628411122006
radial_distance_median,Count-adjusted,865,0.6810864584139154
radial_distance_median,Count-adjusted,866,4.136870703798536
radial_distance_median,Count-adjusted,867,1.0879260235936385
radial_distance_median,Count-adjusted,868,2.028726372750299
radial_distance_median,Count-adjusted,869,1.7400764459534628
radial_distance_median,Count-adjusted,870,0.12735416368116148
radial_distance_median,Count-adjusted,871,0.18215620139366706
radial_distance_median,Count-adjusted,872,1.0318015781570864
radial_distance_median,Count-adjusted,873,0.49437830908681235
radial_distance_median,Count-adjusted,874,3.0620348478216783
radial_distance_median,Count-adjusted,875,0.40946643303027486
radial_distance_median,Count-adjusted,876,1.962985205593725
radial_distance_median,Count-adjusted,877,1.417521336522782
radial_distance_median,Count-adjusted,878,1.053364418201653
radial_distance_median,Count-adjusted,879,0.5529330978959592
radial_distance_median,Count-adjusted,880,3.146850049510789
radial_distance_median,Count-adjusted,881,8.585596841578138
radial_distance_median,Count-adjusted,882,0.006064105107498108
radial_distance_median,Count-adjusted,883,4.424517379997894
radial_distance_median,Count-adjusted,884,1.581263904698318
radial_distance_median,Count-adjusted,885,0.767978110073642
radial_distance_median,Count-adjusted,886,0.9998779351921883
radial_distance_median,Count-adjusted,887,0.8295150009853955
radial_distance_median,Count-adjusted,888,0.0006699628463593399
radial_distance_median,Count-adjusted,889,0.6282120377978231
radial_distance_median,Count-adjusted,890,0.010643331251401378
radial_distance_median,Count-adjusted,891,0.03888754343455503
radial_distance_median,Count-adjusted,892,1.8602197246036667
radial_distance_median,Count-adjusted,893,0.06312310287316336
radial_distance_median,Count-adjusted,894,0.0022543147991882506
radial_distance_median,Count-adjusted,895,2.4842483128557546
radial_distance_median,Count-adjusted,896,2.855781239167925
radial_distance_median,Count-adjusted,897,0.8100931614189903
radial_distance_median,Count-adjusted,898,0.2680937203127769
radial_distance_median,Count-adjusted,899,1.410982838870325
radial_distance_median,Count-adjusted,900,0.3778088796833572
radial_distance_median,Count-adjusted,901,0.27154182672018123
radial_distance_median,Count-adjusted,902,0.026316687935178606
radial_distance_median,Count-adjusted,903,0.3295489914541463
radial_distance_median,Count-adjusted,904,0.01416353724115993
radial_distance_median,Count-adjusted,905,1.627506852144677
radial_distance_median,Count-adjusted,906,0.35765601134227154
radial_distance_median,Count-adjusted,907,0.3205799380473877
radial_distance_median,Count-adjusted,908,0.2793567290829344
radial_distance_median,Count-adjusted,909,0.024290238339148118
radial_distance_median,Count-adjusted,910,0.5974141527182155
radial_distance_median,Count-adjusted,911,0.8238911789664769
radial_distance_median,Count-adjusted,912,0.6386337565436406
radial_distance_median,Count-adjusted,913,1.5678927846566353
radial_distance_median,Count-adjusted,914,3.05274684969541
radial_distance_median,Count-adjusted,915,1.7901811139170718
radial_distance_median,Count-adjusted,916,1.1289698397231405
radial_distance_median,Count-adjusted,917,4.605026207227155
radial_distance_median,Count-adjusted,918,1.9458319332089218
radial_distance_median,Count-adjusted,919,0.11588850320552524
radial_distance_median,Count-adjusted,920,0.21714915882841979
radial_distance_median,Count-adjusted,921,1.1314998649534118
radial_distance_median,Count-adjusted,922,4.413151517794802
radial_distance_median,Count-adjusted,923,0.5782437282748276
radial_distance_median,Count-adjusted,924,1.3514967372038313
radial_distance_median,Count-adjusted,925,0.008706644215493498
radial_distance_median,Count-adjusted,926,0.42789942545149984
radial_distance_median,Count-adjusted,927,6.346897497119926
radial_distance_median,Count-adjusted,928,0.3707729020079853
radial_distance_median,Count-adjusted,929,0.04417161197426367
radial_distance_median,Count-adjusted,930,0.003977646530046286
radial_distance_median,Count-adjusted,931,1.0382254752009317
radial_distance_median,Count-adjusted,932,0.18897922265989564
radial_distance_median,Count-adjusted,933,1.5927883044709006
radial_distance_median,Count-adjusted,934,0.4502035423077473
radial_distance_median,Count-adjusted,935,1.2598822376712633
radial_distance_median,Count-adjusted,936,0.36541766248092244
radial_distance_median,Count-adjusted,937,0.015827180920183537
radial_distance_median,Count-adjusted,938,3.45425520086863
radial_distance_median,Count-adjusted,939,1.776242134610925
radial_distance_median,Count-adjusted,940,0.7597735200803868
radial_distance_median,Count-adjusted,941,2.245613413265346e-05
radial_distance_median,Count-adjusted,942,0.002936769697839736
radial_distance_median,Count-adjusted,943,0.14790471860717957
radial_distance_median,Count-adjusted,944,5.188745762726683
radial_distance_median,Count-adjusted,945,4.727070178726279
radial_distance_median,Count-adjusted,946,0.17785251123450507
radial_distance_median,Count-adjusted,947,0.03001875231640838
radial_distance_median,Count-adjusted,948,0.20898177542244412
radial_distance_median,Count-adjusted,949,0.011414452927709817
radial_distance_median,Count-adjusted,950,0.14046942080994995
radial_distance_median,Count-adjusted,951,0.36382327201835096
radial_distance_median,Count-adjusted,952,0.3589114861653684
radial_distance_median,Count-adjusted,953,0.6475320625529548
radial_distance_median,Count-adjusted,954,0.5166519643993297
radial_distance_median,Count-adjusted,955,0.5167172264943929
radial_distance_median,Count-adjusted,956,0.8978922861538194
radial_distance_median,Count-adjusted,957,2.420703497714044
radial_distance_median,Count-adjusted,958,0.2385138730496692
radial_distance_median,Count-adjusted,959,0.28290793166615913
radial_distance_median,Count-adjusted,960,0.5133774385021184
radial_distance_median,Count-adjusted,961,0.38412684821270204
radial_distance_median,Count-adjusted,962,1.169762825271306
radial_distance_median,Count-adjusted,963,1.6260905689187268
radial_distance_median,Count-adjusted,964,0.23949178203281463
radial_distance_median,Count-adjusted,965,0.2530509917006043
radial_distance_median,Count-adjusted,966,0.5410202675131472
radial_distance_median,Count-adjusted,967,1.0383290173397768
radial_distance_median,Count-adjusted,968,4.638907677094181
radial_distance_median,Count-adjusted,969,0.19131115736462334
radial_distance_median,Count-adjusted,970,6.32401527064485
radial_distance_median,Count-adjusted,971,0.5239870649651266
radial_distance_median,Count-adjusted,972,0.6437408509655143
radial_distance_median,Count-adjusted,973,0.0323588596186255
radial_distance_median,Count-adjusted,974,1.9924182655258278
radial_distance_median,Count-adjusted,975,1.8292741508459471
radial_distance_median,Count-adjusted,976,0.3907023282393425
radial_distance_median,Count-adjusted,977,2.5119744372672983
radial_distance_median,Count-adjusted,978,0.5172108658447883
radial_distance_median,Count-adjusted,979,3.3551677061330736
radial_distance_median,Count-adjusted,980,0.9633537372980356
radial_distance_median,Count-adjusted,981,0.4670029294618132
radial_distance_median,Count-adjusted,982,0.4089660430096558
radial_distance_median,Count-adjusted,983,0.007723987012667521
radial_distance_median,Count-adjusted,984,0.033764593403475374
radial_distance_median,Count-adjusted,985,0.4002866238785998
radial_distance_median,Count-adjusted,986,0.02307081391714405
radial_distance_median,Count-adjusted,987,0.20328170468914664
radial_distance_median,Count-adjusted,988,0.21476368081511055
radial_distance_median,Count-adjusted,989,1.0104985390217962
radial_distance_median,Count-adjusted,990,0.33257047263890627
radial_distance_median,Count-adjusted,991,0.3047708399203657
radial_distance_median,Count-adjusted,992,1.1067458506402659
radial_distance_median,Count-adjusted,993,1.4982380053409656
radial_distance_median,Count-adjusted,994,0.09899113273513649
radial_distance_median,Count-adjusted,995,0.45858648067581953
radial_distance_median,Count-adjusted,996,1.184271504822732
radial_distance_median,Count-adjusted,997,0.7303656650537107
radial_distance_median,Count-adjusted,998,0.011860638150665181
radial_distance_q90,Unadjusted,0,0.003422623130688862
radial_distance_q90,Unadjusted,1,2.394292004408328
radial_distance_q90,Unadjusted,2,0.4141960168578862
radial_distance_q90,Unadjusted,3,0.09824224721825203
radial_distance_q90,Unadjusted,4,1.3692234285556992
radial_distance_q90,Unadjusted,5,0.25658668660847184
radial_distance_q90,Unadjusted,6,0.11848491394187022
radial_distance_q90,Unadjusted,7,0.32569312447782295
radial_distance_q90,Unadjusted,8,0.4892989549643403
radial_distance_q90,Unadjusted,9,3.908765883471176
radial_distance_q90,Unadjusted,10,2.5154411466895112
radial_distance_q90,Unadjusted,11,0.5942515612892976
radial_distance_q90,Unadjusted,12,0.01597801718332903
radial_distance_q90,Unadjusted,13,1.0549684168150293
radial_distance_q90,Unadjusted,14,0.6554278328162013
radial_distance_q90,Unadjusted,15,1.0231946201291748
radial_distance_q90,Unadjusted,16,3.8823727569413222
radial_distance_q90,Unadjusted,17,0.046365841876422564
radial_distance_q90,Unadjusted,18,2.620555320997312
radial_distance_q90,Unadjusted,19,8.21831927352153
radial_distance_q90,Unadjusted,20,0.09576216268692406
radial_distance_q90,Unadjusted,21,0.6250790419416035
radial_distance_q90,Unadjusted,22,0.28289574489326696
radial_distance_q90,Unadjusted,23,0.0944095032318728
radial_distance_q90,Unadjusted,24,0.08096773507071475
radial_distance_q90,Unadjusted,25,1.4879545500913878
radial_distance_q90,Unadjusted,26,0.3299227808537921
radial_distance_q90,Unadjusted,27,0.8691978205948772
radial_distance_q90,Unadjusted,28,1.455122879793521
radial_distance_q90,Unadjusted,29,0.14911954178637643
radial_distance_q90,Unadjusted,30,0.14062214795330874
radial_distance_q90,Unadjusted,31,0.23870686394292306
radial_distance_q90,Unadjusted,32,0.5692685905520989
radial_distance_q90,Unadjusted,33,0.32073337502140475
radial_distance_q90,Unadjusted,34,0.9097525489983695
radial_distance_q90,Unadjusted,35,1.3452781691057112
radial_distance_q90,Unadjusted,36,0.0406916516838578
radial_distance_q90,Unadjusted,37,0.35497858841284824
radial_distance_q90,Unadjusted,38,3.7891068944697395
radial_distance_q90,Unadjusted,39,0.05828612434373781
radial_distance_q90,Unadjusted,40,0.7106479500866385
radial_distance_q90,Unadjusted,41,1.8849105058722557
radial_distance_q90,Unadjusted,42,0.9302919254587323
radial_distance_q90,Unadjusted,43,4.554178117600372
radial_distance_q90,Unadjusted,44,0.08379701275470097
radial_distance_q90,Unadjusted,45,0.6923574014768406
radial_distance_q90,Unadjusted,46,0.4260917401145434
radial_distance_q90,Unadjusted,47,4.578692720699735
radial_distance_q90,Unadjusted,48,0.11870367589870057
radial_distance_q90,Unadjusted,49,0.1893673992923368
radial_distance_q90,Unadjusted,50,3.647416956520715
radial_distance_q90,Unadjusted,51,0.6107813429530893
radial_distance_q90,Unadjusted,52,0.0049650364859417095
radial_distance_q90,Unadjusted,53,0.040429079390492006
radial_distance_q90,Unadjusted,54,0.10823461011142399
radial_distance_q90,Unadjusted,55,0.8112587805002818
radial_distance_q90,Unadjusted,56,2.767368632553314
radial_distance_q90,Unadjusted,57,3.1605755811160634
radial_distance_q90,Unadjusted,58,0.8576728867399481
radial_distance_q90,Unadjusted,59,0.02671861448988011
radial_distance_q90,Unadjusted,60,3.3045080628518804
radial_distance_q90,Unadjusted,61,0.5622105746198258
radial_distance_q90,Unadjusted,62,0.3829849764403548
radial_distance_q90,Unadjusted,63,0.11865664697478451
radial_distance_q90,Unadjusted,64,0.8116430063515168
radial_distance_q90,Unadjusted,65,0.07692708566753481
radial_distance_q90,Unadjusted,66,2.308089377915337
radial_distance_q90,Unadjusted,67,1.2213744941099662
radial_distance_q90,Unadjusted,68,0.0104154915854906
radial_distance_q90,Unadjusted,69,0.22477675442914347
radial_distance_q90,Unadjusted,70,1.2150144942377779
radial_distance_q90,Unadjusted,71,0.9671205962596332
radial_distance_q90,Unadjusted,72,5.541996498182357
radial_distance_q90,Unadjusted,73,0.09589838397295125
radial_distance_q90,Unadjusted,74,0.7162686029221277
radial_distance_q90,Unadjusted,75,3.6335693512283456
radial_distance_q90,Unadjusted,76,4.577217882213972
radial_distance_q90,Unadjusted,77,0.6662999738298936
radial_distance_q90,Unadjusted,78,0.2566794293855992
radial_distance_q90,Unadjusted,79,0.020109278584300228
radial_distance_q90,Unadjusted,80,2.8561783546729202
radial_distance_q90,Unadjusted,81,5.073829489477191
radial_distance_q90,Unadjusted,82,0.8963453638541807
radial_distance_q90,Unadjusted,83,0.1349314289401491
radial_distance_q90,Unadjusted,84,6.297109809316282
radial_distance_q90,Unadjusted,85,0.00603577003346345
radial_distance_q90,Unadjusted,86,0.5967728047952505
radial_distance_q90,Unadjusted,87,3.7804077626796015
radial_distance_q90,Unadjusted,88,4.982264219291665
radial_distance_q90,Unadjusted,89,0.15219818146380248
radial_distance_q90,Unadjusted,90,0.2986378740142186
radial_distance_q90,Unadjusted,91,0.793384251273892
radial_distance_q90,Unadjusted,92,0.5657378692513362
radial_distance_q90,Unadjusted,93,2.4378369118850287
radial_distance_q90,Unadjusted,94,0.07031830773706815
radial_distance_q90,Unadjusted,95,2.0486493612334016
radial_distance_q90,Unadjusted,96,0.01163235036989363
radial_distance_q90,Unadjusted,97,0.03920908279627611
radial_distance_q90,Unadjusted,98,1.2218156775219882
radial_distance_q90,Unadjusted,99,0.6375435713491697
radial_distance_q90,Unadjusted,100,0.2690096096998218
radial_distance_q90,Unadjusted,101,0.005503482005963178
radial_distance_q90,Unadjusted,102,0.5441713459296693
radial_distance_q90,Unadjusted,103,0.4906321525816679
radial_distance_q90,Unadjusted,104,1.9153567520743877
radial_distance_q90,Unadjusted,105,3.871043125749452
radial_distance_q90,Unadjusted,106,0.1526245762615872
radial_distance_q90,Unadjusted,107,0.1501995066213908
radial_distance_q90,Unadjusted,108,0.024312769597543138
radial_distance_q90,Unadjusted,109,0.010919258824173994
radial_distance_q90,Unadjusted,110,0.8109877445364191
radial_distance_q90,Unadjusted,111,0.07242211233136686
radial_distance_q90,Unadjusted,112,0.0759251698383423
radial_distance_q90,Unadjusted,113,1.372199978799273
radial_distance_q90,Unadjusted,114,1.1167555728004004
radial_distance_q90,Unadjusted,115,0.6319958573491817
radial_distance_q90,Unadjusted,116,1.1031359995575372
radial_distance_q90,Unadjusted,117,2.2294281302797003
radial_distance_q90,Unadjusted,118,0.011006441682866352
radial_distance_q90,Unadjusted,119,2.1306280887677644
radial_distance_q90,Unadjusted,120,0.0023103369884438507
radial_distance_q90,Unadjusted,121,0.6488619976517498
radial_distance_q90,Unadjusted,122,0.7505335137631164
radial_distance_q90,Unadjusted,123,0.008862823344315984
radial_distance_q90,Unadjusted,124,0.014248514142991553
radial_distance_q90,Unadjusted,125,2.610601504765043
radial_distance_q90,Unadjusted,126,0.005368144546594067
radial_distance_q90,Unadjusted,127,0.26519963583376693
radial_distance_q90,Unadjusted,128,0.010023428096303633
radial_distance_q90,Unadjusted,129,0.0007320397826902081
radial_distance_q90,Unadjusted,130,2.4172843426109125
radial_distance_q90,Unadjusted,131,1.7764838666727485
radial_distance_q90,Unadjusted,132,0.33017643672712893
radial_distance_q90,Unadjusted,133,5.898654627024655
radial_distance_q90,Unadjusted,134,0.04307599803331641
radial_distance_q90,Unadjusted,135,0.7139713006768602
radial_distance_q90,Unadjusted,136,5.03001028351207
radial_distance_q90,Unadjusted,137,1.2363971593414362
radial_distance_q90,Unadjusted,138,4.677174136678332
radial_distance_q90,Unadjusted,139,0.46653889516392155
radial_distance_q90,Unadjusted,140,3.490106660110257
radial_distance_q90,Unadjusted,141,0.25328099260866566
radial_distance_q90,Unadjusted,142,0.10235949519437781
radial_distance_q90,Unadjusted,143,1.0171935897527646
radial_distance_q90,Unadjusted,144,0.7754837074623993
radial_distance_q90,Unadjusted,145,0.005095842814341722
radial_distance_q90,Unadjusted,146,0.5563810515212708
radial_distance_q90,Unadjusted,147,0.0826321847268332
radial_distance_q90,Unadjusted,148,0.7630208587318066
radial_distance_q90,Unadjusted,149,0.037346682427596534
radial_distance_q90,Unadjusted,150,0.10977781993221924
radial_distance_q90,Unadjusted,151,0.14029082551513739
radial_distance_q90,Unadjusted,152,2.581918093037814
radial_distance_q90,Unadjusted,153,0.2564277824603778
radial_distance_q90,Unadjusted,154,0.12968714761080946
radial_distance_q90,Unadjusted,155,0.9216269947266369
radial_distance_q90,Unadjusted,156,0.5818459528132394
radial_distance_q90,Unadjusted,157,3.5445460219725646
radial_distance_q90,Unadjusted,158,1.2106785768922919
radial_distance_q90,Unadjusted,159,0.014695029759366207
radial_distance_q90,Unadjusted,160,0.08850497034387672
radial_distance_q90,Unadjusted,161,1.7296222982540712
radial_distance_q90,Unadjusted,162,1.4265879333755151
radial_distance_q90,Unadjusted,163,0.061462451219881586
radial_distance_q90,Unadjusted,164,0.03973624162597389
radial_distance_q90,Unadjusted,165,0.7017563912519336
radial_distance_q90,Unadjusted,166,0.06614119456224898
radial_distance_q90,Unadjusted,167,0.14827782665088307
radial_distance_q90,Unadjusted,168,1.9886497075446528
radial_distance_q90,Unadjusted,169,0.3665033526327477
radial_distance_q90,Unadjusted,170,0.25948456753116034
radial_distance_q90,Unadjusted,171,0.30618490361473505
radial_distance_q90,Unadjusted,172,0.00545216722969144
radial_distance_q90,Unadjusted,173,0.009900021630642186
radial_distance_q90,Unadjusted,174,0.09586125500629805
radial_distance_q90,Unadjusted,175,0.011910337201527454
radial_distance_q90,Unadjusted,176,0.7682812713640601
radial_distance_q90,Unadjusted,177,0.4128222336648264
radial_distance_q90,Unadjusted,178,0.10004307342609309
radial_distance_q90,Unadjusted,179,1.3315389723036333
radial_distance_q90,Unadjusted,180,0.12048043098599237
radial_distance_q90,Unadjusted,181,1.8966921098031548
radial_distance_q90,Unadjusted,182,0.009284893100982572
radial_distance_q90,Unadjusted,183,0.010823475286088069
radial_distance_q90,Unadjusted,184,0.0035230962891432682
radial_distance_q90,Unadjusted,185,0.15638561785289085
radial_distance_q90,Unadjusted,186,6.358458679791909
radial_distance_q90,Unadjusted,187,0.0016357121858163737
radial_distance_q90,Unadjusted,188,0.574467546502035
radial_distance_q90,Unadjusted,189,0.02136145704162118
radial_distance_q90,Unadjusted,190,0.07449258427089944
radial_distance_q90,Unadjusted,191,0.568449763534602
radial_distance_q90,Unadjusted,192,1.1243476174437887
radial_distance_q90,Unadjusted,193,0.11573552120233899
radial_distance_q90,Unadjusted,194,2.384962910817876
radial_distance_q90,Unadjusted,195,0.006504311852552291
radial_distance_q90,Unadjusted,196,0.381207034483964
radial_distance_q90,Unadjusted,197,0.07550409313603268
radial_distance_q90,Unadjusted,198,0.06176027583114774
radial_distance_q90,Unadjusted,199,2.422896443633192
radial_distance_q90,Unadjusted,200,0.015481814578947706
radial_distance_q90,Unadjusted,201,4.390907662354948e-05
radial_distance_q90,Unadjusted,202,0.003805604432841392
radial_distance_q90,Unadjusted,203,0.06581038752523227
radial_distance_q90,Unadjusted,204,0.22032608018065503
radial_distance_q90,Unadjusted,205,0.17559826458330008
radial_distance_q90,Unadjusted,206,0.8934030589994961
radial_distance_q90,Unadjusted,207,1.3297435454491051
radial_distance_q90,Unadjusted,208,3.096121943233186
radial_distance_q90,Unadjusted,209,3.6116447317813254
radial_distance_q90,Unadjusted,210,0.8749318677853353
radial_distance_q90,Unadjusted,211,3.328827449413268
radial_distance_q90,Unadjusted,212,0.4632303817308525
radial_distance_q90,Unadjusted,213,0.17661069677501473
radial_distance_q90,Unadjusted,214,0.17469427385185554
radial_distance_q90,Unadjusted,215,2.039507511222382
radial_distance_q90,Unadjusted,216,0.2757727818215585
radial_distance_q90,Unadjusted,217,3.1425215015312915
radial_distance_q90,Unadjusted,218,0.16776828526536747
radial_distance_q90,Unadjusted,219,0.12782633195354265
radial_distance_q90,Unadjusted,220,0.33399511451469266
radial_distance_q90,Unadjusted,221,0.0029060975750780926
radial_distance_q90,Unadjusted,222,1.8118634739559525
radial_distance_q90,Unadjusted,223,0.19848573684225812
radial_distance_q90,Unadjusted,224,0.08761922858968774
radial_distance_q90,Unadjusted,225,3.813790954635465
radial_distance_q90,Unadjusted,226,1.2997616634276596
radial_distance_q90,Unadjusted,227,0.20929146666560428
radial_distance_q90,Unadjusted,228,2.3308537132022025
radial_distance_q90,Unadjusted,229,0.00039471803154356166
radial_distance_q90,Unadjusted,230,1.5152147006508017
radial_distance_q90,Unadjusted,231,0.24239906596301353
radial_distance_q90,Unadjusted,232,0.015031122227355809
radial_distance_q90,Unadjusted,233,0.30191878865383615
radial_distance_q90,Unadjusted,234,1.8808831144935994
radial_distance_q90,Unadjusted,235,2.9508443640145288
radial_distance_q90,Unadjusted,236,2.853890563397215
radial_distance_q90,Unadjusted,237,0.025713452136642445
radial_distance_q90,Unadjusted,238,1.0843912013256158
radial_distance_q90,Unadjusted,239,0.21574669341623576
radial_distance_q90,Unadjusted,240,4.25245351470619
radial_distance_q90,Unadjusted,241,0.023832139409933006
radial_distance_q90,Unadjusted,242,0.016188621227229305
radial_distance_q90,Unadjusted,243,2.721754354220252
radial_distance_q90,Unadjusted,244,0.5792836452769734
radial_distance_q90,Unadjusted,245,0.9089983250890441
radial_distance_q90,Unadjusted,246,0.9821088922994363
radial_distance_q90,Unadjusted,247,0.5158147659080328
radial_distance_q90,Unadjusted,248,0.7922021571853861
radial_distance_q90,Unadjusted,249,0.6343241157869102
radial_distance_q90,Unadjusted,250,2.382859711232868
radial_distance_q90,Unadjusted,251,0.23490636500986284
radial_distance_q90,Unadjusted,252,1.0962294607164722
radial_distance_q90,Unadjusted,253,0.28154775480004446
radial_distance_q90,Unadjusted,254,0.36323551581386937
radial_distance_q90,Unadjusted,255,0.018098297962808374
radial_distance_q90,Unadjusted,256,1.4758993441285497
radial_distance_q90,Unadjusted,257,0.08547504363184544
radial_distance_q90,Unadjusted,258,2.68906440625409
radial_distance_q90,Unadjusted,259,1.5531697712156642
radial_distance_q90,Unadjusted,260,0.7366329693639386
radial_distance_q90,Unadjusted,261,0.10657868696415562
radial_distance_q90,Unadjusted,262,0.007619690778994936
radial_distance_q90,Unadjusted,263,0.049013911466090576
radial_distance_q90,Unadjusted,264,0.34466763063471717
radial_distance_q90,Unadjusted,265,0.44345055706043013
radial_distance_q90,Unadjusted,266,2.485051656340204
radial_distance_q90,Unadjusted,267,0.41687620620490407
radial_distance_q90,Unadjusted,268,1.4893397330046128
radial_distance_q90,Unadjusted,269,0.013127480640093836
radial_distance_q90,Unadjusted,270,8.557260868219998
radial_distance_q90,Unadjusted,271,0.0027578252945090753
radial_distance_q90,Unadjusted,272,3.9788793178346964
radial_distance_q90,Unadjusted,273,2.688821375998316
radial_distance_q90,Unadjusted,274,0.04244666143802078
radial_distance_q90,Unadjusted,275,1.147532259069294
radial_distance_q90,Unadjusted,276,0.07882993296499308
radial_distance_q90,Unadjusted,277,1.5221438985790314
radial_distance_q90,Unadjusted,278,0.3623046802036356
radial_distance_q90,Unadjusted,279,4.6436293528126384
radial_distance_q90,Unadjusted,280,0.8642061548578681
radial_distance_q90,Unadjusted,281,0.001570251543341783
radial_distance_q90,Unadjusted,282,0.1466467649889296
radial_distance_q90,Unadjusted,283,0.24485541487564433
radial_distance_q90,Unadjusted,284,2.4878622066999583
radial_distance_q90,Unadjusted,285,0.6111537783566519
radial_distance_q90,Unadjusted,286,1.2364823881353004
radial_distance_q90,Unadjusted,287,0.10569833355265246
radial_distance_q90,Unadjusted,288,5.4615537992073655
radial_distance_q90,Unadjusted,289,0.42784850781606565
radial_distance_q90,Unadjusted,290,0.6182355109131095
radial_distance_q90,Unadjusted,291,0.6795754648637171
radial_distance_q90,Unadjusted,292,1.3027626158428518
radial_distance_q90,Unadjusted,293,0.16471779214032267
radial_distance_q90,Unadjusted,294,0.01182560229091223
radial_distance_q90,Unadjusted,295,0.0830188589556542
radial_distance_q90,Unadjusted,296,0.13620027330148332
radial_distance_q90,Unadjusted,297,2.5830137559744344
radial_distance_q90,Unadjusted,298,0.7949740385548694
radial_distance_q90,Unadjusted,299,6.319565454623785
radial_distance_q90,Unadjusted,300,0.03445091572734782
radial_distance_q90,Unadjusted,301,3.9160794322833397
radial_distance_q90,Unadjusted,302,0.1345694255090848
radial_distance_q90,Unadjusted,303,0.5962544114730122
radial_distance_q90,Unadjusted,304,4.269345638802349
radial_distance_q90,Unadjusted,305,2.0590194010261484
radial_distance_q90,Unadjusted,306,1.18124837115613
radial_distance_q90,Unadjusted,307,0.11554841602236365
radial_distance_q90,Unadjusted,308,0.6921407700289137
radial_distance_q90,Unadjusted,309,1.150177472719463
radial_distance_q90,Unadjusted,310,7.612485664069538
radial_distance_q90,Unadjusted,311,0.24225047121359466
radial_distance_q90,Unadjusted,312,0.2753119857388242
radial_distance_q90,Unadjusted,313,0.11431716768595379
radial_distance_q90,Unadjusted,314,0.034937375648155466
radial_distance_q90,Unadjusted,315,0.0968889019954986
radial_distance_q90,Unadjusted,316,0.013691799181742681
radial_distance_q90,Unadjusted,317,1.3808938056309046
radial_distance_q90,Unadjusted,318,0.10432940856912865
radial_distance_q90,Unadjusted,319,0.6826704204942757
radial_distance_q90,Unadjusted,320,2.830159314609716
radial_distance_q90,Unadjusted,321,0.12341290054234832
radial_distance_q90,Unadjusted,322,0.004267160332744879
radial_distance_q90,Unadjusted,323,1.7171322133784201
radial_distance_q90,Unadjusted,324,0.13124432793767937
radial_distance_q90,Unadjusted,325,3.4284947115677937
radial_distance_q90,Unadjusted,326,0.09772825498964721
radial_distance_q90,Unadjusted,327,0.08619378707066971
radial_distance_q90,Unadjusted,328,0.5033858807258298
radial_distance_q90,Unadjusted,329,1.0322491143585921
radial_distance_q90,Unadjusted,330,0.347191556559153
radial_distance_q90,Unadjusted,331,0.8132128881127869
radial_distance_q90,Unadjusted,332,0.05154902823693419
radial_distance_q90,Unadjusted,333,0.222949906455284
radial_distance_q90,Unadjusted,334,0.39381503290348974
radial_distance_q90,Unadjusted,335,3.4462449916778155
radial_distance_q90,Unadjusted,336,0.016423312095355413
radial_distance_q90,Unadjusted,337,0.0527581371186443
radial_distance_q90,Unadjusted,338,1.2968979916524859
radial_distance_q90,Unadjusted,339,0.3123962369608648
radial_distance_q90,Unadjusted,340,1.4127386496371344
radial_distance_q90,Unadjusted,341,2.342724790637419
radial_distance_q90,Unadjusted,342,0.0877526011135501
radial_distance_q90,Unadjusted,343,1.7017206126982956
radial_distance_q90,Unadjusted,344,3.3249076297803413
radial_distance_q90,Unadjusted,345,0.4235984095375329
radial_distance_q90,Unadjusted,346,2.0172122958683758e-05
radial_distance_q90,Unadjusted,347,0.08373683572119717
radial_distance_q90,Unadjusted,348,1.6378033863712744
radial_distance_q90,Unadjusted,349,0.928151607578684
radial_distance_q90,Unadjusted,350,0.004118216019719512
radial_distance_q90,Unadjusted,351,0.16501134066163559
radial_distance_q90,Unadjusted,352,0.0030211124732772987
radial_distance_q90,Unadjusted,353,1.171987902413946
radial_distance_q90,Unadjusted,354,0.38257953462203886
radial_distance_q90,Unadjusted,355,0.40040843783606306
radial_distance_q90,Unadjusted,356,0.21636390701809205
radial_distance_q90,Unadjusted,357,0.2724599973086015
radial_distance_q90,Unadjusted,358,0.3929217986457729
radial_distance_q90,Unadjusted,359,1.5456880260321668
radial_distance_q90,Unadjusted,360,0.7943957763620801
radial_distance_q90,Unadjusted,361,1.1320242348564307
radial_distance_q90,Unadjusted,362,0.0021861315788669344
radial_distance_q90,Unadjusted,363,2.482680393008934
radial_distance_q90,Unadjusted,364,0.015901355741050338
radial_distance_q90,Unadjusted,365,0.4948363613037827
radial_distance_q90,Unadjusted,366,0.04970905643625656
radial_distance_q90,Unadjusted,367,0.21089273567969258
radial_distance_q90,Unadjusted,368,1.051291337309408
radial_distance_q90,Unadjusted,369,1.0615409506144715
radial_distance_q90,Unadjusted,370,0.5140362736284487
radial_distance_q90,Unadjusted,371,1.353373683335235
radial_distance_q90,Unadjusted,372,0.008924591334505294
radial_distance_q90,Unadjusted,373,1.4965411677314933
radial_distance_q90,Unadjusted,374,1.8618732062437857
radial_distance_q90,Unadjusted,375,0.01997153348992242
radial_distance_q90,Unadjusted,376,0.8038436442620878
radial_distance_q90,Unadjusted,377,2.11959267387266
radial_distance_q90,Unadjusted,378,0.038374194920919535
radial_distance_q90,Unadjusted,379,0.01953271671618495
radial_distance_q90,Unadjusted,380,0.10460976494755414
radial_distance_q90,Unadjusted,381,0.31564369391503533
radial_distance_q90,Unadjusted,382,1.6168871760676211
radial_distance_q90,Unadjusted,383,1.2571370745206991
radial_distance_q90,Unadjusted,384,1.0997464083004047
radial_distance_q90,Unadjusted,385,6.862417895690157
radial_distance_q90,Unadjusted,386,2.2357858222503637
radial_distance_q90,Unadjusted,387,1.6378794167816864
radial_distance_q90,Unadjusted,388,1.6855175703434497
radial_distance_q90,Unadjusted,389,1.6112150196461812
radial_distance_q90,Unadjusted,390,0.04554728270977648
radial_distance_q90,Unadjusted,391,0.013430888641210004
radial_distance_q90,Unadjusted,392,5.9076351967378855
radial_distance_q90,Unadjusted,393,0.3464977190427021
radial_distance_q90,Unadjusted,394,0.27721236925629
radial_distance_q90,Unadjusted,395,0.22763849957283355
radial_distance_q90,Unadjusted,396,0.04633351806756991
radial_distance_q90,Unadjusted,397,1.8687469586079146
radial_distance_q90,Unadjusted,398,0.00031021882773529796
radial_distance_q90,Unadjusted,399,0.0038011252071896706
radial_distance_q90,Unadjusted,400,6.265013964610262
radial_distance_q90,Unadjusted,401,0.37861082148208425
radial_distance_q90,Unadjusted,402,1.5647530710189699
radial_distance_q90,Unadjusted,403,0.05066279545053476
radial_distance_q90,Unadjusted,404,0.26265379721229465
radial_distance_q90,Unadjusted,405,0.7014283137668826
radial_distance_q90,Unadjusted,406,0.8250357973940368
radial_distance_q90,Unadjusted,407,0.3349376473273651
radial_distance_q90,Unadjusted,408,0.2578807334946305
radial_distance_q90,Unadjusted,409,0.25189991308127446
radial_distance_q90,Unadjusted,410,0.06097973417291769
radial_distance_q90,Unadjusted,411,0.7215277699183957
radial_distance_q90,Unadjusted,412,0.2181253616092249
radial_distance_q90,Unadjusted,413,0.01979577702888946
radial_distance_q90,Unadjusted,414,1.029939208787141
radial_distance_q90,Unadjusted,415,0.26590595435197883
radial_distance_q90,Unadjusted,416,0.24350384115729184
radial_distance_q90,Unadjusted,417,1.2590465928930143
radial_distance_q90,Unadjusted,418,1.5245183161397335
radial_distance_q90,Unadjusted,419,0.5188355178253232
radial_distance_q90,Unadjusted,420,0.0013658206989930477
radial_distance_q90,Unadjusted,421,1.1027642176892414
radial_distance_q90,Unadjusted,422,0.5271546368661006
radial_distance_q90,Unadjusted,423,0.00791402149775422
radial_distance_q90,Unadjusted,424,0.05213085826250108
radial_distance_q90,Unadjusted,425,0.36360624856655477
radial_distance_q90,Unadjusted,426,1.402804111229102
radial_distance_q90,Unadjusted,427,3.520297458474147
radial_distance_q90,Unadjusted,428,0.019764322784794786
radial_distance_q90,Unadjusted,429,0.07600098487881723
radial_distance_q90,Unadjusted,430,0.0025442120871161933
radial_distance_q90,Unadjusted,431,0.05043189953568117
radial_distance_q90,Unadjusted,432,1.3768014903589005
radial_distance_q90,Unadjusted,433,0.02377410925936374
radial_distance_q90,Unadjusted,434,0.06140987647916063
radial_distance_q90,Unadjusted,435,0.02492285202504263
radial_distance_q90,Unadjusted,436,0.052797134715376615
radial_distance_q90,Unadjusted,437,1.2710403635731495
radial_distance_q90,Unadjusted,438,5.3848710397844
radial_distance_q90,Unadjusted,439,1.5357455062822396
radial_distance_q90,Unadjusted,440,0.4312181063231719
radial_distance_q90,Unadjusted,441,5.476663076537534
radial_distance_q90,Unadjusted,442,1.2657398847225636
radial_distance_q90,Unadjusted,443,0.01981867514541591
radial_distance_q90,Unadjusted,444,0.20925639154168607
radial_distance_q90,Unadjusted,445,2.0140463776687625
radial_distance_q90,Unadjusted,446,0.23843399281537359
radial_distance_q90,Unadjusted,447,0.28496046940102815
radial_distance_q90,Unadjusted,448,0.9620345523205742
radial_distance_q90,Unadjusted,449,2.290851835893534
radial_distance_q90,Unadjusted,450,1.2146869051397289
radial_distance_q90,Unadjusted,451,0.8453066909598874
radial_distance_q90,Unadjusted,452,0.30369648062747956
radial_distance_q90,Unadjusted,453,2.193455614212837
radial_distance_q90,Unadjusted,454,0.6375312275062015
radial_distance_q90,Unadjusted,455,0.0037404092934991695
radial_distance_q90,Unadjusted,456,0.002771216022210865
radial_distance_q90,Unadjusted,457,2.7287836270079993
radial_distance_q90,Unadjusted,458,3.0229943405897757
radial_distance_q90,Unadjusted,459,0.0012306402095987323
radial_distance_q90,Unadjusted,460,0.003667055592700308
radial_distance_q90,Unadjusted,461,0.07365845674695493
radial_distance_q90,Unadjusted,462,0.6863374513600888
radial_distance_q90,Unadjusted,463,1.9936417327950835
radial_distance_q90,Unadjusted,464,0.14891776574080495
radial_distance_q90,Unadjusted,465,0.06775129977728511
radial_distance_q90,Unadjusted,466,0.12327143332703372
radial_distance_q90,Unadjusted,467,0.4345498632732756
radial_distance_q90,Unadjusted,468,1.3419422280517779
radial_distance_q90,Unadjusted,469,0.9452155937626117
radial_distance_q90,Unadjusted,470,0.08863661023457325
radial_distance_q90,Unadjusted,471,1.415829423473383
radial_distance_q90,Unadjusted,472,0.06570999906182351
radial_distance_q90,Unadjusted,473,1.6030581716761958
radial_distance_q90,Unadjusted,474,1.1476969330482802
radial_distance_q90,Unadjusted,475,0.34711536223167627
radial_distance_q90,Unadjusted,476,0.11841808238540352
radial_distance_q90,Unadjusted,477,0.03706296600364567
radial_distance_q90,Unadjusted,478,0.12208616525674643
radial_distance_q90,Unadjusted,479,0.026871866529972976
radial_distance_q90,Unadjusted,480,0.6191790269776334
radial_distance_q90,Unadjusted,481,0.2829001254068544
radial_distance_q90,Unadjusted,482,6.941661207229686
radial_distance_q90,Unadjusted,483,2.335244924388178
radial_distance_q90,Unadjusted,484,0.008446152949204588
radial_distance_q90,Unadjusted,485,0.0400670780229575
radial_distance_q90,Unadjusted,486,0.5540700291278995
radial_distance_q90,Unadjusted,487,0.8013721728269161
radial_distance_q90,Unadjusted,488,0.0001837454789210824
radial_distance_q90,Unadjusted,489,2.4074287118297093
radial_distance_q90,Unadjusted,490,0.3887133448407667
radial_distance_q90,Unadjusted,491,0.32862328275552954
radial_distance_q90,Unadjusted,492,0.22577437117564614
radial_distance_q90,Unadjusted,493,0.048897636505415676
radial_distance_q90,Unadjusted,494,2.135686978192439
radial_distance_q90,Unadjusted,495,2.182525082156303
radial_distance_q90,Unadjusted,496,0.3025537723164575
radial_distance_q90,Unadjusted,497,0.4835773841637092
radial_distance_q90,Unadjusted,498,1.0344920469279941
radial_distance_q90,Unadjusted,499,0.09940958684416046
radial_distance_q90,Unadjusted,500,0.25543507059950343
radial_distance_q90,Unadjusted,501,2.7712621244143634
radial_distance_q90,Unadjusted,502,0.0027907132836730852
radial_distance_q90,Unadjusted,503,0.2630111138644793
radial_distance_q90,Unadjusted,504,0.19000513041737577
radial_distance_q90,Unadjusted,505,0.3827223315800552
radial_distance_q90,Unadjusted,506,0.12983384600920544
radial_distance_q90,Unadjusted,507,0.753219977349886
radial_distance_q90,Unadjusted,508,0.5184332457174037
radial_distance_q90,Unadjusted,509,0.19346318011463381
radial_distance_q90,Unadjusted,510,0.03975113065428104
radial_distance_q90,Unadjusted,511,0.03988666192333312
radial_distance_q90,Unadjusted,512,0.9622431721559792
radial_distance_q90,Unadjusted,513,0.10237776607266369
radial_distance_q90,Unadjusted,514,0.4881550337338467
radial_distance_q90,Unadjusted,515,1.8276635522331617
radial_distance_q90,Unadjusted,516,0.1882979984582107
radial_distance_q90,Unadjusted,517,0.1289874874211705
radial_distance_q90,Unadjusted,518,2.6692606569210398
radial_distance_q90,Unadjusted,519,0.34606484815088834
radial_distance_q90,Unadjusted,520,0.044922579995386513
radial_distance_q90,Unadjusted,521,0.1139556029600044
radial_distance_q90,Unadjusted,522,0.15022882117222025
radial_distance_q90,Unadjusted,523,2.230117307493117
radial_distance_q90,Unadjusted,524,0.3122887373468757
radial_distance_q90,Unadjusted,525,0.6037670860698654
radial_distance_q90,Unadjusted,526,0.7554604424929607
radial_distance_q90,Unadjusted,527,0.08356994986360178
radial_distance_q90,Unadjusted,528,2.9232378873820153
radial_distance_q90,Unadjusted,529,1.2035420319087962
radial_distance_q90,Unadjusted,530,1.041228990326033
radial_distance_q90,Unadjusted,531,0.11235136816952718
radial_distance_q90,Unadjusted,532,0.8876146834200824
radial_distance_q90,Unadjusted,533,0.13066645480824945
radial_distance_q90,Unadjusted,534,0.07745082200892739
radial_distance_q90,Unadjusted,535,0.1055717822713973
radial_distance_q90,Unadjusted,536,0.08545027989890741
radial_distance_q90,Unadjusted,537,1.4889438697575201
radial_distance_q90,Unadjusted,538,1.028372092501968
radial_distance_q90,Unadjusted,539,0.12232402381118845
radial_distance_q90,Unadjusted,540,5.010113639029413
radial_distance_q90,Unadjusted,541,0.3620925376661148
radial_distance_q90,Unadjusted,542,5.789534012433705
radial_distance_q90,Unadjusted,543,0.36185633366443426
radial_distance_q90,Unadjusted,544,0.21054669093439315
radial_distance_q90,Unadjusted,545,0.08042185800104562
radial_distance_q90,Unadjusted,546,2.2102000443674115
radial_distance_q90,Unadjusted,547,0.019686770272130616
radial_distance_q90,Unadjusted,548,0.034350188849884944
radial_distance_q90,Unadjusted,549,0.4636659639439813
radial_distance_q90,Unadjusted,550,0.11425486764909465
radial_distance_q90,Unadjusted,551,0.04428726112212189
radial_distance_q90,Unadjusted,552,0.1355243346918087
radial_distance_q90,Unadjusted,553,3.0730609569226317
radial_distance_q90,Unadjusted,554,0.989635264415881
radial_distance_q90,Unadjusted,555,2.406570595510402
radial_distance_q90,Unadjusted,556,0.5343842233726832
radial_distance_q90,Unadjusted,557,0.7107657338744389
radial_distance_q90,Unadjusted,558,0.030402984069610284
radial_distance_q90,Unadjusted,559,0.020662321570796394
radial_distance_q90,Unadjusted,560,0.5463967864687902
radial_distance_q90,Unadjusted,561,2.655068353491515
radial_distance_q90,Unadjusted,562,3.3793544291771695
radial_distance_q90,Unadjusted,563,0.022482118926063777
radial_distance_q90,Unadjusted,564,0.7128842917508109
radial_distance_q90,Unadjusted,565,0.3198808357050211
radial_distance_q90,Unadjusted,566,2.7910039236929265
radial_distance_q90,Unadjusted,567,0.3660518308683436
radial_distance_q90,Unadjusted,568,0.002198620940305318
radial_distance_q90,Unadjusted,569,2.886683595128204
radial_distance_q90,Unadjusted,570,0.025023371533336558
radial_distance_q90,Unadjusted,571,0.35103437619500255
radial_distance_q90,Unadjusted,572,2.9196270116189567
radial_distance_q90,Unadjusted,573,0.058766399030560024
radial_distance_q90,Unadjusted,574,0.19464569809406385
radial_distance_q90,Unadjusted,575,2.2822803781804737
radial_distance_q90,Unadjusted,576,1.0217572495797071
radial_distance_q90,Unadjusted,577,0.7167933892243354
radial_distance_q90,Unadjusted,578,0.20007477782229444
radial_distance_q90,Unadjusted,579,0.008063346804817684
radial_distance_q90,Unadjusted,580,0.7739455137491973
radial_distance_q90,Unadjusted,581,0.12814985940570978
radial_distance_q90,Unadjusted,582,0.2391415842626543
radial_distance_q90,Unadjusted,583,0.00027291805963614024
radial_distance_q90,Unadjusted,584,6.0070448954850235
radial_distance_q90,Unadjusted,585,2.167543724394875
radial_distance_q90,Unadjusted,586,0.33036627216762326
radial_distance_q90,Unadjusted,587,2.139318802035973
radial_distance_q90,Unadjusted,588,0.08678177437730028
radial_distance_q90,Unadjusted,589,0.14896316256243836
radial_distance_q90,Unadjusted,590,0.014097084158720463
radial_distance_q90,Unadjusted,591,0.02054753149576527
radial_distance_q90,Unadjusted,592,0.39016401862045313
radial_distance_q90,Unadjusted,593,0.16454164568210672
radial_distance_q90,Unadjusted,594,0.17482354779963316
radial_distance_q90,Unadjusted,595,0.5162471220352245
radial_distance_q90,Unadjusted,596,0.20740772079477665
radial_distance_q90,Unadjusted,597,0.3400742586912884
radial_distance_q90,Unadjusted,598,1.8874839819255271
radial_distance_q90,Unadjusted,599,3.2207749687842124
radial_distance_q90,Unadjusted,600,0.6539038097988623
radial_distance_q90,Unadjusted,601,0.0621784543401418
radial_distance_q90,Unadjusted,602,1.4724026998862314
radial_distance_q90,Unadjusted,603,0.7679426748056812
radial_distance_q90,Unadjusted,604,0.1597284587490435
radial_distance_q90,Unadjusted,605,0.004800683187966115
radial_distance_q90,Unadjusted,606,0.12407750698204723
radial_distance_q90,Unadjusted,607,0.8084757996697931
radial_distance_q90,Unadjusted,608,0.049496954834182816
radial_distance_q90,Unadjusted,609,0.06275882913547548
radial_distance_q90,Unadjusted,610,3.7842834379248984
radial_distance_q90,Unadjusted,611,0.46135725643364367
radial_distance_q90,Unadjusted,612,1.9460315552941552
radial_distance_q90,Unadjusted,613,0.3190191855640023
radial_distance_q90,Unadjusted,614,3.577642808144958
radial_distance_q90,Unadjusted,615,0.9849374151461348
radial_distance_q90,Unadjusted,616,0.5331878489045607
radial_distance_q90,Unadjusted,617,1.768242784978952
radial_distance_q90,Unadjusted,618,1.3464186119439319
radial_distance_q90,Unadjusted,619,0.25835410264784286
radial_distance_q90,Unadjusted,620,0.24250469428642418
radial_distance_q90,Unadjusted,621,1.9723903263215448
radial_distance_q90,Unadjusted,622,0.09241403223228417
radial_distance_q90,Unadjusted,623,0.10889478133503872
radial_distance_q90,Unadjusted,624,1.4390798490960037
radial_distance_q90,Unadjusted,625,4.744970228722991
radial_distance_q90,Unadjusted,626,2.2382349782699293
radial_distance_q90,Unadjusted,627,1.0419444065169046
radial_distance_q90,Unadjusted,628,4.037458737713791
radial_distance_q90,Unadjusted,629,0.07335504303415519
radial_distance_q90,Unadjusted,630,1.9211414551767803
radial_distance_q90,Unadjusted,631,2.7640334428207893
radial_distance_q90,Unadjusted,632,0.5361979307116371
radial_distance_q90,Unadjusted,633,9.61877105964959e-07
radial_distance_q90,Unadjusted,634,0.733212305113625
radial_distance_q90,Unadjusted,635,0.006721444393036791
radial_distance_q90,Unadjusted,636,0.0715936524968015
radial_distance_q90,Unadjusted,637,0.010755556894082474
radial_distance_q90,Unadjusted,638,0.09731110835161871
radial_distance_q90,Unadjusted,639,0.9307604265732721
radial_distance_q90,Unadjusted,640,2.9173401685511635e-06
radial_distance_q90,Unadjusted,641,0.7796473551073859
radial_distance_q90,Unadjusted,642,0.0019832727368793712
radial_distance_q90,Unadjusted,643,0.09756008626595758
radial_distance_q90,Unadjusted,644,2.871616071100675
radial_distance_q90,Unadjusted,645,0.15578234142373049
radial_distance_q90,Unadjusted,646,0.07638486688500734
radial_distance_q90,Unadjusted,647,0.7038790510453623
radial_distance_q90,Unadjusted,648,2.569613696954434
radial_distance_q90,Unadjusted,649,0.0952271703387737
radial_distance_q90,Unadjusted,650,0.5705085601841802
radial_distance_q90,Unadjusted,651,1.1540160888427522
radial_distance_q90,Unadjusted,652,2.482294761622825
radial_distance_q90,Unadjusted,653,1.9495345879817023
radial_distance_q90,Unadjusted,654,0.10752551994528403
radial_distance_q90,Unadjusted,655,0.006098103600720606
radial_distance_q90,Unadjusted,656,2.564873684712154
radial_distance_q90,Unadjusted,657,1.3201902585666971
radial_distance_q90,Unadjusted,658,1.250621236691643
radial_distance_q90,Unadjusted,659,0.27295318801463964
radial_distance_q90,Unadjusted,660,2.7961579011683853
radial_distance_q90,Unadjusted,661,0.028051774610730718
radial_distance_q90,Unadjusted,662,6.898471525150683
radial_distance_q90,Unadjusted,663,0.03193897841714488
radial_distance_q90,Unadjusted,664,0.6808364786128891
radial_distance_q90,Unadjusted,665,0.24879109129727794
radial_distance_q90,Unadjusted,666,2.1979481322096603
radial_distance_q90,Unadjusted,667,0.09768032307920294
radial_distance_q90,Unadjusted,668,0.9216050716778454
radial_distance_q90,Unadjusted,669,0.09014427417577053
radial_distance_q90,Unadjusted,670,0.009978064594804437
radial_distance_q90,Unadjusted,671,1.38856511202016
radial_distance_q90,Unadjusted,672,0.3262637959523431
radial_distance_q90,Unadjusted,673,7.306540249863588
radial_distance_q90,Unadjusted,674,0.13719544675382167
radial_distance_q90,Unadjusted,675,0.00024464326554607396
radial_distance_q90,Unadjusted,676,1.7099534537610452
radial_distance_q90,Unadjusted,677,0.6290655614344587
radial_distance_q90,Unadjusted,678,4.634877429290555
radial_distance_q90,Unadjusted,679,0.01700596016843292
radial_distance_q90,Unadjusted,680,1.4038050309927144
radial_distance_q90,Unadjusted,681,0.07714212493772266
radial_distance_q90,Unadjusted,682,0.017587760318576784
radial_distance_q90,Unadjusted,683,1.6723754894327953
radial_distance_q90,Unadjusted,684,0.7001013808172729
radial_distance_q90,Unadjusted,685,0.5944426972671408
radial_distance_q90,Unadjusted,686,0.30779256966530966
radial_distance_q90,Unadjusted,687,0.01636172167047789
radial_distance_q90,Unadjusted,688,0.029817913012720965
radial_distance_q90,Unadjusted,689,2.3952165663470737
radial_distance_q90,Unadjusted,690,0.008817583404152174
radial_distance_q90,Unadjusted,691,0.005987531974710691
radial_distance_q90,Unadjusted,692,0.8622885658472796
radial_distance_q90,Unadjusted,693,0.4141181580291686
radial_distance_q90,Unadjusted,694,0.1482751882626303
radial_distance_q90,Unadjusted,695,0.29580641713829436
radial_distance_q90,Unadjusted,696,3.0843028664954204
radial_distance_q90,Unadjusted,697,6.251775474526255
radial_distance_q90,Unadjusted,698,3.3624680087511933
radial_distance_q90,Unadjusted,699,0.12937792189347874
radial_distance_q90,Unadjusted,700,0.42720818242855785
radial_distance_q90,Unadjusted,701,1.136174092352121
radial_distance_q90,Unadjusted,702,1.416330115048197
radial_distance_q90,Unadjusted,703,0.10801495346191814
radial_distance_q90,Unadjusted,704,0.01141356859403686
radial_distance_q90,Unadjusted,705,2.227659719777762
radial_distance_q90,Unadjusted,706,3.2975049258690774
radial_distance_q90,Unadjusted,707,0.01225008547538664
radial_distance_q90,Unadjusted,708,4.447785051891742
radial_distance_q90,Unadjusted,709,1.9595926009258164
radial_distance_q90,Unadjusted,710,0.4276957458702668
radial_distance_q90,Unadjusted,711,0.8844653030646441
radial_distance_q90,Unadjusted,712,0.3358019943217414
radial_distance_q90,Unadjusted,713,0.5651150058768053
radial_distance_q90,Unadjusted,714,0.18573493850084333
radial_distance_q90,Unadjusted,715,0.6335189473828109
radial_distance_q90,Unadjusted,716,0.013952135842885127
radial_distance_q90,Unadjusted,717,2.5238128176613657
radial_distance_q90,Unadjusted,718,0.6919531856776757
radial_distance_q90,Unadjusted,719,0.1884624457285895
radial_distance_q90,Unadjusted,720,1.0032227165106065
radial_distance_q90,Unadjusted,721,6.1645354059701845
radial_distance_q90,Unadjusted,722,0.02835968403149991
radial_distance_q90,Unadjusted,723,3.0823502674652445
radial_distance_q90,Unadjusted,724,0.11329048333465153
radial_distance_q90,Unadjusted,725,0.2939914911487449
radial_distance_q90,Unadjusted,726,0.4461873256673812
radial_distance_q90,Unadjusted,727,0.058192782266019094
radial_distance_q90,Unadjusted,728,0.13406155566843836
radial_distance_q90,Unadjusted,729,1.7554453051686778
radial_distance_q90,Unadjusted,730,2.0434654331278352
radial_distance_q90,Unadjusted,731,0.5287856633586898
radial_distance_q90,Unadjusted,732,0.43477272217870677
radial_distance_q90,Unadjusted,733,0.35414643650187827
radial_distance_q90,Unadjusted,734,0.026622872288726285
radial_distance_q90,Unadjusted,735,0.3100230468497216
radial_distance_q90,Unadjusted,736,7.708747091328405e-05
radial_distance_q90,Unadjusted,737,0.043858362437504184
radial_distance_q90,Unadjusted,738,0.06974451834298634
radial_distance_q90,Unadjusted,739,0.023839715353631163
radial_distance_q90,Unadjusted,740,0.009366995537845924
radial_distance_q90,Unadjusted,741,0.0130604259171605
radial_distance_q90,Unadjusted,742,0.47897766752487314
radial_distance_q90,Unadjusted,743,0.0007632595155655508
radial_distance_q90,Unadjusted,744,4.784360932150719
radial_distance_q90,Unadjusted,745,0.006664799138263788
radial_distance_q90,Unadjusted,746,1.4150050645799297
radial_distance_q90,Unadjusted,747,0.04762398036348259
radial_distance_q90,Unadjusted,748,0.02696428321962685
radial_distance_q90,Unadjusted,749,3.076515096843309
radial_distance_q90,Unadjusted,750,0.0996348733486343
radial_distance_q90,Unadjusted,751,1.9752330459309633
radial_distance_q90,Unadjusted,752,3.052496145433622
radial_distance_q90,Unadjusted,753,0.009799472994700409
radial_distance_q90,Unadjusted,754,0.009835028013071678
radial_distance_q90,Unadjusted,755,0.07747896905721063
radial_distance_q90,Unadjusted,756,0.3399330822292086
radial_distance_q90,Unadjusted,757,0.0005942496023294552
radial_distance_q90,Unadjusted,758,1.7961002800912524
radial_distance_q90,Unadjusted,759,6.669275321189389
radial_distance_q90,Unadjusted,760,0.0018939225279268612
radial_distance_q90,Unadjusted,761,2.4862343534990146
radial_distance_q90,Unadjusted,762,0.34519744427512933
radial_distance_q90,Unadjusted,763,2.007530856234723
radial_distance_q90,Unadjusted,764,3.035089740082185
radial_distance_q90,Unadjusted,765,0.00101601338741375
radial_distance_q90,Unadjusted,766,0.37612478068291466
radial_distance_q90,Unadjusted,767,1.0992439769803468
radial_distance_q90,Unadjusted,768,0.06903952635229871
radial_distance_q90,Unadjusted,769,1.9049098155687716
radial_distance_q90,Unadjusted,770,0.3704404894144204
radial_distance_q90,Unadjusted,771,1.612198686435363
radial_distance_q90,Unadjusted,772,0.13547843537241988
radial_distance_q90,Unadjusted,773,0.07259909894446537
radial_distance_q90,Unadjusted,774,0.05017597496834014
radial_distance_q90,Unadjusted,775,0.22356008222556056
radial_distance_q90,Unadjusted,776,2.099633626241598
radial_distance_q90,Unadjusted,777,0.36063447981109675
radial_distance_q90,Unadjusted,778,0.46919836792517344
radial_distance_q90,Unadjusted,779,0.27490374573619647
radial_distance_q90,Unadjusted,780,0.0827025829699437
radial_distance_q90,Unadjusted,781,0.15716390927309476
radial_distance_q90,Unadjusted,782,4.002880229115448
radial_distance_q90,Unadjusted,783,0.21039111921976428
radial_distance_q90,Unadjusted,784,0.34272453650117995
radial_distance_q90,Unadjusted,785,0.5522614530133296
radial_distance_q90,Unadjusted,786,0.01848238637057875
radial_distance_q90,Unadjusted,787,0.17385923138016324
radial_distance_q90,Unadjusted,788,0.08130108624754939
radial_distance_q90,Unadjusted,789,0.401445121965196
radial_distance_q90,Unadjusted,790,0.12774169495446586
radial_distance_q90,Unadjusted,791,0.3220372916800329
radial_distance_q90,Unadjusted,792,0.13324086392464096
radial_distance_q90,Unadjusted,793,1.397999007424204
radial_distance_q90,Unadjusted,794,2.2908278205335364
radial_distance_q90,Unadjusted,795,0.08206581860611095
radial_distance_q90,Unadjusted,796,0.0010203603894751723
radial_distance_q90,Unadjusted,797,0.33777129292758445
radial_distance_q90,Unadjusted,798,0.08915965232176859
radial_distance_q90,Unadjusted,799,0.5100229658059448
radial_distance_q90,Unadjusted,800,0.036978318676517574
radial_distance_q90,Unadjusted,801,0.05285020448729938
radial_distance_q90,Unadjusted,802,3.3621371012487202
radial_distance_q90,Unadjusted,803,1.2324492619720218
radial_distance_q90,Unadjusted,804,1.112349091858107
radial_distance_q90,Unadjusted,805,1.1758038945909561
radial_distance_q90,Unadjusted,806,0.01448322444372252
radial_distance_q90,Unadjusted,807,0.35754312789924825
radial_distance_q90,Unadjusted,808,0.00796167675241577
radial_distance_q90,Unadjusted,809,0.03835755895306647
radial_distance_q90,Unadjusted,810,0.4159169966627587
radial_distance_q90,Unadjusted,811,0.24484237439236267
radial_distance_q90,Unadjusted,812,0.20372399136323338
radial_distance_q90,Unadjusted,813,0.08324222029699513
radial_distance_q90,Unadjusted,814,0.7957212823351938
radial_distance_q90,Unadjusted,815,0.05004362814918295
radial_distance_q90,Unadjusted,816,0.7550740776504199
radial_distance_q90,Unadjusted,817,0.44556531797587695
radial_distance_q90,Unadjusted,818,0.04935547518698513
radial_distance_q90,Unadjusted,819,0.5005241829016427
radial_distance_q90,Unadjusted,820,3.5887479014515975
radial_distance_q90,Unadjusted,821,0.05585341082490913
radial_distance_q90,Unadjusted,822,0.06333700251769869
radial_distance_q90,Unadjusted,823,0.14463171180511836
radial_distance_q90,Unadjusted,824,0.07704932595095215
radial_distance_q90,Unadjusted,825,0.5217309799278951
radial_distance_q90,Unadjusted,826,0.24894817023238147
radial_distance_q90,Unadjusted,827,0.0018555246455775887
radial_distance_q90,Unadjusted,828,0.07986612931239279
radial_distance_q90,Unadjusted,829,0.14973990522861413
radial_distance_q90,Unadjusted,830,1.307142051944993
radial_distance_q90,Unadjusted,831,0.23674302954117366
radial_distance_q90,Unadjusted,832,2.431151995301491
radial_distance_q90,Unadjusted,833,0.32789191879220425
radial_distance_q90,Unadjusted,834,0.14155186791219876
radial_distance_q90,Unadjusted,835,0.034100227039914444
radial_distance_q90,Unadjusted,836,0.11502293980458944
radial_distance_q90,Unadjusted,837,0.0027650820221651884
radial_distance_q90,Unadjusted,838,0.25229532193930027
radial_distance_q90,Unadjusted,839,0.009715580320403205
radial_distance_q90,Unadjusted,840,0.09070329000167021
radial_distance_q90,Unadjusted,841,0.7243937354260765
radial_distance_q90,Unadjusted,842,0.19070971563553485
radial_distance_q90,Unadjusted,843,0.1361768038393052
radial_distance_q90,Unadjusted,844,0.12181776210496764
radial_distance_q90,Unadjusted,845,2.0570645899255737
radial_distance_q90,Unadjusted,846,0.264907877084795
radial_distance_q90,Unadjusted,847,3.282233633243351
radial_distance_q90,Unadjusted,848,0.33253555330929885
radial_distance_q90,Unadjusted,849,2.234441203226311
radial_distance_q90,Unadjusted,850,1.6204811986594336
radial_distance_q90,Unadjusted,851,1.815723111504667
radial_distance_q90,Unadjusted,852,0.0038464083118583403
radial_distance_q90,Unadjusted,853,0.007427712253388563
radial_distance_q90,Unadjusted,854,2.8362725983836867
radial_distance_q90,Unadjusted,855,2.4039064994742603
radial_distance_q90,Unadjusted,856,3.573971777406854
radial_distance_q90,Unadjusted,857,0.008011007011077709
radial_distance_q90,Unadjusted,858,0.00017107818081285586
radial_distance_q90,Unadjusted,859,1.8923654534903562
radial_distance_q90,Unadjusted,860,1.3143369827423044
radial_distance_q90,Unadjusted,861,3.0702389615326524
radial_distance_q90,Unadjusted,862,2.272030726689195
radial_distance_q90,Unadjusted,863,0.1300749713168443
radial_distance_q90,Unadjusted,864,1.2498656501153391
radial_distance_q90,Unadjusted,865,0.3989893933226085
radial_distance_q90,Unadjusted,866,2.88346102931348
radial_distance_q90,Unadjusted,867,0.06690245999971012
radial_distance_q90,Unadjusted,868,1.2176282912516854
radial_distance_q90,Unadjusted,869,0.0002932124507424305
radial_distance_q90,Unadjusted,870,0.027196154470686906
radial_distance_q90,Unadjusted,871,3.67030643679459
radial_distance_q90,Unadjusted,872,0.05005150444793571
radial_distance_q90,Unadjusted,873,0.14912773178639327
radial_distance_q90,Unadjusted,874,0.09679022228010581
radial_distance_q90,Unadjusted,875,1.9290154494693184
radial_distance_q90,Unadjusted,876,0.17193807599386446
radial_distance_q90,Unadjusted,877,0.13952618570476716
radial_distance_q90,Unadjusted,878,0.1117165683479584
radial_distance_q90,Unadjusted,879,1.540957543134141
radial_distance_q90,Unadjusted,880,0.030426844159592292
radial_distance_q90,Unadjusted,881,5.797687344365954
radial_distance_q90,Unadjusted,882,0.2584996185836701
radial_distance_q90,Unadjusted,883,0.14332246531137116
radial_distance_q90,Unadjusted,884,0.4843762933016933
radial_distance_q90,Unadjusted,885,0.00020519880416713931
radial_distance_q90,Unadjusted,886,0.9994020812245594
radial_distance_q90,Unadjusted,887,0.28778130242255884
radial_distance_q90,Unadjusted,888,2.6223759216521216
radial_distance_q90,Unadjusted,889,0.6668488006279745
radial_distance_q90,Unadjusted,890,1.6860902233728439
radial_distance_q90,Unadjusted,891,0.30002844756677405
radial_distance_q90,Unadjusted,892,2.0212206447301924
radial_distance_q90,Unadjusted,893,0.05357725273120195
radial_distance_q90,Unadjusted,894,0.1198982330648164
radial_distance_q90,Unadjusted,895,0.797191315337443
radial_distance_q90,Unadjusted,896,0.11640583309861086
radial_distance_q90,Unadjusted,897,0.43874952232073383
radial_distance_q90,Unadjusted,898,0.016073382005913572
radial_distance_q90,Unadjusted,899,0.05278406382439016
radial_distance_q90,Unadjusted,900,0.232060478491519
radial_distance_q90,Unadjusted,901,2.464975967386067
radial_distance_q90,Unadjusted,902,0.06559865016345157
radial_distance_q90,Unadjusted,903,0.10006669248997468
radial_distance_q90,Unadjusted,904,0.02052573814438574
radial_distance_q90,Unadjusted,905,1.397704238316635
radial_distance_q90,Unadjusted,906,0.47326236037167746
radial_distance_q90,Unadjusted,907,0.5873735573089789
radial_distance_q90,Unadjusted,908,0.733213602103433
radial_distance_q90,Unadjusted,909,0.0386794248811384
radial_distance_q90,Unadjusted,910,0.21553742895758887
radial_distance_q90,Unadjusted,911,0.25420019897632073
radial_distance_q90,Unadjusted,912,0.014100179579656924
radial_distance_q90,Unadjusted,913,6.111607218010818
radial_distance_q90,Unadjusted,914,0.20850344929363018
radial_distance_q90,Unadjusted,915,4.575848867807451
radial_distance_q90,Unadjusted,916,0.26243297402271537
radial_distance_q90,Unadjusted,917,0.7239214862410677
radial_distance_q90,Unadjusted,918,0.6278728539567169
radial_distance_q90,Unadjusted,919,0.005510346741800731
radial_distance_q90,Unadjusted,920,1.4120810111537594
radial_distance_q90,Unadjusted,921,0.09205142989293336
radial_distance_q90,Unadjusted,922,0.05196863928227913
radial_distance_q90,Unadjusted,923,0.0022316059258855603
radial_distance_q90,Unadjusted,924,1.282633708704111
radial_distance_q90,Unadjusted,925,2.1872029318357136
radial_distance_q90,Unadjusted,926,0.147922590956739
radial_distance_q90,Unadjusted,927,0.07160314634774068
radial_distance_q90,Unadjusted,928,0.5506315533585848
radial_distance_q90,Unadjusted,929,0.21607605397582574
radial_distance_q90,Unadjusted,930,0.6512738660297259
radial_distance_q90,Unadjusted,931,1.2189752041115298
radial_distance_q90,Unadjusted,932,0.09222741794354761
radial_distance_q90,Unadjusted,933,0.15747031272383083
radial_distance_q90,Unadjusted,934,3.076163239782886
radial_distance_q90,Unadjusted,935,3.3061478100820523
radial_distance_q90,Unadjusted,936,1.121209252932431
radial_distance_q90,Unadjusted,937,0.9276174864402265
radial_distance_q90,Unadjusted,938,0.6724713182001665
radial_distance_q90,Unadjusted,939,1.3332599216780068
radial_distance_q90,Unadjusted,940,0.14084781257821533
radial_distance_q90,Unadjusted,941,0.07822667845363185
radial_distance_q90,Unadjusted,942,0.13222653838823817
radial_distance_q90,Unadjusted,943,2.198961319091268
radial_distance_q90,Unadjusted,944,0.34459727165895515
radial_distance_q90,Unadjusted,945,0.2587352336103663
radial_distance_q90,Unadjusted,946,0.4721960267550003
radial_distance_q90,Unadjusted,947,1.3330808336357904
radial_distance_q90,Unadjusted,948,0.33129917573586454
radial_distance_q90,Unadjusted,949,3.031692143552789
radial_distance_q90,Unadjusted,950,0.20112219074667337
radial_distance_q90,Unadjusted,951,1.0668197399083965
radial_distance_q90,Unadjusted,952,1.9370538099699957
radial_distance_q90,Unadjusted,953,1.0395157273196673
radial_distance_q90,Unadjusted,954,0.23235464936988137
radial_distance_q90,Unadjusted,955,0.9881736040989608
radial_distance_q90,Unadjusted,956,2.7157379590703954
radial_distance_q90,Unadjusted,957,0.0010217187502234992
radial_distance_q90,Unadjusted,958,2.4678314131701313
radial_distance_q90,Unadjusted,959,2.3382105345602895
radial_distance_q90,Unadjusted,960,0.09868561590985792
radial_distance_q90,Unadjusted,961,0.1803283328566181
radial_distance_q90,Unadjusted,962,0.47803618379145973
radial_distance_q90,Unadjusted,963,4.070090822228622
radial_distance_q90,Unadjusted,964,1.9577665915418265
radial_distance_q90,Unadjusted,965,1.078427934794945
radial_distance_q90,Unadjusted,966,3.576417976939126
radial_distance_q90,Unadjusted,967,0.4147059327196416
radial_distance_q90,Unadjusted,968,1.3505148456868596
radial_distance_q90,Unadjusted,969,2.7718813220879213
radial_distance_q90,Unadjusted,970,0.1841382464099297
radial_distance_q90,Unadjusted,971,4.5347360387975755
radial_distance_q90,Unadjusted,972,0.04961852517163834
radial_distance_q90,Unadjusted,973,0.5118077130277356
radial_distance_q90,Unadjusted,974,0.31755439904031846
radial_distance_q90,Unadjusted,975,0.2804019756030698
radial_distance_q90,Unadjusted,976,1.3668697346423073
radial_distance_q90,Unadjusted,977,0.20104330336931753
radial_distance_q90,Unadjusted,978,1.0672521633638326
radial_distance_q90,Unadjusted,979,1.9126415609736114
radial_distance_q90,Unadjusted,980,0.08747726796940469
radial_distance_q90,Unadjusted,981,3.3920481577370083
radial_distance_q90,Unadjusted,982,0.9719119880460312
radial_distance_q90,Unadjusted,983,0.23661610024208812
radial_distance_q90,Unadjusted,984,3.2744543781856237
radial_distance_q90,Unadjusted,985,0.7976969681135415
radial_distance_q90,Unadjusted,986,1.7801762546353075
radial_distance_q90,Unadjusted,987,0.23424830360573878
radial_distance_q90,Unadjusted,988,1.6050336540718035
radial_distance_q90,Unadjusted,989,2.2167395360031037
radial_distance_q90,Unadjusted,990,1.16079521047061
radial_distance_q90,Unadjusted,991,0.2937618663041235
radial_distance_q90,Unadjusted,992,1.276384321906562
radial_distance_q90,Unadjusted,993,0.014113205055480194
radial_distance_q90,Unadjusted,994,1.455327673941099
radial_distance_q90,Unadjusted,995,0.010100889793307033
radial_distance_q90,Unadjusted,996,0.6220384487294837
radial_distance_q90,Unadjusted,997,0.05130570456884698
radial_distance_q90,Unadjusted,998,1.503894792097526
radial_distance_q90,Count-adjusted,0,2.2010227582953803
radial_distance_q90,Count-adjusted,1,8.741262093144428
radial_distance_q90,Count-adjusted,2,0.09215579661281481
radial_distance_q90,Count-adjusted,3,1.148861057976319
radial_distance_q90,Count-adjusted,4,0.18658723566937852
radial_distance_q90,Count-adjusted,5,0.007043454925792503
radial_distance_q90,Count-adjusted,6,0.6623894354117965
radial_distance_q90,Count-adjusted,7,0.22094734490286783
radial_distance_q90,Count-adjusted,8,4.242848493381075
radial_distance_q90,Count-adjusted,9,0.45618394432977993
radial_distance_q90,Count-adjusted,10,1.1221886200679592
radial_distance_q90,Count-adjusted,11,0.7120234617587471
radial_distance_q90,Count-adjusted,12,0.14332878663412885
radial_distance_q90,Count-adjusted,13,0.49891658091490854
radial_distance_q90,Count-adjusted,14,0.01046235223009262
radial_distance_q90,Count-adjusted,15,2.287330716627139
radial_distance_q90,Count-adjusted,16,0.015293579140632119
radial_distance_q90,Count-adjusted,17,0.19076732425600085
radial_distance_q90,Count-adjusted,18,0.43040803087080803
radial_distance_q90,Count-adjusted,19,0.048696262865064455
radial_distance_q90,Count-adjusted,20,2.017840513387682
radial_distance_q90,Count-adjusted,21,0.023284503424207514
radial_distance_q90,Count-adjusted,22,0.0003467080027803604
radial_distance_q90,Count-adjusted,23,5.538484409157775
radial_distance_q90,Count-adjusted,24,0.7412529766839953
radial_distance_q90,Count-adjusted,25,0.17819006805063964
radial_distance_q90,Count-adjusted,26,2.4327609757410187
radial_distance_q90,Count-adjusted,27,2.844585866540342
radial_distance_q90,Count-adjusted,28,0.3041285462676342
radial_distance_q90,Count-adjusted,29,0.43602994490322544
radial_distance_q90,Count-adjusted,30,1.6498401196554937
radial_distance_q90,Count-adjusted,31,5.514434367725244
radial_distance_q90,Count-adjusted,32,0.9439371297455637
radial_distance_q90,Count-adjusted,33,0.814691630311529
radial_distance_q90,Count-adjusted,34,0.8391223428439218
radial_distance_q90,Count-adjusted,35,0.013588929224681578
radial_distance_q90,Count-adjusted,36,2.0970269570163964
radial_distance_q90,Count-adjusted,37,2.2124845627603236
radial_distance_q90,Count-adjusted,38,0.12909940339636705
radial_distance_q90,Count-adjusted,39,0.010220619796996289
radial_distance_q90,Count-adjusted,40,1.7224044343402625
radial_distance_q90,Count-adjusted,41,0.7813662950896969
radial_distance_q90,Count-adjusted,42,4.1410402236567165
radial_distance_q90,Count-adjusted,43,1.283496857014427
radial_distance_q90,Count-adjusted,44,0.14035905233095036
radial_distance_q90,Count-adjusted,45,5.404826011138368
radial_distance_q90,Count-adjusted,46,0.06378321826645106
radial_distance_q90,Count-adjusted,47,0.056970802470516446
radial_distance_q90,Count-adjusted,48,0.16394179853421065
radial_distance_q90,Count-adjusted,49,0.49315351110175243
radial_distance_q90,Count-adjusted,50,0.07761529273651036
radial_distance_q90,Count-adjusted,51,4.2420820705046935e-06
radial_distance_q90,Count-adjusted,52,0.24236300860866322
radial_distance_q90,Count-adjusted,53,0.12128166494636616
radial_distance_q90,Count-adjusted,54,0.14825147020172835
radial_distance_q90,Count-adjusted,55,1.1852848904508164
radial_distance_q90,Count-adjusted,56,0.8300502399586094
radial_distance_q90,Count-adjusted,57,1.3026634997271458
radial_distance_q90,Count-adjusted,58,1.1876979073321081
radial_distance_q90,Count-adjusted,59,0.07639975268642729
radial_distance_q90,Count-adjusted,60,0.439621526747203
radial_distance_q90,Count-adjusted,61,0.17952948515741696
radial_distance_q90,Count-adjusted,62,3.9830573798561772
radial_distance_q90,Count-adjusted,63,0.6397913835866973
radial_distance_q90,Count-adjusted,64,0.49325068483472023
radial_distance_q90,Count-adjusted,65,4.8880120345984324e-05
radial_distance_q90,Count-adjusted,66,0.012369124401402587
radial_distance_q90,Count-adjusted,67,0.05314184086273599
radial_distance_q90,Count-adjusted,68,1.9465866962634664
radial_distance_q90,Count-adjusted,69,1.395457635582659
radial_distance_q90,Count-adjusted,70,0.45861937371074646
radial_distance_q90,Count-adjusted,71,3.5555487920755695
radial_distance_q90,Count-adjusted,72,0.08063758514936126
radial_distance_q90,Count-adjusted,73,0.06196600758869408
radial_distance_q90,Count-adjusted,74,0.5434911266130484
radial_distance_q90,Count-adjusted,75,0.05350090112108319
radial_distance_q90,Count-adjusted,76,0.025654502050826977
radial_distance_q90,Count-adjusted,77,0.7301424185600354
radial_distance_q90,Count-adjusted,78,0.6537686379796241
radial_distance_q90,Count-adjusted,79,0.7454946743745836
radial_distance_q90,Count-adjusted,80,0.8156369455262507
radial_distance_q90,Count-adjusted,81,0.17785143116503832
radial_distance_q90,Count-adjusted,82,0.0021640358282866146
radial_distance_q90,Count-adjusted,83,0.013355799222807718
radial_distance_q90,Count-adjusted,84,0.8330266114358551
radial_distance_q90,Count-adjusted,85,0.022314516290407482
radial_distance_q90,Count-adjusted,86,13.39196634167044
radial_distance_q90,Count-adjusted,87,1.5309090358512663
radial_distance_q90,Count-adjusted,88,0.22798146205013836
radial_distance_q90,Count-adjusted,89,0.5801397376444015
radial_distance_q90,Count-adjusted,90,0.3533594660900121
radial_distance_q90,Count-adjusted,91,0.5181536686887398
radial_distance_q90,Count-adjusted,92,0.7572106541729795
radial_distance_q90,Count-adjusted,93,0.3300261235643802
radial_distance_q90,Count-adjusted,94,0.05315449242783643
radial_distance_q90,Count-adjusted,95,0.6049491941030283
radial_distance_q90,Count-adjusted,96,2.1880838789821837
radial_distance_q90,Count-adjusted,97,5.343375172723199
radial_distance_q90,Count-adjusted,98,0.5665230778908494
radial_distance_q90,Count-adjusted,99,0.15925765977095807
radial_distance_q90,Count-adjusted,100,0.0006887639801789192
radial_distance_q90,Count-adjusted,101,1.643641334051324
radial_distance_q90,Count-adjusted,102,2.2251428378244213
radial_distance_q90,Count-adjusted,103,0.013826525123420197
radial_distance_q90,Count-adjusted,104,1.4049356797968926
radial_distance_q90,Count-adjusted,105,1.842294848090205
radial_distance_q90,Count-adjusted,106,0.785058500906473
radial_distance_q90,Count-adjusted,107,0.7689980932410947
radial_distance_q90,Count-adjusted,108,0.0015349752567885844
radial_distance_q90,Count-adjusted,109,0.027377501804096482
radial_distance_q90,Count-adjusted,110,0.6197450034997871
radial_distance_q90,Count-adjusted,111,0.2945979258293505
radial_distance_q90,Count-adjusted,112,1.4801102799266346
radial_distance_q90,Count-adjusted,113,2.5547020854226616
radial_distance_q90,Count-adjusted,114,1.4118264327632915
radial_distance_q90,Count-adjusted,115,0.09382502470629106
radial_distance_q90,Count-adjusted,116,0.03310906106986522
radial_distance_q90,Count-adjusted,117,0.10935043937473665
radial_distance_q90,Count-adjusted,118,0.00030687561917375206
radial_distance_q90,Count-adjusted,119,1.5858129231413614
radial_distance_q90,Count-adjusted,120,0.6572391991713857
radial_distance_q90,Count-adjusted,121,0.9383426094069591
radial_distance_q90,Count-adjusted,122,0.9282331604495653
radial_distance_q90,Count-adjusted,123,0.1423706609777753
radial_distance_q90,Count-adjusted,124,5.1531957296901965e-06
radial_distance_q90,Count-adjusted,125,0.026685002577607975
radial_distance_q90,Count-adjusted,126,4.100944496401098
radial_distance_q90,Count-adjusted,127,1.0876186048094496
radial_distance_q90,Count-adjusted,128,7.673548681001421
radial_distance_q90,Count-adjusted,129,0.04968603912192293
radial_distance_q90,Count-adjusted,130,1.6131986972300751
radial_distance_q90,Count-adjusted,131,1.4939384662513362
radial_distance_q90,Count-adjusted,132,3.9877558709853815
radial_distance_q90,Count-adjusted,133,0.736124471387086
radial_distance_q90,Count-adjusted,134,0.027555622152704018
radial_distance_q90,Count-adjusted,135,1.5048688481863337
radial_distance_q90,Count-adjusted,136,2.107490728352616
radial_distance_q90,Count-adjusted,137,0.06418641750440202
radial_distance_q90,Count-adjusted,138,1.5642665647868625
radial_distance_q90,Count-adjusted,139,0.14741471840557097
radial_distance_q90,Count-adjusted,140,0.2798416182279766
radial_distance_q90,Count-adjusted,141,1.063789640871903
radial_distance_q90,Count-adjusted,142,0.34541137829927493
radial_distance_q90,Count-adjusted,143,3.0195311267742113
radial_distance_q90,Count-adjusted,144,0.1190898601228696
radial_distance_q90,Count-adjusted,145,0.8205729145249734
radial_distance_q90,Count-adjusted,146,2.8209911141946122
radial_distance_q90,Count-adjusted,147,0.014825923158525711
radial_distance_q90,Count-adjusted,148,0.2126211104771869
radial_distance_q90,Count-adjusted,149,3.3360101070156247
radial_distance_q90,Count-adjusted,150,1.9742707128079928
radial_distance_q90,Count-adjusted,151,0.0074152177225812466
radial_distance_q90,Count-adjusted,152,0.4169948363658591
radial_distance_q90,Count-adjusted,153,0.5511740463212504
radial_distance_q90,Count-adjusted,154,0.06826468145953868
radial_distance_q90,Count-adjusted,155,0.08215501921549162
radial_distance_q90,Count-adjusted,156,0.0003139361464832291
radial_distance_q90,Count-adjusted,157,1.4389432928503538
radial_distance_q90,Count-adjusted,158,2.0110694405625793
radial_distance_q90,Count-adjusted,159,0.9526342004498929
radial_distance_q90,Count-adjusted,160,0.42512563165016104
radial_distance_q90,Count-adjusted,161,0.014984893475855188
radial_distance_q90,Count-adjusted,162,1.1282841291926502
radial_distance_q90,Count-adjusted,163,0.01110138250902537
radial_distance_q90,Count-adjusted,164,4.7458485694874355
radial_distance_q90,Count-adjusted,165,2.3519365796612988
radial_distance_q90,Count-adjusted,166,0.01087966493219028
radial_distance_q90,Count-adjusted,167,0.0009706311252557498
radial_distance_q90,Count-adjusted,168,0.0944033581987469
radial_distance_q90,Count-adjusted,169,1.1180057230525904
radial_distance_q90,Count-adjusted,170,0.15226237753108762
radial_distance_q90,Count-adjusted,171,1.571553608808813
radial_distance_q90,Count-adjusted,172,0.0028275183997834574
radial_distance_q90,Count-adjusted,173,3.219672362426934
radial_distance_q90,Count-adjusted,174,1.3415827132724303
radial_distance_q90,Count-adjusted,175,0.02431417280700998
radial_distance_q90,Count-adjusted,176,1.0623988946792906
radial_distance_q90,Count-adjusted,177,0.009856411999521697
radial_distance_q90,Count-adjusted,178,0.8547546514223825
radial_distance_q90,Count-adjusted,179,2.186638141665753e-06
radial_distance_q90,Count-adjusted,180,0.12291144881817218
radial_distance_q90,Count-adjusted,181,0.24116371938254133
radial_distance_q90,Count-adjusted,182,1.6317706680211472
radial_distance_q90,Count-adjusted,183,0.061627827734810126
radial_distance_q90,Count-adjusted,184,8.193552503144019e-08
radial_distance_q90,Count-adjusted,185,1.7045418502057714
radial_distance_q90,Count-adjusted,186,0.0028768082565591158
radial_distance_q90,Count-adjusted,187,3.5424895115215236
radial_distance_q90,Count-adjusted,188,0.2883685834959806
radial_distance_q90,Count-adjusted,189,0.820330015068464
radial_distance_q90,Count-adjusted,190,0.23247364172738116
radial_distance_q90,Count-adjusted,191,0.09977274983103257
radial_distance_q90,Count-adjusted,192,0.17618502971293992
radial_distance_q90,Count-adjusted,193,1.170663352839881
radial_distance_q90,Count-adjusted,194,0.6813765112847534
radial_distance_q90,Count-adjusted,195,0.8041354764925472
radial_distance_q90,Count-adjusted,196,0.30031306316558926
radial_distance_q90,Count-adjusted,197,0.8205234158173198
radial_distance_q90,Count-adjusted,198,1.1028943661701192
radial_distance_q90,Count-adjusted,199,0.06313599591010188
radial_distance_q90,Count-adjusted,200,1.5060989283681465
radial_distance_q90,Count-adjusted,201,0.38019755353650453
radial_distance_q90,Count-adjusted,202,0.9823764345903783
radial_distance_q90,Count-adjusted,203,2.2627109367408025
radial_distance_q90,Count-adjusted,204,0.18654493285379203
radial_distance_q90,Count-adjusted,205,1.1956457797107305
radial_distance_q90,Count-adjusted,206,0.42997937914435624
radial_distance_q90,Count-adjusted,207,0.004668804530183479
radial_distance_q90,Count-adjusted,208,2.1441916266379053
radial_distance_q90,Count-adjusted,209,0.01941244659218455
radial_distance_q90,Count-adjusted,210,0.4955034384856276
radial_distance_q90,Count-adjusted,211,0.8591374430200744
radial_distance_q90,Count-adjusted,212,0.3679895349924891
radial_distance_q90,Count-adjusted,213,0.48424190641156883
radial_distance_q90,Count-adjusted,214,0.44658171761091126
radial_distance_q90,Count-adjusted,215,0.47271057962768737
radial_distance_q90,Count-adjusted,216,1.0319993324261532
radial_distance_q90,Count-adjusted,217,0.3038504942480813
radial_distance_q90,Count-adjusted,218,3.96274850799648
radial_distance_q90,Count-adjusted,219,0.3106914782873105
radial_distance_q90,Count-adjusted,220,0.2880876307132212
radial_distance_q90,Count-adjusted,221,0.6114097421537963
radial_distance_q90,Count-adjusted,222,0.28105346005094134
radial_distance_q90,Count-adjusted,223,3.806321288429217
radial_distance_q90,Count-adjusted,224,0.36816015370709465
radial_distance_q90,Count-adjusted,225,0.020526657388018066
radial_distance_q90,Count-adjusted,226,0.5196503733038753
radial_distance_q90,Count-adjusted,227,0.0034510095879056735
radial_distance_q90,Count-adjusted,228,1.5947755324986588
radial_distance_q90,Count-adjusted,229,1.6375637939554508
radial_distance_q90,Count-adjusted,230,1.4111953621267617
radial_distance_q90,Count-adjusted,231,1.5190763641509761
radial_distance_q90,Count-adjusted,232,5.264128888503194
radial_distance_q90,Count-adjusted,233,3.0685006490563183
radial_distance_q90,Count-adjusted,234,0.7469794609016844
radial_distance_q90,Count-adjusted,235,0.0219622286529102
radial_distance_q90,Count-adjusted,236,0.16337577799095016
radial_distance_q90,Count-adjusted,237,0.267775451705063
radial_distance_q90,Count-adjusted,238,0.09258845391775594
radial_distance_q90,Count-adjusted,239,0.5422532912177189
radial_distance_q90,Count-adjusted,240,0.006142536415268296
radial_distance_q90,Count-adjusted,241,0.3929484052501948
radial_distance_q90,Count-adjusted,242,0.6337562845706088
radial_distance_q90,Count-adjusted,243,3.59815196570986
radial_distance_q90,Count-adjusted,244,0.5274462449676776
radial_distance_q90,Count-adjusted,245,0.7345048058345469
radial_distance_q90,Count-adjusted,246,1.3891148717022475
radial_distance_q90,Count-adjusted,247,0.07939179679686958
radial_distance_q90,Count-adjusted,248,11.047132918827913
radial_distance_q90,Count-adjusted,249,0.14580753168399951
radial_distance_q90,Count-adjusted,250,0.2534143542364973
radial_distance_q90,Count-adjusted,251,0.4589224457615444
radial_distance_q90,Count-adjusted,252,4.6095973892556685
radial_distance_q90,Count-adjusted,253,0.8235404958149957
radial_distance_q90,Count-adjusted,254,0.08567911999580247
radial_distance_q90,Count-adjusted,255,0.45462744205548233
radial_distance_q90,Count-adjusted,256,0.42838964693720527
radial_distance_q90,Count-adjusted,257,1.841086483204009
radial_distance_q90,Count-adjusted,258,1.9882852747903144
radial_distance_q90,Count-adjusted,259,0.003398593849169629
radial_distance_q90,Count-adjusted,260,3.6351541815960786
radial_distance_q90,Count-adjusted,261,0.012756892759085758
radial_distance_q90,Count-adjusted,262,2.334911430424029
radial_distance_q90,Count-adjusted,263,0.3673583508813181
radial_distance_q90,Count-adjusted,264,3.2018563542913796
radial_distance_q90,Count-adjusted,265,0.09565753999083881
radial_distance_q90,Count-adjusted,266,0.8277019892883573
radial_distance_q90,Count-adjusted,267,0.7822859073186805
radial_distance_q90,Count-adjusted,268,0.26036230868697885
radial_distance_q90,Count-adjusted,269,0.4653891460233126
radial_distance_q90,Count-adjusted,270,0.27913807025782944
radial_distance_q90,Count-adjusted,271,0.010430568422236774
radial_distance_q90,Count-adjusted,272,0.02467568348373561
radial_distance_q90,Count-adjusted,273,0.2971219328318284
radial_distance_q90,Count-adjusted,274,0.06579514055255231
radial_distance_q90,Count-adjusted,275,0.02805293007236287
radial_distance_q90,Count-adjusted,276,0.007498624070194637
radial_distance_q90,Count-adjusted,277,1.2529793697947866
radial_distance_q90,Count-adjusted,278,2.2606522042294728
radial_distance_q90,Count-adjusted,279,0.026993853204515972
radial_distance_q90,Count-adjusted,280,0.04514908930997308
radial_distance_q90,Count-adjusted,281,0.4054842017948488
radial_distance_q90,Count-adjusted,282,1.1015456699128094
radial_distance_q90,Count-adjusted,283,1.597381868772061
radial_distance_q90,Count-adjusted,284,0.20057851817841765
radial_distance_q90,Count-adjusted,285,0.23964715740777365
radial_distance_q90,Count-adjusted,286,1.0781332677250361
radial_distance_q90,Count-adjusted,287,6.689913078136101
radial_distance_q90,Count-adjusted,288,3.949727972197536
radial_distance_q90,Count-adjusted,289,0.0003707134420380953
radial_distance_q90,Count-adjusted,290,0.17400808587137817
radial_distance_q90,Count-adjusted,291,0.27307118217783
radial_distance_q90,Count-adjusted,292,0.35077254160103166
radial_distance_q90,Count-adjusted,293,1.4433677209781308
radial_distance_q90,Count-adjusted,294,1.2501850976101423
radial_distance_q90,Count-adjusted,295,0.023459104740851444
radial_distance_q90,Count-adjusted,296,0.3547695926150709
radial_distance_q90,Count-adjusted,297,0.02329055198902097
radial_distance_q90,Count-adjusted,298,0.8487201423157558
radial_distance_q90,Count-adjusted,299,0.03256038888901003
radial_distance_q90,Count-adjusted,300,0.010417065637454925
radial_distance_q90,Count-adjusted,301,0.6190041486455016
radial_distance_q90,Count-adjusted,302,0.2962448497336254
radial_distance_q90,Count-adjusted,303,0.8249319739007319
radial_distance_q90,Count-adjusted,304,0.36467906706235453
radial_distance_q90,Count-adjusted,305,0.5586919697719281
radial_distance_q90,Count-adjusted,306,0.17213884609139996
radial_distance_q90,Count-adjusted,307,0.009034659968676806
radial_distance_q90,Count-adjusted,308,2.1681702470457083
radial_distance_q90,Count-adjusted,309,0.13889707448487343
radial_distance_q90,Count-adjusted,310,0.8491182121970269
radial_distance_q90,Count-adjusted,311,1.1186378075209404
radial_distance_q90,Count-adjusted,312,0.8644950406696807
radial_distance_q90,Count-adjusted,313,0.13386679306893257
radial_distance_q90,Count-adjusted,314,1.4821737313725976
radial_distance_q90,Count-adjusted,315,0.20448015780820583
radial_distance_q90,Count-adjusted,316,4.438262831252814
radial_distance_q90,Count-adjusted,317,1.3103431228955742e-08
radial_distance_q90,Count-adjusted,318,0.6684112860046412
radial_distance_q90,Count-adjusted,319,6.09289575899993
radial_distance_q90,Count-adjusted,320,0.18511792398672355
radial_distance_q90,Count-adjusted,321,0.5160250172074825
radial_distance_q90,Count-adjusted,322,1.7035648718344873
radial_distance_q90,Count-adjusted,323,2.391402533958285
radial_distance_q90,Count-adjusted,324,0.12547549687423043
radial_distance_q90,Count-adjusted,325,1.7022692462563782
radial_distance_q90,Count-adjusted,326,1.6483600565718461
radial_distance_q90,Count-adjusted,327,1.6103412528377135
radial_distance_q90,Count-adjusted,328,0.19436582010939674
radial_distance_q90,Count-adjusted,329,6.82160455401106
radial_distance_q90,Count-adjusted,330,0.0022767840520714344
radial_distance_q90,Count-adjusted,331,0.10867670885505731
radial_distance_q90,Count-adjusted,332,0.00796471014581357
radial_distance_q90,Count-adjusted,333,0.2356877984978496
radial_distance_q90,Count-adjusted,334,0.6584133109719232
radial_distance_q90,Count-adjusted,335,0.12754472491346291
radial_distance_q90,Count-adjusted,336,0.025658679736125123
radial_distance_q90,Count-adjusted,337,5.558902092661839
radial_distance_q90,Count-adjusted,338,0.38265621162202024
radial_distance_q90,Count-adjusted,339,0.7903457649088352
radial_distance_q90,Count-adjusted,340,0.031612373762982315
radial_distance_q90,Count-adjusted,341,1.3099121618997174
radial_distance_q90,Count-adjusted,342,2.23760894161569
radial_distance_q90,Count-adjusted,343,0.09732931979317527
radial_distance_q90,Count-adjusted,344,0.5265376301248921
radial_distance_q90,Count-adjusted,345,0.6936292259230186
radial_distance_q90,Count-adjusted,346,1.3997437273804394
radial_distance_q90,Count-adjusted,347,1.886950548069251
radial_distance_q90,Count-adjusted,348,0.3268845832055831
radial_distance_q90,Count-adjusted,349,0.18352598155780697
radial_distance_q90,Count-adjusted,350,0.0022324260157233766
radial_distance_q90,Count-adjusted,351,0.32038525783860905
radial_distance_q90,Count-adjusted,352,0.623618018967818
radial_distance_q90,Count-adjusted,353,0.01566743113778557
radial_distance_q90,Count-adjusted,354,0.9921575259145357
radial_distance_q90,Count-adjusted,355,0.0011096539621462398
radial_distance_q90,Count-adjusted,356,0.38423840677748444
radial_distance_q90,Count-adjusted,357,0.3126127076427565
radial_distance_q90,Count-adjusted,358,0.17385502816961207
radial_distance_q90,Count-adjusted,359,0.6770364289138229
radial_distance_q90,Count-adjusted,360,0.4552550879897126
radial_distance_q90,Count-adjusted,361,0.6070639091948351
radial_distance_q90,Count-adjusted,362,0.04235563061473613
radial_distance_q90,Count-adjusted,363,0.1684071223979231
radial_distance_q90,Count-adjusted,364,0.3596412085117322
radial_distance_q90,Count-adjusted,365,0.9219154707409416
radial_distance_q90,Count-adjusted,366,0.011425554126162751
radial_distance_q90,Count-adjusted,367,3.465722061202996
radial_distance_q90,Count-adjusted,368,0.32013846880045094
radial_distance_q90,Count-adjusted,369,0.08774667040478334
radial_distance_q90,Count-adjusted,370,0.009584104547286643
radial_distance_q90,Count-adjusted,371,0.43391389829039895
radial_distance_q90,Count-adjusted,372,3.3349075340992727
radial_distance_q90,Count-adjusted,373,0.006474782745527818
radial_distance_q90,Count-adjusted,374,0.7497877985300079
radial_distance_q90,Count-adjusted,375,3.6345912723827496
radial_distance_q90,Count-adjusted,376,0.015305754687631179
radial_distance_q90,Count-adjusted,377,3.424100885796946
radial_distance_q90,Count-adjusted,378,1.3777075159339915
radial_distance_q90,Count-adjusted,379,1.0207772237054087
radial_distance_q90,Count-adjusted,380,0.7874687671661036
radial_distance_q90,Count-adjusted,381,0.4203192800619888
radial_distance_q90,Count-adjusted,382,0.7074865801945407
radial_distance_q90,Count-adjusted,383,1.6386222512913093
radial_distance_q90,Count-adjusted,384,0.07858039588973043
radial_distance_q90,Count-adjusted,385,0.41645143493798287
radial_distance_q90,Count-adjusted,386,0.0326813941374553
radial_distance_q90,Count-adjusted,387,0.5006802736832583
radial_distance_q90,Count-adjusted,388,1.1616319263434036
radial_distance_q90,Count-adjusted,389,0.09829884312341619
radial_distance_q90,Count-adjusted,390,4.612539427171953
radial_distance_q90,Count-adjusted,391,1.224344398650544
radial_distance_q90,Count-adjusted,392,0.6488574296607226
radial_distance_q90,Count-adjusted,393,0.11530963598795552
radial_distance_q90,Count-adjusted,394,0.2436166393128758
radial_distance_q90,Count-adjusted,395,0.16233051820387345
radial_distance_q90,Count-adjusted,396,0.0603283561086414
radial_distance_q90,Count-adjusted,397,0.10000287555413934
radial_distance_q90,Count-adjusted,398,0.3521783820316955
radial_distance_q90,Count-adjusted,399,1.024741795297814
radial_distance_q90,Count-adjusted,400,8.243935076028919
radial_distance_q90,Count-adjusted,401,0.034349042386509154
radial_distance_q90,Count-adjusted,402,0.2882356026899515
radial_distance_q90,Count-adjusted,403,0.08087497457495374
radial_distance_q90,Count-adjusted,404,3.556182062498067
radial_distance_q90,Count-adjusted,405,1.0046914756541696
radial_distance_q90,Count-adjusted,406,0.02148425027422718
radial_distance_q90,Count-adjusted,407,0.7023206009644696
radial_distance_q90,Count-adjusted,408,0.3411712651615062
radial_distance_q90,Count-adjusted,409,0.12969895852273794
radial_distance_q90,Count-adjusted,410,1.0050151199028505
radial_distance_q90,Count-adjusted,411,0.00010192886685445046
radial_distance_q90,Count-adjusted,412,0.16636855146981588
radial_distance_q90,Count-adjusted,413,1.5020489640489245
radial_distance_q90,Count-adjusted,414,8.887898386882256
radial_distance_q90,Count-adjusted,415,0.0016351081843595239
radial_distance_q90,Count-adjusted,416,1.4103664208018927
radial_distance_q90,Count-adjusted,417,0.4819262678425389
radial_distance_q90,Count-adjusted,418,3.3127464883516495
radial_distance_q90,Count-adjusted,419,0.6393778598647373
radial_distance_q90,Count-adjusted,420,1.9495656508174193
radial_distance_q90,Count-adjusted,421,0.4393285947513732
radial_distance_q90,Count-adjusted,422,0.03378097017065329
radial_distance_q90,Count-adjusted,423,0.005166687339908549
radial_distance_q90,Count-adjusted,424,4.055990812737207
radial_distance_q90,Count-adjusted,425,0.056620936614933726
radial_distance_q90,Count-adjusted,426,0.004253279347892658
radial_distance_q90,Count-adjusted,427,0.4192803216774905
radial_distance_q90,Count-adjusted,428,1.8126724167922816
radial_distance_q90,Count-adjusted,429,0.046047800798646676
radial_distance_q90,Count-adjusted,430,0.6211248083515102
radial_distance_q90,Count-adjusted,431,1.5818370641924844
radial_distance_q90,Count-adjusted,432,0.1438633308097792
radial_distance_q90,Count-adjusted,433,1.6030093747235696
radial_distance_q90,Count-adjusted,434,6.584332313162861
radial_distance_q90,Count-adjusted,435,1.6387519597855658
radial_distance_q90,Count-adjusted,436,0.01556376787186764
radial_distance_q90,Count-adjusted,437,0.001181446357634286
radial_distance_q90,Count-adjusted,438,1.7511926695935358
radial_distance_q90,Count-adjusted,439,2.180085390394936
radial_distance_q90,Count-adjusted,440,0.5525674811041767
radial_distance_q90,Count-adjusted,441,1.2565013925245125
radial_distance_q90,Count-adjusted,442,1.5248906881430742
radial_distance_q90,Count-adjusted,443,0.077215738450775
radial_distance_q90,Count-adjusted,444,0.10619134398220353
radial_distance_q90,Count-adjusted,445,0.7860815309110762
radial_distance_q90,Count-adjusted,446,0.006080601581459177
radial_distance_q90,Count-adjusted,447,0.17763854452255146
radial_distance_q90,Count-adjusted,448,1.3070670247676617
radial_distance_q90,Count-adjusted,449,0.016324476059025983
radial_distance_q90,Count-adjusted,450,1.1492796505584693
radial_distance_q90,Count-adjusted,451,1.821905383849753
radial_distance_q90,Count-adjusted,452,0.10422497656827545
radial_distance_q90,Count-adjusted,453,5.988912487381583
radial_distance_q90,Count-adjusted,454,0.7420137604208321
radial_distance_q90,Count-adjusted,455,1.413061193575345
radial_distance_q90,Count-adjusted,456,0.010911400217651135
radial_distance_q90,Count-adjusted,457,1.2697544821133988
radial_distance_q90,Count-adjusted,458,0.07613024250866829
radial_distance_q90,Count-adjusted,459,1.0190408397256192
radial_distance_q90,Count-adjusted,460,1.8938973148026435
radial_distance_q90,Count-adjusted,461,0.0037562778616688774
radial_distance_q90,Count-adjusted,462,0.819818295537857
radial_distance_q90,Count-adjusted,463,2.1045996422585347
radial_distance_q90,Count-adjusted,464,3.6953315076490867
radial_distance_q90,Count-adjusted,465,0.07701143731384263
radial_distance_q90,Count-adjusted,466,1.3880810383493554
radial_distance_q90,Count-adjusted,467,0.34600394727380035
radial_distance_q90,Count-adjusted,468,0.7285821397125574
radial_distance_q90,Count-adjusted,469,0.02927262583494894
radial_distance_q90,Count-adjusted,470,4.87068322295255
radial_distance_q90,Count-adjusted,471,0.6198050546358331
radial_distance_q90,Count-adjusted,472,1.1091255098754687
radial_distance_q90,Count-adjusted,473,1.3525078420029217
radial_distance_q90,Count-adjusted,474,2.523186859181891
radial_distance_q90,Count-adjusted,475,1.3946852679685549
radial_distance_q90,Count-adjusted,476,7.90678922919696
radial_distance_q90,Count-adjusted,477,0.20007169480288667
radial_distance_q90,Count-adjusted,478,7.453162900278329
radial_distance_q90,Count-adjusted,479,0.3539838490978582
radial_distance_q90,Count-adjusted,480,0.25165072886645135
radial_distance_q90,Count-adjusted,481,0.37926252530448323
radial_distance_q90,Count-adjusted,482,2.137210939587476
radial_distance_q90,Count-adjusted,483,0.688555178839465
radial_distance_q90,Count-adjusted,484,0.8370611872157951
radial_distance_q90,Count-adjusted,485,0.18888405715838985
radial_distance_q90,Count-adjusted,486,0.8055870401053085
radial_distance_q90,Count-adjusted,487,2.2584028447630544
radial_distance_q90,Count-adjusted,488,0.22349521392311544
radial_distance_q90,Count-adjusted,489,3.4275343221963226
radial_distance_q90,Count-adjusted,490,0.07172092063160562
radial_distance_q90,Count-adjusted,491,0.004244256159267934
radial_distance_q90,Count-adjusted,492,7.061071271030016
radial_distance_q90,Count-adjusted,493,2.4592725371774407
radial_distance_q90,Count-adjusted,494,0.021520703085002424
radial_distance_q90,Count-adjusted,495,0.6187881337623935
radial_distance_q90,Count-adjusted,496,0.7288517259215723
radial_distance_q90,Count-adjusted,497,0.03562347088001161
radial_distance_q90,Count-adjusted,498,0.7510389364518915
radial_distance_q90,Count-adjusted,499,0.00022885061213173685
radial_distance_q90,Count-adjusted,500,0.2104431500050623
radial_distance_q90,Count-adjusted,501,13.790113071975242
radial_distance_q90,Count-adjusted,502,0.0019993534903619548
radial_distance_q90,Count-adjusted,503,0.38567346701421457
radial_distance_q90,Count-adjusted,504,0.03019225213114396
radial_distance_q90,Count-adjusted,505,0.0008830119463709707
radial_distance_q90,Count-adjusted,506,0.019634429961001842
radial_distance_q90,Count-adjusted,507,1.1150200239621597
radial_distance_q90,Count-adjusted,508,0.7321991743955891
radial_distance_q90,Count-adjusted,509,2.812160813409548
radial_distance_q90,Count-adjusted,510,3.421001761265245
radial_distance_q90,Count-adjusted,511,0.006472525683449248
radial_distance_q90,Count-adjusted,512,0.7342740527450928
radial_distance_q90,Count-adjusted,513,0.8227870544023403
radial_distance_q90,Count-adjusted,514,0.5018464906711984
radial_distance_q90,Count-adjusted,515,0.013418385578461312
radial_distance_q90,Count-adjusted,516,0.19821233661701854
radial_distance_q90,Count-adjusted,517,5.378584116140587
radial_distance_q90,Count-adjusted,518,0.02736523239059352
radial_distance_q90,Count-adjusted,519,0.7021944763480406
radial_distance_q90,Count-adjusted,520,0.9933485216161273
radial_distance_q90,Count-adjusted,521,1.0078347450615297
radial_distance_q90,Count-adjusted,522,0.0019622751197516664
radial_distance_q90,Count-adjusted,523,0.23282267073236085
radial_distance_q90,Count-adjusted,524,1.6498742738679653
radial_distance_q90,Count-adjusted,525,0.0013568989498367046
radial_distance_q90,Count-adjusted,526,1.2057110197541192
radial_distance_q90,Count-adjusted,527,0.1293636886200602
radial_distance_q90,Count-adjusted,528,1.615838862485873
radial_distance_q90,Count-adjusted,529,0.0033672130404625022
radial_distance_q90,Count-adjusted,530,0.0015658381233834007
radial_distance_q90,Count-adjusted,531,1.7120265259242728
radial_distance_q90,Count-adjusted,532,4.850299433201144e-07
radial_distance_q90,Count-adjusted,533,0.0007654066051827613
radial_distance_q90,Count-adjusted,534,0.1749497698232858
radial_distance_q90,Count-adjusted,535,0.06055490742267011
radial_distance_q90,Count-adjusted,536,0.20472752055724186
radial_distance_q90,Count-adjusted,537,1.2087341744479545
radial_distance_q90,Count-adjusted,538,1.9204863081461667
radial_distance_q90,Count-adjusted,539,0.027488050434385514
radial_distance_q90,Count-adjusted,540,0.059545600123954046
radial_distance_q90,Count-adjusted,541,0.5174988009370054
radial_distance_q90,Count-adjusted,542,0.19683672733725643
radial_distance_q90,Count-adjusted,543,0.03964065405085648
radial_distance_q90,Count-adjusted,544,0.4044548780459536
radial_distance_q90,Count-adjusted,545,0.00679501867136878
radial_distance_q90,Count-adjusted,546,0.6550956423689911
radial_distance_q90,Count-adjusted,547,0.2749475452144452
radial_distance_q90,Count-adjusted,548,9.495061704922847
radial_distance_q90,Count-adjusted,549,0.2018530140051098
radial_distance_q90,Count-adjusted,550,0.05367204626162447
radial_distance_q90,Count-adjusted,551,1.8723112233645907
radial_distance_q90,Count-adjusted,552,0.26837014022481753
radial_distance_q90,Count-adjusted,553,0.4974352413565839
radial_distance_q90,Count-adjusted,554,3.5351874954484686
radial_distance_q90,Count-adjusted,555,1.64169827276055
radial_distance_q90,Count-adjusted,556,1.1909283359774179
radial_distance_q90,Count-adjusted,557,0.09501097158704397
radial_distance_q90,Count-adjusted,558,0.024350189472443162
radial_distance_q90,Count-adjusted,559,1.5477792837831146
radial_distance_q90,Count-adjusted,560,0.1828476218099695
radial_distance_q90,Count-adjusted,561,0.050366191217534606
radial_distance_q90,Count-adjusted,562,4.360321972223403
radial_distance_q90,Count-adjusted,563,0.07947131322526957
radial_distance_q90,Count-adjusted,564,0.02357830073265177
radial_distance_q90,Count-adjusted,565,0.11277520479899295
radial_distance_q90,Count-adjusted,566,0.0006386855989717333
radial_distance_q90,Count-adjusted,567,0.2759573038606504
radial_distance_q90,Count-adjusted,568,0.02808386912658989
radial_distance_q90,Count-adjusted,569,0.4355825610433044
radial_distance_q90,Count-adjusted,570,0.450905121002279
radial_distance_q90,Count-adjusted,571,1.2711914939079918
radial_distance_q90,Count-adjusted,572,0.022442422491025127
radial_distance_q90,Count-adjusted,573,0.3712307216105728
radial_distance_q90,Count-adjusted,574,0.0046438865564368825
radial_distance_q90,Count-adjusted,575,1.2295808214441308
radial_distance_q90,Count-adjusted,576,1.190623512653758
radial_distance_q90,Count-adjusted,577,3.0114461134029398
radial_distance_q90,Count-adjusted,578,0.7967603177219189
radial_distance_q90,Count-adjusted,579,1.3035758898494976
radial_distance_q90,Count-adjusted,580,0.03711667246921024
radial_distance_q90,Count-adjusted,581,5.6057672493987525
radial_distance_q90,Count-adjusted,582,0.07092145071999312
radial_distance_q90,Count-adjusted,583,0.17695239147727193
radial_distance_q90,Count-adjusted,584,4.453135539543098
radial_distance_q90,Count-adjusted,585,0.3001909880960909
radial_distance_q90,Count-adjusted,586,6.326638278654514
radial_distance_q90,Count-adjusted,587,0.9993765260671807
radial_distance_q90,Count-adjusted,588,3.696107622835143
radial_distance_q90,Count-adjusted,589,1.4864026171662772
radial_distance_q90,Count-adjusted,590,0.22736701616295818
radial_distance_q90,Count-adjusted,591,0.9819447950894755
radial_distance_q90,Count-adjusted,592,5.301192444687217
radial_distance_q90,Count-adjusted,593,0.2965542682554201
radial_distance_q90,Count-adjusted,594,0.4363886259424703
radial_distance_q90,Count-adjusted,595,0.38462252617875947
radial_distance_q90,Count-adjusted,596,0.17927945775818444
radial_distance_q90,Count-adjusted,597,0.2723411476935098
radial_distance_q90,Count-adjusted,598,0.01499240711729044
radial_distance_q90,Count-adjusted,599,0.1943522077402804
radial_distance_q90,Count-adjusted,600,1.0922312451600078
radial_distance_q90,Count-adjusted,601,0.7941582889416452
radial_distance_q90,Count-adjusted,602,4.392415848997189e-05
radial_distance_q90,Count-adjusted,603,1.5156169862113984
radial_distance_q90,Count-adjusted,604,0.3025701569656576
radial_distance_q90,Count-adjusted,605,0.2211786021058515
radial_distance_q90,Count-adjusted,606,0.14488450229606542
radial_distance_q90,Count-adjusted,607,1.6016661639653194
radial_distance_q90,Count-adjusted,608,0.12622391449451698
radial_distance_q90,Count-adjusted,609,0.7662630158741024
radial_distance_q90,Count-adjusted,610,0.5471791538724347
radial_distance_q90,Count-adjusted,611,0.002016726627061871
radial_distance_q90,Count-adjusted,612,0.5589239672025599
radial_distance_q90,Count-adjusted,613,0.0031817994649259163
radial_distance_q90,Count-adjusted,614,0.0030709939275084253
radial_distance_q90,Count-adjusted,615,0.12216422689729711
radial_distance_q90,Count-adjusted,616,0.47177574628778984
radial_distance_q90,Count-adjusted,617,0.0037170264377834883
radial_distance_q90,Count-adjusted,618,2.5792005702919596
radial_distance_q90,Count-adjusted,619,2.9977968962139983
radial_distance_q90,Count-adjusted,620,0.0009787499963920254
radial_distance_q90,Count-adjusted,621,0.887954362030257
radial_distance_q90,Count-adjusted,622,0.2364199342957818
radial_distance_q90,Count-adjusted,623,0.5024240759740337
radial_distance_q90,Count-adjusted,624,0.5413204753485843
radial_distance_q90,Count-adjusted,625,0.8058793149308769
radial_distance_q90,Count-adjusted,626,0.14386454946992444
radial_distance_q90,Count-adjusted,627,0.06160395620821646
radial_distance_q90,Count-adjusted,628,0.6328306479903745
radial_distance_q90,Count-adjusted,629,1.2412146422262822
radial_distance_q90,Count-adjusted,630,0.5172097706974341
radial_distance_q90,Count-adjusted,631,0.3275115632611687
radial_distance_q90,Count-adjusted,632,0.0010297444574121073
radial_distance_q90,Count-adjusted,633,1.0300668461977693
radial_distance_q90,Count-adjusted,634,0.8132973251986755
radial_distance_q90,Count-adjusted,635,0.26853929622399164
radial_distance_q90,Count-adjusted,636,0.06747013406572933
radial_distance_q90,Count-adjusted,637,0.09229016698620285
radial_distance_q90,Count-adjusted,638,0.023447949511648858
radial_distance_q90,Count-adjusted,639,1.9601417085575008
radial_distance_q90,Count-adjusted,640,1.9658942431698279
radial_distance_q90,Count-adjusted,641,1.135531074947096
radial_distance_q90,Count-adjusted,642,0.10365115986067508
radial_distance_q90,Count-adjusted,643,9.764136086687358e-05
radial_distance_q90,Count-adjusted,644,1.8508036428991659
radial_distance_q90,Count-adjusted,645,1.3383559272281786
radial_distance_q90,Count-adjusted,646,0.036572757686542445
radial_distance_q90,Count-adjusted,647,0.06030149499201798
radial_distance_q90,Count-adjusted,648,0.026345699097362285
radial_distance_q90,Count-adjusted,649,3.8402567539860684
radial_distance_q90,Count-adjusted,650,5.80468400812606e-06
radial_distance_q90,Count-adjusted,651,0.2221667986821103
radial_distance_q90,Count-adjusted,652,0.3683331713329778
radial_distance_q90,Count-adjusted,653,1.894134332006871
radial_distance_q90,Count-adjusted,654,1.3664467876585604
radial_distance_q90,Count-adjusted,655,0.10498549043467165
radial_distance_q90,Count-adjusted,656,0.39432874706920984
radial_distance_q90,Count-adjusted,657,0.3878828373372585
radial_distance_q90,Count-adjusted,658,3.3124257891370803
radial_distance_q90,Count-adjusted,659,6.138312289238854
radial_distance_q90,Count-adjusted,660,0.42887724990680454
radial_distance_q90,Count-adjusted,661,0.11057302969959437
radial_distance_q90,Count-adjusted,662,0.05666923167791538
radial_distance_q90,Count-adjusted,663,0.18207337755865183
radial_distance_q90,Count-adjusted,664,0.12458752175987797
radial_distance_q90,Count-adjusted,665,0.118358106199139
radial_distance_q90,Count-adjusted,666,0.06858119360333603
radial_distance_q90,Count-adjusted,667,0.0034383441987984042
radial_distance_q90,Count-adjusted,668,3.012571373335163
radial_distance_q90,Count-adjusted,669,2.112711919476453
radial_distance_q90,Count-adjusted,670,0.9118531271763004
radial_distance_q90,Count-adjusted,671,0.5096503651901116
radial_distance_q90,Count-adjusted,672,0.0004501958139258022
radial_distance_q90,Count-adjusted,673,0.22430488645517244
radial_distance_q90,Count-adjusted,674,2.6304446855049832
radial_distance_q90,Count-adjusted,675,0.02264453106226938
radial_distance_q90,Count-adjusted,676,1.4283585036984618
radial_distance_q90,Count-adjusted,677,0.7163758414820336
radial_distance_q90,Count-adjusted,678,1.294174058541273
radial_distance_q90,Count-adjusted,679,1.1891853114048843
radial_distance_q90,Count-adjusted,680,3.7619910398355785
radial_distance_q90,Count-adjusted,681,0.024820033723244705
radial_distance_q90,Count-adjusted,682,1.4973296676601535
radial_distance_q90,Count-adjusted,683,1.1875336076847134
radial_distance_q90,Count-adjusted,684,2.4580545283552624
radial_distance_q90,Count-adjusted,685,1.2117006666544512
radial_distance_q90,Count-adjusted,686,0.41759055302679826
radial_distance_q90,Count-adjusted,687,0.011179590118160831
radial_distance_q90,Count-adjusted,688,1.336628708727261
radial_distance_q90,Count-adjusted,689,0.24219195517395065
radial_distance_q90,Count-adjusted,690,0.6918114400710351
radial_distance_q90,Count-adjusted,691,0.8262561665601993
radial_distance_q90,Count-adjusted,692,0.041430899926126585
radial_distance_q90,Count-adjusted,693,0.007103111508911297
radial_distance_q90,Count-adjusted,694,6.470660044659837
radial_distance_q90,Count-adjusted,695,0.10699734210624001
radial_distance_q90,Count-adjusted,696,0.01937471742400021
radial_distance_q90,Count-adjusted,697,0.5691332878598132
radial_distance_q90,Count-adjusted,698,1.5365989517417802
radial_distance_q90,Count-adjusted,699,2.0006903124672704
radial_distance_q90,Count-adjusted,700,0.6797904026377068
radial_distance_q90,Count-adjusted,701,0.5140123944967172
radial_distance_q90,Count-adjusted,702,0.017712701346454196
radial_distance_q90,Count-adjusted,703,0.014061581814985402
radial_distance_q90,Count-adjusted,704,1.6649357206607078
radial_distance_q90,Count-adjusted,705,0.028769508038521963
radial_distance_q90,Count-adjusted,706,0.16962225156783006
radial_distance_q90,Count-adjusted,707,2.4638129138578506
radial_distance_q90,Count-adjusted,708,0.0950319285407204
radial_distance_q90,Count-adjusted,709,5.186594172962515
radial_distance_q90,Count-adjusted,710,0.016207263610340306
radial_distance_q90,Count-adjusted,711,3.3921736753918026
radial_distance_q90,Count-adjusted,712,0.37998467673907044
radial_distance_q90,Count-adjusted,713,6.672081402130573
radial_distance_q90,Count-adjusted,714,1.2899689409865687
radial_distance_q90,Count-adjusted,715,0.8873017601039237
radial_distance_q90,Count-adjusted,716,1.1732906240446255
radial_distance_q90,Count-adjusted,717,0.0002149289476847116
radial_distance_q90,Count-adjusted,718,0.10527050202585997
radial_distance_q90,Count-adjusted,719,0.5884712255242448
radial_distance_q90,Count-adjusted,720,0.4496569676183526
radial_distance_q90,Count-adjusted,721,2.091610577823303
radial_distance_q90,Count-adjusted,722,0.1759421329082329
radial_distance_q90,Count-adjusted,723,0.5853693686423185
radial_distance_q90,Count-adjusted,724,0.11238716708595575
radial_distance_q90,Count-adjusted,725,0.7095449939469063
radial_distance_q90,Count-adjusted,726,0.9128633281280827
radial_distance_q90,Count-adjusted,727,5.830361388012989
radial_distance_q90,Count-adjusted,728,0.006321954244867811
radial_distance_q90,Count-adjusted,729,0.4270329647927156
radial_distance_q90,Count-adjusted,730,0.07100634511868975
radial_distance_q90,Count-adjusted,731,0.7223809877131657
radial_distance_q90,Count-adjusted,732,0.042557299202883314
radial_distance_q90,Count-adjusted,733,0.18114206110249143
radial_distance_q90,Count-adjusted,734,0.8370063871449815
radial_distance_q90,Count-adjusted,735,0.0008064726013117252
radial_distance_q90,Count-adjusted,736,4.11410469095145
radial_distance_q90,Count-adjusted,737,0.08065530094972928
radial_distance_q90,Count-adjusted,738,5.159242985881463
radial_distance_q90,Count-adjusted,739,0.02011769364327165
radial_distance_q90,Count-adjusted,740,1.0931834121340103
radial_distance_q90,Count-adjusted,741,0.003938353867681599
radial_distance_q90,Count-adjusted,742,0.9125398414187202
radial_distance_q90,Count-adjusted,743,0.002961742854267868
radial_distance_q90,Count-adjusted,744,0.0660080637593694
radial_distance_q90,Count-adjusted,745,2.229188827028281
radial_distance_q90,Count-adjusted,746,0.00189387829763632
radial_distance_q90,Count-adjusted,747,0.25802822973895445
radial_distance_q90,Count-adjusted,748,2.682871196711176
radial_distance_q90,Count-adjusted,749,0.007363997188917892
radial_distance_q90,Count-adjusted,750,1.4795370350599342
radial_distance_q90,Count-adjusted,751,0.9531126723152852
radial_distance_q90,Count-adjusted,752,19.0443738523756
radial_distance_q90,Count-adjusted,753,5.290016135093538
radial_distance_q90,Count-adjusted,754,0.19591466861331241
radial_distance_q90,Count-adjusted,755,1.16548689803642
radial_distance_q90,Count-adjusted,756,0.060135691924529056
radial_distance_q90,Count-adjusted,757,0.20225410081445716
radial_distance_q90,Count-adjusted,758,1.8189914738426296
radial_distance_q90,Count-adjusted,759,0.8990707381228162
radial_distance_q90,Count-adjusted,760,6.433570808894729e-05
radial_distance_q90,Count-adjusted,761,0.24342983054611977
radial_distance_q90,Count-adjusted,762,0.05377578227438562
radial_distance_q90,Count-adjusted,763,0.506738514250344
radial_distance_q90,Count-adjusted,764,0.2752120021951896
radial_distance_q90,Count-adjusted,765,1.0286321446513966
radial_distance_q90,Count-adjusted,766,0.24168229242081907
radial_distance_q90,Count-adjusted,767,0.014203893463729855
radial_distance_q90,Count-adjusted,768,0.06166961747175037
radial_distance_q90,Count-adjusted,769,0.020258371495458505
radial_distance_q90,Count-adjusted,770,0.5750711352000906
radial_distance_q90,Count-adjusted,771,0.21505320258501115
radial_distance_q90,Count-adjusted,772,0.2722997058626788
radial_distance_q90,Count-adjusted,773,5.20555338393865
radial_distance_q90,Count-adjusted,774,3.2397446058907917
radial_distance_q90,Count-adjusted,775,0.011980766331987525
radial_distance_q90,Count-adjusted,776,0.14357000823210342
radial_distance_q90,Count-adjusted,777,0.00013376427818911907
radial_distance_q90,Count-adjusted,778,0.8203103802502483
radial_distance_q90,Count-adjusted,779,0.06658042525555175
radial_distance_q90,Count-adjusted,780,0.13032176809352336
radial_distance_q90,Count-adjusted,781,0.969699894060227
radial_distance_q90,Count-adjusted,782,1.4501173950520752e-07
radial_distance_q90,Count-adjusted,783,0.47857423388984444
radial_distance_q90,Count-adjusted,784,2.7288173316312054
radial_distance_q90,Count-adjusted,785,0.313146168793935
radial_distance_q90,Count-adjusted,786,1.312846111898125
radial_distance_q90,Count-adjusted,787,0.2932371439611927
radial_distance_q90,Count-adjusted,788,0.33934077804090634
radial_distance_q90,Count-adjusted,789,1.2988281185757842
radial_distance_q90,Count-adjusted,790,2.4640379420829674
radial_distance_q90,Count-adjusted,791,0.3988912022883824
radial_distance_q90,Count-adjusted,792,2.214575879877998
radial_distance_q90,Count-adjusted,793,1.249152874337227
radial_distance_q90,Count-adjusted,794,0.45743168594572126
radial_distance_q90,Count-adjusted,795,2.81105116628828
radial_distance_q90,Count-adjusted,796,2.197567614814261
radial_distance_q90,Count-adjusted,797,0.586558925483871
radial_distance_q90,Count-adjusted,798,1.0007945106204943
radial_distance_q90,Count-adjusted,799,3.290744155074833
radial_distance_q90,Count-adjusted,800,0.8020509828965032
radial_distance_q90,Count-adjusted,801,0.12310339099121848
radial_distance_q90,Count-adjusted,802,2.315698959202223
radial_distance_q90,Count-adjusted,803,0.3075417821567612
radial_distance_q90,Count-adjusted,804,0.10823343392405604
radial_distance_q90,Count-adjusted,805,1.2043081601257768
radial_distance_q90,Count-adjusted,806,0.1435477586288414
radial_distance_q90,Count-adjusted,807,0.3964612810860899
radial_distance_q90,Count-adjusted,808,0.5251884380617469
radial_distance_q90,Count-adjusted,809,4.8667123237983105
radial_distance_q90,Count-adjusted,810,0.014033710244319764
radial_distance_q90,Count-adjusted,811,2.7046941197700676
radial_distance_q90,Count-adjusted,812,0.25929207149260947
radial_distance_q90,Count-adjusted,813,0.30406168782644727
radial_distance_q90,Count-adjusted,814,1.3856320160612654
radial_distance_q90,Count-adjusted,815,0.6532543289416708
radial_distance_q90,Count-adjusted,816,0.8070461184095734
radial_distance_q90,Count-adjusted,817,3.1629361205210103
radial_distance_q90,Count-adjusted,818,0.1246296058256462
radial_distance_q90,Count-adjusted,819,0.31474453807237524
radial_distance_q90,Count-adjusted,820,1.7311459474771027
radial_distance_q90,Count-adjusted,821,0.29876189013748444
radial_distance_q90,Count-adjusted,822,0.06761413363358315
radial_distance_q90,Count-adjusted,823,1.1588733739978352
radial_distance_q90,Count-adjusted,824,1.367589127714183
radial_distance_q90,Count-adjusted,825,0.040850496363646016
radial_distance_q90,Count-adjusted,826,1.3782966167601103
radial_distance_q90,Count-adjusted,827,2.970478186404648
radial_distance_q90,Count-adjusted,828,1.1450591409841024
radial_distance_q90,Count-adjusted,829,0.269523829738489
radial_distance_q90,Count-adjusted,830,1.0482103127554296
radial_distance_q90,Count-adjusted,831,0.1045621779946373
radial_distance_q90,Count-adjusted,832,1.5121762816543196
radial_distance_q90,Count-adjusted,833,0.9497110489237741
radial_distance_q90,Count-adjusted,834,1.7317393937520933
radial_distance_q90,Count-adjusted,835,2.5269037169274498
radial_distance_q90,Count-adjusted,836,0.03826630391517938
radial_distance_q90,Count-adjusted,837,1.5068058780379943
radial_distance_q90,Count-adjusted,838,0.226851570482836
radial_distance_q90,Count-adjusted,839,1.0371528317183447
radial_distance_q90,Count-adjusted,840,0.9479131789350959
radial_distance_q90,Count-adjusted,841,0.017936023981746985
radial_distance_q90,Count-adjusted,842,0.16740227532682184
radial_distance_q90,Count-adjusted,843,0.24677404528108582
radial_distance_q90,Count-adjusted,844,0.030619160004505375
radial_distance_q90,Count-adjusted,845,0.015631506496049496
radial_distance_q90,Count-adjusted,846,0.1805005768443948
radial_distance_q90,Count-adjusted,847,7.163433297626057
radial_distance_q90,Count-adjusted,848,0.1665825497140645
radial_distance_q90,Count-adjusted,849,0.6321658785109321
radial_distance_q90,Count-adjusted,850,0.8479431249995741
radial_distance_q90,Count-adjusted,851,0.8877696259717709
radial_distance_q90,Count-adjusted,852,0.9029632477524672
radial_distance_q90,Count-adjusted,853,0.0944575185311578
radial_distance_q90,Count-adjusted,854,0.04989556774972925
radial_distance_q90,Count-adjusted,855,0.15719600974620107
radial_distance_q90,Count-adjusted,856,0.021559086706190556
radial_distance_q90,Count-adjusted,857,0.08040192514710043
radial_distance_q90,Count-adjusted,858,0.812217249834589
radial_distance_q90,Count-adjusted,859,4.397038851003231
radial_distance_q90,Count-adjusted,860,1.1623735057474676
radial_distance_q90,Count-adjusted,861,0.47295172118407436
radial_distance_q90,Count-adjusted,862,0.0009208228103716465
radial_distance_q90,Count-adjusted,863,0.09773995272524871
radial_distance_q90,Count-adjusted,864,0.4862571615574325
radial_distance_q90,Count-adjusted,865,0.052170406764730615
radial_distance_q90,Count-adjusted,866,2.062120206729162
radial_distance_q90,Count-adjusted,867,0.02508982811255578
radial_distance_q90,Count-adjusted,868,1.6833027524058366
radial_distance_q90,Count-adjusted,869,0.35250436119309825
radial_distance_q90,Count-adjusted,870,0.10656044759150518
radial_distance_q90,Count-adjusted,871,1.3064367340581953
radial_distance_q90,Count-adjusted,872,0.815695248837244
radial_distance_q90,Count-adjusted,873,0.1217088056618536
radial_distance_q90,Count-adjusted,874,4.083532467764087
radial_distance_q90,Count-adjusted,875,0.9255124496247618
radial_distance_q90,Count-adjusted,876,4.164995624819255
radial_distance_q90,Count-adjusted,877,0.7112678782624471
radial_distance_q90,Count-adjusted,878,4.504835590230698
radial_distance_q90,Count-adjusted,879,0.6018728989030819
radial_distance_q90,Count-adjusted,880,0.4237101670751997
radial_distance_q90,Count-adjusted,881,4.057246776896534
radial_distance_q90,Count-adjusted,882,0.30859531339535806
radial_distance_q90,Count-adjusted,883,5.837180879098014e-06
radial_distance_q90,Count-adjusted,884,0.7378408211474436
radial_distance_q90,Count-adjusted,885,1.563648555528573
radial_distance_q90,Count-adjusted,886,1.1229080239559721
radial_distance_q90,Count-adjusted,887,0.18899367108087972
radial_distance_q90,Count-adjusted,888,0.3079402712744468
radial_distance_q90,Count-adjusted,889,5.631707718783844
radial_distance_q90,Count-adjusted,890,1.3807655463997435
radial_distance_q90,Count-adjusted,891,2.9038352670091854
radial_distance_q90,Count-adjusted,892,1.689732910787086
radial_distance_q90,Count-adjusted,893,0.2796069385948954
radial_distance_q90,Count-adjusted,894,0.6199288050369205
radial_distance_q90,Count-adjusted,895,0.24845983959090745
radial_distance_q90,Count-adjusted,896,1.4098150214431655
radial_distance_q90,Count-adjusted,897,2.5828123765681426
radial_distance_q90,Count-adjusted,898,0.7980744281624084
radial_distance_q90,Count-adjusted,899,1.3085801043947072
radial_distance_q90,Count-adjusted,900,1.7296713935197374
radial_distance_q90,Count-adjusted,901,1.1544111528708356
radial_distance_q90,Count-adjusted,902,0.018270183810500384
radial_distance_q90,Count-adjusted,903,1.076055809492857
radial_distance_q90,Count-adjusted,904,1.0384427107516672
radial_distance_q90,Count-adjusted,905,2.002505515129201
radial_distance_q90,Count-adjusted,906,0.43547744225861607
radial_distance_q90,Count-adjusted,907,2.7229254569249974
radial_distance_q90,Count-adjusted,908,3.9452883127136715
radial_distance_q90,Count-adjusted,909,0.8440312703916675
radial_distance_q90,Count-adjusted,910,0.12452936364695688
radial_distance_q90,Count-adjusted,911,2.2976409780328026
radial_distance_q90,Count-adjusted,912,0.3336143891127108
radial_distance_q90,Count-adjusted,913,0.17752878036597508
radial_distance_q90,Count-adjusted,914,0.23413933937536058
radial_distance_q90,Count-adjusted,915,5.068029589080425
radial_distance_q90,Count-adjusted,916,0.8391425467151521
radial_distance_q90,Count-adjusted,917,1.9993961290496998
radial_distance_q90,Count-adjusted,918,0.003830635748840905
radial_distance_q90,Count-adjusted,919,0.10986059846334228
radial_distance_q90,Count-adjusted,920,0.00592613770686512
radial_distance_q90,Count-adjusted,921,0.288907802465161
radial_distance_q90,Count-adjusted,922,1.6643034906575735
radial_distance_q90,Count-adjusted,923,0.19484810414883214
radial_distance_q90,Count-adjusted,924,0.13285747226663602
radial_distance_q90,Count-adjusted,925,0.1301845421494363
radial_distance_q90,Count-adjusted,926,0.650417015823507
radial_distance_q90,Count-adjusted,927,1.726790374395648
radial_distance_q90,Count-adjusted,928,0.23161834562546346
radial_distance_q90,Count-adjusted,929,0.8871206796616207
radial_distance_q90,Count-adjusted,930,0.04609907149506398
radial_distance_q90,Count-adjusted,931,3.4081212207123315
radial_distance_q90,Count-adjusted,932,0.6660927168322814
radial_distance_q90,Count-adjusted,933,0.31206215834913564
radial_distance_q90,Count-adjusted,934,0.46233614751324126
radial_distance_q90,Count-adjusted,935,0.051054545814167795
radial_distance_q90,Count-adjusted,936,1.3376408382370641
radial_distance_q90,Count-adjusted,937,0.753820223909031
radial_distance_q90,Count-adjusted,938,0.6905358632226353
radial_distance_q90,Count-adjusted,939,0.34982263413320425
radial_distance_q90,Count-adjusted,940,0.9624803246458669
radial_distance_q90,Count-adjusted,941,0.2668605298896125
radial_distance_q90,Count-adjusted,942,1.805728752177913
radial_distance_q90,Count-adjusted,943,0.0202862672265951
radial_distance_q90,Count-adjusted,944,9.80787984019571e-05
radial_distance_q90,Count-adjusted,945,0.06097896457947627
radial_distance_q90,Count-adjusted,946,0.027391253203688848
radial_distance_q90,Count-adjusted,947,0.7681707382046739
radial_distance_q90,Count-adjusted,948,0.14347709610007087
radial_distance_q90,Count-adjusted,949,0.1025304555288642
radial_distance_q90,Count-adjusted,950,0.03478812709863632
radial_distance_q90,Count-adjusted,951,0.0016356178659862053
radial_distance_q90,Count-adjusted,952,0.30117346349976515
radial_distance_q90,Count-adjusted,953,0.2758832219572298
radial_distance_q90,Count-adjusted,954,5.945774368688149
radial_distance_q90,Count-adjusted,955,0.35048276938425715
radial_distance_q90,Count-adjusted,956,0.01135560382996914
radial_distance_q90,Count-adjusted,957,0.08740852257676579
radial_distance_q90,Count-adjusted,958,0.20907747422020861
radial_distance_q90,Count-adjusted,959,6.407073019867369
radial_distance_q90,Count-adjusted,960,0.04413263511690957
radial_distance_q90,Count-adjusted,961,0.0001419549055299285
radial_distance_q90,Count-adjusted,962,1.958756708304179
radial_distance_q90,Count-adjusted,963,0.2240589588485591
radial_distance_q90,Count-adjusted,964,1.237675741229367
radial_distance_q90,Count-adjusted,965,2.0150759447910502
radial_distance_q90,Count-adjusted,966,0.45905645009025875
radial_distance_q90,Count-adjusted,967,0.006691528814087633
radial_distance_q90,Count-adjusted,968,0.14487121696225813
radial_distance_q90,Count-adjusted,969,0.7824694435752804
radial_distance_q90,Count-adjusted,970,0.9954449786558826
radial_distance_q90,Count-adjusted,971,0.03840265856257474
radial_distance_q90,Count-adjusted,972,4.592300612554681
radial_distance_q90,Count-adjusted,973,1.6281560423606152
radial_distance_q90,Count-adjusted,974,0.01763995877863067
radial_distance_q90,Count-adjusted,975,0.3120633877632031
radial_distance_q90,Count-adjusted,976,0.1744286280332119
radial_distance_q90,Count-adjusted,977,0.0016396343399378566
radial_distance_q90,Count-adjusted,978,0.08933536447989354
radial_distance_q90,Count-adjusted,979,0.0812732331735333
radial_distance_q90,Count-adjusted,980,0.7948359044111157
radial_distance_q90,Count-adjusted,981,0.08721044453960758
radial_distance_q90,Count-adjusted,982,1.415010012968935
radial_distance_q90,Count-adjusted,983,0.3953156494505379
radial_distance_q90,Count-adjusted,984,0.18195851667132956
radial_distance_q90,Count-adjusted,985,1.813881005170657
radial_distance_q90,Count-adjusted,986,0.0439719039803208
radial_distance_q90,Count-adjusted,987,0.09037377764195753
radial_distance_q90,Count-adjusted,988,0.4416588792159928
radial_distance_q90,Count-adjusted,989,0.3739463696178973
radial_distance_q90,Count-adjusted,990,0.2043968152692628
radial_distance_q90,Count-adjusted,991,0.36883244284103966
radial_distance_q90,Count-adjusted,992,0.12198456148431092
radial_distance_q90,Count-adjusted,993,0.13592770296497747
radial_distance_q90,Count-adjusted,994,4.4944354913763505
radial_distance_q90,Count-adjusted,995,1.2524046722342916
radial_distance_q90,Count-adjusted,996,0.6958758670860448
radial_distance_q90,Count-adjusted,997,0.8822400410118405
radial_distance_q90,Count-adjusted,998,0.12598542975894134
participation_ratio,Unadjusted,0,0.17651297955717382
participation_ratio,Unadjusted,1,0.001992740634591428
participation_ratio,Unadjusted,2,2.132349468491725
participation_ratio,Unadjusted,3,0.01726514805267243
participation_ratio,Unadjusted,4,0.9902518411067263
participation_ratio,Unadjusted,5,1.0325927489553806
participation_ratio,Unadjusted,6,0.10984427862427992
participation_ratio,Unadjusted,7,0.9434234128140702
participation_ratio,Unadjusted,8,2.991335011720764
participation_ratio,Unadjusted,9,2.0094707729189736
participation_ratio,Unadjusted,10,1.8489823718655316
participation_ratio,Unadjusted,11,0.07442414384729545
participation_ratio,Unadjusted,12,1.1412293124139978
participation_ratio,Unadjusted,13,0.41555336438062795
participation_ratio,Unadjusted,14,1.9245727443264968
participation_ratio,Unadjusted,15,1.1229475555298905
participation_ratio,Unadjusted,16,0.2598254633911097
participation_ratio,Unadjusted,17,0.37830118918282096
participation_ratio,Unadjusted,18,0.6558015997512143
participation_ratio,Unadjusted,19,0.013266074261139238
participation_ratio,Unadjusted,20,0.034295006218769686
participation_ratio,Unadjusted,21,0.46089170752986774
participation_ratio,Unadjusted,22,1.1424834538946698
participation_ratio,Unadjusted,23,0.5290642088992286
participation_ratio,Unadjusted,24,0.03877510325287403
participation_ratio,Unadjusted,25,0.4592525509520442
participation_ratio,Unadjusted,26,0.018929116520439493
participation_ratio,Unadjusted,27,0.2891109964755856
participation_ratio,Unadjusted,28,4.639482937236437
participation_ratio,Unadjusted,29,0.18566253820711154
participation_ratio,Unadjusted,30,0.011362457038842422
participation_ratio,Unadjusted,31,0.3444456612327258
participation_ratio,Unadjusted,32,0.22851319601596742
participation_ratio,Unadjusted,33,0.41763120998467684
participation_ratio,Unadjusted,34,1.7803729558717407
participation_ratio,Unadjusted,35,0.6343260770543111
participation_ratio,Unadjusted,36,0.00311418939207897
participation_ratio,Unadjusted,37,1.4338002623678676
participation_ratio,Unadjusted,38,0.6213029302366522
participation_ratio,Unadjusted,39,4.047262549094057
participation_ratio,Unadjusted,40,0.0354644811125695
participation_ratio,Unadjusted,41,0.06457305969121307
participation_ratio,Unadjusted,42,0.021854151004220057
participation_ratio,Unadjusted,43,0.7675794070513575
participation_ratio,Unadjusted,44,0.14227475817364166
participation_ratio,Unadjusted,45,0.570411448180721
participation_ratio,Unadjusted,46,0.01904536088329678
participation_ratio,Unadjusted,47,1.3053336901301122
participation_ratio,Unadjusted,48,0.6033278937262025
participation_ratio,Unadjusted,49,0.00513847515139787
participation_ratio,Unadjusted,50,0.16776191785015726
participation_ratio,Unadjusted,51,2.7214030116793992
participation_ratio,Unadjusted,52,0.07025143623724261
participation_ratio,Unadjusted,53,1.5029330585361436
participation_ratio,Unadjusted,54,0.27792677086671347
participation_ratio,Unadjusted,55,0.805822173043623
participation_ratio,Unadjusted,56,2.328255534112259
participation_ratio,Unadjusted,57,0.014930168989337744
participation_ratio,Unadjusted,58,0.13429461456109948
participation_ratio,Unadjusted,59,2.0818755776755324
participation_ratio,Unadjusted,60,0.3484961285318491
participation_ratio,Unadjusted,61,1.5507796529829534
participation_ratio,Unadjusted,62,5.458100034153233
participation_ratio,Unadjusted,63,4.453050148353839
participation_ratio,Unadjusted,64,1.1296289537232838
participation_ratio,Unadjusted,65,1.8808981712283526
participation_ratio,Unadjusted,66,1.717824600747349
participation_ratio,Unadjusted,67,1.3004160561376352
participation_ratio,Unadjusted,68,0.6083917588563281
participation_ratio,Unadjusted,69,0.006114118329890061
participation_ratio,Unadjusted,70,0.33333195516900105
participation_ratio,Unadjusted,71,1.1442793834153804
participation_ratio,Unadjusted,72,1.4740709132943266
participation_ratio,Unadjusted,73,2.0568918614358154
participation_ratio,Unadjusted,74,0.9190711376448917
participation_ratio,Unadjusted,75,1.18460927948081
participation_ratio,Unadjusted,76,0.025166651819915842
participation_ratio,Unadjusted,77,0.9850176714203371
participation_ratio,Unadjusted,78,0.44668134460670217
participation_ratio,Unadjusted,79,1.835726862376248
participation_ratio,Unadjusted,80,0.4926304575081417
participation_ratio,Unadjusted,81,0.11055327335492393
participation_ratio,Unadjusted,82,0.45920168181783083
participation_ratio,Unadjusted,83,0.29126938513024925
participation_ratio,Unadjusted,84,0.7446896013478295
participation_ratio,Unadjusted,85,1.2625445305427547
participation_ratio,Unadjusted,86,2.1006454060119495
participation_ratio,Unadjusted,87,3.720386808322587
participation_ratio,Unadjusted,88,0.8189241525500961
participation_ratio,Unadjusted,89,3.101244907649118
participation_ratio,Unadjusted,90,0.020804411575170434
participation_ratio,Unadjusted,91,1.1457437850024803
participation_ratio,Unadjusted,92,0.0035344036854780825
participation_ratio,Unadjusted,93,1.892465177048507
participation_ratio,Unadjusted,94,0.22795709138836173
participation_ratio,Unadjusted,95,3.1297126287026344
participation_ratio,Unadjusted,96,0.2199748479815753
participation_ratio,Unadjusted,97,0.10509241753294418
participation_ratio,Unadjusted,98,0.08792941623181605
participation_ratio,Unadjusted,99,11.923017498300908
participation_ratio,Unadjusted,100,3.3532917630625434
participation_ratio,Unadjusted,101,1.1877084245377887
participation_ratio,Unadjusted,102,0.8816362804358278
participation_ratio,Unadjusted,103,0.012205418286441727
participation_ratio,Unadjusted,104,1.988140281706876
participation_ratio,Unadjusted,105,0.41713755943311526
participation_ratio,Unadjusted,106,4.405259974962064
participation_ratio,Unadjusted,107,0.006536740920125794
participation_ratio,Unadjusted,108,3.7420806418506345
participation_ratio,Unadjusted,109,0.4963476176202448
participation_ratio,Unadjusted,110,0.07674392219314541
participation_ratio,Unadjusted,111,0.03677431673651199
participation_ratio,Unadjusted,112,0.004895169339476979
participation_ratio,Unadjusted,113,0.01582031161103714
participation_ratio,Unadjusted,114,0.40499475820479347
participation_ratio,Unadjusted,115,0.5025103252943381
participation_ratio,Unadjusted,116,4.746080160244048
participation_ratio,Unadjusted,117,3.4081400984292145
participation_ratio,Unadjusted,118,4.50445415172652
participation_ratio,Unadjusted,119,1.7280135054311359
participation_ratio,Unadjusted,120,1.1470812582547865
participation_ratio,Unadjusted,121,0.30852136116840256
participation_ratio,Unadjusted,122,0.3231590604851249
participation_ratio,Unadjusted,123,0.03719109314607749
participation_ratio,Unadjusted,124,1.0400458809104407
participation_ratio,Unadjusted,125,0.5212873777535378
participation_ratio,Unadjusted,126,1.9790426966097243
participation_ratio,Unadjusted,127,0.27286494935964356
participation_ratio,Unadjusted,128,0.00011885588969562377
participation_ratio,Unadjusted,129,2.015464016061685
participation_ratio,Unadjusted,130,0.06202978244385804
participation_ratio,Unadjusted,131,0.2104284892417354
participation_ratio,Unadjusted,132,0.07798168560179874
participation_ratio,Unadjusted,133,2.047069728551378
participation_ratio,Unadjusted,134,8.475913489291997e-05
participation_ratio,Unadjusted,135,1.5506930779258141
participation_ratio,Unadjusted,136,0.17295858803845476
participation_ratio,Unadjusted,137,0.10995326666261462
participation_ratio,Unadjusted,138,0.25712389053398965
participation_ratio,Unadjusted,139,0.8604882680960486
participation_ratio,Unadjusted,140,0.15119747453104537
participation_ratio,Unadjusted,141,2.0576015314387632
participation_ratio,Unadjusted,142,0.016729176586750327
participation_ratio,Unadjusted,143,0.019882994760962447
participation_ratio,Unadjusted,144,0.0014579425192096096
participation_ratio,Unadjusted,145,2.6427326428251376
participation_ratio,Unadjusted,146,1.857053711211222
participation_ratio,Unadjusted,147,2.5018851884531728
participation_ratio,Unadjusted,148,0.12625969212791688
participation_ratio,Unadjusted,149,0.10184315003726852
participation_ratio,Unadjusted,150,0.04529638813528436
participation_ratio,Unadjusted,151,4.09730261098224
participation_ratio,Unadjusted,152,0.5097989671867253
participation_ratio,Unadjusted,153,0.005999821877139766
participation_ratio,Unadjusted,154,0.02287272852947808
participation_ratio,Unadjusted,155,2.3998829602918477
participation_ratio,Unadjusted,156,0.482701927875155
participation_ratio,Unadjusted,157,0.5018384868066619
participation_ratio,Unadjusted,158,0.2818457517813613
participation_ratio,Unadjusted,159,0.0013746004910331067
participation_ratio,Unadjusted,160,0.24112367741690832
participation_ratio,Unadjusted,161,0.6886617974289493
participation_ratio,Unadjusted,162,0.18255588822552227
participation_ratio,Unadjusted,163,0.017700283222666258
participation_ratio,Unadjusted,164,0.00946578138990617
participation_ratio,Unadjusted,165,1.1292553453573078
participation_ratio,Unadjusted,166,0.007975063985952602
participation_ratio,Unadjusted,167,0.08312840893978546
participation_ratio,Unadjusted,168,0.01333782593030719
participation_ratio,Unadjusted,169,0.004556547610945927
participation_ratio,Unadjusted,170,0.03000829817625572
participation_ratio,Unadjusted,171,0.05500681077700165
participation_ratio,Unadjusted,172,0.125704200840687
participation_ratio,Unadjusted,173,0.3343488731509865
participation_ratio,Unadjusted,174,0.19063884797492392
participation_ratio,Unadjusted,175,0.8992056468725877
participation_ratio,Unadjusted,176,1.9955779069039181
participation_ratio,Unadjusted,177,1.0066745923509757
participation_ratio,Unadjusted,178,0.9608289253891371
participation_ratio,Unadjusted,179,0.2935613751336632
participation_ratio,Unadjusted,180,0.0022671773721185673
participation_ratio,Unadjusted,181,1.111507514433299
participation_ratio,Unadjusted,182,0.21526500734404408
participation_ratio,Unadjusted,183,1.1383362312190002
participation_ratio,Unadjusted,184,1.3741801991042166
participation_ratio,Unadjusted,185,0.3550015581259345
participation_ratio,Unadjusted,186,1.411485591804194
participation_ratio,Unadjusted,187,2.1118533465917153
participation_ratio,Unadjusted,188,0.008904152451975733
participation_ratio,Unadjusted,189,0.00863786572273284
participation_ratio,Unadjusted,190,1.9630227627207546
participation_ratio,Unadjusted,191,0.19422838827659916
participation_ratio,Unadjusted,192,0.013980424233750455
participation_ratio,Unadjusted,193,0.0014146436274700136
participation_ratio,Unadjusted,194,0.1262353526218476
participation_ratio,Unadjusted,195,2.7307998779829745
participation_ratio,Unadjusted,196,0.02585556670379674
participation_ratio,Unadjusted,197,0.6949734127200031
participation_ratio,Unadjusted,198,1.2989966971283877
participation_ratio,Unadjusted,199,0.06462629815109722
participation_ratio,Unadjusted,200,0.006512891196507553
participation_ratio,Unadjusted,201,0.009575427220397614
participation_ratio,Unadjusted,202,0.5233232502420719
participation_ratio,Unadjusted,203,0.033537372066177795
participation_ratio,Unadjusted,204,0.4158522659713242
participation_ratio,Unadjusted,205,3.6030004321792717
participation_ratio,Unadjusted,206,0.15714882933480112
participation_ratio,Unadjusted,207,0.014283976052581693
participation_ratio,Unadjusted,208,0.08433368669241759
participation_ratio,Unadjusted,209,0.40297566806015084
participation_ratio,Unadjusted,210,0.006488004986294982
participation_ratio,Unadjusted,211,0.6579603271428596
participation_ratio,Unadjusted,212,1.0433347463169866
participation_ratio,Unadjusted,213,0.3214536084533677
participation_ratio,Unadjusted,214,0.0696752197155206
participation_ratio,Unadjusted,215,1.2046204005855543e-05
participation_ratio,Unadjusted,216,0.07831430853985921
participation_ratio,Unadjusted,217,1.1074997413510346
participation_ratio,Unadjusted,218,0.21507502466397455
participation_ratio,Unadjusted,219,0.15310759628658843
participation_ratio,Unadjusted,220,0.3469989274948375
participation_ratio,Unadjusted,221,0.10982855829189475
participation_ratio,Unadjusted,222,1.1759769322477496
participation_ratio,Unadjusted,223,8.100688710771749
participation_ratio,Unadjusted,224,1.5457529446032368
participation_ratio,Unadjusted,225,0.1474682784259187
participation_ratio,Unadjusted,226,0.01873960566825872
participation_ratio,Unadjusted,227,1.1467548790898263
participation_ratio,Unadjusted,228,0.7626436824337475
participation_ratio,Unadjusted,229,0.7791843601736446
participation_ratio,Unadjusted,230,0.5467315469421692
participation_ratio,Unadjusted,231,0.07398147893241003
participation_ratio,Unadjusted,232,0.18578617075604598
participation_ratio,Unadjusted,233,0.2278190263778015
participation_ratio,Unadjusted,234,1.1273996092932919
participation_ratio,Unadjusted,235,0.035580364299789835
participation_ratio,Unadjusted,236,1.4173919527701173
participation_ratio,Unadjusted,237,0.05116295623594169
participation_ratio,Unadjusted,238,0.012461482836783944
participation_ratio,Unadjusted,239,0.04551458248852214
participation_ratio,Unadjusted,240,2.59888409804131
participation_ratio,Unadjusted,241,6.6746214941843505
participation_ratio,Unadjusted,242,0.06029373312122743
participation_ratio,Unadjusted,243,1.435117154201123
participation_ratio,Unadjusted,244,0.5659264161181738
participation_ratio,Unadjusted,245,0.3386335978793227
participation_ratio,Unadjusted,246,1.3588781322250725
participation_ratio,Unadjusted,247,0.7483540896446925
participation_ratio,Unadjusted,248,0.9119138552382537
participation_ratio,Unadjusted,249,0.051597109336228186
participation_ratio,Unadjusted,250,1.29497226511711
participation_ratio,Unadjusted,251,5.595969286950094
participation_ratio,Unadjusted,252,0.010854536025590278
participation_ratio,Unadjusted,253,0.18823792659640048
participation_ratio,Unadjusted,254,1.992656406002709
participation_ratio,Unadjusted,255,0.07750294340638675
participation_ratio,Unadjusted,256,0.47554998007967697
participation_ratio,Unadjusted,257,0.05743375422434838
participation_ratio,Unadjusted,258,0.11920034833201498
participation_ratio,Unadjusted,259,0.00014903123980047894
participation_ratio,Unadjusted,260,0.3643436223787262
participation_ratio,Unadjusted,261,0.490214633803987
participation_ratio,Unadjusted,262,0.2769265435366606
participation_ratio,Unadjusted,263,0.5914430280265037
participation_ratio,Unadjusted,264,0.05126120483487284
participation_ratio,Unadjusted,265,0.7139692941832436
participation_ratio,Unadjusted,266,0.010555576485330675
participation_ratio,Unadjusted,267,0.5131850892421994
participation_ratio,Unadjusted,268,0.35062380261160797
participation_ratio,Unadjusted,269,5.970544272980931
participation_ratio,Unadjusted,270,0.10550355712734927
participation_ratio,Unadjusted,271,0.23925407338680316
participation_ratio,Unadjusted,272,0.4218522605465864
participation_ratio,Unadjusted,273,0.05409144005039934
participation_ratio,Unadjusted,274,4.0007515917082515
participation_ratio,Unadjusted,275,3.199607930317484
participation_ratio,Unadjusted,276,0.0016896482074457708
participation_ratio,Unadjusted,277,0.9718856175794599
participation_ratio,Unadjusted,278,1.9067374749380974
participation_ratio,Unadjusted,279,0.00019764571743507986
participation_ratio,Unadjusted,280,1.8063962795217776
participation_ratio,Unadjusted,281,1.896343740816235
participation_ratio,Unadjusted,282,0.3036887963989443
participation_ratio,Unadjusted,283,0.15553966002283914
participation_ratio,Unadjusted,284,1.7539811781354047
participation_ratio,Unadjusted,285,1.9018317776144045
participation_ratio,Unadjusted,286,1.5857177115196919
participation_ratio,Unadjusted,287,0.22406351747071085
participation_ratio,Unadjusted,288,1.931015758094759
participation_ratio,Unadjusted,289,0.13022623695849234
participation_ratio,Unadjusted,290,0.42024878512796704
participation_ratio,Unadjusted,291,0.490572297129404
participation_ratio,Unadjusted,292,0.4251956783306241
participation_ratio,Unadjusted,293,0.5620403195086965
participation_ratio,Unadjusted,294,0.01107478062294831
participation_ratio,Unadjusted,295,4.9527478705059025
participation_ratio,Unadjusted,296,0.33641897401668075
participation_ratio,Unadjusted,297,4.416941810641731
participation_ratio,Unadjusted,298,1.8193840019771983
participation_ratio,Unadjusted,299,0.29767591706763596
participation_ratio,Unadjusted,300,0.5192724553722314
participation_ratio,Unadjusted,301,0.04298616968861779
participation_ratio,Unadjusted,302,1.1649051751134607
participation_ratio,Unadjusted,303,0.3105572651485886
participation_ratio,Unadjusted,304,0.4173925025776555
participation_ratio,Unadjusted,305,0.27367161735514856
participation_ratio,Unadjusted,306,1.250192578469182
participation_ratio,Unadjusted,307,4.43814080421356
participation_ratio,Unadjusted,308,0.4714410983090147
participation_ratio,Unadjusted,309,0.004077108689216402
participation_ratio,Unadjusted,310,0.0017204397215095923
participation_ratio,Unadjusted,311,0.08386493042274878
participation_ratio,Unadjusted,312,0.6223865076360084
participation_ratio,Unadjusted,313,4.8974286922758665
participation_ratio,Unadjusted,314,0.010310770327180308
participation_ratio,Unadjusted,315,2.0514845028767468
participation_ratio,Unadjusted,316,0.022489140367497384
participation_ratio,Unadjusted,317,1.4332052344372528
participation_ratio,Unadjusted,318,0.9390129490953427
participation_ratio,Unadjusted,319,0.36065194805081546
participation_ratio,Unadjusted,320,0.7116438161640986
participation_ratio,Unadjusted,321,0.6465779014278041
participation_ratio,Unadjusted,322,0.3198641234548063
participation_ratio,Unadjusted,323,0.4307901277286419
participation_ratio,Unadjusted,324,0.037395155019851245
participation_ratio,Unadjusted,325,0.11377441307172376
participation_ratio,Unadjusted,326,0.8116185246905161
participation_ratio,Unadjusted,327,2.6380281848597917
participation_ratio,Unadjusted,328,0.6649610095140588
participation_ratio,Unadjusted,329,2.421134329638676
participation_ratio,Unadjusted,330,0.07978139422777986
participation_ratio,Unadjusted,331,1.1080674842542635
participation_ratio,Unadjusted,332,0.48713312643593554
participation_ratio,Unadjusted,333,1.6067197995167817
participation_ratio,Unadjusted,334,0.05901839733479619
participation_ratio,Unadjusted,335,0.010139672444495318
participation_ratio,Unadjusted,336,0.8816728960160276
participation_ratio,Unadjusted,337,2.3343408269379893
participation_ratio,Unadjusted,338,0.8938649937024365
participation_ratio,Unadjusted,339,2.1684057097452865
participation_ratio,Unadjusted,340,0.36047880662096077
participation_ratio,Unadjusted,341,1.0990635245081535
participation_ratio,Unadjusted,342,0.04349595578270282
participation_ratio,Unadjusted,343,0.2703362721223357
participation_ratio,Unadjusted,344,0.8742287762498222
participation_ratio,Unadjusted,345,0.5024193547801588
participation_ratio,Unadjusted,346,1.9275590204465516
participation_ratio,Unadjusted,347,1.9124741451675504
participation_ratio,Unadjusted,348,1.4303343993420867
participation_ratio,Unadjusted,349,2.9999393826334426
participation_ratio,Unadjusted,350,2.5371041740705778
participation_ratio,Unadjusted,351,1.8006413211898575
participation_ratio,Unadjusted,352,0.03678566664899563
participation_ratio,Unadjusted,353,0.3077835695729618
participation_ratio,Unadjusted,354,0.16605367151134942
participation_ratio,Unadjusted,355,0.06953670107378684
participation_ratio,Unadjusted,356,1.3843796062548677
participation_ratio,Unadjusted,357,0.06656994312919551
participation_ratio,Unadjusted,358,1.3688302515112696
participation_ratio,Unadjusted,359,1.2941202886050291
participation_ratio,Unadjusted,360,1.8611269510246302
participation_ratio,Unadjusted,361,0.01612795263457656
participation_ratio,Unadjusted,362,1.2160455056895216
participation_ratio,Unadjusted,363,0.19978658004305316
participation_ratio,Unadjusted,364,0.603518971105018
participation_ratio,Unadjusted,365,0.26362682891533495
participation_ratio,Unadjusted,366,0.843564907526968
participation_ratio,Unadjusted,367,0.21103113235261617
participation_ratio,Unadjusted,368,0.4087690611204948
participation_ratio,Unadjusted,369,3.133988208493463
participation_ratio,Unadjusted,370,0.0037799619839233856
participation_ratio,Unadjusted,371,0.0094999863342764
participation_ratio,Unadjusted,372,0.08107163641454918
participation_ratio,Unadjusted,373,0.011986667400549322
participation_ratio,Unadjusted,374,0.03746187468726703
participation_ratio,Unadjusted,375,0.261734638790756
participation_ratio,Unadjusted,376,1.2325416915837764
participation_ratio,Unadjusted,377,0.019703179325745168
participation_ratio,Unadjusted,378,2.7877181003854616
participation_ratio,Unadjusted,379,0.40888040668750136
participation_ratio,Unadjusted,380,1.9695801832829147
participation_ratio,Unadjusted,381,1.459810691468931
participation_ratio,Unadjusted,382,2.6392473600183166
participation_ratio,Unadjusted,383,1.0591660511543068
participation_ratio,Unadjusted,384,0.7228331141149056
participation_ratio,Unadjusted,385,0.9092529451864948
participation_ratio,Unadjusted,386,1.0815559801449126
participation_ratio,Unadjusted,387,2.1139709757823084
participation_ratio,Unadjusted,388,0.038077773906309176
participation_ratio,Unadjusted,389,3.7101969317529893
participation_ratio,Unadjusted,390,0.5159917967737897
participation_ratio,Unadjusted,391,0.002098836220739031
participation_ratio,Unadjusted,392,0.02879119751031567
participation_ratio,Unadjusted,393,0.3472144699503019
participation_ratio,Unadjusted,394,0.6311941268199917
participation_ratio,Unadjusted,395,0.29892139597643563
participation_ratio,Unadjusted,396,2.531708677204449
participation_ratio,Unadjusted,397,2.0933050628781302
participation_ratio,Unadjusted,398,5.035373577507727
participation_ratio,Unadjusted,399,0.1130405014733924
participation_ratio,Unadjusted,400,3.113437388048851
participation_ratio,Unadjusted,401,0.029292033397950945
participation_ratio,Unadjusted,402,0.7412283458344859
participation_ratio,Unadjusted,403,0.360295073498321
participation_ratio,Unadjusted,404,0.022692058560778605
participation_ratio,Unadjusted,405,0.062206859979028195
participation_ratio,Unadjusted,406,0.02212587661864518
participation_ratio,Unadjusted,407,0.056430561253762335
participation_ratio,Unadjusted,408,0.16471260558819267
participation_ratio,Unadjusted,409,4.247855038797184
participation_ratio,Unadjusted,410,0.030504238524258653
participation_ratio,Unadjusted,411,8.05649257572503
participation_ratio,Unadjusted,412,0.754764108923041
participation_ratio,Unadjusted,413,0.14049133900368815
participation_ratio,Unadjusted,414,7.363335612219544
participation_ratio,Unadjusted,415,0.0016213535977271931
participation_ratio,Unadjusted,416,0.20893616527899894
participation_ratio,Unadjusted,417,0.7144157866059686
participation_ratio,Unadjusted,418,2.944119026993519
participation_ratio,Unadjusted,419,0.06613176613092264
participation_ratio,Unadjusted,420,1.688773977308756
participation_ratio,Unadjusted,421,1.9011195698819279
participation_ratio,Unadjusted,422,2.827469909978447
participation_ratio,Unadjusted,423,0.016587900920001175
participation_ratio,Unadjusted,424,2.324004168498675
participation_ratio,Unadjusted,425,3.4049793693432093
participation_ratio,Unadjusted,426,0.0007538712972063877
participation_ratio,Unadjusted,427,0.046598449730367975
participation_ratio,Unadjusted,428,0.9637891286350282
participation_ratio,Unadjusted,429,0.040247624526614345
participation_ratio,Unadjusted,430,0.11851010986032406
participation_ratio,Unadjusted,431,0.35014885161808706
participation_ratio,Unadjusted,432,0.10818509392822762
participation_ratio,Unadjusted,433,1.3722499198420337
participation_ratio,Unadjusted,434,1.3930246234969559
participation_ratio,Unadjusted,435,2.7825018597092708
participation_ratio,Unadjusted,436,1.5921315475844722
participation_ratio,Unadjusted,437,1.8394829074300674
participation_ratio,Unadjusted,438,0.04425284444459976
participation_ratio,Unadjusted,439,4.591274674061907
participation_ratio,Unadjusted,440,2.5376011221110844
participation_ratio,Unadjusted,441,0.28742011421456937
participation_ratio,Unadjusted,442,0.2525866462262911
participation_ratio,Unadjusted,443,0.07071277689860267
participation_ratio,Unadjusted,444,0.40935535088055985
participation_ratio,Unadjusted,445,0.005150577804784007
participation_ratio,Unadjusted,446,0.44579360256767586
participation_ratio,Unadjusted,447,0.0632046666856354
participation_ratio,Unadjusted,448,0.10580831800183432
participation_ratio,Unadjusted,449,7.849135094103076
participation_ratio,Unadjusted,450,2.3631833729807568
participation_ratio,Unadjusted,451,0.5614589357866748
participation_ratio,Unadjusted,452,2.4423280565146115
participation_ratio,Unadjusted,453,0.04897374294353085
participation_ratio,Unadjusted,454,0.7351216637202356
participation_ratio,Unadjusted,455,0.2461660455964534
participation_ratio,Unadjusted,456,1.7632536242489323
participation_ratio,Unadjusted,457,0.9253508815585292
participation_ratio,Unadjusted,458,0.5442877496389542
participation_ratio,Unadjusted,459,0.39488795084048434
participation_ratio,Unadjusted,460,0.9368645407147369
participation_ratio,Unadjusted,461,0.5182222146374897
participation_ratio,Unadjusted,462,0.47259432860812467
participation_ratio,Unadjusted,463,1.0497475357220765
participation_ratio,Unadjusted,464,1.791881514189697
participation_ratio,Unadjusted,465,0.3596284516043511
participation_ratio,Unadjusted,466,0.8897357995581956
participation_ratio,Unadjusted,467,0.1920772486562612
participation_ratio,Unadjusted,468,2.568128777070285
participation_ratio,Unadjusted,469,1.857653101215817
participation_ratio,Unadjusted,470,1.2601229545500132
participation_ratio,Unadjusted,471,0.046640646636660676
participation_ratio,Unadjusted,472,1.512600115487544
participation_ratio,Unadjusted,473,1.9686232103619545
participation_ratio,Unadjusted,474,0.2300549833412333
participation_ratio,Unadjusted,475,7.044864633524469
participation_ratio,Unadjusted,476,6.0985891251960425
participation_ratio,Unadjusted,477,2.6411891606119298
participation_ratio,Unadjusted,478,2.527174143647244
participation_ratio,Unadjusted,479,0.17512268003821418
participation_ratio,Unadjusted,480,0.07503637193030954
participation_ratio,Unadjusted,481,0.025682400116011195
participation_ratio,Unadjusted,482,1.2754258878348423
participation_ratio,Unadjusted,483,1.6248600985111352
participation_ratio,Unadjusted,484,2.3126118317050555
participation_ratio,Unadjusted,485,0.21890733569659915
participation_ratio,Unadjusted,486,0.22579340826843008
participation_ratio,Unadjusted,487,0.06719241177347612
participation_ratio,Unadjusted,488,0.2496228028095402
participation_ratio,Unadjusted,489,7.768921425250483
participation_ratio,Unadjusted,490,1.0005367755021553
participation_ratio,Unadjusted,491,0.4662555795134722
participation_ratio,Unadjusted,492,6.875551167695448e-05
participation_ratio,Unadjusted,493,1.45512690599071
participation_ratio,Unadjusted,494,0.6578363990209368
participation_ratio,Unadjusted,495,0.5107860530301309
participation_ratio,Unadjusted,496,0.02367754752089013
participation_ratio,Unadjusted,497,0.97355657783487
participation_ratio,Unadjusted,498,1.2344711583957633
participation_ratio,Unadjusted,499,3.101176652536651
participation_ratio,Unadjusted,500,1.8597635173408662
participation_ratio,Unadjusted,501,8.159025497295914
participation_ratio,Unadjusted,502,0.5051679593601932
participation_ratio,Unadjusted,503,0.12431318514813938
participation_ratio,Unadjusted,504,0.24270233966109345
participation_ratio,Unadjusted,505,0.16188941111073518
participation_ratio,Unadjusted,506,0.06031400220700789
participation_ratio,Unadjusted,507,1.5429392597006313
participation_ratio,Unadjusted,508,0.8170962362761998
participation_ratio,Unadjusted,509,3.3178924198500113
participation_ratio,Unadjusted,510,1.9875952856531853
participation_ratio,Unadjusted,511,0.06272708626084977
participation_ratio,Unadjusted,512,0.3413193870594
participation_ratio,Unadjusted,513,0.6702966055498791
participation_ratio,Unadjusted,514,0.008249833769355064
participation_ratio,Unadjusted,515,3.90959028003698
participation_ratio,Unadjusted,516,0.023450677092569094
participation_ratio,Unadjusted,517,0.17876509270718088
participation_ratio,Unadjusted,518,0.06790746557567218
participation_ratio,Unadjusted,519,0.7424354392347254
participation_ratio,Unadjusted,520,0.21758162785789636
participation_ratio,Unadjusted,521,0.13345390045230943
participation_ratio,Unadjusted,522,0.7852988191309578
participation_ratio,Unadjusted,523,0.001954009991777639
participation_ratio,Unadjusted,524,0.05183777772646181
participation_ratio,Unadjusted,525,0.10694424186465312
participation_ratio,Unadjusted,526,0.1759954589812196
participation_ratio,Unadjusted,527,0.13628187114755974
participation_ratio,Unadjusted,528,2.1462864823562313
participation_ratio,Unadjusted,529,1.4494923512735909
participation_ratio,Unadjusted,530,0.8097949892110705
participation_ratio,Unadjusted,531,0.31898117357940237
participation_ratio,Unadjusted,532,0.1315857580696047
participation_ratio,Unadjusted,533,1.086919037757184
participation_ratio,Unadjusted,534,0.6434651165342871
participation_ratio,Unadjusted,535,0.8047608836303084
participation_ratio,Unadjusted,536,0.6917028202241795
participation_ratio,Unadjusted,537,0.19276228345904656
participation_ratio,Unadjusted,538,0.0003738793269008056
participation_ratio,Unadjusted,539,0.020674556800543087
participation_ratio,Unadjusted,540,1.4708505400547551
participation_ratio,Unadjusted,541,0.3174147027432923
participation_ratio,Unadjusted,542,0.0857824885462719
participation_ratio,Unadjusted,543,0.010956924054141837
participation_ratio,Unadjusted,544,0.09170668147510241
participation_ratio,Unadjusted,545,0.08478376956423972
participation_ratio,Unadjusted,546,0.32687374913496114
participation_ratio,Unadjusted,547,0.13187391670015813
participation_ratio,Unadjusted,548,0.47493939464015966
participation_ratio,Unadjusted,549,0.22543812232464688
participation_ratio,Unadjusted,550,0.02762245495807747
participation_ratio,Unadjusted,551,4.17507039359964
participation_ratio,Unadjusted,552,0.8112013590028369
participation_ratio,Unadjusted,553,1.0269394116233457
participation_ratio,Unadjusted,554,0.570449031177759
participation_ratio,Unadjusted,555,0.025687297102535922
participation_ratio,Unadjusted,556,0.06414945663408389
participation_ratio,Unadjusted,557,0.9112387665909409
participation_ratio,Unadjusted,558,1.7394300232323872
participation_ratio,Unadjusted,559,1.4486406331043327
participation_ratio,Unadjusted,560,0.13876229145284924
participation_ratio,Unadjusted,561,0.2834631175954314
participation_ratio,Unadjusted,562,0.0005033715211197887
participation_ratio,Unadjusted,563,1.99670318934497
participation_ratio,Unadjusted,564,1.279599527838002
participation_ratio,Unadjusted,565,0.00233029641833582
participation_ratio,Unadjusted,566,0.41018398288650815
participation_ratio,Unadjusted,567,1.891614475378475
participation_ratio,Unadjusted,568,1.5917244482676551
participation_ratio,Unadjusted,569,3.4778105556347896
participation_ratio,Unadjusted,570,0.6967600356532557
participation_ratio,Unadjusted,571,1.8466071273468287
participation_ratio,Unadjusted,572,2.07654253924062
participation_ratio,Unadjusted,573,1.2172955719257175
participation_ratio,Unadjusted,574,0.10650775248183209
participation_ratio,Unadjusted,575,0.5780319613382972
participation_ratio,Unadjusted,576,0.3508375596722715
participation_ratio,Unadjusted,577,3.342044331023203
participation_ratio,Unadjusted,578,0.8425763013642609
participation_ratio,Unadjusted,579,6.44904780152865
participation_ratio,Unadjusted,580,0.8431624831682143
participation_ratio,Unadjusted,581,0.8917998265084179
participation_ratio,Unadjusted,582,0.07021143941227592
participation_ratio,Unadjusted,583,0.9205249285843706
participation_ratio,Unadjusted,584,0.7082281681736049
participation_ratio,Unadjusted,585,0.9171195551122082
participation_ratio,Unadjusted,586,0.2397156589317433
participation_ratio,Unadjusted,587,0.06009677681191761
participation_ratio,Unadjusted,588,0.0007456943638430857
participation_ratio,Unadjusted,589,0.2757660683362815
participation_ratio,Unadjusted,590,7.604795325439511
participation_ratio,Unadjusted,591,4.091362699919216
participation_ratio,Unadjusted,592,0.014634401730859281
participation_ratio,Unadjusted,593,0.9801332444080231
participation_ratio,Unadjusted,594,2.9198070920887744
participation_ratio,Unadjusted,595,0.253800037603753
participation_ratio,Unadjusted,596,2.067277998814234
participation_ratio,Unadjusted,597,0.5543367650210484
participation_ratio,Unadjusted,598,0.07908806457481887
participation_ratio,Unadjusted,599,0.03621955945919808
participation_ratio,Unadjusted,600,0.13182174467442564
participation_ratio,Unadjusted,601,2.5344667929093134
participation_ratio,Unadjusted,602,3.281773643948327e-05
participation_ratio,Unadjusted,603,2.5822827307104887
participation_ratio,Unadjusted,604,1.9671390321016133
participation_ratio,Unadjusted,605,0.01601058397545785
participation_ratio,Unadjusted,606,1.2485636348943103
participation_ratio,Unadjusted,607,3.212515719844646
participation_ratio,Unadjusted,608,0.0009041085047556408
participation_ratio,Unadjusted,609,0.0014457355599688526
participation_ratio,Unadjusted,610,0.1745321125952728
participation_ratio,Unadjusted,611,1.833955431115072
participation_ratio,Unadjusted,612,1.1789894003873655
participation_ratio,Unadjusted,613,2.494043161667662
participation_ratio,Unadjusted,614,4.02093932601332
participation_ratio,Unadjusted,615,2.167918646239343
participation_ratio,Unadjusted,616,2.9833332598781794
participation_ratio,Unadjusted,617,0.39693862977924255
participation_ratio,Unadjusted,618,0.15971684272562925
participation_ratio,Unadjusted,619,0.09533332972688413
participation_ratio,Unadjusted,620,0.8483195314277623
participation_ratio,Unadjusted,621,0.0908566402889619
participation_ratio,Unadjusted,622,2.110467807547991
participation_ratio,Unadjusted,623,0.2672132102392766
participation_ratio,Unadjusted,624,0.2521609826805502
participation_ratio,Unadjusted,625,1.911168118191938
participation_ratio,Unadjusted,626,0.17227517350681865
participation_ratio,Unadjusted,627,9.454419853227591e-05
participation_ratio,Unadjusted,628,5.98643260589057
participation_ratio,Unadjusted,629,0.02014641579222598
participation_ratio,Unadjusted,630,0.3206536021380657
participation_ratio,Unadjusted,631,2.716962562601168
participation_ratio,Unadjusted,632,0.0752314523412565
participation_ratio,Unadjusted,633,0.16219919207463818
participation_ratio,Unadjusted,634,2.8488175395756343
participation_ratio,Unadjusted,635,0.06980582325854812
participation_ratio,Unadjusted,636,3.590331351688292e-05
participation_ratio,Unadjusted,637,0.7929934247341635
participation_ratio,Unadjusted,638,0.7520453849384694
participation_ratio,Unadjusted,639,2.411102469435093
participation_ratio,Unadjusted,640,1.0247965555593055
participation_ratio,Unadjusted,641,0.2427659469979062
participation_ratio,Unadjusted,642,0.10351500907540867
participation_ratio,Unadjusted,643,3.194266895024896
participation_ratio,Unadjusted,644,2.0928987970768844
participation_ratio,Unadjusted,645,0.44106725243722167
participation_ratio,Unadjusted,646,0.3716011692017105
participation_ratio,Unadjusted,647,0.20437945619755737
participation_ratio,Unadjusted,648,0.5089680889964825
participation_ratio,Unadjusted,649,3.6032222976384674
participation_ratio,Unadjusted,650,0.16265804227293756
participation_ratio,Unadjusted,651,1.0723368359236929
participation_ratio,Unadjusted,652,0.028367682936561778
participation_ratio,Unadjusted,653,0.017382121324118316
participation_ratio,Unadjusted,654,2.114729192363882
participation_ratio,Unadjusted,655,0.5820495167307627
participation_ratio,Unadjusted,656,5.003112505619356e-06
participation_ratio,Unadjusted,657,1.4461671880181939
participation_ratio,Unadjusted,658,0.5708495511072442
participation_ratio,Unadjusted,659,0.997152323657474
participation_ratio,Unadjusted,660,4.432338960611901
participation_ratio,Unadjusted,661,0.19334893663460662
participation_ratio,Unadjusted,662,0.045525063800369026
participation_ratio,Unadjusted,663,0.09480110253923613
participation_ratio,Unadjusted,664,3.1064292011013492
participation_ratio,Unadjusted,665,1.8112580025154728
participation_ratio,Unadjusted,666,1.1003607223469203
participation_ratio,Unadjusted,667,1.6883198177551435
participation_ratio,Unadjusted,668,0.7212458895746181
participation_ratio,Unadjusted,669,0.03947736347652153
participation_ratio,Unadjusted,670,0.4260007549523266
participation_ratio,Unadjusted,671,0.41516746000166904
participation_ratio,Unadjusted,672,0.18463747942564623
participation_ratio,Unadjusted,673,0.12093317294267081
participation_ratio,Unadjusted,674,1.3986248863269566
participation_ratio,Unadjusted,675,1.582372454355152
participation_ratio,Unadjusted,676,0.15465003185141768
participation_ratio,Unadjusted,677,0.14635490566143972
participation_ratio,Unadjusted,678,0.0607069152524673
participation_ratio,Unadjusted,679,1.537524840918195
participation_ratio,Unadjusted,680,0.8852154589933434
participation_ratio,Unadjusted,681,2.0671969244508546
participation_ratio,Unadjusted,682,0.930983573226456
participation_ratio,Unadjusted,683,0.7925565883058994
participation_ratio,Unadjusted,684,0.11257498245817033
participation_ratio,Unadjusted,685,0.059667658542878144
participation_ratio,Unadjusted,686,0.29466963457940665
participation_ratio,Unadjusted,687,3.0415999691768434
participation_ratio,Unadjusted,688,0.18840913643657586
participation_ratio,Unadjusted,689,0.9033067655651053
participation_ratio,Unadjusted,690,0.33534798351490736
participation_ratio,Unadjusted,691,0.00550340804818461
participation_ratio,Unadjusted,692,1.7321142998526398
participation_ratio,Unadjusted,693,0.25671666666875126
participation_ratio,Unadjusted,694,0.010077876344780634
participation_ratio,Unadjusted,695,0.0029563825074774286
participation_ratio,Unadjusted,696,0.27332742875825033
participation_ratio,Unadjusted,697,0.06647624577647093
participation_ratio,Unadjusted,698,0.0005215139033794003
participation_ratio,Unadjusted,699,1.7678537661573728
participation_ratio,Unadjusted,700,0.6925481470593695
participation_ratio,Unadjusted,701,0.25746492520335096
participation_ratio,Unadjusted,702,1.030060462855488
participation_ratio,Unadjusted,703,0.0007484817042495706
participation_ratio,Unadjusted,704,0.40137375729193536
participation_ratio,Unadjusted,705,0.005991815769277764
participation_ratio,Unadjusted,706,0.7148662499777743
participation_ratio,Unadjusted,707,2.303185756850837
participation_ratio,Unadjusted,708,0.0050989410843556016
participation_ratio,Unadjusted,709,0.5504162203268379
participation_ratio,Unadjusted,710,0.005098700289295266
participation_ratio,Unadjusted,711,0.4834284428346223
participation_ratio,Unadjusted,712,0.03622692050174692
participation_ratio,Unadjusted,713,1.1588822431180006
participation_ratio,Unadjusted,714,0.31813014764929903
participation_ratio,Unadjusted,715,2.9843016112655505
participation_ratio,Unadjusted,716,0.8801201405867687
participation_ratio,Unadjusted,717,1.419291186481189
participation_ratio,Unadjusted,718,1.972076044815708
participation_ratio,Unadjusted,719,0.009430185507085298
participation_ratio,Unadjusted,720,0.0682541456002923
participation_ratio,Unadjusted,721,4.2569249825036195
participation_ratio,Unadjusted,722,1.4424328756259115
participation_ratio,Unadjusted,723,0.501801468120675
participation_ratio,Unadjusted,724,2.4624464747565753
participation_ratio,Unadjusted,725,1.8384118438406745
participation_ratio,Unadjusted,726,3.5656315199147457
participation_ratio,Unadjusted,727,0.03757420328895478
participation_ratio,Unadjusted,728,0.004936749280716413
participation_ratio,Unadjusted,729,4.837615464687417
participation_ratio,Unadjusted,730,2.3124103511950125
participation_ratio,Unadjusted,731,1.228025443433296
participation_ratio,Unadjusted,732,0.1005293377731391
participation_ratio,Unadjusted,733,1.4154329272942618
participation_ratio,Unadjusted,734,0.42104721847812243
participation_ratio,Unadjusted,735,1.020813212277119
participation_ratio,Unadjusted,736,0.3313886074143966
participation_ratio,Unadjusted,737,0.22079398932777394
participation_ratio,Unadjusted,738,2.9309850260060557
participation_ratio,Unadjusted,739,0.2057250689202874
participation_ratio,Unadjusted,740,0.8796742926596721
participation_ratio,Unadjusted,741,0.05805713457084494
participation_ratio,Unadjusted,742,8.864707893962986e-05
participation_ratio,Unadjusted,743,2.4238256762389483
participation_ratio,Unadjusted,744,0.5120475175614274
participation_ratio,Unadjusted,745,0.9590735619349289
participation_ratio,Unadjusted,746,1.5035077426064163
participation_ratio,Unadjusted,747,8.314085974397614
participation_ratio,Unadjusted,748,0.5049583100237669
participation_ratio,Unadjusted,749,0.8608242388630742
participation_ratio,Unadjusted,750,0.0077484060548158595
participation_ratio,Unadjusted,751,0.03637276824855462
participation_ratio,Unadjusted,752,0.15866206625094037
participation_ratio,Unadjusted,753,0.07620942883329462
participation_ratio,Unadjusted,754,2.033816739210124
participation_ratio,Unadjusted,755,0.18766816241975448
participation_ratio,Unadjusted,756,0.9745621698056652
participation_ratio,Unadjusted,757,0.7949331516660436
participation_ratio,Unadjusted,758,2.2730614104797837
participation_ratio,Unadjusted,759,0.04524754357180427
participation_ratio,Unadjusted,760,1.992719848915442
participation_ratio,Unadjusted,761,0.0651256816125283
participation_ratio,Unadjusted,762,1.674022017680386
participation_ratio,Unadjusted,763,0.5400602572424873
participation_ratio,Unadjusted,764,2.5258343308153712
participation_ratio,Unadjusted,765,3.302062193288748
participation_ratio,Unadjusted,766,0.0013640251571302997
participation_ratio,Unadjusted,767,0.17554634352757148
participation_ratio,Unadjusted,768,0.0008025475366935098
participation_ratio,Unadjusted,769,1.3676769235334234
participation_ratio,Unadjusted,770,10.182661891938778
participation_ratio,Unadjusted,771,0.44666820520797046
participation_ratio,Unadjusted,772,0.032200309510642455
participation_ratio,Unadjusted,773,0.5127401273098826
participation_ratio,Unadjusted,774,0.05540746016248477
participation_ratio,Unadjusted,775,0.47527297856544237
participation_ratio,Unadjusted,776,0.05397226189398907
participation_ratio,Unadjusted,777,3.249538697909145
participation_ratio,Unadjusted,778,0.11578494171914144
participation_ratio,Unadjusted,779,2.200935726592661
participation_ratio,Unadjusted,780,0.6524738193538724
participation_ratio,Unadjusted,781,1.6443056580014286
participation_ratio,Unadjusted,782,0.004112720626267219
participation_ratio,Unadjusted,783,0.5802888628464302
participation_ratio,Unadjusted,784,0.05721243862774372
participation_ratio,Unadjusted,785,0.7508522246394591
participation_ratio,Unadjusted,786,3.461417420689429
participation_ratio,Unadjusted,787,0.04519497861912214
participation_ratio,Unadjusted,788,0.007130033947134962
participation_ratio,Unadjusted,789,0.16045340838917355
participation_ratio,Unadjusted,790,0.02200878679724383
participation_ratio,Unadjusted,791,0.07635827477599832
participation_ratio,Unadjusted,792,0.0010389442782070546
participation_ratio,Unadjusted,793,0.0021357135874495725
participation_ratio,Unadjusted,794,0.785440708821568
participation_ratio,Unadjusted,795,0.062251554077931814
participation_ratio,Unadjusted,796,4.257774514461914
participation_ratio,Unadjusted,797,0.9511044104696111
participation_ratio,Unadjusted,798,1.7926224377372364
participation_ratio,Unadjusted,799,0.017409349486570136
participation_ratio,Unadjusted,800,0.9939184408006838
participation_ratio,Unadjusted,801,0.005888023692534716
participation_ratio,Unadjusted,802,0.24696444413473273
participation_ratio,Unadjusted,803,0.4182019999151976
participation_ratio,Unadjusted,804,0.0007054108180852836
participation_ratio,Unadjusted,805,0.23962107924813836
participation_ratio,Unadjusted,806,0.28608881965817545
participation_ratio,Unadjusted,807,0.0994895582828974
participation_ratio,Unadjusted,808,0.0002206417136676464
participation_ratio,Unadjusted,809,1.1345516851988577
participation_ratio,Unadjusted,810,0.7328090832174325
participation_ratio,Unadjusted,811,0.7981953425972961
participation_ratio,Unadjusted,812,3.338243260486706e-05
participation_ratio,Unadjusted,813,0.49251669994805525
participation_ratio,Unadjusted,814,0.007466898177028725
participation_ratio,Unadjusted,815,0.7884281626671168
participation_ratio,Unadjusted,816,0.12418794573869718
participation_ratio,Unadjusted,817,0.008098899964238626
participation_ratio,Unadjusted,818,0.4521084728690994
participation_ratio,Unadjusted,819,0.18918388758453375
participation_ratio,Unadjusted,820,0.20557391157376514
participation_ratio,Unadjusted,821,0.852147803972855
participation_ratio,Unadjusted,822,0.3275795675231734
participation_ratio,Unadjusted,823,1.467695042337084
participation_ratio,Unadjusted,824,0.35650997078630553
participation_ratio,Unadjusted,825,0.3282039191307149
participation_ratio,Unadjusted,826,0.5498683991491475
participation_ratio,Unadjusted,827,0.46156599666716147
participation_ratio,Unadjusted,828,1.5559178906195825
participation_ratio,Unadjusted,829,0.5476631543047006
participation_ratio,Unadjusted,830,0.86907335419113
participation_ratio,Unadjusted,831,0.18370422611769754
participation_ratio,Unadjusted,832,4.654381194378971
participation_ratio,Unadjusted,833,1.077238049269738
participation_ratio,Unadjusted,834,2.389112951160996
participation_ratio,Unadjusted,835,6.601680369471978
participation_ratio,Unadjusted,836,3.234470311445932
participation_ratio,Unadjusted,837,0.6487864282905775
participation_ratio,Unadjusted,838,0.8915876883404223
participation_ratio,Unadjusted,839,0.3222137229034274
participation_ratio,Unadjusted,840,0.24493068274563257
participation_ratio,Unadjusted,841,0.9056013201909536
participation_ratio,Unadjusted,842,0.017339723311806665
participation_ratio,Unadjusted,843,0.06465176098845404
participation_ratio,Unadjusted,844,0.5886336077722945
participation_ratio,Unadjusted,845,0.0015795575121160255
participation_ratio,Unadjusted,846,0.5325621794231665
participation_ratio,Unadjusted,847,0.5223547141802101
participation_ratio,Unadjusted,848,2.56300073208223
participation_ratio,Unadjusted,849,3.1803750269559714
participation_ratio,Unadjusted,850,0.18505635863459702
participation_ratio,Unadjusted,851,0.044819719719100704
participation_ratio,Unadjusted,852,0.696181039367957
participation_ratio,Unadjusted,853,1.3915084844333023
participation_ratio,Unadjusted,854,0.295134501233008
participation_ratio,Unadjusted,855,0.09799664351237425
participation_ratio,Unadjusted,856,0.056715135909541914
participation_ratio,Unadjusted,857,0.01131269699845916
participation_ratio,Unadjusted,858,0.3794952039009445
participation_ratio,Unadjusted,859,1.8611247118013807
participation_ratio,Unadjusted,860,1.045854172104839
participation_ratio,Unadjusted,861,0.06319067754702701
participation_ratio,Unadjusted,862,0.3623684867494603
participation_ratio,Unadjusted,863,0.0016912119693870409
participation_ratio,Unadjusted,864,0.007503396650065497
participation_ratio,Unadjusted,865,0.8846713306517131
participation_ratio,Unadjusted,866,0.5141387442833434
participation_ratio,Unadjusted,867,4.277354767544125
participation_ratio,Unadjusted,868,0.014979084289848288
participation_ratio,Unadjusted,869,0.0011595156285579833
participation_ratio,Unadjusted,870,0.13812107420494613
participation_ratio,Unadjusted,871,0.21244485115551015
participation_ratio,Unadjusted,872,5.093003724026005
participation_ratio,Unadjusted,873,0.7360899989562313
participation_ratio,Unadjusted,874,1.4344876348263824
participation_ratio,Unadjusted,875,0.060918110306829476
participation_ratio,Unadjusted,876,0.08560278173678171
participation_ratio,Unadjusted,877,1.0114388149463593
participation_ratio,Unadjusted,878,1.0688101991039503
participation_ratio,Unadjusted,879,0.004036045221312179
participation_ratio,Unadjusted,880,0.712881338798411
participation_ratio,Unadjusted,881,0.446682880714377
participation_ratio,Unadjusted,882,1.138040509479481
participation_ratio,Unadjusted,883,2.937333679102096
participation_ratio,Unadjusted,884,2.2053230337484706
participation_ratio,Unadjusted,885,0.6936500718325647
participation_ratio,Unadjusted,886,0.878250430372475
participation_ratio,Unadjusted,887,0.14218695766550127
participation_ratio,Unadjusted,888,0.7163789490937233
participation_ratio,Unadjusted,889,0.004245276884091709
participation_ratio,Unadjusted,890,0.01861082818891191
participation_ratio,Unadjusted,891,1.4437864509315546
participation_ratio,Unadjusted,892,0.30284999751208375
participation_ratio,Unadjusted,893,0.038527153946517956
participation_ratio,Unadjusted,894,0.7940148377599598
participation_ratio,Unadjusted,895,3.1473684720651818
participation_ratio,Unadjusted,896,0.33287024451306024
participation_ratio,Unadjusted,897,0.3511111537011402
participation_ratio,Unadjusted,898,0.0026147091086272667
participation_ratio,Unadjusted,899,0.1527245625680962
participation_ratio,Unadjusted,900,2.8107235859664854
participation_ratio,Unadjusted,901,1.4117547664227459e-05
participation_ratio,Unadjusted,902,0.02034309491142494
participation_ratio,Unadjusted,903,3.974553763384904
participation_ratio,Unadjusted,904,0.4660392301101979
participation_ratio,Unadjusted,905,0.8108973789261995
participation_ratio,Unadjusted,906,0.046961125245843505
participation_ratio,Unadjusted,907,0.3376250645939649
participation_ratio,Unadjusted,908,0.020964432386222143
participation_ratio,Unadjusted,909,0.003983915497713042
participation_ratio,Unadjusted,910,0.00011296891887013771
participation_ratio,Unadjusted,911,0.3802576929950874
participation_ratio,Unadjusted,912,0.6680687035070605
participation_ratio,Unadjusted,913,1.8038699222878734
participation_ratio,Unadjusted,914,1.3660004228155458
participation_ratio,Unadjusted,915,0.1444413671157463
participation_ratio,Unadjusted,916,0.5261884548891089
participation_ratio,Unadjusted,917,5.386199522444429
participation_ratio,Unadjusted,918,0.612402780541629
participation_ratio,Unadjusted,919,3.515117083579412
participation_ratio,Unadjusted,920,1.1464368593318568
participation_ratio,Unadjusted,921,0.26942348547186157
participation_ratio,Unadjusted,922,0.1369020048890377
participation_ratio,Unadjusted,923,0.6701993139480464
participation_ratio,Unadjusted,924,0.0069346289130862715
participation_ratio,Unadjusted,925,0.28615382340501583
participation_ratio,Unadjusted,926,0.2499087697312916
participation_ratio,Unadjusted,927,5.194631699444415
participation_ratio,Unadjusted,928,1.762079356350739
participation_ratio,Unadjusted,929,0.022246485468826904
participation_ratio,Unadjusted,930,1.5888763147098643
participation_ratio,Unadjusted,931,0.1777736351149315
participation_ratio,Unadjusted,932,0.8637979707621639
participation_ratio,Unadjusted,933,1.984008768774288
participation_ratio,Unadjusted,934,0.5720115428387089
participation_ratio,Unadjusted,935,2.4619035307640047
participation_ratio,Unadjusted,936,1.8656034639367078
participation_ratio,Unadjusted,937,0.7531172783125726
participation_ratio,Unadjusted,938,1.603627435446299
participation_ratio,Unadjusted,939,0.1793584180620087
participation_ratio,Unadjusted,940,2.0810947579315098
participation_ratio,Unadjusted,941,1.1425061803726635
participation_ratio,Unadjusted,942,0.8001086253555627
participation_ratio,Unadjusted,943,0.2583408219838361
participation_ratio,Unadjusted,944,1.6804723243675426
participation_ratio,Unadjusted,945,2.027763451569399
participation_ratio,Unadjusted,946,0.15558922844485323
participation_ratio,Unadjusted,947,0.2952133946370168
participation_ratio,Unadjusted,948,0.6531537266166652
participation_ratio,Unadjusted,949,0.17642777068397208
participation_ratio,Unadjusted,950,0.03379356536265732
participation_ratio,Unadjusted,951,0.12683334002326774
participation_ratio,Unadjusted,952,0.09729236864535551
participation_ratio,Unadjusted,953,0.266140466963634
participation_ratio,Unadjusted,954,2.859611132734017
participation_ratio,Unadjusted,955,0.12177435982147244
participation_ratio,Unadjusted,956,0.8574005229417025
participation_ratio,Unadjusted,957,0.0008860804723553883
participation_ratio,Unadjusted,958,0.6383177996708014
participation_ratio,Unadjusted,959,1.6794503166838126
participation_ratio,Unadjusted,960,0.0313739975940166
participation_ratio,Unadjusted,961,0.5292593361089075
participation_ratio,Unadjusted,962,0.8675070826098477
participation_ratio,Unadjusted,963,5.550235690201362
participation_ratio,Unadjusted,964,0.45360767435533944
participation_ratio,Unadjusted,965,2.9463282214389324
participation_ratio,Unadjusted,966,0.17014294905334282
participation_ratio,Unadjusted,967,0.14741803358549532
participation_ratio,Unadjusted,968,1.2576096853560443
participation_ratio,Unadjusted,969,0.1517332579889512
participation_ratio,Unadjusted,970,0.05820864190297925
participation_ratio,Unadjusted,971,2.1160648831568665
participation_ratio,Unadjusted,972,0.017689698439539825
participation_ratio,Unadjusted,973,0.01656596081392081
participation_ratio,Unadjusted,974,0.39599166026152943
participation_ratio,Unadjusted,975,3.81972268272267
participation_ratio,Unadjusted,976,2.3874863794433168
participation_ratio,Unadjusted,977,0.28354695323594115
participation_ratio,Unadjusted,978,0.06040399724224699
participation_ratio,Unadjusted,979,0.6439382846248236
participation_ratio,Unadjusted,980,0.12930465392622637
participation_ratio,Unadjusted,981,2.9607522966756505
participation_ratio,Unadjusted,982,2.096857504119839
participation_ratio,Unadjusted,983,0.23124991155481212
participation_ratio,Unadjusted,984,0.05868564335685278
participation_ratio,Unadjusted,985,2.3190618975574466
participation_ratio,Unadjusted,986,0.18986660624292995
participation_ratio,Unadjusted,987,0.0021442373399054304
participation_ratio,Unadjusted,988,1.4754124704769538
participation_ratio,Unadjusted,989,1.389362979711109
participation_ratio,Unadjusted,990,0.07334196898767686
participation_ratio,Unadjusted,991,1.1021786595353547
participation_ratio,Unadjusted,992,0.007385501048418064
participation_ratio,Unadjusted,993,0.06835247959645585
participation_ratio,Unadjusted,994,0.1797445378546172
participation_ratio,Unadjusted,995,0.08144245887370971
participation_ratio,Unadjusted,996,2.9591906135623276
participation_ratio,Unadjusted,997,0.1701650032653106
participation_ratio,Unadjusted,998,0.24622959412903356
participation_ratio,Count-adjusted,0,0.8932692412403185
participation_ratio,Count-adjusted,1,0.5499018860276976
participation_ratio,Count-adjusted,2,2.428119517579887
participation_ratio,Count-adjusted,3,0.004304547426698946
participation_ratio,Count-adjusted,4,0.16549973580120536
participation_ratio,Count-adjusted,5,0.13746698725000783
participation_ratio,Count-adjusted,6,0.026276861474713087
participation_ratio,Count-adjusted,7,0.30789942034667206
participation_ratio,Count-adjusted,8,0.3714642838894804
participation_ratio,Count-adjusted,9,0.19721377879423585
participation_ratio,Count-adjusted,10,0.05642359411871212
participation_ratio,Count-adjusted,11,0.41954161915268173
participation_ratio,Count-adjusted,12,1.2008258182932252
participation_ratio,Count-adjusted,13,7.9435096990017655
participation_ratio,Count-adjusted,14,0.6965202390875334
participation_ratio,Count-adjusted,15,0.057071973304715584
participation_ratio,Count-adjusted,16,0.009300569762132227
participation_ratio,Count-adjusted,17,0.009946764253953688
participation_ratio,Count-adjusted,18,0.21327807418293787
participation_ratio,Count-adjusted,19,2.1362520421886018
participation_ratio,Count-adjusted,20,0.045541208751217255
participation_ratio,Count-adjusted,21,0.37038253753985373
participation_ratio,Count-adjusted,22,0.01526366387125222
participation_ratio,Count-adjusted,23,0.07733376482653398
participation_ratio,Count-adjusted,24,0.4381319460438249
participation_ratio,Count-adjusted,25,0.06670961391020569
participation_ratio,Count-adjusted,26,0.0019361343251773633
participation_ratio,Count-adjusted,27,0.08059302749009589
participation_ratio,Count-adjusted,28,0.040551483013501866
participation_ratio,Count-adjusted,29,3.3133649980458983
participation_ratio,Count-adjusted,30,0.056859220808121336
participation_ratio,Count-adjusted,31,0.01131897193525333
participation_ratio,Count-adjusted,32,4.3444380129837725
participation_ratio,Count-adjusted,33,0.18822771588762066
participation_ratio,Count-adjusted,34,0.189254450479865
participation_ratio,Count-adjusted,35,2.952377348674162
participation_ratio,Count-adjusted,36,0.550036838815771
participation_ratio,Count-adjusted,37,2.2476515893866633
participation_ratio,Count-adjusted,38,2.1809441969700742
participation_ratio,Count-adjusted,39,0.1510680046863797
participation_ratio,Count-adjusted,40,15.132357751575313
participation_ratio,Count-adjusted,41,0.2678903753648285
participation_ratio,Count-adjusted,42,0.04825592819642566
participation_ratio,Count-adjusted,43,0.8573921534295721
participation_ratio,Count-adjusted,44,0.13869810370249525
participation_ratio,Count-adjusted,45,1.367874762152553
participation_ratio,Count-adjusted,46,1.0945568389369384
participation_ratio,Count-adjusted,47,3.1910802951030064
participation_ratio,Count-adjusted,48,0.3837005913150051
participation_ratio,Count-adjusted,49,0.15875635279752487
participation_ratio,Count-adjusted,50,0.8034098741950686
participation_ratio,Count-adjusted,51,2.7657050598120065
participation_ratio,Count-adjusted,52,0.5129217815298261
participation_ratio,Count-adjusted,53,2.463016897231114
participation_ratio,Count-adjusted,54,0.27323643822902
participation_ratio,Count-adjusted,55,0.21232269195408549
participation_ratio,Count-adjusted,56,0.1740151384501587
participation_ratio,Count-adjusted,57,0.0815961872904154
participation_ratio,Count-adjusted,58,7.766910326445924
participation_ratio,Count-adjusted,59,2.3869152188871396
participation_ratio,Count-adjusted,60,0.4350643264694156
participation_ratio,Count-adjusted,61,0.12887353056078155
participation_ratio,Count-adjusted,62,0.26747359120832925
participation_ratio,Count-adjusted,63,4.317055542693453
participation_ratio,Count-adjusted,64,0.12847094365116618
participation_ratio,Count-adjusted,65,0.5845975668304391
participation_ratio,Count-adjusted,66,0.688331479268129
participation_ratio,Count-adjusted,67,2.9090165427498107
participation_ratio,Count-adjusted,68,3.840195496523336
participation_ratio,Count-adjusted,69,0.971456573251487
participation_ratio,Count-adjusted,70,0.07902982810455228
participation_ratio,Count-adjusted,71,3.9079827266974405
participation_ratio,Count-adjusted,72,1.2675134104514996
participation_ratio,Count-adjusted,73,0.7119978428679303
participation_ratio,Count-adjusted,74,0.026323200987434348
participation_ratio,Count-adjusted,75,0.5230352467366686
participation_ratio,Count-adjusted,76,0.9041294817007071
participation_ratio,Count-adjusted,77,1.2622904881672241
participation_ratio,Count-adjusted,78,0.5576541209939876
participation_ratio,Count-adjusted,79,0.04184624353811728
participation_ratio,Count-adjusted,80,0.43590510005782335
participation_ratio,Count-adjusted,81,0.051430967477330114
participation_ratio,Count-adjusted,82,2.359184034788683
participation_ratio,Count-adjusted,83,0.01497986603342838
participation_ratio,Count-adjusted,84,0.04046800286894836
participation_ratio,Count-adjusted,85,1.2795029885026565
participation_ratio,Count-adjusted,86,3.1618474632083746
participation_ratio,Count-adjusted,87,0.08723737283673927
participation_ratio,Count-adjusted,88,0.011540030827347891
participation_ratio,Count-adjusted,89,6.323379184612321
participation_ratio,Count-adjusted,90,0.5903828564333367
participation_ratio,Count-adjusted,91,0.30924647270961714
participation_ratio,Count-adjusted,92,0.46106774996235345
participation_ratio,Count-adjusted,93,0.21275681457592555
participation_ratio,Count-adjusted,94,3.715011458821806
participation_ratio,Count-adjusted,95,0.06980619844568992
participation_ratio,Count-adjusted,96,2.303946224215821
participation_ratio,Count-adjusted,97,1.8513218852802424
participation_ratio,Count-adjusted,98,1.708868669112377
participation_ratio,Count-adjusted,99,3.436747104912655
participation_ratio,Count-adjusted,100,0.021292067718263752
participation_ratio,Count-adjusted,101,0.8506849059591843
participation_ratio,Count-adjusted,102,2.487776778564296
participation_ratio,Count-adjusted,103,0.0209004226188938
participation_ratio,Count-adjusted,104,0.0017376051884525623
participation_ratio,Count-adjusted,105,1.0725622693038588
participation_ratio,Count-adjusted,106,1.0419727343359
participation_ratio,Count-adjusted,107,0.434727084700512
participation_ratio,Count-adjusted,108,0.023203094171321936
participation_ratio,Count-adjusted,109,1.0977656807369272
participation_ratio,Count-adjusted,110,0.09548821140734276
participation_ratio,Count-adjusted,111,0.312512106224915
participation_ratio,Count-adjusted,112,0.0033471167590732875
participation_ratio,Count-adjusted,113,0.5518582441351043
participation_ratio,Count-adjusted,114,0.7672685768911265
participation_ratio,Count-adjusted,115,1.0061678066630861
participation_ratio,Count-adjusted,116,0.0005085784766265533
participation_ratio,Count-adjusted,117,4.389365704881811
participation_ratio,Count-adjusted,118,0.43180560570965554
participation_ratio,Count-adjusted,119,0.18721222345544675
participation_ratio,Count-adjusted,120,0.0029825898951685303
participation_ratio,Count-adjusted,121,4.306241291976363
participation_ratio,Count-adjusted,122,0.6313272987390235
participation_ratio,Count-adjusted,123,2.799654700964126
participation_ratio,Count-adjusted,124,1.271756233997337
participation_ratio,Count-adjusted,125,3.5833279315378377
participation_ratio,Count-adjusted,126,1.0206596574987543
participation_ratio,Count-adjusted,127,1.8545483505917275
participation_ratio,Count-adjusted,128,0.003224889077841908
participation_ratio,Count-adjusted,129,1.8511631130774049
participation_ratio,Count-adjusted,130,0.046549300332912935
participation_ratio,Count-adjusted,131,0.26600920349866897
participation_ratio,Count-adjusted,132,0.24891481321341757
participation_ratio,Count-adjusted,133,0.000557541411751572
participation_ratio,Count-adjusted,134,1.0263421960619326
participation_ratio,Count-adjusted,135,0.2693637119702714
participation_ratio,Count-adjusted,136,0.5814886555707517
participation_ratio,Count-adjusted,137,0.9171190548221944
participation_ratio,Count-adjusted,138,0.22980478253722936
participation_ratio,Count-adjusted,139,0.06980221372967321
participation_ratio,Count-adjusted,140,0.10290160691636174
participation_ratio,Count-adjusted,141,0.5277233845748697
participation_ratio,Count-adjusted,142,0.028775538424667957
participation_ratio,Count-adjusted,143,1.0556068572420827
participation_ratio,Count-adjusted,144,2.1646236857305894
participation_ratio,Count-adjusted,145,0.28130493018929315
participation_ratio,Count-adjusted,146,0.03886872671029096
participation_ratio,Count-adjusted,147,0.08383593813778134
participation_ratio,Count-adjusted,148,0.030214546375020745
participation_ratio,Count-adjusted,149,1.9525357716038627
participation_ratio,Count-adjusted,150,0.5071161719662882
participation_ratio,Count-adjusted,151,3.9764844145406926
participation_ratio,Count-adjusted,152,0.5207835924787503
participation_ratio,Count-adjusted,153,0.07333494340738866
participation_ratio,Count-adjusted,154,0.17761004628408728
participation_ratio,Count-adjusted,155,1.5290457177660528
participation_ratio,Count-adjusted,156,1.7979874251473404
participation_ratio,Count-adjusted,157,1.353350883332979
participation_ratio,Count-adjusted,158,1.751880874551233
participation_ratio,Count-adjusted,159,0.6631019470914055
participation_ratio,Count-adjusted,160,0.2624534486658945
participation_ratio,Count-adjusted,161,0.9050345343900403
participation_ratio,Count-adjusted,162,1.1181792729075823e-05
participation_ratio,Count-adjusted,163,1.361287285390432
participation_ratio,Count-adjusted,164,0.6974838915266162
participation_ratio,Count-adjusted,165,0.22354150732346056
participation_ratio,Count-adjusted,166,0.5212362730266307
participation_ratio,Count-adjusted,167,0.6209371376678234
participation_ratio,Count-adjusted,168,2.973421352918166
participation_ratio,Count-adjusted,169,5.359635786640808
participation_ratio,Count-adjusted,170,0.1857210950628314
participation_ratio,Count-adjusted,171,0.3249432868364863
participation_ratio,Count-adjusted,172,0.513016868039017
participation_ratio,Count-adjusted,173,3.6865736763581936
participation_ratio,Count-adjusted,174,0.21773521744992763
participation_ratio,Count-adjusted,175,0.19121287908345153
participation_ratio,Count-adjusted,176,0.25254137454322745
participation_ratio,Count-adjusted,177,1.3488976565563746
participation_ratio,Count-adjusted,178,0.1867460681082207
participation_ratio,Count-adjusted,179,2.818249979809309
participation_ratio,Count-adjusted,180,1.6353335496021089
participation_ratio,Count-adjusted,181,7.208409352979459
participation_ratio,Count-adjusted,182,0.46326441872966484
participation_ratio,Count-adjusted,183,1.64547426192712
participation_ratio,Count-adjusted,184,0.11832466290829302
participation_ratio,Count-adjusted,185,0.3467114660300581
participation_ratio,Count-adjusted,186,0.05877279043616568
participation_ratio,Count-adjusted,187,0.37838472415333513
participation_ratio,Count-adjusted,188,2.43617967025088
participation_ratio,Count-adjusted,189,0.15821159232623927
participation_ratio,Count-adjusted,190,0.6572719154524691
participation_ratio,Count-adjusted,191,1.103220605226312
participation_ratio,Count-adjusted,192,0.03363387278346863
participation_ratio,Count-adjusted,193,0.5524477572814135
participation_ratio,Count-adjusted,194,4.902965354033711
participation_ratio,Count-adjusted,195,0.11898619768291496
participation_ratio,Count-adjusted,196,0.4783367258807516
participation_ratio,Count-adjusted,197,0.48346885310510856
participation_ratio,Count-adjusted,198,3.1779311274189865
participation_ratio,Count-adjusted,199,0.9434686738504183
participation_ratio,Count-adjusted,200,0.546624628409802
participation_ratio,Count-adjusted,201,3.4252849372908827
participation_ratio,Count-adjusted,202,2.274103874770475
participation_ratio,Count-adjusted,203,9.602104607271258
participation_ratio,Count-adjusted,204,0.43076193737940116
participation_ratio,Count-adjusted,205,0.7703128202916787
participation_ratio,Count-adjusted,206,0.015761841291748624
participation_ratio,Count-adjusted,207,0.564245564068159
participation_ratio,Count-adjusted,208,0.004009149539342616
participation_ratio,Count-adjusted,209,0.15703570516973286
participation_ratio,Count-adjusted,210,0.903292644542546
participation_ratio,Count-adjusted,211,0.49055459763835074
participation_ratio,Count-adjusted,212,0.514813300301256
participation_ratio,Count-adjusted,213,0.14025983551718468
participation_ratio,Count-adjusted,214,4.64885378206219
participation_ratio,Count-adjusted,215,0.07506685870907859
participation_ratio,Count-adjusted,216,0.3879878158726342
participation_ratio,Count-adjusted,217,1.7897277765195838
participation_ratio,Count-adjusted,218,0.027791607697793097
participation_ratio,Count-adjusted,219,1.2710096551374193
participation_ratio,Count-adjusted,220,2.5087428519965727
participation_ratio,Count-adjusted,221,0.2057284702889035
participation_ratio,Count-adjusted,222,3.5907368848988597
participation_ratio,Count-adjusted,223,0.11253258493059093
participation_ratio,Count-adjusted,224,2.8360030438953743
participation_ratio,Count-adjusted,225,0.7413856353763038
participation_ratio,Count-adjusted,226,1.8499042742287202
participation_ratio,Count-adjusted,227,1.3270624400774693
participation_ratio,Count-adjusted,228,0.1596032969514738
participation_ratio,Count-adjusted,229,2.159393735561082
participation_ratio,Count-adjusted,230,0.06759602209260152
participation_ratio,Count-adjusted,231,0.0022882088658207067
participation_ratio,Count-adjusted,232,0.018657067701610686
participation_ratio,Count-adjusted,233,1.2613039672260129e-05
participation_ratio,Count-adjusted,234,4.094722344301829
participation_ratio,Count-adjusted,235,0.09824711824995802
participation_ratio,Count-adjusted,236,0.024443180373509676
participation_ratio,Count-adjusted,237,0.4534208034456526
participation_ratio,Count-adjusted,238,0.027556155216160505
participation_ratio,Count-adjusted,239,0.18467068850813462
participation_ratio,Count-adjusted,240,0.9329285095203943
participation_ratio,Count-adjusted,241,0.23198194396644567
participation_ratio,Count-adjusted,242,0.02960377902070377
participation_ratio,Count-adjusted,243,0.0672018819806226
participation_ratio,Count-adjusted,244,8.716100296692531
participation_ratio,Count-adjusted,245,2.4732893188620437
participation_ratio,Count-adjusted,246,0.41951423066956295
participation_ratio,Count-adjusted,247,1.292944688863912
participation_ratio,Count-adjusted,248,0.003410996804007027
participation_ratio,Count-adjusted,249,0.01863963808915514
participation_ratio,Count-adjusted,250,1.4875292851202175
participation_ratio,Count-adjusted,251,2.538816611133001
participation_ratio,Count-adjusted,252,0.0024954925359566005
participation_ratio,Count-adjusted,253,0.02282335667413804
participation_ratio,Count-adjusted,254,1.5643883435843975
participation_ratio,Count-adjusted,255,1.1011979871969686
participation_ratio,Count-adjusted,256,4.420012692485045
participation_ratio,Count-adjusted,257,0.17067674142688816
participation_ratio,Count-adjusted,258,0.017608511627656753
participation_ratio,Count-adjusted,259,1.4229649817237089
participation_ratio,Count-adjusted,260,0.47514567147999287
participation_ratio,Count-adjusted,261,2.0251455670044436
participation_ratio,Count-adjusted,262,1.8462356681019685
participation_ratio,Count-adjusted,263,0.019436942887637088
participation_ratio,Count-adjusted,264,0.1517200562049652
participation_ratio,Count-adjusted,265,0.2526588851183931
participation_ratio,Count-adjusted,266,0.13777499502967316
participation_ratio,Count-adjusted,267,0.7498624042472102
participation_ratio,Count-adjusted,268,0.12496197972745904
participation_ratio,Count-adjusted,269,0.026159897526412124
participation_ratio,Count-adjusted,270,0.0708758705619914
participation_ratio,Count-adjusted,271,0.2577235694057549
participation_ratio,Count-adjusted,272,3.2127347150577066
participation_ratio,Count-adjusted,273,0.21461083046233398
participation_ratio,Count-adjusted,274,0.02668020688025763
participation_ratio,Count-adjusted,275,0.013904608931113671
participation_ratio,Count-adjusted,276,0.04802253374839438
participation_ratio,Count-adjusted,277,0.20313206953869667
participation_ratio,Count-adjusted,278,0.23093054495086562
participation_ratio,Count-adjusted,279,0.6481401345719462
participation_ratio,Count-adjusted,280,5.057414021856317
participation_ratio,Count-adjusted,281,0.5300802118100592
participation_ratio,Count-adjusted,282,1.923658896099795
participation_ratio,Count-adjusted,283,0.22303363041547186
participation_ratio,Count-adjusted,284,0.22396570229113877
participation_ratio,Count-adjusted,285,2.5534289798949885
participation_ratio,Count-adjusted,286,2.1998006345086765
participation_ratio,Count-adjusted,287,0.5756665932446765
participation_ratio,Count-adjusted,288,0.537399649463282
participation_ratio,Count-adjusted,289,0.9289202013379452
participation_ratio,Count-adjusted,290,1.0557360748099711
participation_ratio,Count-adjusted,291,0.8909558152034265
participation_ratio,Count-adjusted,292,0.20132241621820413
participation_ratio,Count-adjusted,293,0.7002731430999631
participation_ratio,Count-adjusted,294,0.30675975298188973
participation_ratio,Count-adjusted,295,0.23210773764662918
participation_ratio,Count-adjusted,296,0.5323568483793792
participation_ratio,Count-adjusted,297,0.9380241363849393
participation_ratio,Count-adjusted,298,0.029041752522175557
participation_ratio,Count-adjusted,299,2.3764697523300526
participation_ratio,Count-adjusted,300,2.015991201243338
participation_ratio,Count-adjusted,301,1.0294856547886013
participation_ratio,Count-adjusted,302,1.350892333895132
participation_ratio,Count-adjusted,303,0.00015338756756477778
participation_ratio,Count-adjusted,304,0.10300583728343327
participation_ratio,Count-adjusted,305,0.18180653309488548
participation_ratio,Count-adjusted,306,0.4978609443333539
participation_ratio,Count-adjusted,307,0.001828101209810029
participation_ratio,Count-adjusted,308,1.7050664622203726
participation_ratio,Count-adjusted,309,0.024634307408831546
participation_ratio,Count-adjusted,310,1.3088505189847126
participation_ratio,Count-adjusted,311,0.033907732348154696
participation_ratio,Count-adjusted,312,1.3475043547416306
participation_ratio,Count-adjusted,313,6.422246207261935
participation_ratio,Count-adjusted,314,1.2084653219742734
participation_ratio,Count-adjusted,315,0.3769590975538506
participation_ratio,Count-adjusted,316,0.3119624098433178
participation_ratio,Count-adjusted,317,1.2974976987519824
participation_ratio,Count-adjusted,318,0.2584907979474451
participation_ratio,Count-adjusted,319,0.16350720133337404
participation_ratio,Count-adjusted,320,0.018498453572021845
participation_ratio,Count-adjusted,321,1.3248270489787046
participation_ratio,Count-adjusted,322,0.028467825295308558
participation_ratio,Count-adjusted,323,0.0382534488909414
participation_ratio,Count-adjusted,324,0.4791009340901553
participation_ratio,Count-adjusted,325,1.5233195404121602
participation_ratio,Count-adjusted,326,0.19578232102520587
participation_ratio,Count-adjusted,327,0.2240807702830523
participation_ratio,Count-adjusted,328,0.29396684497544356
participation_ratio,Count-adjusted,329,0.01614630462361788
participation_ratio,Count-adjusted,330,0.4159787330531799
participation_ratio,Count-adjusted,331,0.5130284056556604
participation_ratio,Count-adjusted,332,0.49138957512354864
participation_ratio,Count-adjusted,333,0.06279225852733816
participation_ratio,Count-adjusted,334,0.05688263987968867
participation_ratio,Count-adjusted,335,0.6490110141575371
participation_ratio,Count-adjusted,336,0.815514556162185
participation_ratio,Count-adjusted,337,0.022825799354450282
participation_ratio,Count-adjusted,338,1.1441482517341512
participation_ratio,Count-adjusted,339,1.9789714617564584
participation_ratio,Count-adjusted,340,2.024138368935013
participation_ratio,Count-adjusted,341,0.03731306104333498
participation_ratio,Count-adjusted,342,0.051916995054085646
participation_ratio,Count-adjusted,343,2.0236696904107703
participation_ratio,Count-adjusted,344,0.7595798656061845
participation_ratio,Count-adjusted,345,1.3176682638692512
participation_ratio,Count-adjusted,346,0.1768526085301403
participation_ratio,Count-adjusted,347,1.456202727438864
participation_ratio,Count-adjusted,348,0.014413989727614762
participation_ratio,Count-adjusted,349,0.03137944192636155
participation_ratio,Count-adjusted,350,0.9351237811812325
participation_ratio,Count-adjusted,351,0.351008007627712
participation_ratio,Count-adjusted,352,0.9071388797466966
participation_ratio,Count-adjusted,353,2.1222255250823707
participation_ratio,Count-adjusted,354,1.845130610054042
participation_ratio,Count-adjusted,355,0.5419334638575322
participation_ratio,Count-adjusted,356,2.274703906556283
participation_ratio,Count-adjusted,357,0.3647138922075044
participation_ratio,Count-adjusted,358,1.7740866312863375
participation_ratio,Count-adjusted,359,2.663523886958103
participation_ratio,Count-adjusted,360,1.034584127269511
participation_ratio,Count-adjusted,361,0.02388676127085887
participation_ratio,Count-adjusted,362,4.864231205134587
participation_ratio,Count-adjusted,363,4.686548368226795e-05
participation_ratio,Count-adjusted,364,0.3088564400694338
participation_ratio,Count-adjusted,365,0.33929757612497724
participation_ratio,Count-adjusted,366,4.09255383149889
participation_ratio,Count-adjusted,367,0.004063259645022299
participation_ratio,Count-adjusted,368,0.8481394284343935
participation_ratio,Count-adjusted,369,0.41716180572507255
participation_ratio,Count-adjusted,370,1.7117238016813872
participation_ratio,Count-adjusted,371,0.9691289847044686
participation_ratio,Count-adjusted,372,2.32602377719644
participation_ratio,Count-adjusted,373,0.001242254795641884
participation_ratio,Count-adjusted,374,0.09976363340476269
participation_ratio,Count-adjusted,375,0.4337453447605242
participation_ratio,Count-adjusted,376,0.8081359399978112
participation_ratio,Count-adjusted,377,0.06414257528336975
participation_ratio,Count-adjusted,378,0.010064573657302844
participation_ratio,Count-adjusted,379,0.010206206164610876
participation_ratio,Count-adjusted,380,0.7644046819351047
participation_ratio,Count-adjusted,381,3.516213077840888
participation_ratio,Count-adjusted,382,1.9453142078886572
participation_ratio,Count-adjusted,383,0.1809921797874381
participation_ratio,Count-adjusted,384,1.138367111164115
participation_ratio,Count-adjusted,385,0.09063698186096758
participation_ratio,Count-adjusted,386,0.021923491877885226
participation_ratio,Count-adjusted,387,1.6697331997181664
participation_ratio,Count-adjusted,388,1.507394191158454
participation_ratio,Count-adjusted,389,1.2561923580362304
participation_ratio,Count-adjusted,390,0.6014316148589671
participation_ratio,Count-adjusted,391,2.2321583356085455
participation_ratio,Count-adjusted,392,0.9794582043842297
participation_ratio,Count-adjusted,393,0.0007149523281100301
participation_ratio,Count-adjusted,394,0.008064444473603771
participation_ratio,Count-adjusted,395,1.3469048325191864
participation_ratio,Count-adjusted,396,0.9115564517945813
participation_ratio,Count-adjusted,397,0.30639081033291404
participation_ratio,Count-adjusted,398,0.4566514330311122
participation_ratio,Count-adjusted,399,0.04757256209325078
participation_ratio,Count-adjusted,400,0.11964260290395146
participation_ratio,Count-adjusted,401,0.10418786001628177
participation_ratio,Count-adjusted,402,0.2902909509359972
participation_ratio,Count-adjusted,403,0.030155835475227377
participation_ratio,Count-adjusted,404,3.8873421411890092
participation_ratio,Count-adjusted,405,0.36077198309095593
participation_ratio,Count-adjusted,406,4.236822316180707
participation_ratio,Count-adjusted,407,0.17780027331983206
participation_ratio,Count-adjusted,408,0.07602664185915842
participation_ratio,Count-adjusted,409,0.6239494212614431
participation_ratio,Count-adjusted,410,0.23776624772082755
participation_ratio,Count-adjusted,411,0.04490843686465951
participation_ratio,Count-adjusted,412,0.027621329327843114
participation_ratio,Count-adjusted,413,0.15834556710896663
participation_ratio,Count-adjusted,414,0.040304991658814515
participation_ratio,Count-adjusted,415,0.13522323563506689
participation_ratio,Count-adjusted,416,0.2253870567116678
participation_ratio,Count-adjusted,417,0.3126311743788648
participation_ratio,Count-adjusted,418,2.8492476532235287
participation_ratio,Count-adjusted,419,0.017423998539413788
participation_ratio,Count-adjusted,420,0.6126629100575656
participation_ratio,Count-adjusted,421,0.021388098851275572
participation_ratio,Count-adjusted,422,0.05193662691084455
participation_ratio,Count-adjusted,423,3.487473953108548
participation_ratio,Count-adjusted,424,0.06122038074465763
participation_ratio,Count-adjusted,425,4.879825975483811
participation_ratio,Count-adjusted,426,0.03980206631891292
participation_ratio,Count-adjusted,427,0.7395270257174502
participation_ratio,Count-adjusted,428,1.9050102354512148
participation_ratio,Count-adjusted,429,0.0195946903239701
participation_ratio,Count-adjusted,430,0.12841217469849653
participation_ratio,Count-adjusted,431,0.017401153946934755
participation_ratio,Count-adjusted,432,0.05686526092154054
participation_ratio,Count-adjusted,433,0.3067590043860662
participation_ratio,Count-adjusted,434,0.006629806819432815
participation_ratio,Count-adjusted,435,0.06918391771446863
participation_ratio,Count-adjusted,436,0.031409619190327476
participation_ratio,Count-adjusted,437,0.4591870550611077
participation_ratio,Count-adjusted,438,0.05290281380294459
participation_ratio,Count-adjusted,439,0.6699122306109757
participation_ratio,Count-adjusted,440,1.9963638073934646
participation_ratio,Count-adjusted,441,0.15655628439859015
participation_ratio,Count-adjusted,442,0.011346776002255865
participation_ratio,Count-adjusted,443,1.2897780441730617
participation_ratio,Count-adjusted,444,0.6173414592611834
participation_ratio,Count-adjusted,445,0.18198015085874886
participation_ratio,Count-adjusted,446,0.6010611743728873
participation_ratio,Count-adjusted,447,0.26528416351195006
participation_ratio,Count-adjusted,448,2.032439854396131
participation_ratio,Count-adjusted,449,0.05839443267356614
participation_ratio,Count-adjusted,450,4.82154867872427
participation_ratio,Count-adjusted,451,0.7708256288243831
participation_ratio,Count-adjusted,452,5.189855920329762
participation_ratio,Count-adjusted,453,0.16730281249161294
participation_ratio,Count-adjusted,454,0.004118672129123979
participation_ratio,Count-adjusted,455,0.7997030357963979
participation_ratio,Count-adjusted,456,0.05370839807576999
participation_ratio,Count-adjusted,457,10.260406048595115
participation_ratio,Count-adjusted,458,0.496730541450944
participation_ratio,Count-adjusted,459,0.4985137821183514
participation_ratio,Count-adjusted,460,2.352956890614621
participation_ratio,Count-adjusted,461,1.859613215852164
participation_ratio,Count-adjusted,462,2.2560858255296523
participation_ratio,Count-adjusted,463,0.9888501953606692
participation_ratio,Count-adjusted,464,0.14070186436637755
participation_ratio,Count-adjusted,465,1.0039620081539624
participation_ratio,Count-adjusted,466,1.4869290714979684
participation_ratio,Count-adjusted,467,1.832631347132235
participation_ratio,Count-adjusted,468,0.6310175871463457
participation_ratio,Count-adjusted,469,0.7506132015622029
participation_ratio,Count-adjusted,470,2.460337200826814
participation_ratio,Count-adjusted,471,0.9869116550538592
participation_ratio,Count-adjusted,472,0.400984460068571
participation_ratio,Count-adjusted,473,0.11317958061638933
participation_ratio,Count-adjusted,474,0.778915613149934
participation_ratio,Count-adjusted,475,0.8950894887470895
participation_ratio,Count-adjusted,476,1.2572241824405808
participation_ratio,Count-adjusted,477,0.025507379525123497
participation_ratio,Count-adjusted,478,1.0697583680539822
participation_ratio,Count-adjusted,479,0.068279065502594
participation_ratio,Count-adjusted,480,0.4510200864704359
participation_ratio,Count-adjusted,481,0.034184336153913364
participation_ratio,Count-adjusted,482,0.38588017278291886
participation_ratio,Count-adjusted,483,0.24544638169538757
participation_ratio,Count-adjusted,484,0.05667337552114304
participation_ratio,Count-adjusted,485,0.021705182091636743
participation_ratio,Count-adjusted,486,1.8296920757552186
participation_ratio,Count-adjusted,487,0.00037836994218309883
participation_ratio,Count-adjusted,488,0.020909569908297954
participation_ratio,Count-adjusted,489,0.6942955411937817
participation_ratio,Count-adjusted,490,0.6753710912303745
participation_ratio,Count-adjusted,491,3.5740196352423936
participation_ratio,Count-adjusted,492,0.8751581700784072
participation_ratio,Count-adjusted,493,0.0018545872605670866
participation_ratio,Count-adjusted,494,0.0024402703080284027
participation_ratio,Count-adjusted,495,0.05436014303546699
participation_ratio,Count-adjusted,496,0.036326610915239144
participation_ratio,Count-adjusted,497,0.12074238294326278
participation_ratio,Count-adjusted,498,0.030564214592374128
participation_ratio,Count-adjusted,499,0.1495368277266209
participation_ratio,Count-adjusted,500,1.8512206467488284
participation_ratio,Count-adjusted,501,1.8289489871550302
participation_ratio,Count-adjusted,502,0.12896537832389754
participation_ratio,Count-adjusted,503,0.5120324990606377
participation_ratio,Count-adjusted,504,0.041523876533204884
participation_ratio,Count-adjusted,505,0.08160039834862687
participation_ratio,Count-adjusted,506,3.0103874698438915
participation_ratio,Count-adjusted,507,0.7559207222459747
participation_ratio,Count-adjusted,508,0.4947337032845951
participation_ratio,Count-adjusted,509,0.005632852430949242
participation_ratio,Count-adjusted,510,0.3255697154131951
participation_ratio,Count-adjusted,511,0.09094001531852314
participation_ratio,Count-adjusted,512,0.023438764977441906
participation_ratio,Count-adjusted,513,1.6032819668905347
participation_ratio,Count-adjusted,514,0.6190767258885899
participation_ratio,Count-adjusted,515,2.209383964420084
participation_ratio,Count-adjusted,516,0.004936464878966262
participation_ratio,Count-adjusted,517,0.0009866361518220401
participation_ratio,Count-adjusted,518,0.6029494646280966
participation_ratio,Count-adjusted,519,4.856591682525675
participation_ratio,Count-adjusted,520,0.5841504305633975
participation_ratio,Count-adjusted,521,0.26358620056814175
participation_ratio,Count-adjusted,522,0.10346551658346925
participation_ratio,Count-adjusted,523,2.4027173846280903
participation_ratio,Count-adjusted,524,0.06681043413402676
participation_ratio,Count-adjusted,525,0.07275670300069237
participation_ratio,Count-adjusted,526,0.07482217244213984
participation_ratio,Count-adjusted,527,1.722104691523782
participation_ratio,Count-adjusted,528,3.1584733057203778
participation_ratio,Count-adjusted,529,0.6488353689631481
participation_ratio,Count-adjusted,530,3.241176163130973
participation_ratio,Count-adjusted,531,3.3146251105428632
participation_ratio,Count-adjusted,532,0.857369158147236
participation_ratio,Count-adjusted,533,3.3478553940494464
participation_ratio,Count-adjusted,534,0.06792969923034775
participation_ratio,Count-adjusted,535,1.8229335480948805
participation_ratio,Count-adjusted,536,2.8419672029019125
participation_ratio,Count-adjusted,537,0.5101536358720011
participation_ratio,Count-adjusted,538,1.9417395277062326
participation_ratio,Count-adjusted,539,0.9862639522858672
participation_ratio,Count-adjusted,540,0.2671284797883402
participation_ratio,Count-adjusted,541,2.286219852202237
participation_ratio,Count-adjusted,542,0.008058097289620036
participation_ratio,Count-adjusted,543,0.5845624941330811
participation_ratio,Count-adjusted,544,0.6351879170862276
participation_ratio,Count-adjusted,545,0.06864878792688955
participation_ratio,Count-adjusted,546,0.10180719598085375
participation_ratio,Count-adjusted,547,0.08080265158341149
participation_ratio,Count-adjusted,548,5.6939407035523
participation_ratio,Count-adjusted,549,0.1464867598068622
participation_ratio,Count-adjusted,550,0.4730614928604666
participation_ratio,Count-adjusted,551,2.278368610502355
participation_ratio,Count-adjusted,552,2.599923895023494
participation_ratio,Count-adjusted,553,3.5799966389194253
participation_ratio,Count-adjusted,554,0.040125114293459774
participation_ratio,Count-adjusted,555,0.7060274825064141
participation_ratio,Count-adjusted,556,0.0850056712270657
participation_ratio,Count-adjusted,557,0.19413108466369522
participation_ratio,Count-adjusted,558,1.9257743688337143
participation_ratio,Count-adjusted,559,1.5632835210282963
participation_ratio,Count-adjusted,560,0.3731584731994815
participation_ratio,Count-adjusted,561,0.029781625239394316
participation_ratio,Count-adjusted,562,0.5704155808208498
participation_ratio,Count-adjusted,563,1.5677186170324546
participation_ratio,Count-adjusted,564,1.359074043496065
participation_ratio,Count-adjusted,565,0.38616002670141825
participation_ratio,Count-adjusted,566,0.10990137620149198
participation_ratio,Count-adjusted,567,0.11957648860962422
participation_ratio,Count-adjusted,568,0.000733717905575304
participation_ratio,Count-adjusted,569,0.2720310286507299
participation_ratio,Count-adjusted,570,0.173997727611237
participation_ratio,Count-adjusted,571,0.1130552610943596
participation_ratio,Count-adjusted,572,0.7452783807161154
participation_ratio,Count-adjusted,573,0.48321887621852966
participation_ratio,Count-adjusted,574,0.060866342530033535
participation_ratio,Count-adjusted,575,0.3106801099365555
participation_ratio,Count-adjusted,576,0.18418291284393717
participation_ratio,Count-adjusted,577,0.07690205153528495
participation_ratio,Count-adjusted,578,0.804250981878198
participation_ratio,Count-adjusted,579,0.2198592459605777
participation_ratio,Count-adjusted,580,0.15578394797174155
participation_ratio,Count-adjusted,581,0.5902415825571836
participation_ratio,Count-adjusted,582,0.018184960936309835
participation_ratio,Count-adjusted,583,2.5781690123623378
participation_ratio,Count-adjusted,584,1.7691097537183396
participation_ratio,Count-adjusted,585,0.2762466914708739
participation_ratio,Count-adjusted,586,0.7124937522517882
participation_ratio,Count-adjusted,587,0.18388816153969856
participation_ratio,Count-adjusted,588,0.0013090196110852048
participation_ratio,Count-adjusted,589,2.1752939558640207
participation_ratio,Count-adjusted,590,0.23168933109792533
participation_ratio,Count-adjusted,591,1.697059317359276
participation_ratio,Count-adjusted,592,0.08846428201476897
participation_ratio,Count-adjusted,593,0.40039458188800836
participation_ratio,Count-adjusted,594,0.7605353676150628
participation_ratio,Count-adjusted,595,0.22064129891481343
participation_ratio,Count-adjusted,596,0.10609794286085616
participation_ratio,Count-adjusted,597,0.04089043916260948
participation_ratio,Count-adjusted,598,0.025893213247542235
participation_ratio,Count-adjusted,599,0.33451968801185217
participation_ratio,Count-adjusted,600,1.1742448271471915
participation_ratio,Count-adjusted,601,0.058357075696363836
participation_ratio,Count-adjusted,602,2.6516532215457573
participation_ratio,Count-adjusted,603,0.05346031674537244
participation_ratio,Count-adjusted,604,3.8593034692198955
participation_ratio,Count-adjusted,605,0.9161251064255111
participation_ratio,Count-adjusted,606,0.21700128173085886
participation_ratio,Count-adjusted,607,1.2128810386213615
participation_ratio,Count-adjusted,608,0.5320138903852865
participation_ratio,Count-adjusted,609,0.7083628395844528
participation_ratio,Count-adjusted,610,0.6808228805178942
participation_ratio,Count-adjusted,611,1.031431667828599
participation_ratio,Count-adjusted,612,0.2791219143936985
participation_ratio,Count-adjusted,613,0.031914651175156905
participation_ratio,Count-adjusted,614,0.011944348374868241
participation_ratio,Count-adjusted,615,6.855801438273971
participation_ratio,Count-adjusted,616,1.9824493119392628
participation_ratio,Count-adjusted,617,2.646792126556022
participation_ratio,Count-adjusted,618,1.8785193761570724
participation_ratio,Count-adjusted,619,0.13060266013991395
participation_ratio,Count-adjusted,620,5.378496535290338
participation_ratio,Count-adjusted,621,0.11436986653168901
participation_ratio,Count-adjusted,622,8.395028508928903
participation_ratio,Count-adjusted,623,0.8531865681127613
participation_ratio,Count-adjusted,624,0.7479164946744561
participation_ratio,Count-adjusted,625,0.0016574933653146218
participation_ratio,Count-adjusted,626,0.8778888192084082
participation_ratio,Count-adjusted,627,3.08183749402059
participation_ratio,Count-adjusted,628,0.5031025275746686
participation_ratio,Count-adjusted,629,0.6643865294293789
participation_ratio,Count-adjusted,630,1.7128977478258207
participation_ratio,Count-adjusted,631,0.0011209388251813834
participation_ratio,Count-adjusted,632,0.6495745653108997
participation_ratio,Count-adjusted,633,0.8652204721960572
participation_ratio,Count-adjusted,634,0.647040932561282
participation_ratio,Count-adjusted,635,0.0199742147377151
participation_ratio,Count-adjusted,636,0.029678247455279916
participation_ratio,Count-adjusted,637,0.13997686510754193
participation_ratio,Count-adjusted,638,1.2862921562740723
participation_ratio,Count-adjusted,639,0.755410118160114
participation_ratio,Count-adjusted,640,2.4608264731054703
participation_ratio,Count-adjusted,641,1.4372713633238448
participation_ratio,Count-adjusted,642,0.8757548405278612
participation_ratio,Count-adjusted,643,0.18014530028494846
participation_ratio,Count-adjusted,644,0.23215719757322972
participation_ratio,Count-adjusted,645,2.8291716552125195
participation_ratio,Count-adjusted,646,2.662552319702087
participation_ratio,Count-adjusted,647,0.006661811752280755
participation_ratio,Count-adjusted,648,3.292539853979463
participation_ratio,Count-adjusted,649,0.00307532448525194
participation_ratio,Count-adjusted,650,0.5175131259224202
participation_ratio,Count-adjusted,651,6.694290853792836
participation_ratio,Count-adjusted,652,0.8195152483478694
participation_ratio,Count-adjusted,653,0.2949898803132953
participation_ratio,Count-adjusted,654,0.06261482185988143
participation_ratio,Count-adjusted,655,0.3922199806981155
participation_ratio,Count-adjusted,656,0.02642990764826436
participation_ratio,Count-adjusted,657,0.14626950079235712
participation_ratio,Count-adjusted,658,1.8434097998328127
participation_ratio,Count-adjusted,659,0.5356913877949978
participation_ratio,Count-adjusted,660,0.387230345977855
participation_ratio,Count-adjusted,661,0.21444328447881844
participation_ratio,Count-adjusted,662,0.08558416390070533
participation_ratio,Count-adjusted,663,1.1582475728514794
participation_ratio,Count-adjusted,664,0.26682626644040397
participation_ratio,Count-adjusted,665,0.25632932910787076
participation_ratio,Count-adjusted,666,0.2762912932830943
participation_ratio,Count-adjusted,667,0.0986629962472989
participation_ratio,Count-adjusted,668,0.45999950952278823
participation_ratio,Count-adjusted,669,0.6894090900546246
participation_ratio,Count-adjusted,670,0.0003927816651412286
participation_ratio,Count-adjusted,671,1.2518916718089201
participation_ratio,Count-adjusted,672,1.1042393184917216
participation_ratio,Count-adjusted,673,0.0002203443289658935
participation_ratio,Count-adjusted,674,0.06001515896085152
participation_ratio,Count-adjusted,675,0.07721104762737241
participation_ratio,Count-adjusted,676,0.023866293042999587
participation_ratio,Count-adjusted,677,0.018753251515903457
participation_ratio,Count-adjusted,678,0.0018064629793457243
participation_ratio,Count-adjusted,679,0.9755877129550754
participation_ratio,Count-adjusted,680,2.758249841006716
participation_ratio,Count-adjusted,681,0.5514452122920659
participation_ratio,Count-adjusted,682,0.0028514518613746986
participation_ratio,Count-adjusted,683,0.10202326614469825
participation_ratio,Count-adjusted,684,0.1476524162773103
participation_ratio,Count-adjusted,685,0.04518115110568033
participation_ratio,Count-adjusted,686,0.7835033145302361
participation_ratio,Count-adjusted,687,0.006222130700763273
participation_ratio,Count-adjusted,688,1.9212498584198272
participation_ratio,Count-adjusted,689,2.0102091099522283
participation_ratio,Count-adjusted,690,2.5140078603883467
participation_ratio,Count-adjusted,691,0.1359367876309534
participation_ratio,Count-adjusted,692,0.015770832151929426
participation_ratio,Count-adjusted,693,0.9845565568986103
participation_ratio,Count-adjusted,694,0.47040368622685946
participation_ratio,Count-adjusted,695,1.7646343567286067
participation_ratio,Count-adjusted,696,1.418771220729127
participation_ratio,Count-adjusted,697,0.0019568310237900732
participation_ratio,Count-adjusted,698,0.8364547510316527
participation_ratio,Count-adjusted,699,1.8634994996061778
participation_ratio,Count-adjusted,700,0.011335769145205177
participation_ratio,Count-adjusted,701,2.3948971922450255
participation_ratio,Count-adjusted,702,9.170102868681113
participation_ratio,Count-adjusted,703,0.16933701313104166
participation_ratio,Count-adjusted,704,0.027752659302535676
participation_ratio,Count-adjusted,705,0.681859424373755
participation_ratio,Count-adjusted,706,0.056564431543705496
participation_ratio,Count-adjusted,707,1.1562944414192486
participation_ratio,Count-adjusted,708,2.0838343366010292
participation_ratio,Count-adjusted,709,3.6299353573743076
participation_ratio,Count-adjusted,710,0.024757604820365486
participation_ratio,Count-adjusted,711,0.1421938874127875
participation_ratio,Count-adjusted,712,0.15992878062789373
participation_ratio,Count-adjusted,713,0.8889438667997922
participation_ratio,Count-adjusted,714,1.5359321374689046
participation_ratio,Count-adjusted,715,1.0331420651175165
participation_ratio,Count-adjusted,716,0.5199144152253439
participation_ratio,Count-adjusted,717,0.7389110475162965
participation_ratio,Count-adjusted,718,3.097426031589009
participation_ratio,Count-adjusted,719,1.3354263634700771
participation_ratio,Count-adjusted,720,0.2173984340589925
participation_ratio,Count-adjusted,721,0.4160255509127069
participation_ratio,Count-adjusted,722,0.2777897493148487
participation_ratio,Count-adjusted,723,1.744874232639802
participation_ratio,Count-adjusted,724,0.15114648033349454
participation_ratio,Count-adjusted,725,0.08591986029142618
participation_ratio,Count-adjusted,726,0.6708560248568176
participation_ratio,Count-adjusted,727,0.005091999878544584
participation_ratio,Count-adjusted,728,3.3974478918222815
participation_ratio,Count-adjusted,729,0.3406266723093836
participation_ratio,Count-adjusted,730,0.0019497501948819718
participation_ratio,Count-adjusted,731,2.009370298464063
participation_ratio,Count-adjusted,732,0.3402602479058885
participation_ratio,Count-adjusted,733,1.7120428196634805
participation_ratio,Count-adjusted,734,0.47881212979811494
participation_ratio,Count-adjusted,735,0.440619744248437
participation_ratio,Count-adjusted,736,0.22693906233286043
participation_ratio,Count-adjusted,737,1.42673956676515
participation_ratio,Count-adjusted,738,1.3169595809784198
participation_ratio,Count-adjusted,739,0.005945476800718552
participation_ratio,Count-adjusted,740,1.31061678038958
participation_ratio,Count-adjusted,741,2.0897743567630584
participation_ratio,Count-adjusted,742,0.24718245478914014
participation_ratio,Count-adjusted,743,0.5828311122333503
participation_ratio,Count-adjusted,744,0.014549120902984214
participation_ratio,Count-adjusted,745,3.5697219393184128
participation_ratio,Count-adjusted,746,0.0006927714674702656
participation_ratio,Count-adjusted,747,0.0052039236719281234
participation_ratio,Count-adjusted,748,1.3106471490383456
participation_ratio,Count-adjusted,749,1.1352278884447173
participation_ratio,Count-adjusted,750,0.2690970326611364
participation_ratio,Count-adjusted,751,4.231604350479756e-05
participation_ratio,Count-adjusted,752,0.012765787309660936
participation_ratio,Count-adjusted,753,0.6652086557175494
participation_ratio,Count-adjusted,754,0.701717465373406
participation_ratio,Count-adjusted,755,0.6616155821465384
participation_ratio,Count-adjusted,756,2.576634096888796
participation_ratio,Count-adjusted,757,0.20382930486667306
participation_ratio,Count-adjusted,758,0.7106890616806822
participation_ratio,Count-adjusted,759,2.123537983347717
participation_ratio,Count-adjusted,760,1.2689019652333684
participation_ratio,Count-adjusted,761,0.08185433067453118
participation_ratio,Count-adjusted,762,4.625535859581248
participation_ratio,Count-adjusted,763,1.9480509341361483
participation_ratio,Count-adjusted,764,0.24261584210535148
participation_ratio,Count-adjusted,765,0.00017795245548768435
participation_ratio,Count-adjusted,766,0.6400236661534962
participation_ratio,Count-adjusted,767,1.3813906055200391
participation_ratio,Count-adjusted,768,6.225965378803267e-05
participation_ratio,Count-adjusted,769,0.28567875132705467
participation_ratio,Count-adjusted,770,3.7297872562866417
participation_ratio,Count-adjusted,771,0.7429795776258743
participation_ratio,Count-adjusted,772,0.07931945565383103
participation_ratio,Count-adjusted,773,2.4548245833476017
participation_ratio,Count-adjusted,774,0.7406322935009939
participation_ratio,Count-adjusted,775,0.3003894775067977
participation_ratio,Count-adjusted,776,0.056223342623781036
participation_ratio,Count-adjusted,777,5.921929641048052
participation_ratio,Count-adjusted,778,2.5641784619680266
participation_ratio,Count-adjusted,779,2.301133239132554
participation_ratio,Count-adjusted,780,0.11977775534282387
participation_ratio,Count-adjusted,781,4.265756472310045
participation_ratio,Count-adjusted,782,1.492015848431663
participation_ratio,Count-adjusted,783,0.8868395503497197
participation_ratio,Count-adjusted,784,3.0274687958749666
participation_ratio,Count-adjusted,785,5.837941444042372e-06
participation_ratio,Count-adjusted,786,4.330980511420648
participation_ratio,Count-adjusted,787,0.060889006017674774
participation_ratio,Count-adjusted,788,0.10901833758612156
participation_ratio,Count-adjusted,789,2.133299765917087
participation_ratio,Count-adjusted,790,0.6373237461143901
participation_ratio,Count-adjusted,791,0.0007879874602849668
participation_ratio,Count-adjusted,792,8.139215514607287
participation_ratio,Count-adjusted,793,2.7796727103682883
participation_ratio,Count-adjusted,794,0.602484237577471
participation_ratio,Count-adjusted,795,2.247683016620414
participation_ratio,Count-adjusted,796,2.567082067568805
participation_ratio,Count-adjusted,797,0.3617087090221389
participation_ratio,Count-adjusted,798,2.0895274429433073
participation_ratio,Count-adjusted,799,0.7791061956193346
participation_ratio,Count-adjusted,800,0.2939010432240252
participation_ratio,Count-adjusted,801,0.05449602299114531
participation_ratio,Count-adjusted,802,0.5022388453648148
participation_ratio,Count-adjusted,803,0.31136182480582875
participation_ratio,Count-adjusted,804,0.562629002169416
participation_ratio,Count-adjusted,805,8.647310197123858
participation_ratio,Count-adjusted,806,0.04243637472094974
participation_ratio,Count-adjusted,807,0.4389831947727032
participation_ratio,Count-adjusted,808,0.15703193212581823
participation_ratio,Count-adjusted,809,0.8581499444181304
participation_ratio,Count-adjusted,810,1.0059909004471592
participation_ratio,Count-adjusted,811,0.6981830983010582
participation_ratio,Count-adjusted,812,0.635334822397283
participation_ratio,Count-adjusted,813,4.168226257272835
participation_ratio,Count-adjusted,814,0.24169454650649413
participation_ratio,Count-adjusted,815,0.06083681381915085
participation_ratio,Count-adjusted,816,1.7398874540457427
participation_ratio,Count-adjusted,817,0.4893966245439856
participation_ratio,Count-adjusted,818,0.8213122324873154
participation_ratio,Count-adjusted,819,3.7336426064615864
participation_ratio,Count-adjusted,820,0.04200219735386668
participation_ratio,Count-adjusted,821,0.07227254091088753
participation_ratio,Count-adjusted,822,0.645155928388391
participation_ratio,Count-adjusted,823,0.06873284407910774
participation_ratio,Count-adjusted,824,1.173546613727268
participation_ratio,Count-adjusted,825,0.0781633196321252
participation_ratio,Count-adjusted,826,0.6984116962231894
participation_ratio,Count-adjusted,827,0.34806857355391685
participation_ratio,Count-adjusted,828,2.372445103136272
participation_ratio,Count-adjusted,829,1.6005349164588836
participation_ratio,Count-adjusted,830,0.3334495122091994
participation_ratio,Count-adjusted,831,0.5585391024869182
participation_ratio,Count-adjusted,832,0.3909772648145804
participation_ratio,Count-adjusted,833,0.3139293522597768
participation_ratio,Count-adjusted,834,0.7801212826188362
participation_ratio,Count-adjusted,835,0.04610563313013927
participation_ratio,Count-adjusted,836,0.4620237905688782
participation_ratio,Count-adjusted,837,3.4395361350107976
participation_ratio,Count-adjusted,838,0.9149953343363677
participation_ratio,Count-adjusted,839,0.06241078333184191
participation_ratio,Count-adjusted,840,0.39171968839239923
participation_ratio,Count-adjusted,841,0.042463637857110825
participation_ratio,Count-adjusted,842,3.156889173926487
participation_ratio,Count-adjusted,843,0.9337964677438038
participation_ratio,Count-adjusted,844,1.1648329346702155
participation_ratio,Count-adjusted,845,0.016816537735707016
participation_ratio,Count-adjusted,846,0.31574232888951315
participation_ratio,Count-adjusted,847,0.43309655862498175
participation_ratio,Count-adjusted,848,0.32853705514159515
participation_ratio,Count-adjusted,849,2.7321014296432224
participation_ratio,Count-adjusted,850,1.908611152042596
participation_ratio,Count-adjusted,851,1.5073981855151999
participation_ratio,Count-adjusted,852,0.03868548438597941
participation_ratio,Count-adjusted,853,0.23064496196641926
participation_ratio,Count-adjusted,854,0.489751233939586
participation_ratio,Count-adjusted,855,0.188899933992559
participation_ratio,Count-adjusted,856,2.592801544338869
participation_ratio,Count-adjusted,857,0.01036888632521027
participation_ratio,Count-adjusted,858,0.020660217982623408
participation_ratio,Count-adjusted,859,0.4980185127703578
participation_ratio,Count-adjusted,860,0.29330688749644196
participation_ratio,Count-adjusted,861,3.184902219750711
participation_ratio,Count-adjusted,862,1.74636416922462
participation_ratio,Count-adjusted,863,0.5003819191783805
participation_ratio,Count-adjusted,864,0.1836756185800823
participation_ratio,Count-adjusted,865,0.22031484411428437
participation_ratio,Count-adjusted,866,1.6138346742182534
participation_ratio,Count-adjusted,867,0.5670947800194881
participation_ratio,Count-adjusted,868,0.06454386042381088
participation_ratio,Count-adjusted,869,3.087337876890274
participation_ratio,Count-adjusted,870,1.0226060246336601
participation_ratio,Count-adjusted,871,1.0442521811338565
participation_ratio,Count-adjusted,872,1.3126911366615843
participation_ratio,Count-adjusted,873,0.7857841859656673
participation_ratio,Count-adjusted,874,0.10729996296007016
participation_ratio,Count-adjusted,875,0.12643823912409857
participation_ratio,Count-adjusted,876,0.44125897482678056
participation_ratio,Count-adjusted,877,0.4566968287320776
participation_ratio,Count-adjusted,878,0.04502800227925263
participation_ratio,Count-adjusted,879,0.27989303547880695
participation_ratio,Count-adjusted,880,2.5370248375915594
participation_ratio,Count-adjusted,881,3.240973784038971
participation_ratio,Count-adjusted,882,0.12305919844766322
participation_ratio,Count-adjusted,883,2.6896835787311772
participation_ratio,Count-adjusted,884,6.728812417132929
participation_ratio,Count-adjusted,885,0.5973338921333209
participation_ratio,Count-adjusted,886,0.6042767987865432
participation_ratio,Count-adjusted,887,0.19027301782776362
participation_ratio,Count-adjusted,888,0.3965704608962426
participation_ratio,Count-adjusted,889,0.059842699573039226
participation_ratio,Count-adjusted,890,0.06888179237125769
participation_ratio,Count-adjusted,891,0.5131976204880289
participation_ratio,Count-adjusted,892,0.0037604173491843085
participation_ratio,Count-adjusted,893,2.893835136952987
participation_ratio,Count-adjusted,894,1.180177392954107
participation_ratio,Count-adjusted,895,0.4598742091110637
participation_ratio,Count-adjusted,896,1.7734018659905644
participation_ratio,Count-adjusted,897,3.0220524110112024
participation_ratio,Count-adjusted,898,0.3519046312820251
participation_ratio,Count-adjusted,899,0.2315907926202101
participation_ratio,Count-adjusted,900,0.078730619830651
participation_ratio,Count-adjusted,901,0.38723486664915185
participation_ratio,Count-adjusted,902,0.2245881446757494
participation_ratio,Count-adjusted,903,0.021588863709240513
participation_ratio,Count-adjusted,904,0.08829647297488918
participation_ratio,Count-adjusted,905,0.3703811916877555
participation_ratio,Count-adjusted,906,0.7059183036648164
participation_ratio,Count-adjusted,907,0.08915411173049392
participation_ratio,Count-adjusted,908,1.7175617135642085
participation_ratio,Count-adjusted,909,0.08306346624013372
participation_ratio,Count-adjusted,910,0.6425941641130066
participation_ratio,Count-adjusted,911,0.026516769712031873
participation_ratio,Count-adjusted,912,0.8516038796171586
participation_ratio,Count-adjusted,913,0.10384137722726905
participation_ratio,Count-adjusted,914,0.21755846675563362
participation_ratio,Count-adjusted,915,0.8197063802809907
participation_ratio,Count-adjusted,916,2.0550708618637827
participation_ratio,Count-adjusted,917,0.34794205138001644
participation_ratio,Count-adjusted,918,0.3498173692082105
participation_ratio,Count-adjusted,919,2.4874230672477893
participation_ratio,Count-adjusted,920,0.42393133238755354
participation_ratio,Count-adjusted,921,0.0015282813625958624
participation_ratio,Count-adjusted,922,0.022828670161629816
participation_ratio,Count-adjusted,923,0.005901423957624274
participation_ratio,Count-adjusted,924,0.3833593395129071
participation_ratio,Count-adjusted,925,0.020135119340210395
participation_ratio,Count-adjusted,926,3.8464983973401274
participation_ratio,Count-adjusted,927,0.2871790588104943
participation_ratio,Count-adjusted,928,0.15934820006179962
participation_ratio,Count-adjusted,929,0.18508086221282838
participation_ratio,Count-adjusted,930,0.17551585246596346
participation_ratio,Count-adjusted,931,0.7722930840413085
participation_ratio,Count-adjusted,932,3.7958778764975136
participation_ratio,Count-adjusted,933,0.0282706520519298
participation_ratio,Count-adjusted,934,1.6373607368612397
participation_ratio,Count-adjusted,935,0.8790878330633802
participation_ratio,Count-adjusted,936,0.6735714756167397
participation_ratio,Count-adjusted,937,1.295476119781938
participation_ratio,Count-adjusted,938,0.7465326596805824
participation_ratio,Count-adjusted,939,2.9216713125518368
participation_ratio,Count-adjusted,940,2.1726213949625617
participation_ratio,Count-adjusted,941,1.529871267126481
participation_ratio,Count-adjusted,942,0.4222833837022222
participation_ratio,Count-adjusted,943,3.6173774268292505
participation_ratio,Count-adjusted,944,3.4942401253317144
participation_ratio,Count-adjusted,945,0.05100932234941524
participation_ratio,Count-adjusted,946,2.8352705466086547
participation_ratio,Count-adjusted,947,1.0436737988616187
participation_ratio,Count-adjusted,948,0.12978709993407733
participation_ratio,Count-adjusted,949,0.8750217302086298
participation_ratio,Count-adjusted,950,2.2589414969302766
participation_ratio,Count-adjusted,951,0.8449843858126087
participation_ratio,Count-adjusted,952,0.22100096689564452
participation_ratio,Count-adjusted,953,0.2853551398109744
participation_ratio,Count-adjusted,954,1.3454300256846068
participation_ratio,Count-adjusted,955,0.0012402655428047638
participation_ratio,Count-adjusted,956,1.8077904049164601
participation_ratio,Count-adjusted,957,0.38156262119449025
participation_ratio,Count-adjusted,958,0.578039942506166
participation_ratio,Count-adjusted,959,0.7990912826745102
participation_ratio,Count-adjusted,960,1.494160193905742
participation_ratio,Count-adjusted,961,0.02830191917189495
participation_ratio,Count-adjusted,962,0.34904176680723253
participation_ratio,Count-adjusted,963,0.0740150325021034
participation_ratio,Count-adjusted,964,0.20872091122134862
participation_ratio,Count-adjusted,965,0.012893837027149857
participation_ratio,Count-adjusted,966,6.06830277099013
participation_ratio,Count-adjusted,967,0.5106573971850992
participation_ratio,Count-adjusted,968,2.691358775775285
participation_ratio,Count-adjusted,969,0.39134923027057766
participation_ratio,Count-adjusted,970,0.003475007430381538
participation_ratio,Count-adjusted,971,0.7819557456107589
participation_ratio,Count-adjusted,972,1.6414849274660526
participation_ratio,Count-adjusted,973,0.5904887988011467
participation_ratio,Count-adjusted,974,0.9655972686685459
participation_ratio,Count-adjusted,975,0.13732197161021986
participation_ratio,Count-adjusted,976,0.8952932817774695
participation_ratio,Count-adjusted,977,0.1608941386844549
participation_ratio,Count-adjusted,978,0.00041394086548507403
participation_ratio,Count-adjusted,979,0.06656015733364029
participation_ratio,Count-adjusted,980,1.2454139297190352
participation_ratio,Count-adjusted,981,0.11476969873854159
participation_ratio,Count-adjusted,982,0.2999149179312042
participation_ratio,Count-adjusted,983,0.38333694591258904
participation_ratio,Count-adjusted,984,3.4474887808973733
participation_ratio,Count-adjusted,985,2.2553302381308242
participation_ratio,Count-adjusted,986,2.2726779682232063
participation_ratio,Count-adjusted,987,0.6446370761276796
participation_ratio,Count-adjusted,988,0.33308010065826466
participation_ratio,Count-adjusted,989,0.02683129449360422
participation_ratio,Count-adjusted,990,1.672529135209487
participation_ratio,Count-adjusted,991,1.072138336854465
participation_ratio,Count-adjusted,992,1.4135545484176077
participation_ratio,Count-adjusted,993,2.3864226865162834
participation_ratio,Count-adjusted,994,0.10646929864381605
participation_ratio,Count-adjusted,995,0.2377403988724609
participation_ratio,Count-adjusted,996,0.2861505191765161
participation_ratio,Count-adjusted,997,0.2642542544373043
participation_ratio,Count-adjusted,998,1.1758521908673742
