video_uid,conversation_uid,conversation_id,level_label,trajectory_type,n_turns,lag,lag_distance_observed,lag_distance_null_mean,lag_distance_null_sd,lag_distance_z
astro,astro::wired_astro_12,wired_astro_12,child,joint,23,1,0.9014500895661387,1.0005286108008966,0.01916142022120814,-5.170729522705021
astro,astro::wired_astro_12,wired_astro_12,child,joint,23,2,0.9533850019472003,0.9978153550670993,0.018111379825633732,-2.4531732837392637
astro,astro::wired_astro_12,wired_astro_12,child,joint,23,3,0.9926485955640777,0.9973074465346626,0.021260295862529806,-0.21913387286373218
astro,astro::wired_astro_12,wired_astro_12,child,joint,23,4,0.973530101530656,0.9985611633151621,0.019928481573497088,-1.256044605916937
astro,astro::wired_astro_12,wired_astro_12,child,joint,23,5,0.9958734663616254,1.0002632739531279,0.023087472483480885,-0.19013807573104152
astro,astro::wired_astro_12,wired_astro_12,child,joint,23,6,1.000307240082679,0.998890556370068,0.02186698407640891,0.06478642448637106
astro,astro::wired_astro_12,wired_astro_12,child,expert,11,1,0.9136178873690343,1.0020606795930624,0.03122437824323111,-2.8324917003976213
astro,astro::wired_astro_12,wired_astro_12,child,expert,11,2,0.9690997989767695,1.0001916954151933,0.034420856568886875,-0.903286540130087
astro,astro::wired_astro_12,wired_astro_12,child,expert,11,3,1.0059613163870662,0.9968613029532674,0.03843862157976477,0.2367414090256911
astro,astro::wired_astro_12,wired_astro_12,child,expert,11,4,1.0617348315948474,1.0010224277714364,0.038217642079497696,1.5885962743887048
astro,astro::wired_astro_12,wired_astro_12,child,expert,11,5,1.0616778133935751,1.001678495257088,0.040463396999438565,1.4828047713670596
astro,astro::wired_astro_12,wired_astro_12,child,expert,11,6,1.0439547449837274,0.996464064842222,0.04837088577690798,0.9818029870393068
astro,astro::wired_astro_12,wired_astro_12,child,partner,12,1,0.9882773107099709,0.9992266558844858,0.023013028569295227,-0.47578897064960146
astro,astro::wired_astro_12,wired_astro_12,child,partner,12,2,0.9803809786650703,0.998706559216951,0.023939068009230978,-0.7655093567057082
astro,astro::wired_astro_12,wired_astro_12,child,partner,12,3,0.9986853875445876,0.9989851553640255,0.025859365224649596,-0.011592234257638482
astro,astro::wired_astro_12,wired_astro_12,child,partner,12,4,0.9753579572065488,1.0004407603577827,0.027192484470422763,-0.9224167500588789
astro,astro::wired_astro_12,wired_astro_12,child,partner,12,5,0.9879543961017935,1.0034979720983945,0.029468754108878815,-0.5274595573050657
astro,astro::wired_astro_12,wired_astro_12,child,partner,12,6,1.0123186735947332,0.999147978476748,0.03270651257049853,0.402693350127009
astro,astro::wired_astro_13,wired_astro_13,teenager,joint,13,1,0.9911395357023685,1.0094806923932236,0.020348724213149778,-0.9013418482030768
astro,astro::wired_astro_13,wired_astro_13,teenager,joint,13,2,0.9737032046162447,0.9925821749922122,0.024871966973767305,-0.7590461339820592
astro,astro::wired_astro_13,wired_astro_13,teenager,joint,13,3,1.0406024659436122,1.0121070972364294,0.02526083598421073,1.128045355466214
astro,astro::wired_astro_13,wired_astro_13,teenager,joint,13,4,0.9761294219761233,0.9910128273127018,0.03206975285425311,-0.4640947937521962
astro,astro::wired_astro_13,wired_astro_13,teenager,joint,13,5,1.0219057201477102,1.0107584330083892,0.029311717510855657,0.380301397732582
astro,astro::wired_astro_13,wired_astro_13,teenager,joint,13,6,1.020147871072539,0.9888409491706277,0.03538652677522168,0.8847130463177557
astro,astro::wired_astro_14,wired_astro_14,undergraduate,joint,17,1,0.8565971817756621,0.9932113921494485,0.03185915190187937,-4.288068018713566
astro,astro::wired_astro_14,wired_astro_14,undergraduate,joint,17,2,0.957588406383159,1.005634973559929,0.023869580605658258,-2.01287856584211
astro,astro::wired_astro_14,wired_astro_14,undergraduate,joint,17,3,0.9739144521987709,0.9894895716772394,0.035719725323306944,-0.4360369330249516
astro,astro::wired_astro_14,wired_astro_14,undergraduate,joint,17,4,0.9533506472683618,1.006204283264102,0.031205802629201897,-1.6937117953274698
astro,astro::wired_astro_14,wired_astro_14,undergraduate,joint,17,5,0.9990032274958667,0.9889677530316108,0.039734882080058945,0.2525608215984169
astro,astro::wired_astro_14,wired_astro_14,undergraduate,joint,17,6,1.0027638258079212,1.0053516948566357,0.030578148577279574,-0.08463131906675675
astro,astro::wired_astro_15,wired_astro_15,graduate,joint,29,1,0.900264296064766,0.9941795166467657,0.015686962957747016,-5.986832558664242
astro,astro::wired_astro_15,wired_astro_15,graduate,joint,29,2,0.9663305069619136,1.0068888251777384,0.012926137353963378,-3.1376982237767184
astro,astro::wired_astro_15,wired_astro_15,graduate,joint,29,3,0.9685396264409225,0.993593190982992,0.01642934095866953,-1.524928151719264
astro,astro::wired_astro_15,wired_astro_15,graduate,joint,29,4,0.9814085852361296,1.0069646716498175,0.013997209713503865,-1.8257986367834838
astro,astro::wired_astro_15,wired_astro_15,graduate,joint,29,5,0.97759159679785,0.9938339202968511,0.01836455732416146,-0.8844386070570724
astro,astro::wired_astro_15,wired_astro_15,graduate,joint,29,6,1.0125771744662955,1.0074158634817745,0.0163346160181353,0.3159738177371733
astro,astro::wired_astro_15,wired_astro_15,graduate,expert,14,1,0.935750645999098,1.000905012103415,0.01874545333969646,-3.475742353285341
astro,astro::wired_astro_15,wired_astro_15,graduate,expert,14,2,0.9903593211939604,0.9988189145257818,0.020920757663896505,-0.40436362141990084
astro,astro::wired_astro_15,wired_astro_15,graduate,expert,14,3,1.0252213178904048,0.9992060676999074,0.022577183542169504,1.152280581938236
astro,astro::wired_astro_15,wired_astro_15,graduate,expert,14,4,1.0274512977957913,1.0008702267774827,0.02576113039420413,1.0318285964768408
astro,astro::wired_astro_15,wired_astro_15,graduate,expert,14,5,1.0301676280899992,1.0001998201054445,0.02539396324698785,1.180115435037867
astro,astro::wired_astro_15,wired_astro_15,graduate,expert,14,6,0.991222474757288,0.9993869990767832,0.02566983051776484,-0.31805914393727475
astro,astro::wired_astro_15,wired_astro_15,graduate,partner,15,1,0.9821001877508699,1.0007367940993974,0.017802154305908965,-1.046873655192481
astro,astro::wired_astro_15,wired_astro_15,graduate,partner,15,2,0.9602735905501917,0.9985781877583801,0.019322915053207768,-1.9823405062182673
astro,astro::wired_astro_15,wired_astro_15,graduate,partner,15,3,0.9877500872193766,0.9993038084584878,0.022048874516594662,-0.524005033926582
astro,astro::wired_astro_15,wired_astro_15,graduate,partner,15,4,1.0049602817368801,0.9985757235808819,0.022871171353661814,0.2791530900307844
astro,astro::wired_astro_15,wired_astro_15,graduate,partner,15,5,0.9657192881971944,1.000493876531802,0.02405143772703348,-1.4458423953392823
astro,astro::wired_astro_15,wired_astro_15,graduate,partner,15,6,1.0062724551872269,0.9985793777104657,0.023286766475673935,0.3303626325620434
astro,astro::wired_astro_16,wired_astro_16,expert,joint,14,1,0.8756634668038049,0.9853287388626946,0.023809861075264862,-4.605876183495108
astro,astro::wired_astro_16,wired_astro_16,expert,joint,14,2,0.9886110730542439,1.0165512414657192,0.021539606863400566,-1.2971531276622488
astro,astro::wired_astro_16,wired_astro_16,expert,joint,14,3,1.0035268777951918,0.987216295637268,0.027825985828665235,0.5861636765846867
astro,astro::wired_astro_16,wired_astro_16,expert,joint,14,4,0.9839701731054046,1.0175060126206268,0.0260550923525132,-1.2871126711622436
astro,astro::wired_astro_16,wired_astro_16,expert,joint,14,5,1.013130516682061,0.9846490779013406,0.031122284915083894,0.9151461359097203
astro,astro::wired_astro_16,wired_astro_16,expert,joint,14,6,1.0277994796359025,1.0167786361337325,0.026133951034811146,0.4217059826694345
dimension,dimension::wired_dimension_12,wired_dimension_12,child,joint,50,1,0.9444212261885078,1.0124466339095843,0.012005864452510081,-5.6660149704467475
dimension,dimension::wired_dimension_12,wired_dimension_12,child,joint,50,2,0.9644364068823964,0.9865919407536597,0.022688532356073016,-0.976508022800029
dimension,dimension::wired_dimension_12,wired_dimension_12,child,joint,50,3,1.0114095693224765,1.0123165618697345,0.013026402703816727,-0.06962724613083425
dimension,dimension::wired_dimension_12,wired_dimension_12,child,joint,50,4,1.0030978334427785,0.9874970367370581,0.022752074519328022,0.6856867795711277
dimension,dimension::wired_dimension_12,wired_dimension_12,child,joint,50,5,1.0113525614053802,1.0110195960933184,0.01259108979827895,0.02644451889361885
dimension,dimension::wired_dimension_12,wired_dimension_12,child,joint,50,6,0.9579885533755419,0.9863955128359708,0.02475025552511178,-1.147744088201717
dimension,dimension::wired_dimension_12,wired_dimension_12,child,expert,25,1,0.932830220806662,1.000072821252548,0.01617995295035508,-4.155920641562209
dimension,dimension::wired_dimension_12,wired_dimension_12,child,expert,25,2,0.9819260581012974,1.0004422722885384,0.01741743640636253,-1.0630849314011057
dimension,dimension::wired_dimension_12,wired_dimension_12,child,expert,25,3,0.988241227207229,0.9998471433333002,0.018427058490050923,-0.6298301018764026
dimension,dimension::wired_dimension_12,wired_dimension_12,child,expert,25,4,0.9705494115252136,1.0002620613657758,0.017293407758328824,-1.7181489186971868
dimension,dimension::wired_dimension_12,wired_dimension_12,child,expert,25,5,1.0219033231323127,1.0019597157184597,0.01844884836010512,1.0810218082219307
dimension,dimension::wired_dimension_12,wired_dimension_12,child,expert,25,6,1.0189498361115101,1.0003860259447344,0.02009722753825771,0.9237000542207687
dimension,dimension::wired_dimension_12,wired_dimension_12,child,partner,25,1,1.0196855515344476,0.9994310901815229,0.0418650055209539,0.4838041008447297
dimension,dimension::wired_dimension_12,wired_dimension_12,child,partner,25,2,1.0491536777689865,1.0004827868359791,0.043434151499592906,1.1205673243890475
dimension,dimension::wired_dimension_12,wired_dimension_12,child,partner,25,3,0.9527661649101032,1.0014547835861742,0.0446796675211871,-1.0897265216439413
dimension,dimension::wired_dimension_12,wired_dimension_12,child,partner,25,4,0.9819244919086643,1.0008479785303155,0.046299775958521326,-0.40871659160088036
dimension,dimension::wired_dimension_12,wired_dimension_12,child,partner,25,5,0.9628520543679917,0.997576356045093,0.04539464890598887,-0.7649426201976889
dimension,dimension::wired_dimension_12,wired_dimension_12,child,partner,25,6,0.966750224399268,1.0019993527753532,0.04814345876032419,-0.7321685912008998
dimension,dimension::wired_dimension_13,wired_dimension_13,teenager,joint,42,1,1.0138689688012967,1.0301258685559156,0.012066259006927342,-1.3473024029473952
dimension,dimension::wired_dimension_13,wired_dimension_13,teenager,joint,42,2,0.8982014435617606,0.9670855185840701,0.022114417754263763,-3.1148943547938703
dimension,dimension::wired_dimension_13,wired_dimension_13,teenager,joint,42,3,1.0255921396904004,1.0320969576930443,0.012991978418235475,-0.5006795572808048
dimension,dimension::wired_dimension_13,wired_dimension_13,teenager,joint,42,4,0.9240723164233495,0.9688780190421807,0.022706950520959432,-1.9732153191364794
dimension,dimension::wired_dimension_13,wired_dimension_13,teenager,joint,42,5,1.032100749058506,1.0309491819652612,0.013155659947222773,0.08753396620652326
dimension,dimension::wired_dimension_13,wired_dimension_13,teenager,joint,42,6,0.9383073292622499,0.9678313244307589,0.024334733098435896,-1.2132450785090654
dimension,dimension::wired_dimension_13,wired_dimension_13,teenager,expert,21,1,0.9198940997746564,1.0011610350974056,0.02180204344392648,-3.7274916698410765
dimension,dimension::wired_dimension_13,wired_dimension_13,teenager,expert,21,2,0.9467076573989406,0.9988589154859465,0.020865176060257253,-2.4994401166995446
dimension,dimension::wired_dimension_13,wired_dimension_13,teenager,expert,21,3,0.9331266130832166,1.0002569204512615,0.022966733657666303,-2.9229366425659182
dimension,dimension::wired_dimension_13,wired_dimension_13,teenager,expert,21,4,1.0041245246799824,0.9995292179948586,0.023506102477381004,0.1954941994124989
dimension,dimension::wired_dimension_13,wired_dimension_13,teenager,expert,21,5,1.0019263107700365,0.9987473226805317,0.024848130088742124,0.1279367130706178
dimension,dimension::wired_dimension_13,wired_dimension_13,teenager,expert,21,6,1.0268180057047005,1.0002266494887337,0.025302698789818827,1.0509296433891253
dimension,dimension::wired_dimension_13,wired_dimension_13,teenager,partner,21,1,0.9377006437871956,1.0041227569186577,0.03938954260681519,-1.686288002744406
dimension,dimension::wired_dimension_13,wired_dimension_13,teenager,partner,21,2,0.9643723968693323,1.001981088186622,0.0412201818670145,-0.9123853805066592
dimension,dimension::wired_dimension_13,wired_dimension_13,teenager,partner,21,3,1.0090713459767735,1.0015028650648532,0.043758618440220824,0.17295977756381176
dimension,dimension::wired_dimension_13,wired_dimension_13,teenager,partner,21,4,1.0065949324396686,1.0014779355103087,0.04631581253139721,0.11048056051896035
dimension,dimension::wired_dimension_13,wired_dimension_13,teenager,partner,21,5,0.9855791192504643,1.0025026595357975,0.048242749640255135,-0.3507996623644309
dimension,dimension::wired_dimension_13,wired_dimension_13,teenager,partner,21,6,1.013818916859872,0.9980840137154857,0.05075572458445606,0.3100123832968588
dimension,dimension::wired_dimension_14,wired_dimension_14,undergraduate,joint,45,1,1.002206791662306,1.0492242414478037,0.00862718627198587,-5.449917076460061
dimension,dimension::wired_dimension_14,wired_dimension_14,undergraduate,joint,45,2,0.9072404272260037,0.9478534528833651,0.02286642661166516,-1.7760984847821777
dimension,dimension::wired_dimension_14,wired_dimension_14,undergraduate,joint,45,3,1.0418313137456758,1.0499560413781945,0.00850162592685288,-0.9556675043601104
dimension,dimension::wired_dimension_14,wired_dimension_14,undergraduate,joint,45,4,0.8882724716289527,0.9481504654545999,0.023789601083353883,-2.516981836553163
dimension,dimension::wired_dimension_14,wired_dimension_14,undergraduate,joint,45,5,1.0401164539886456,1.0496980310085318,0.009177827389342747,-1.0439918526918737
dimension,dimension::wired_dimension_14,wired_dimension_14,undergraduate,joint,45,6,0.9220461111155857,0.9477013924966705,0.024820090639000834,-1.0336497861442802
dimension,dimension::wired_dimension_14,wired_dimension_14,undergraduate,expert,23,1,0.9488174060684647,0.9985420387740291,0.017537059238569422,-2.8354031328242666
dimension,dimension::wired_dimension_14,wired_dimension_14,undergraduate,expert,23,2,0.9201650675834064,1.0006559321825752,0.019375459088373726,-4.154268770202583
dimension,dimension::wired_dimension_14,wired_dimension_14,undergraduate,expert,23,3,0.9640258956317108,0.9992052402271675,0.020155244258153963,-1.7454189165296077
dimension,dimension::wired_dimension_14,wired_dimension_14,undergraduate,expert,23,4,0.989093668071283,0.9986180155471883,0.021055389068548924,-0.45234725631986383
dimension,dimension::wired_dimension_14,wired_dimension_14,undergraduate,expert,23,5,0.9788489503705066,0.9989220086196529,0.0227826673426393,-0.8810670825877447
dimension,dimension::wired_dimension_14,wired_dimension_14,undergraduate,expert,23,6,0.9975295315612663,0.999189836355695,0.024481221567134934,-0.06781952403296672
dimension,dimension::wired_dimension_14,wired_dimension_14,undergraduate,partner,22,1,0.965424451882783,1.0007800437771441,0.04814690678442401,-0.7343273795898136
dimension,dimension::wired_dimension_14,wired_dimension_14,undergraduate,partner,22,2,0.9545139129522193,0.997222390592971,0.04883017843607316,-0.8746328399488487
dimension,dimension::wired_dimension_14,wired_dimension_14,undergraduate,partner,22,3,0.9815114316863002,1.0021028552581828,0.04895470408236924,-0.42062195978626044
dimension,dimension::wired_dimension_14,wired_dimension_14,undergraduate,partner,22,4,1.0317616958187945,1.0015772295681906,0.05239877228129379,0.5760529290374168
dimension,dimension::wired_dimension_14,wired_dimension_14,undergraduate,partner,22,5,0.9719366441836471,0.9983227403419931,0.05228541314523683,-0.5046550188874185
dimension,dimension::wired_dimension_14,wired_dimension_14,undergraduate,partner,22,6,0.9390029521752644,1.003643177358826,0.05357302369367171,-1.2065816100500801
dimension,dimension::wired_dimension_15,wired_dimension_15,graduate,joint,36,1,0.985858261392966,1.0056436192299092,0.02101150742265258,-0.9416439020273518
dimension,dimension::wired_dimension_15,wired_dimension_15,graduate,joint,36,2,0.9785076152329787,0.9952791434932922,0.023232890068176856,-0.7218872990444782
dimension,dimension::wired_dimension_15,wired_dimension_15,graduate,joint,36,3,1.01695729478875,1.004990567017189,0.02160709064210381,0.5538333674706969
dimension,dimension::wired_dimension_15,wired_dimension_15,graduate,joint,36,4,0.9975555514420644,0.9921093780472034,0.02534410413174523,0.21488916580165365
dimension,dimension::wired_dimension_15,wired_dimension_15,graduate,joint,36,5,1.032337117201784,1.0051741296585648,0.02218824103089462,1.2242064391403409
dimension,dimension::wired_dimension_15,wired_dimension_15,graduate,joint,36,6,0.9584587522894967,0.9951408789982671,0.02423363215093616,-1.5136867012051805
dimension,dimension::wired_dimension_15,wired_dimension_15,graduate,expert,18,1,0.9695451930443244,1.0002384135587696,0.022815153298810495,-1.3452997712728703
dimension,dimension::wired_dimension_15,wired_dimension_15,graduate,expert,18,2,0.993577034781675,0.9997036492724587,0.02373887316782836,-0.258083627115319
dimension,dimension::wired_dimension_15,wired_dimension_15,graduate,expert,18,3,1.003044471188033,0.9999809119499662,0.027047602742346,0.11326546264562491
dimension,dimension::wired_dimension_15,wired_dimension_15,graduate,expert,18,4,1.0419148045626587,0.9992751457618906,0.02948016478943687,1.446384682898601
dimension,dimension::wired_dimension_15,wired_dimension_15,graduate,expert,18,5,0.9834543397941309,0.9993047830613666,0.029198057324942465,-0.5428595159889447
dimension,dimension::wired_dimension_15,wired_dimension_15,graduate,expert,18,6,0.9821751862461998,0.9995937227199341,0.029851510015610885,-0.5835060425628457
dimension,dimension::wired_dimension_15,wired_dimension_15,graduate,partner,18,1,0.9973690007557354,0.9991459480501534,0.03877675696488589,-0.04582506206042772
dimension,dimension::wired_dimension_15,wired_dimension_15,graduate,partner,18,2,1.0120007628067296,1.0005963488963705,0.04289588918934425,0.26586262986692055
dimension,dimension::wired_dimension_15,wired_dimension_15,graduate,partner,18,3,0.9274489966204456,0.9971463179167952,0.04365668054975885,-1.5964869618731155
dimension,dimension::wired_dimension_15,wired_dimension_15,graduate,partner,18,4,1.0213926035734857,1.000919739229786,0.04436925722672883,0.4614200377320392
dimension,dimension::wired_dimension_15,wired_dimension_15,graduate,partner,18,5,1.0153539076605431,0.9990390492831966,0.05094458042327777,0.3202471831506504
dimension,dimension::wired_dimension_15,wired_dimension_15,graduate,partner,18,6,1.0202668139217665,1.0035586088735815,0.04700528801937174,0.3554537319566957
dimension,dimension::wired_dimension_16,wired_dimension_16,expert,joint,50,1,0.9494073765343056,1.0028034145594196,0.01015038700249931,-5.260492827708573
dimension,dimension::wired_dimension_16,wired_dimension_16,expert,joint,50,2,0.9746266111335288,0.9977591835567522,0.012817736713293046,-1.804731438993675
dimension,dimension::wired_dimension_16,wired_dimension_16,expert,joint,50,3,1.0067303100726908,1.0023531063855737,0.011463919126409221,0.3818243690356592
dimension,dimension::wired_dimension_16,wired_dimension_16,expert,joint,50,4,1.0008126933651704,0.9978303038589754,0.013074985591674904,0.2280988751600575
dimension,dimension::wired_dimension_16,wired_dimension_16,expert,joint,50,5,0.9985126525653059,1.001978681129653,0.011591432570373796,-0.29901641089694125
dimension,dimension::wired_dimension_16,wired_dimension_16,expert,joint,50,6,0.9817447600004445,0.9976828086180621,0.014969183798796405,-1.0647239576882677
dimension,dimension::wired_dimension_16,wired_dimension_16,expert,expert,25,1,0.9476118004157318,1.0008463667531646,0.015697995341132212,-3.391169711838717
dimension,dimension::wired_dimension_16,wired_dimension_16,expert,expert,25,2,0.9876032533486456,1.0002075479835462,0.01616039774335005,-0.7799495306411726
dimension,dimension::wired_dimension_16,wired_dimension_16,expert,expert,25,3,0.985295864287556,0.9992836928893545,0.017077214887329006,-0.8190930836255509
dimension,dimension::wired_dimension_16,wired_dimension_16,expert,expert,25,4,0.9987610243004008,1.0001566686219812,0.01790570971842557,-0.07794409400841468
dimension,dimension::wired_dimension_16,wired_dimension_16,expert,expert,25,5,1.0116469978819778,1.0004746556222488,0.01789293629281774,0.6243995997578979
dimension,dimension::wired_dimension_16,wired_dimension_16,expert,expert,25,6,1.032294004201418,0.9995258296394343,0.018965315955554916,1.7277948144273287
dimension,dimension::wired_dimension_16,wired_dimension_16,expert,partner,25,1,1.0061816018600318,0.9993858728783114,0.0214483707237799,0.3168412682360985
dimension,dimension::wired_dimension_16,wired_dimension_16,expert,partner,25,2,1.0188388987275327,1.0002957455909205,0.020749805131399773,0.8936543268327717
dimension,dimension::wired_dimension_16,wired_dimension_16,expert,partner,25,3,0.9830942914217937,0.9989167570028123,0.023046340470065967,-0.6865500230533277
dimension,dimension::wired_dimension_16,wired_dimension_16,expert,partner,25,4,1.0088641035529573,1.000990001313059,0.023766798540444143,0.3313068113275266
dimension,dimension::wired_dimension_16,wired_dimension_16,expert,partner,25,5,0.9711189109933175,0.9993945644262644,0.02493744607416885,-1.133863241201588
dimension,dimension::wired_dimension_16,wired_dimension_16,expert,partner,25,6,1.030147764271787,0.9996676884135618,0.025586818404800454,1.1912413406000724
fractal,fractal::wired_fractal_12,wired_fractal_12,child,joint,30,1,0.9937798186619746,1.047274386317385,0.020710775720571537,-2.5829340425079037
fractal,fractal::wired_fractal_12,wired_fractal_12,child,joint,30,2,0.8573091211486868,0.9512777390426789,0.03917040733467665,-2.3989696377449663
fractal,fractal::wired_fractal_12,wired_fractal_12,child,joint,30,3,1.0693653347042293,1.047302582852753,0.020781789938157273,1.061638671025502
fractal,fractal::wired_fractal_12,wired_fractal_12,child,joint,30,4,0.9463688597086838,0.9495460612712788,0.04261503768733972,-0.07455587827718718
fractal,fractal::wired_fractal_12,wired_fractal_12,child,joint,30,5,1.0453679566884893,1.0486988400523882,0.023415513839439007,-0.1422511325926459
fractal,fractal::wired_fractal_12,wired_fractal_12,child,joint,30,6,0.9395843670975019,0.9522490384989357,0.04708487831382474,-0.2689753452695083
fractal,fractal::wired_fractal_12,wired_fractal_12,child,expert,15,1,0.9308833516604165,1.0001289004763219,0.03441244107591496,-2.0122242610789356
fractal,fractal::wired_fractal_12,wired_fractal_12,child,expert,15,2,1.0138302890636326,0.9967056576870813,0.038231207267756716,0.4479228515232841
fractal,fractal::wired_fractal_12,wired_fractal_12,child,expert,15,3,1.0202535760606137,0.9992686577381293,0.04119842252002754,0.5093621803670546
fractal,fractal::wired_fractal_12,wired_fractal_12,child,expert,15,4,0.9939588782917527,0.9993390674569412,0.042005634640616275,-0.12808255871430943
fractal,fractal::wired_fractal_12,wired_fractal_12,child,expert,15,5,1.032764820736241,0.9996537646268832,0.04352642422453136,0.76071160678291
fractal,fractal::wired_fractal_12,wired_fractal_12,child,expert,15,6,1.0276803783792803,0.9987673369625774,0.04639966843081219,0.6231303454208071
fractal,fractal::wired_fractal_12,wired_fractal_12,child,partner,15,1,0.8735818734466959,1.0015202260431322,0.07963800353926817,-1.6064987431955398
fractal,fractal::wired_fractal_12,wired_fractal_12,child,partner,15,2,0.9790447622123926,1.0016627246260406,0.08370214355293429,-0.27021963182273956
fractal,fractal::wired_fractal_12,wired_fractal_12,child,partner,15,3,0.9573823081951272,0.9923894187485939,0.08886394319008994,-0.39394054885210966
fractal,fractal::wired_fractal_12,wired_fractal_12,child,partner,15,4,0.9705355720415374,0.9992967156445963,0.09607744483069569,-0.2993537521084247
fractal,fractal::wired_fractal_12,wired_fractal_12,child,partner,15,5,1.0371445718286472,1.0005665461978446,0.09736567261125473,0.37567681349920085
fractal,fractal::wired_fractal_12,wired_fractal_12,child,partner,15,6,1.1351288941099102,1.0082256419381308,0.10462594600959121,1.212923342744696
fractal,fractal::wired_fractal_13,wired_fractal_13,teenager,joint,13,1,0.9155152307784289,1.001441444169357,0.023148830684046526,-3.711902970984446
fractal,fractal::wired_fractal_13,wired_fractal_13,teenager,joint,13,2,0.9806115604532016,1.005560937066876,0.024422386702620674,-1.0215781494851708
fractal,fractal::wired_fractal_13,wired_fractal_13,teenager,joint,13,3,1.0629410188538213,1.0007796511334144,0.02727621182317272,2.2789589743395835
fractal,fractal::wired_fractal_13,wired_fractal_13,teenager,joint,13,4,1.0089894295400612,1.0023216182841825,0.028999415183702873,0.2299291628344926
fractal,fractal::wired_fractal_13,wired_fractal_13,teenager,joint,13,5,1.0582050577045226,0.999720128192282,0.032019978648803384,1.8265136948936171
fractal,fractal::wired_fractal_13,wired_fractal_13,teenager,joint,13,6,1.0020602103571123,0.9993865713280788,0.03014485198594572,0.08869305546034925
fractal,fractal::wired_fractal_14,wired_fractal_14,undergraduate,joint,16,1,0.960724136666615,1.0095543949014822,0.017821474173303407,-2.7399673988819058
fractal,fractal::wired_fractal_14,wired_fractal_14,undergraduate,joint,16,2,0.9434966184742106,0.9880526237838833,0.019630549577577077,-2.2697278613415164
fractal,fractal::wired_fractal_14,wired_fractal_14,undergraduate,joint,16,3,1.0558259214446273,1.009990755202799,0.02001120881365211,2.2904746369224114
fractal,fractal::wired_fractal_14,wired_fractal_14,undergraduate,joint,16,4,0.9963840755376412,0.98865701780718,0.023680233172480407,0.3263083464668372
fractal,fractal::wired_fractal_14,wired_fractal_14,undergraduate,joint,16,5,1.0117287079029476,1.0107671055231842,0.023271036426678195,0.04132185443451074
fractal,fractal::wired_fractal_14,wired_fractal_14,undergraduate,joint,16,6,0.9794143990573523,0.9896930912727135,0.02639315369472793,-0.38944539687253993
fractal,fractal::wired_fractal_15,wired_fractal_15,graduate,joint,27,1,0.9004896148568726,1.0032765838398623,0.02031694773304971,-5.059173766332304
fractal,fractal::wired_fractal_15,wired_fractal_15,graduate,joint,27,2,0.9330061255577535,0.9965103588743054,0.01861769693214907,-3.410960740632352
fractal,fractal::wired_fractal_15,wired_fractal_15,graduate,joint,27,3,1.0076707668656084,1.0033484050887844,0.020152640169884974,0.21448116675467152
fractal,fractal::wired_fractal_15,wired_fractal_15,graduate,joint,27,4,0.970479105554603,0.9970983774197781,0.020104091464876364,-1.324072361672316
fractal,fractal::wired_fractal_15,wired_fractal_15,graduate,joint,27,5,0.9811598324499006,1.00296006929466,0.02174615251072344,-1.0024870760015778
fractal,fractal::wired_fractal_15,wired_fractal_15,graduate,joint,27,6,0.9872526396760313,0.9978563541755939,0.022890668870632375,-0.46323305620687694
fractal,fractal::wired_fractal_15,wired_fractal_15,graduate,expert,14,1,0.8909064133275083,0.9994722011800505,0.02812088223417037,-3.8606821417793675
fractal,fractal::wired_fractal_15,wired_fractal_15,graduate,expert,14,2,0.9522648404671779,1.0006367655954704,0.03004342212978302,-1.610067086210526
fractal,fractal::wired_fractal_15,wired_fractal_15,graduate,expert,14,3,0.9893742508009459,0.9995751169629029,0.03317290496449345,-0.30750596527122087
fractal,fractal::wired_fractal_15,wired_fractal_15,graduate,expert,14,4,1.0174601544423632,1.001058701898609,0.038228602135204175,0.42903615690018315
fractal,fractal::wired_fractal_15,wired_fractal_15,graduate,expert,14,5,1.0535275374586537,0.9999390922047305,0.037759603877144575,1.4192004086769452
fractal,fractal::wired_fractal_15,wired_fractal_15,graduate,expert,14,6,1.041035603212138,1.003341714411671,0.03968318792212264,0.9498704810319268
fractal,fractal::wired_fractal_15,wired_fractal_15,graduate,partner,13,1,0.9792111914280477,1.0016913727809544,0.0244738305850052,-0.9185395508408915
fractal,fractal::wired_fractal_15,wired_fractal_15,graduate,partner,13,2,0.9937994574056697,1.0011158813787495,0.02658988476680323,-0.27515816774859503
fractal,fractal::wired_fractal_15,wired_fractal_15,graduate,partner,13,3,0.9908782979525003,0.9983572727512179,0.027135092573119118,-0.27562002151142573
fractal,fractal::wired_fractal_15,wired_fractal_15,graduate,partner,13,4,0.9737322905480813,0.9988166909605739,0.029558420277190425,-0.8486380590457223
fractal,fractal::wired_fractal_15,wired_fractal_15,graduate,partner,13,5,1.024289929253822,0.9979429851644859,0.031285287598192914,0.8421512510199158
fractal,fractal::wired_fractal_15,wired_fractal_15,graduate,partner,13,6,1.042038389022307,0.9997712573315973,0.03394374027974485,1.2452113804303313
fractal,fractal::wired_fractal_16,wired_fractal_16,expert,joint,30,1,0.9653994925968692,1.0007815720176234,0.012590485719361,-2.8102235457322733
fractal,fractal::wired_fractal_16,wired_fractal_16,expert,joint,30,2,0.9684311216673089,1.0004835753281065,0.014428520393742185,-2.221465041883233
fractal,fractal::wired_fractal_16,wired_fractal_16,expert,joint,30,3,1.0111713885563847,0.9994837743210507,0.014123674389680463,0.8275193772431875
fractal,fractal::wired_fractal_16,wired_fractal_16,expert,joint,30,4,0.9996044708297352,0.9998561575686117,0.015329779907540374,-0.016418157363931506
fractal,fractal::wired_fractal_16,wired_fractal_16,expert,joint,30,5,1.001227458594827,1.0010618568532383,0.015212156861284012,0.010886144752439276
fractal,fractal::wired_fractal_16,wired_fractal_16,expert,joint,30,6,1.0070810429986214,0.9996452613521406,0.015874806659034665,0.4684013989076833
fractal,fractal::wired_fractal_16,wired_fractal_16,expert,expert,15,1,0.9711078131704413,0.9987472496753703,0.022652953915259403,-1.2201250489593183
fractal,fractal::wired_fractal_16,wired_fractal_16,expert,expert,15,2,1.0058468318220573,0.9998918981899574,0.024224745543208363,0.24582027586124183
fractal,fractal::wired_fractal_16,wired_fractal_16,expert,expert,15,3,1.0117746474200089,1.0013209263589855,0.02511100440749726,0.4163003952921241
fractal,fractal::wired_fractal_16,wired_fractal_16,expert,expert,15,4,0.9790172103390264,1.0022852051366022,0.02776811392795734,-0.8379393306273223
fractal,fractal::wired_fractal_16,wired_fractal_16,expert,expert,15,5,0.9877627347664375,0.9993514487003435,0.031401086776250565,-0.3690545494963847
fractal,fractal::wired_fractal_16,wired_fractal_16,expert,expert,15,6,1.0187284496817142,0.9997843185865363,0.03208777706374114,0.5903846519983639
fractal,fractal::wired_fractal_16,wired_fractal_16,expert,partner,15,1,0.965456597420495,0.9996869214212136,0.015916518908711173,-2.150616236945139
fractal,fractal::wired_fractal_16,wired_fractal_16,expert,partner,15,2,0.9929523578806847,0.9984129297341221,0.018095302934753685,-0.30176736322827036
fractal,fractal::wired_fractal_16,wired_fractal_16,expert,partner,15,3,1.002021543850704,1.000907481069706,0.018489580846133977,0.06025354442964329
fractal,fractal::wired_fractal_16,wired_fractal_16,expert,partner,15,4,0.994278100353793,0.9992382828666677,0.01902730144288163,-0.26068765072991146
fractal,fractal::wired_fractal_16,wired_fractal_16,expert,partner,15,5,1.006516789480124,1.001102938717889,0.020824060197607522,0.2599805566667058
fractal,fractal::wired_fractal_16,wired_fractal_16,expert,partner,15,6,0.9971531266097903,1.0022747535546537,0.021559806350209577,-0.23755440386010768
gravity,gravity::wired_gravity_12,wired_gravity_12,child,joint,45,1,0.9920637636665471,1.0295069174574196,0.009548599536947405,-3.921324131982888
gravity,gravity::wired_gravity_12,wired_gravity_12,child,joint,45,2,0.9196201723825519,0.9684416135442948,0.01682272731058683,-2.902112140343543
gravity,gravity::wired_gravity_12,wired_gravity_12,child,joint,45,3,1.0166989944727955,1.0290472694328423,0.01059247145029927,-1.1657595697081515
gravity,gravity::wired_gravity_12,wired_gravity_12,child,joint,45,4,0.9498008293717567,0.9695141885430621,0.018130908733370945,-1.0872791574435496
gravity,gravity::wired_gravity_12,wired_gravity_12,child,joint,45,5,1.0205170274222262,1.0288232506800785,0.011746288136286599,-0.7071360042831566
gravity,gravity::wired_gravity_12,wired_gravity_12,child,joint,45,6,0.9845798126388998,0.9693226380100807,0.01890020642342797,0.8072491001953789
gravity,gravity::wired_gravity_12,wired_gravity_12,child,expert,23,1,0.9300829362258283,1.000968345617806,0.014488774210229143,-4.892436610816414
gravity,gravity::wired_gravity_12,wired_gravity_12,child,expert,23,2,0.9729975611163088,1.000906499261945,0.014863689732860062,-1.877658821412037
gravity,gravity::wired_gravity_12,wired_gravity_12,child,expert,23,3,1.0235280407152763,0.9998036873943842,0.017412833592166332,1.3624636791777045
gravity,gravity::wired_gravity_12,wired_gravity_12,child,expert,23,4,1.0053021136609226,0.9995250109757225,0.016192898114635375,0.3567676795285097
gravity,gravity::wired_gravity_12,wired_gravity_12,child,expert,23,5,1.0123774329316115,0.9994628403537544,0.01735357520424969,0.7442035676138058
gravity,gravity::wired_gravity_12,wired_gravity_12,child,expert,23,6,1.0016574653372463,0.9990446254002177,0.017742462412799975,0.14726478637732207
gravity,gravity::wired_gravity_12,wired_gravity_12,child,partner,22,1,0.9712541479820715,1.0012422861436308,0.03067744699526264,-0.9775304368121024
gravity,gravity::wired_gravity_12,wired_gravity_12,child,partner,22,2,0.9889076979153177,1.000322299575537,0.035199872994418686,-0.3242796262937978
gravity,gravity::wired_gravity_12,wired_gravity_12,child,partner,22,3,1.007937677283192,1.0009642469062063,0.034233353984653866,0.2037028092576548
gravity,gravity::wired_gravity_12,wired_gravity_12,child,partner,22,4,0.8992699227426971,1.0033842375247344,0.038014656091885604,-2.7387940727487186
gravity,gravity::wired_gravity_12,wired_gravity_12,child,partner,22,5,0.9621657474826076,0.9997166150259589,0.03663844400030408,-1.0249034468559741
gravity,gravity::wired_gravity_12,wired_gravity_12,child,partner,22,6,1.0462457928034494,0.9986697806724376,0.039223354754065465,1.2129511213234663
gravity,gravity::wired_gravity_13,wired_gravity_13,teenager,joint,37,1,0.9367923570646273,1.009709305959872,0.011706427137713,-6.228796202074177
gravity,gravity::wired_gravity_13,wired_gravity_13,teenager,joint,37,2,0.9133184975428819,0.9901718200768964,0.01787557227323696,-4.299348930443934
gravity,gravity::wired_gravity_13,wired_gravity_13,teenager,joint,37,3,0.9834196862111756,1.0100584816404525,0.012503099327886756,-2.1305753662103686
gravity,gravity::wired_gravity_13,wired_gravity_13,teenager,joint,37,4,0.9403392165818057,0.9912110322257434,0.018581574792479835,-2.737755879793675
gravity,gravity::wired_gravity_13,wired_gravity_13,teenager,joint,37,5,0.9900007963536828,1.009175831008733,0.013734701008112558,-1.3961013526049366
gravity,gravity::wired_gravity_13,wired_gravity_13,teenager,joint,37,6,0.9781396982042708,0.990278495201182,0.01972293552946013,-0.6154660384494751
gravity,gravity::wired_gravity_13,wired_gravity_13,teenager,expert,19,1,0.8521050129463308,1.000734627840096,0.02260374531166788,-6.575441938688084
gravity,gravity::wired_gravity_13,wired_gravity_13,teenager,expert,19,2,0.9176108118273232,0.9999597850352345,0.022767766431144185,-3.616910488648795
gravity,gravity::wired_gravity_13,wired_gravity_13,teenager,expert,19,3,0.977649994597553,1.0015958598124104,0.02466070531044415,-0.9710129906428918
gravity,gravity::wired_gravity_13,wired_gravity_13,teenager,expert,19,4,1.0075703256169706,1.0001700176131607,0.025887151665920236,0.28586798962329163
gravity,gravity::wired_gravity_13,wired_gravity_13,teenager,expert,19,5,1.0131223788369035,0.9995736912544696,0.025960710686598727,0.521892013897289
gravity,gravity::wired_gravity_13,wired_gravity_13,teenager,expert,19,6,1.0368654374375093,1.000404571975829,0.028743871652126832,1.268474403968556
gravity,gravity::wired_gravity_13,wired_gravity_13,teenager,partner,18,1,0.9904444338774214,0.996703623372824,0.028556671435926887,-0.2191848412531713
gravity,gravity::wired_gravity_13,wired_gravity_13,teenager,partner,18,2,0.9800606315347234,0.9985875966145392,0.028488186895913616,-0.6503385121526742
gravity,gravity::wired_gravity_13,wired_gravity_13,teenager,partner,18,3,0.996617322364673,1.0015394673942275,0.029922200503631584,-0.16449809662083745
gravity,gravity::wired_gravity_13,wired_gravity_13,teenager,partner,18,4,1.0066816304324018,1.0011761446495362,0.029687498561631175,0.18544795114469503
gravity,gravity::wired_gravity_13,wired_gravity_13,teenager,partner,18,5,1.0258657073573896,1.0013871053326333,0.031021476276056573,0.789085658171906
gravity,gravity::wired_gravity_13,wired_gravity_13,teenager,partner,18,6,0.906351722292183,1.001001860848664,0.03246726504746815,-2.9152482790927885
gravity,gravity::wired_gravity_14,wired_gravity_14,undergraduate,joint,32,1,0.928422217617623,1.0265713135871506,0.017244897694722035,-5.6914861257522595
gravity,gravity::wired_gravity_14,wired_gravity_14,undergraduate,joint,32,2,0.8984537600875631,0.9739877099272521,0.030554036204508753,-2.4721431019494178
gravity,gravity::wired_gravity_14,wired_gravity_14,undergraduate,joint,32,3,1.0030583714126104,1.0237861450059353,0.019544650142380247,-1.060534388813601
gravity,gravity::wired_gravity_14,wired_gravity_14,undergraduate,joint,32,4,0.9252912080303822,0.9714772206760149,0.03296612091550889,-1.4010144767716521
gravity,gravity::wired_gravity_14,wired_gravity_14,undergraduate,joint,32,5,1.0201285904150301,1.0259045175630652,0.021066372940553715,-0.274177579801418
gravity,gravity::wired_gravity_14,wired_gravity_14,undergraduate,joint,32,6,0.927723526917113,0.9718604710812077,0.03556591496470304,-1.240989981781653
gravity,gravity::wired_gravity_14,wired_gravity_14,undergraduate,expert,16,1,0.8921174898990646,1.0000823532504366,0.026346336591637924,-4.097907994754725
gravity,gravity::wired_gravity_14,wired_gravity_14,undergraduate,expert,16,2,0.9603708105271571,1.0011342188243635,0.02733388979702463,-1.4913138451902144
gravity,gravity::wired_gravity_14,wired_gravity_14,undergraduate,expert,16,3,1.0102544054189089,0.999909424929898,0.031517861097922144,0.32822596866171533
gravity,gravity::wired_gravity_14,wired_gravity_14,undergraduate,expert,16,4,0.9932599566514859,0.9973620429406098,0.03183750676693062,-0.1288444575498199
gravity,gravity::wired_gravity_14,wired_gravity_14,undergraduate,expert,16,5,1.0051599024141906,1.0002502434986358,0.035916044521263756,0.13669820775080396
gravity,gravity::wired_gravity_14,wired_gravity_14,undergraduate,expert,16,6,0.9917746804967689,1.001781042721563,0.03597586426917687,-0.27814098224089906
gravity,gravity::wired_gravity_14,wired_gravity_14,undergraduate,partner,16,1,0.9549215835080063,1.0039632061879349,0.056353078391148774,-0.8702563210394457
gravity,gravity::wired_gravity_14,wired_gravity_14,undergraduate,partner,16,2,0.9403209862670795,0.9973125547046139,0.06277578050142424,-0.9078591772545366
gravity,gravity::wired_gravity_14,wired_gravity_14,undergraduate,partner,16,3,0.8937039513497026,1.000979585943753,0.0616797045014935,-1.7392371682236702
gravity,gravity::wired_gravity_14,wired_gravity_14,undergraduate,partner,16,4,1.005907294532163,0.9981125527262884,0.07068195078863948,0.1102790983964666
gravity,gravity::wired_gravity_14,wired_gravity_14,undergraduate,partner,16,5,0.9592279378687603,1.0037475167711833,0.06906810243100099,-0.6445750981344555
gravity,gravity::wired_gravity_14,wired_gravity_14,undergraduate,partner,16,6,1.0965792131008256,0.9972482153818715,0.07680265490500467,1.2933276569906893
gravity,gravity::wired_gravity_15,wired_gravity_15,graduate,joint,32,1,0.9304646369414483,1.0039712557767209,0.015180708870001941,-4.842107141684691
gravity,gravity::wired_gravity_15,wired_gravity_15,graduate,joint,32,2,0.9531715058578342,0.995524151367466,0.016873974921679916,-2.509938867765919
gravity,gravity::wired_gravity_15,wired_gravity_15,graduate,joint,32,3,0.9963838714320234,1.0056225394202722,0.015589100412238908,-0.5926363769519101
gravity,gravity::wired_gravity_15,wired_gravity_15,graduate,joint,32,4,0.9729147186999009,0.995288770929054,0.019067599946715204,-1.1734068415363161
gravity,gravity::wired_gravity_15,wired_gravity_15,graduate,joint,32,5,1.0037613412082547,1.0052220425090614,0.016666688743426684,-0.08764196195737294
gravity,gravity::wired_gravity_15,wired_gravity_15,graduate,joint,32,6,1.007021460656187,0.9946324426872745,0.020584118418400334,0.6018726533285873
gravity,gravity::wired_gravity_15,wired_gravity_15,graduate,expert,16,1,0.9238359081830114,0.9993284347830306,0.02260464538062222,-3.339690817035995
gravity,gravity::wired_gravity_15,wired_gravity_15,graduate,expert,16,2,0.9648761556900745,0.9989173367380162,0.023901365065913414,-1.42423585239025
gravity,gravity::wired_gravity_15,wired_gravity_15,graduate,expert,16,3,0.973111987437297,1.0005868212113245,0.024906902828495347,-1.1031011749318842
gravity,gravity::wired_gravity_15,wired_gravity_15,graduate,expert,16,4,0.9645455894468777,0.9979179676339984,0.025252761111067185,-1.321533833086277
gravity,gravity::wired_gravity_15,wired_gravity_15,graduate,expert,16,5,1.0314318568404632,1.0006729060235724,0.027247915873233313,1.1288551740981612
gravity,gravity::wired_gravity_15,wired_gravity_15,graduate,expert,16,6,1.0304685890621594,1.0003007910906585,0.02756975180966204,1.09423538448135
gravity,gravity::wired_gravity_15,wired_gravity_15,graduate,partner,16,1,0.9895602464307283,1.0012751350377487,0.02784319737858698,-0.42074509072114813
gravity,gravity::wired_gravity_15,wired_gravity_15,graduate,partner,16,2,0.989637723966245,0.9989510449225417,0.030126544422043953,-0.30914003364693887
gravity,gravity::wired_gravity_15,wired_gravity_15,graduate,partner,16,3,1.0481847969829194,0.9999270161242659,0.03174264908875002,1.5202820887358344
gravity,gravity::wired_gravity_15,wired_gravity_15,graduate,partner,16,4,1.0369723135356903,0.999391814223207,0.032846166285785815,1.1441365480983476
gravity,gravity::wired_gravity_15,wired_gravity_15,graduate,partner,16,5,0.9674503398498031,1.0030233487657798,0.03332905216630758,-1.067327349678955
gravity,gravity::wired_gravity_15,wired_gravity_15,graduate,partner,16,6,0.9892978918688579,1.0009566786782769,0.03609627521628972,-0.32299140948918653
gravity,gravity::wired_gravity_16,wired_gravity_16,expert,joint,38,1,0.9655453820393135,1.0021501211641197,0.011089990197902062,-3.300700764526454
gravity,gravity::wired_gravity_16,wired_gravity_16,expert,joint,38,2,0.9855390906528931,0.9955481269148225,0.017915304563430736,-0.5586863581632959
gravity,gravity::wired_gravity_16,wired_gravity_16,expert,joint,38,3,0.9830075917859746,1.0009040988644238,0.012058224340105885,-1.4841743339377935
gravity,gravity::wired_gravity_16,wired_gravity_16,expert,joint,38,4,0.9833029501983065,0.9976821710147699,0.01698850149979908,-0.8464090147464406
gravity,gravity::wired_gravity_16,wired_gravity_16,expert,joint,38,5,1.0034527376193054,1.0020624810958245,0.012857768253179728,0.10812580349137133
gravity,gravity::wired_gravity_16,wired_gravity_16,expert,joint,38,6,1.0031335357340496,0.9973860899056708,0.018688834485857078,0.3075336684440248
gravity,gravity::wired_gravity_16,wired_gravity_16,expert,expert,19,1,0.9992470778760651,1.0005047569536443,0.026264257996617125,-0.04788557429420288
gravity,gravity::wired_gravity_16,wired_gravity_16,expert,expert,19,2,0.9929165601134202,0.999673827899449,0.02918729380302083,-0.23151402221912895
gravity,gravity::wired_gravity_16,wired_gravity_16,expert,expert,19,3,0.9917623187375652,0.9999482919650668,0.029323544297922305,-0.27916042973296745
gravity,gravity::wired_gravity_16,wired_gravity_16,expert,expert,19,4,0.9180184820521076,0.9982975854692775,0.032423916939430635,-2.4759224361182204
gravity,gravity::wired_gravity_16,wired_gravity_16,expert,expert,19,5,1.0448832094106355,1.0015954964467448,0.03062498053626743,1.4134772400141604
gravity,gravity::wired_gravity_16,wired_gravity_16,expert,expert,19,6,0.9631040043381608,0.9991838068506272,0.03428099224269302,-1.0524725263795958
gravity,gravity::wired_gravity_16,wired_gravity_16,expert,partner,19,1,0.9753328954691967,0.9994164829358574,0.01659615187206816,-1.4511549214727393
gravity,gravity::wired_gravity_16,wired_gravity_16,expert,partner,19,2,0.9775282521001584,0.9999462163021425,0.01677759845499326,-1.3361843330630105
gravity,gravity::wired_gravity_16,wired_gravity_16,expert,partner,19,3,1.0202196429880697,0.9988121412968304,0.017542842137040476,1.2202983714958509
gravity,gravity::wired_gravity_16,wired_gravity_16,expert,partner,19,4,1.0174897542689758,1.000693234165913,0.01927051509954279,0.871617599026265
gravity,gravity::wired_gravity_16,wired_gravity_16,expert,partner,19,5,1.0156077235961902,1.000006160832059,0.020637676450756724,0.7559747727103846
gravity,gravity::wired_gravity_16,wired_gravity_16,expert,partner,19,6,1.0061120147963059,1.000407137735657,0.019422553616263844,0.29372435640346695
hacking,hacking::wired_hacking_12,wired_hacking_12,child,joint,19,1,0.9122734629152647,1.0083008659163506,0.022754665695448466,-4.220119261971576
hacking,hacking::wired_hacking_12,wired_hacking_12,child,joint,19,2,0.9455294319614035,0.9938045304261282,0.021927699548443553,-2.2015578222454835
hacking,hacking::wired_hacking_12,wired_hacking_12,child,joint,19,3,0.9938733154041641,1.0076148356508656,0.0263798031191926,-0.5209106445795977
hacking,hacking::wired_hacking_12,wired_hacking_12,child,joint,19,4,0.9298640294168338,0.9951983714709601,0.023235273688219548,-2.8118602315948333
hacking,hacking::wired_hacking_12,wired_hacking_12,child,joint,19,5,0.9914402859784275,1.0088635949397449,0.026944589376903662,-0.6466347925217328
hacking,hacking::wired_hacking_12,wired_hacking_12,child,joint,19,6,0.9961957299367424,0.9932682149119644,0.026677889100328044,0.10973563214722494
hacking,hacking::wired_hacking_12,wired_hacking_12,child,expert,10,1,0.9135261644017532,0.9964404811456212,0.037158654167006915,-2.2313595204825125
hacking,hacking::wired_hacking_12,wired_hacking_12,child,expert,10,2,0.8996552682495456,1.001706530181154,0.04113108478701131,-2.4811225490419124
hacking,hacking::wired_hacking_12,wired_hacking_12,child,expert,10,3,1.0138098155539648,1.003032218137669,0.0446807239624718,0.24121358072326926
hacking,hacking::wired_hacking_12,wired_hacking_12,child,expert,10,4,1.0556349708694641,0.998369504596427,0.049370352209746234,1.1599160976156104
hacking,hacking::wired_hacking_12,wired_hacking_12,child,expert,10,5,1.0817496754245226,1.0026075885969175,0.05569520062981131,1.420985756988973
hacking,hacking::wired_hacking_12,wired_hacking_12,child,expert,10,6,1.0356368982169,1.0017719184810154,0.060745179867344005,0.557492459646004
hacking,hacking::wired_hacking_13,wired_hacking_13,teenager,joint,18,1,0.969963021900581,1.01055437095288,0.01761208874214572,-2.304743613695507
hacking,hacking::wired_hacking_13,wired_hacking_13,teenager,joint,18,2,1.0188075534489431,0.9885373926586045,0.03664699569713736,0.825992969260046
hacking,hacking::wired_hacking_13,wired_hacking_13,teenager,joint,18,3,1.0298250259953665,1.0102747659852211,0.02040196340556458,0.9582538514314308
hacking,hacking::wired_hacking_13,wired_hacking_13,teenager,joint,18,4,0.8797420966371199,0.9864415350549899,0.039110270668597645,-2.7281692658685928
hacking,hacking::wired_hacking_13,wired_hacking_13,teenager,joint,18,5,1.0032975163977047,1.0101304881135007,0.02177515814123068,-0.31379665173856763
hacking,hacking::wired_hacking_13,wired_hacking_13,teenager,joint,18,6,1.028499536700343,0.9843316167801373,0.044856627089894796,0.9846464789180707
hacking,hacking::wired_hacking_14,wired_hacking_14,undergraduate,joint,19,1,0.9153361100458355,0.9981322689415137,0.019173649278878536,-4.318226420616003
hacking,hacking::wired_hacking_14,wired_hacking_14,undergraduate,joint,19,2,0.9784768163313459,1.0035395280017865,0.021009540598465076,-1.1929204997596021
hacking,hacking::wired_hacking_14,wired_hacking_14,undergraduate,joint,19,3,0.9864212690165584,0.9996813378275047,0.020393708625867958,-0.6502038964176862
hacking,hacking::wired_hacking_14,wired_hacking_14,undergraduate,joint,19,4,0.9677837554471144,1.002876277353914,0.022263858385355793,-1.5762102551767
hacking,hacking::wired_hacking_14,wired_hacking_14,undergraduate,joint,19,5,1.029433386029269,0.9996304040978657,0.022622830441736866,1.3173851967002221
hacking,hacking::wired_hacking_14,wired_hacking_14,undergraduate,joint,19,6,1.0575961743246138,1.0023657430549344,0.021974296128813853,2.5134107115839934
hacking,hacking::wired_hacking_14,wired_hacking_14,undergraduate,expert,10,1,0.9386772000921246,0.9994995205805085,0.02896195062008006,-2.1000767968375103
hacking,hacking::wired_hacking_14,wired_hacking_14,undergraduate,expert,10,2,0.9872853863648607,1.000702965646767,0.030204397467121325,-0.4442260202843575
hacking,hacking::wired_hacking_14,wired_hacking_14,undergraduate,expert,10,3,1.0454155969856864,1.001019726535984,0.03229082394250362,1.3748757395832598
hacking,hacking::wired_hacking_14,wired_hacking_14,undergraduate,expert,10,4,1.0586891448024027,0.997613477672501,0.036610482498764516,1.6682562741958635
hacking,hacking::wired_hacking_14,wired_hacking_14,undergraduate,expert,10,5,1.0500389029994106,0.9991037366477272,0.040184810616414726,1.2675228667340623
hacking,hacking::wired_hacking_14,wired_hacking_14,undergraduate,expert,10,6,0.9692355023389181,1.0029320100038148,0.042796229527264716,-0.7873709445227947
hacking,hacking::wired_hacking_15,wired_hacking_15,graduate,joint,22,1,0.9187778702728499,1.0044945822079423,0.015518427934501,-5.52354351206701
hacking,hacking::wired_hacking_15,wired_hacking_15,graduate,joint,22,2,0.9311066224105261,0.9969518717554116,0.01414443002305877,-4.655206978120865
hacking,hacking::wired_hacking_15,wired_hacking_15,graduate,joint,22,3,0.9888230609122788,1.0041021995080675,0.017200568965255944,-0.8882926272178295
hacking,hacking::wired_hacking_15,wired_hacking_15,graduate,joint,22,4,0.9625426702154617,0.9965223164404632,0.01482881889396439,-2.291460059494816
hacking,hacking::wired_hacking_15,wired_hacking_15,graduate,joint,22,5,0.9756329329026346,1.0030665683798097,0.01796599046162717,-1.5269759569209067
hacking,hacking::wired_hacking_15,wired_hacking_15,graduate,joint,22,6,0.9822923381295346,0.9971718925949495,0.017000923440260364,-0.8752203677465072
hacking,hacking::wired_hacking_15,wired_hacking_15,graduate,expert,11,1,0.943647857886225,0.9980475649864876,0.018612274165383007,-2.922786684576178
hacking,hacking::wired_hacking_15,wired_hacking_15,graduate,expert,11,2,0.9633329294262083,1.0004640131652367,0.020479953072411922,-1.8130453525817323
hacking,hacking::wired_hacking_15,wired_hacking_15,graduate,expert,11,3,0.9885745813204426,1.0004070513538168,0.021649280572816173,-0.5465525745105622
hacking,hacking::wired_hacking_15,wired_hacking_15,graduate,expert,11,4,1.039042644555146,0.9988927443823062,0.02442469761603806,1.6438238378220886
hacking,hacking::wired_hacking_15,wired_hacking_15,graduate,expert,11,5,1.025126569623493,0.9997628092475567,0.024364231184851055,1.04102445028952
hacking,hacking::wired_hacking_15,wired_hacking_15,graduate,expert,11,6,1.0266622896850273,1.0002837881418067,0.027667236942514488,0.9534201625564696
hacking,hacking::wired_hacking_15,wired_hacking_15,graduate,partner,11,1,0.9238823653730386,0.9997195836015642,0.02154288701410402,-3.5202903946381645
hacking,hacking::wired_hacking_15,wired_hacking_15,graduate,partner,11,2,0.9680737172690215,1.0002117240233661,0.02460415623232102,-1.306202352597926
hacking,hacking::wired_hacking_15,wired_hacking_15,graduate,partner,11,3,0.9820901195232462,1.0008756207490774,0.02637549708789415,-0.7122330685647403
hacking,hacking::wired_hacking_15,wired_hacking_15,graduate,partner,11,4,1.0222726326400764,0.9998071744026795,0.02781277630066712,0.8077387886249247
hacking,hacking::wired_hacking_15,wired_hacking_15,graduate,partner,11,5,1.0490164603202232,1.0010642655942197,0.03139744599068355,1.5272641838521583
hacking,hacking::wired_hacking_15,wired_hacking_15,graduate,partner,11,6,1.0238649428739819,0.9982939946655806,0.033371793537333085,0.7662443488329469
hacking,hacking::wired_hacking_16,wired_hacking_16,expert,joint,18,1,0.9020876516959807,1.0012871352402035,0.01911312172951023,-5.190124614288467
hacking,hacking::wired_hacking_16,wired_hacking_16,expert,joint,18,2,0.9577123248820469,0.9965173949299524,0.018837419845055697,-2.0599992125827526
hacking,hacking::wired_hacking_16,wired_hacking_16,expert,joint,18,3,0.9930714771149133,1.000662392562491,0.023931443788148404,-0.31719421171475143
hacking,hacking::wired_hacking_16,wired_hacking_16,expert,joint,18,4,0.9772557897247263,0.9965114188583882,0.02195815588924057,-0.8769237831623723
hacking,hacking::wired_hacking_16,wired_hacking_16,expert,joint,18,5,1.020972299440109,1.0027030921637778,0.024005603721767126,0.7610392759989386
hacking,hacking::wired_hacking_16,wired_hacking_16,expert,joint,18,6,0.9888951337590681,0.9978375063338558,0.02223939804080967,-0.40209598112225386
infinity,infinity::wired_infinity_12,wired_infinity_12,child,joint,24,1,0.9187788257678807,0.9992114722265533,0.024601181252056424,-3.2694627804487695
infinity,infinity::wired_infinity_12,wired_infinity_12,child,joint,24,2,0.9954050909750053,1.0037439452399002,0.017452356962867913,-0.47780676745478295
infinity,infinity::wired_infinity_12,wired_infinity_12,child,joint,24,3,0.9811991259052614,0.9978979161202202,0.02646879146391942,-0.6308860091977198
infinity,infinity::wired_infinity_12,wired_infinity_12,child,joint,24,4,0.9800797682185017,1.0019737992135083,0.019059534885507896,-1.1487180105141952
infinity,infinity::wired_infinity_12,wired_infinity_12,child,joint,24,5,1.0210670585381927,0.9984174298459616,0.02817008370456222,0.8040312882905248
infinity,infinity::wired_infinity_12,wired_infinity_12,child,joint,24,6,1.0354549312882937,1.0029706173721644,0.020635335765473682,1.5742081585355583
infinity,infinity::wired_infinity_12,wired_infinity_12,child,expert,12,1,0.998148665921744,1.000040684634946,0.02442496220136994,-0.07746250322123262
infinity,infinity::wired_infinity_12,wired_infinity_12,child,expert,12,2,0.9662486837759696,1.000289531922162,0.028053228180366683,-1.2134378235306362
infinity,infinity::wired_infinity_12,wired_infinity_12,child,expert,12,3,1.0141818866013652,0.9994067542024224,0.029573675779617503,0.4996041922230707
infinity,infinity::wired_infinity_12,wired_infinity_12,child,expert,12,4,0.9592654832571371,0.9993748662523724,0.0322546214883966,-1.243523598925641
infinity,infinity::wired_infinity_12,wired_infinity_12,child,expert,12,5,1.0367229024823423,1.0006928490546267,0.03453241863984095,1.0433689514625186
infinity,infinity::wired_infinity_12,wired_infinity_12,child,expert,12,6,1.0387828749846546,0.9990174613435154,0.03285016816503416,1.2105086781097707
infinity,infinity::wired_infinity_12,wired_infinity_12,child,partner,12,1,0.987636371007027,0.9993407809906162,0.02465010885351131,-0.47482183762941027
infinity,infinity::wired_infinity_12,wired_infinity_12,child,partner,12,2,0.9878629194596463,1.0016854339301515,0.025164726310522842,-0.5492813353080338
infinity,infinity::wired_infinity_12,wired_infinity_12,child,partner,12,3,1.04989510553538,1.000082079692299,0.02888810523879408,1.7243438235674518
infinity,infinity::wired_infinity_12,wired_infinity_12,child,partner,12,4,0.9996903088065417,0.9999487242495836,0.031792341924736164,-0.008128229233744372
infinity,infinity::wired_infinity_12,wired_infinity_12,child,partner,12,5,0.9980281541028616,1.0026530998125216,0.030143197029306245,-0.15343248777372415
infinity,infinity::wired_infinity_12,wired_infinity_12,child,partner,12,6,0.987228035533649,0.9974486918464719,0.03291032561326485,-0.3105607775786737
infinity,infinity::wired_infinity_13,wired_infinity_13,teenager,joint,16,1,0.9394948819661005,1.0059958646194185,0.034008396369902195,-1.9554283574562206
infinity,infinity::wired_infinity_13,wired_infinity_13,teenager,joint,16,2,0.9598738196704879,0.9931752046410104,0.031625367665315096,-1.0529959785114387
infinity,infinity::wired_infinity_13,wired_infinity_13,teenager,joint,16,3,1.0860300236518998,1.0076833011796347,0.03525487787189353,2.222294536289573
infinity,infinity::wired_infinity_13,wired_infinity_13,teenager,joint,16,4,1.0489250691231162,0.9913954283936757,0.0368863952696069,1.5596438824924421
infinity,infinity::wired_infinity_13,wired_infinity_13,teenager,joint,16,5,1.0331625854122106,1.008550935826594,0.04184561706420617,0.5881535824374027
infinity,infinity::wired_infinity_13,wired_infinity_13,teenager,joint,16,6,1.0074939911420226,0.9954658737564659,0.03845569076889195,0.3127786068866221
infinity,infinity::wired_infinity_14,wired_infinity_14,undergraduate,joint,35,1,0.912690543351821,1.015052784344469,0.013621839189804474,-7.514568302146966
infinity,infinity::wired_infinity_14,wired_infinity_14,undergraduate,joint,35,2,0.9303113260800044,0.9877779451632344,0.015284723254141522,-3.7597422032262746
infinity,infinity::wired_infinity_14,wired_infinity_14,undergraduate,joint,35,3,1.0008411315699577,1.0138843141035623,0.016012820510325116,-0.8145462272055262
infinity,infinity::wired_infinity_14,wired_infinity_14,undergraduate,joint,35,4,0.9905241011336827,0.9869332877660825,0.016665203481845015,0.21546771820170496
infinity,infinity::wired_infinity_14,wired_infinity_14,undergraduate,joint,35,5,1.0179484033027582,1.013732514231273,0.016301936187633932,0.2586127821235862
infinity,infinity::wired_infinity_14,wired_infinity_14,undergraduate,joint,35,6,0.9897288950001314,0.9880931820293624,0.01656738474821059,0.09873090989485846
infinity,infinity::wired_infinity_14,wired_infinity_14,undergraduate,expert,18,1,0.906439972315963,0.9976562039202626,0.025154188735227137,-3.6262839785628223
infinity,infinity::wired_infinity_14,wired_infinity_14,undergraduate,expert,18,2,1.0230771593934982,0.9989550363178545,0.025261968570868286,0.9548789916341245
infinity,infinity::wired_infinity_14,wired_infinity_14,undergraduate,expert,18,3,1.0100226127676573,1.0002922686850901,0.02779536887657577,0.3500706943582698
infinity,infinity::wired_infinity_14,wired_infinity_14,undergraduate,expert,18,4,0.9803473309358283,0.9998156911046359,0.031034093449565998,-0.627321697037677
infinity,infinity::wired_infinity_14,wired_infinity_14,undergraduate,expert,18,5,0.9467712727626783,0.9996611093699328,0.030443551027901302,-1.7373083895101915
infinity,infinity::wired_infinity_14,wired_infinity_14,undergraduate,expert,18,6,0.9916599632888327,0.998583151635129,0.03370954898112913,-0.20537766168785007
infinity,infinity::wired_infinity_14,wired_infinity_14,undergraduate,partner,17,1,0.9736901450413982,1.001139336195274,0.01818043123522762,-1.509820685699056
infinity,infinity::wired_infinity_14,wired_infinity_14,undergraduate,partner,17,2,0.9852312215858576,0.9988290110897026,0.02092591473852206,-0.6498062174941898
infinity,infinity::wired_infinity_14,wired_infinity_14,undergraduate,partner,17,3,0.995739094340769,1.0008780135260595,0.020073339401409904,-0.2560071885662223
infinity,infinity::wired_infinity_14,wired_infinity_14,undergraduate,partner,17,4,0.9466797265279517,0.9996564967821457,0.020987533629890816,-2.524201804195971
infinity,infinity::wired_infinity_14,wired_infinity_14,undergraduate,partner,17,5,1.0066071655003521,0.9993929848417631,0.02264213315399153,0.3186175352615688
infinity,infinity::wired_infinity_14,wired_infinity_14,undergraduate,partner,17,6,1.0294285801557235,1.0014717786542768,0.02230366032728321,1.2534624851351488
infinity,infinity::wired_infinity_15,wired_infinity_15,graduate,joint,27,1,0.8953267198100923,1.0042931943301987,0.01880130765519954,-5.795685944747122
infinity,infinity::wired_infinity_15,wired_infinity_15,graduate,joint,27,2,0.9545192358550285,0.9963857607825758,0.015100509993006609,-2.772523904618892
infinity,infinity::wired_infinity_15,wired_infinity_15,graduate,joint,27,3,0.9787712941549502,1.0033801332980157,0.01942229612903638,-1.2670406722032812
infinity,infinity::wired_infinity_15,wired_infinity_15,graduate,joint,27,4,0.9791966522354945,0.9963001161344505,0.01664597289966061,-1.0274835842911125
infinity,infinity::wired_infinity_15,wired_infinity_15,graduate,joint,27,5,1.0182302217533374,1.0038326174919352,0.021789513644954607,0.6607584040654357
infinity,infinity::wired_infinity_15,wired_infinity_15,graduate,joint,27,6,0.9923968183774392,0.9968879951095869,0.01638853888945645,-0.2740437547508955
infinity,infinity::wired_infinity_15,wired_infinity_15,graduate,expert,14,1,0.9210977117471053,1.001235940274617,0.024395952462858028,-3.284898535915711
infinity,infinity::wired_infinity_15,wired_infinity_15,graduate,expert,14,2,0.9460348593957026,1.0011132846045694,0.025096526206151056,-2.194663307440822
infinity,infinity::wired_infinity_15,wired_infinity_15,graduate,expert,14,3,1.022731462782348,1.0018331661982631,0.027633233637816817,0.7562740162079712
infinity,infinity::wired_infinity_15,wired_infinity_15,graduate,expert,14,4,1.0201954167929106,1.001209227519028,0.029135382930672662,0.6516540152933618
infinity,infinity::wired_infinity_15,wired_infinity_15,graduate,expert,14,5,1.0453722390314826,0.9994240331492393,0.03260528714391608,1.409225616674775
infinity,infinity::wired_infinity_15,wired_infinity_15,graduate,expert,14,6,1.025731537956881,1.0025170961640937,0.033413789681707114,0.6947563270710478
infinity,infinity::wired_infinity_15,wired_infinity_15,graduate,partner,13,1,0.9931535874005893,1.0000670397674216,0.016985288992025352,-0.40702588987906896
infinity,infinity::wired_infinity_15,wired_infinity_15,graduate,partner,13,2,1.0182496870736084,0.999772280329548,0.018010727783159777,1.025911166196014
infinity,infinity::wired_infinity_15,wired_infinity_15,graduate,partner,13,3,0.9679820011983431,0.9996546698673047,0.019273042069529175,-1.6433663432425283
infinity,infinity::wired_infinity_15,wired_infinity_15,graduate,partner,13,4,1.0158909837343095,1.0003842846979547,0.019909543600254043,0.7788575844680315
infinity,infinity::wired_infinity_15,wired_infinity_15,graduate,partner,13,5,1.0030012094128185,0.999175934205377,0.021991563018964058,0.17394285272687562
infinity,infinity::wired_infinity_15,wired_infinity_15,graduate,partner,13,6,0.979393638470788,0.9995367424612779,0.022909955247025826,-0.8792293033005767
infinity,infinity::wired_infinity_16,wired_infinity_16,expert,joint,11,1,0.9472199361521251,0.9963465826730524,0.02542749162276553,-1.9320288154944742
infinity,infinity::wired_infinity_16,wired_infinity_16,expert,joint,11,2,1.00677581529262,1.0027664986953357,0.030206400447914644,0.13273069739632312
infinity,infinity::wired_infinity_16,wired_infinity_16,expert,joint,11,3,0.9948420588679597,0.9979721420383627,0.03839802121920374,-0.08151678318354456
infinity,infinity::wired_infinity_16,wired_infinity_16,expert,joint,11,4,0.956826408283649,1.0043655295936345,0.03600819059269788,-1.320230773262625
infinity,infinity::wired_infinity_16,wired_infinity_16,expert,joint,11,5,1.0454123987969086,0.9948768896828003,0.03774727181169657,1.3387857370515746
infinity,infinity::wired_infinity_16,wired_infinity_16,expert,joint,11,6,1.0562316575422541,1.0027317094165735,0.03709092650149048,1.4423998851452453
internet,internet::wired_internet_12,wired_internet_12,child,joint,27,1,0.9255724433993254,1.017435986835546,0.018544828097909527,-4.953593689368087
internet,internet::wired_internet_12,wired_internet_12,child,joint,27,2,0.9626196582757568,0.979865240018091,0.02926657190876777,-0.5892586872180877
internet,internet::wired_internet_12,wired_internet_12,child,joint,27,3,1.0341762904118807,1.0195493812757848,0.018941925935276674,0.7721975677697814
internet,internet::wired_internet_12,wired_internet_12,child,joint,27,4,0.9994469261919355,0.9802294366893008,0.031278550898998794,0.6143983320931222
internet,internet::wired_internet_12,wired_internet_12,child,joint,27,5,1.0507039420280886,1.0186170752071448,0.020810764521382905,1.5418398871398855
internet,internet::wired_internet_12,wired_internet_12,child,joint,27,6,1.0209632415875192,0.9821965517938522,0.032485407569721486,1.193357039171028
internet,internet::wired_internet_12,wired_internet_12,child,expert,14,1,0.9575052372506716,1.0009494421201062,0.026835412888438433,-1.6189132267143815
internet,internet::wired_internet_12,wired_internet_12,child,expert,14,2,0.9972590368390587,0.998503224706573,0.029939403752355234,-0.04155686859383329
internet,internet::wired_internet_12,wired_internet_12,child,expert,14,3,1.01304044131691,1.0003539333055453,0.03156066990963712,0.4019720762483205
internet,internet::wired_internet_12,wired_internet_12,child,expert,14,4,0.9621588477446071,0.9975695047273706,0.03353981488469395,-1.055779738334909
internet,internet::wired_internet_12,wired_internet_12,child,expert,14,5,1.0061705103280676,0.999088137106718,0.033347820683804756,0.21237889241707372
internet,internet::wired_internet_12,wired_internet_12,child,expert,14,6,1.0040443945153246,0.9986759554147393,0.035592788741277616,0.1508294036639896
internet,internet::wired_internet_12,wired_internet_12,child,partner,13,1,1.0058041053933562,1.0036831894524934,0.050036318873773605,0.0423875294706083
internet,internet::wired_internet_12,wired_internet_12,child,partner,13,2,1.0414776454470183,1.0004681143096688,0.05355155583458502,0.7657953256115196
internet,internet::wired_internet_12,wired_internet_12,child,partner,13,3,1.0702430452748894,0.9947816472947411,0.06103061837800694,1.2364514728125668
internet,internet::wired_internet_12,wired_internet_12,child,partner,13,4,0.8161332531239835,0.9986268682877639,0.0663811534634889,-2.749178127254988
internet,internet::wired_internet_12,wired_internet_12,child,partner,13,5,1.0359651170907098,1.0026613767517552,0.06327679673269329,0.5263183672151278
internet,internet::wired_internet_12,wired_internet_12,child,partner,13,6,1.0335062171198064,1.0047428908521456,0.06917443760980645,0.41580860302625944
internet,internet::wired_internet_13,wired_internet_13,teenager,joint,15,1,0.908452375400772,1.0127514872457393,0.02587751745302698,-4.0304914114845705
internet,internet::wired_internet_13,wired_internet_13,teenager,joint,15,2,0.970765478157533,0.992649166095055,0.016375254879379846,-1.3363876225876987
internet,internet::wired_internet_13,wired_internet_13,teenager,joint,15,3,1.0178376154636777,1.0103481008552064,0.02980525903659146,0.2512816479560364
internet,internet::wired_internet_13,wired_internet_13,teenager,joint,15,4,0.9759625686921055,0.9909386028483632,0.019294310016812914,-0.7761891533414618
internet,internet::wired_internet_13,wired_internet_13,teenager,joint,15,5,1.0392391612480933,1.0076434381626012,0.03397662490116281,0.9299252994493536
internet,internet::wired_internet_13,wired_internet_13,teenager,joint,15,6,0.9924437753189673,0.991428447042573,0.022047685556713766,0.046051467569352175
internet,internet::wired_internet_14,wired_internet_14,undergraduate,joint,32,1,0.8935157982165115,0.9957961222368313,0.01356783912173635,-7.538438737562984
internet,internet::wired_internet_14,wired_internet_14,undergraduate,joint,32,2,0.9732803089823577,1.0042472578325097,0.011577747316355651,-2.6746955175300426
internet,internet::wired_internet_14,wired_internet_14,undergraduate,joint,32,3,0.9917282983936732,0.9969603377570955,0.014462945994452853,-0.3617547466075736
internet,internet::wired_internet_14,wired_internet_14,undergraduate,joint,32,4,0.9860750374257133,1.0052263144294449,0.012055822400241233,-1.588550027358426
internet,internet::wired_internet_14,wired_internet_14,undergraduate,joint,32,5,0.9997618934993949,0.9960649444845974,0.014981414042576873,0.24676903023245358
internet,internet::wired_internet_14,wired_internet_14,undergraduate,joint,32,6,1.004519333163937,1.00429239272972,0.012341830925979843,0.018387906590041643
internet,internet::wired_internet_14,wired_internet_14,undergraduate,expert,16,1,0.9575844628925592,1.0003265114961262,0.017237721810194267,-2.479564821511951
internet,internet::wired_internet_14,wired_internet_14,undergraduate,expert,16,2,0.9653204567422949,1.0003924352790712,0.01791584777409335,-1.9575952519250008
internet,internet::wired_internet_14,wired_internet_14,undergraduate,expert,16,3,0.9883566063675098,0.9996286176254091,0.019501729404560186,-0.5780005980015059
internet,internet::wired_internet_14,wired_internet_14,undergraduate,expert,16,4,1.0006970057031188,0.9997343738460761,0.021104251780456287,0.045613171556935124
internet,internet::wired_internet_14,wired_internet_14,undergraduate,expert,16,5,1.0047189712207736,0.9994357836431389,0.021800713555380706,0.2423401217677448
internet,internet::wired_internet_14,wired_internet_14,undergraduate,expert,16,6,0.9899721828781958,1.0011553537331435,0.022702081919425833,-0.49260551938095226
internet,internet::wired_internet_14,wired_internet_14,undergraduate,partner,16,1,0.9794349599287935,1.0007714683144908,0.014970281703173704,-1.4252576410218114
internet,internet::wired_internet_14,wired_internet_14,undergraduate,partner,16,2,0.9969269892767677,1.0007899953697954,0.015259532943486547,-0.2531536258242165
internet,internet::wired_internet_14,wired_internet_14,undergraduate,partner,16,3,1.0108364193988604,0.9978544270845285,0.017929472205826816,0.7240588102818152
internet,internet::wired_internet_14,wired_internet_14,undergraduate,partner,16,4,0.9954437276840221,1.0001818442392139,0.01787715880375959,-0.26503744846722
internet,internet::wired_internet_14,wired_internet_14,undergraduate,partner,16,5,1.0229789428947822,0.9993660177157604,0.01684353683876696,1.4018982714292207
internet,internet::wired_internet_14,wired_internet_14,undergraduate,partner,16,6,1.0023011862971956,1.000943057968915,0.01858094732858385,0.07309252344692743
internet,internet::wired_internet_15,wired_internet_15,graduate,joint,15,1,0.9216455255485588,0.9935558338648919,0.0186421021924984,-3.85741412496225
internet,internet::wired_internet_15,wired_internet_15,graduate,joint,15,2,0.9753160209673764,1.009582724779171,0.016941185799379258,-2.0226862639715764
internet,internet::wired_internet_15,wired_internet_15,graduate,joint,15,3,0.9789269292769597,0.9933825106404021,0.022239642319079277,-0.6499916300830527
internet,internet::wired_internet_15,wired_internet_15,graduate,joint,15,4,0.9931589265325405,1.0084982669445606,0.019628248571449784,-0.7814930790275356
internet,internet::wired_internet_15,wired_internet_15,graduate,joint,15,5,1.0106640687839725,0.9930173586652539,0.025274431297373456,0.698204043093643
internet,internet::wired_internet_15,wired_internet_15,graduate,joint,15,6,1.0164397421730824,1.0091797354800256,0.020992913187021862,0.34583131118481764
internet,internet::wired_internet_16,wired_internet_16,expert,joint,28,1,0.9320613824699386,1.000336584458113,0.013473064737449556,-5.06753313508525
internet,internet::wired_internet_16,wired_internet_16,expert,joint,28,2,0.9569682078173513,1.0007862735498374,0.014187442542349521,-3.088510533289506
internet,internet::wired_internet_16,wired_internet_16,expert,joint,28,3,0.9719347723564633,1.0018272440783313,0.016199378562995876,-1.8452850895250512
internet,internet::wired_internet_16,wired_internet_16,expert,joint,28,4,0.9811530915745664,1.0013482806354332,0.01492032436793812,-1.3535355239503846
internet,internet::wired_internet_16,wired_internet_16,expert,joint,28,5,1.0027731197069902,1.000570819682629,0.017385832373529128,0.1266721073254043
internet,internet::wired_internet_16,wired_internet_16,expert,joint,28,6,1.017463278245044,0.9996197213787107,0.016810121614401177,1.0614769646310407
internet,internet::wired_internet_16,wired_internet_16,expert,expert,14,1,0.9657124396753554,1.0000986611687925,0.018907780817116738,-1.8186280995127782
internet,internet::wired_internet_16,wired_internet_16,expert,expert,14,2,0.9855313755676105,0.9999387154803857,0.01997029603190391,-0.7214384749108627
internet,internet::wired_internet_16,wired_internet_16,expert,expert,14,3,1.0156143351428641,1.000063708150022,0.021881764736497604,0.7106660353999893
internet,internet::wired_internet_16,wired_internet_16,expert,expert,14,4,1.0035742353494927,0.9999256527676135,0.023223115232538127,0.1571099546871823
internet,internet::wired_internet_16,wired_internet_16,expert,expert,14,5,1.0001073001230814,0.99954312900916,0.026132613469440184,0.02158877505998868
internet,internet::wired_internet_16,wired_internet_16,expert,expert,14,6,1.0358612532050082,0.9993581750107282,0.02625900589396673,1.3901165315122213
internet,internet::wired_internet_16,wired_internet_16,expert,partner,14,1,0.9485656904740468,0.9977047799791137,0.021357960885575965,-2.3007388096797565
internet,internet::wired_internet_16,wired_internet_16,expert,partner,14,2,0.9775074084774608,0.9995656249409003,0.02341496751498566,-0.9420562488212804
internet,internet::wired_internet_16,wired_internet_16,expert,partner,14,3,1.0206043802727642,0.9990335916900382,0.025303765007181546,0.8524734788124972
internet,internet::wired_internet_16,wired_internet_16,expert,partner,14,4,1.0514484309434948,1.0023332106931608,0.02944879392201285,1.6678177170991226
internet,internet::wired_internet_16,wired_internet_16,expert,partner,14,5,1.0152840377381525,1.001354392820975,0.030132167906733252,0.46228485651259227
internet,internet::wired_internet_16,wired_internet_16,expert,partner,14,6,1.046243695414593,1.0009108621756968,0.029249544050904283,1.5498646119064798
laser,laser::wired_laser_12,wired_laser_12,child,joint,35,1,0.9515905575084816,1.0516228104762655,0.01725778945920685,-5.796353768495981
laser,laser::wired_laser_12,wired_laser_12,child,joint,35,2,0.8497236855588705,0.9433643397610627,0.037271966490566154,-2.5123615150784566
laser,laser::wired_laser_12,wired_laser_12,child,joint,35,3,1.0500615584136912,1.0499179043688167,0.018831382023032698,0.007628438778353206
laser,laser::wired_laser_12,wired_laser_12,child,joint,35,4,0.9680490005615716,0.9457610443665162,0.039646056938680244,0.56217333868858
laser,laser::wired_laser_12,wired_laser_12,child,joint,35,5,1.055100578566289,1.0507136849862229,0.019048965123091507,0.2302956381996989
laser,laser::wired_laser_12,wired_laser_12,child,joint,35,6,0.9428818688689333,0.9421377906558517,0.03929847298361051,0.018934023553331545
laser,laser::wired_laser_12,wired_laser_12,child,expert,18,1,0.9396367654645922,0.9996187513043732,0.019911404533723625,-3.0124437348550908
laser,laser::wired_laser_12,wired_laser_12,child,expert,18,2,0.9852124481953486,0.9995327536680868,0.020868100765270365,-0.6862294577650647
laser,laser::wired_laser_12,wired_laser_12,child,expert,18,3,0.9916190104290844,0.9993556397481169,0.02215273119870004,-0.34924042772145925
laser,laser::wired_laser_12,wired_laser_12,child,expert,18,4,0.9857582351032851,1.001153314677913,0.02366807778330607,-0.6504575367538562
laser,laser::wired_laser_12,wired_laser_12,child,expert,18,5,1.0144425530883647,1.000923284442974,0.025646569858865483,0.5271374971307257
laser,laser::wired_laser_12,wired_laser_12,child,expert,18,6,1.031971660298419,1.0008033989218976,0.026995336730140335,1.1545794626714914
laser,laser::wired_laser_12,wired_laser_12,child,partner,17,1,0.8526422410882251,0.9997805283228755,0.08005902917872736,-1.8378724891376375
laser,laser::wired_laser_12,wired_laser_12,child,partner,17,2,1.0699314271818552,0.9978587006962004,0.08193003619511517,0.8796862522312896
laser,laser::wired_laser_12,wired_laser_12,child,partner,17,3,1.0047895498241677,0.997820108835326,0.09045902585158652,0.07704528015011157
laser,laser::wired_laser_12,wired_laser_12,child,partner,17,4,0.9615881159502312,1.0103662837206753,0.09730277911592307,-0.5013029248869809
laser,laser::wired_laser_12,wired_laser_12,child,partner,17,5,1.0847002247941049,0.9914668535085025,0.1027399112853251,0.9074698441842962
laser,laser::wired_laser_12,wired_laser_12,child,partner,17,6,1.1688895708145441,0.9923629567099422,0.10667466218678619,1.6548129657585013
laser,laser::wired_laser_13,wired_laser_13,teenager,joint,26,1,0.9174336997195959,1.0023116490851358,0.017614706606570725,-4.818584337582912
laser,laser::wired_laser_13,wired_laser_13,teenager,joint,26,2,0.9545642299974794,0.9952112922179301,0.018694341968035134,-2.174297565003995
laser,laser::wired_laser_13,wired_laser_13,teenager,joint,26,3,0.9971154140788691,1.0046115351529337,0.019593055489700202,-0.38259071322516375
laser,laser::wired_laser_13,wired_laser_13,teenager,joint,26,4,0.9693054661693845,0.9954509894941739,0.020462127564103642,-1.277751946510978
laser,laser::wired_laser_13,wired_laser_13,teenager,joint,26,5,1.0112676408121155,1.0034762720276655,0.021106861709407232,0.36913914023406863
laser,laser::wired_laser_13,wired_laser_13,teenager,joint,26,6,0.99444293456881,0.9950188491476215,0.02171504712588364,-0.02652145194402927
laser,laser::wired_laser_13,wired_laser_13,teenager,expert,13,1,0.9166009239753939,0.9989133511358895,0.033080824121263244,-2.4882217824672606
laser,laser::wired_laser_13,wired_laser_13,teenager,expert,13,2,0.9611675205031187,0.9985735353750794,0.03368980046149224,-1.1103068097632738
laser,laser::wired_laser_13,wired_laser_13,teenager,expert,13,3,1.0028754439140608,0.9989958888913829,0.03759139529945079,0.10320327276424811
laser,laser::wired_laser_13,wired_laser_13,teenager,expert,13,4,1.003977548463331,0.997757976863364,0.03963249438461428,0.15693111666424933
laser,laser::wired_laser_13,wired_laser_13,teenager,expert,13,5,1.0434860759778624,1.0012102764085438,0.04123895739435652,1.025142298459368
laser,laser::wired_laser_13,wired_laser_13,teenager,expert,13,6,1.0846359942916797,0.9986981918879047,0.042865295178613844,2.00483402821989
laser,laser::wired_laser_13,wired_laser_13,teenager,partner,13,1,0.9937698812403205,0.9983106169677047,0.02278052955504362,-0.19932529296180937
laser,laser::wired_laser_13,wired_laser_13,teenager,partner,13,2,0.9835676929933016,0.9985724465780479,0.02401229150271091,-0.6248780372773795
laser,laser::wired_laser_13,wired_laser_13,teenager,partner,13,3,0.994976854647679,1.0006731424903665,0.024719725598057785,-0.23043491401599747
laser,laser::wired_laser_13,wired_laser_13,teenager,partner,13,4,1.0240898670906073,0.9981144011958594,0.02833403391250012,0.9167584811595917
laser,laser::wired_laser_13,wired_laser_13,teenager,partner,13,5,0.9690124143813392,1.0017897439938435,0.027818706100477746,-1.1782478126091325
laser,laser::wired_laser_13,wired_laser_13,teenager,partner,13,6,0.9982456259788788,0.9989738200290453,0.03026715296156074,-0.02405888823079458
laser,laser::wired_laser_14,wired_laser_14,undergraduate,joint,14,1,0.9326283541933214,1.0022932422592907,0.02767568946548503,-2.517187084095954
laser,laser::wired_laser_14,wired_laser_14,undergraduate,joint,14,2,0.9337656854075301,0.9983238324703905,0.02845714013390964,-2.268609802639043
laser,laser::wired_laser_14,wired_laser_14,undergraduate,joint,14,3,0.9745157961427763,1.0030527690146245,0.03022326865985588,-0.9442053800670638
laser,laser::wired_laser_14,wired_laser_14,undergraduate,joint,14,4,0.9722914514885287,0.996940266986687,0.032392108098678464,-0.7609512608154072
laser,laser::wired_laser_14,wired_laser_14,undergraduate,joint,14,5,1.0365754754628842,1.001991907375946,0.03617063590711506,0.9561227559213388
laser,laser::wired_laser_14,wired_laser_14,undergraduate,joint,14,6,1.0219683491454046,0.9971415169328398,0.03587595596486153,0.6920186945507805
laser,laser::wired_laser_15,wired_laser_15,graduate,joint,24,1,0.8933230574943227,0.9950062609336624,0.017819837042932583,-5.7061803199635674
laser,laser::wired_laser_15,wired_laser_15,graduate,joint,24,2,0.9523128449968674,1.0057196154202976,0.018489513215977457,-2.888489804981967
laser,laser::wired_laser_15,wired_laser_15,graduate,joint,24,3,0.9883561292788555,0.9954560871805754,0.01866076744981154,-0.3804751289471546
laser,laser::wired_laser_15,wired_laser_15,graduate,joint,24,4,1.008910139164781,1.0053567342002623,0.018782979312014805,0.1891821795409069
laser,laser::wired_laser_15,wired_laser_15,graduate,joint,24,5,0.9969561506053556,0.9952564594349256,0.020624894234421532,0.08240969146854285
laser,laser::wired_laser_15,wired_laser_15,graduate,joint,24,6,1.0146189807864154,1.003819546107781,0.020151021321964602,0.5359249293663862
laser,laser::wired_laser_15,wired_laser_15,graduate,expert,12,1,0.9181480771870559,0.9988820425315912,0.027990656119650206,-2.884318431101649
laser,laser::wired_laser_15,wired_laser_15,graduate,expert,12,2,1.0053248237974832,1.0007748208060094,0.029689936262104817,0.15325068236273892
laser,laser::wired_laser_15,wired_laser_15,graduate,expert,12,3,1.0170637841197665,1.0006791901798868,0.03161982136874842,0.5181747786871894
laser,laser::wired_laser_15,wired_laser_15,graduate,expert,12,4,1.0186117607255178,0.9990590826770357,0.033787728352831316,0.5786917026294753
laser,laser::wired_laser_15,wired_laser_15,graduate,expert,12,5,1.036228234913583,0.9986104829784765,0.03770536031133615,0.9976765007546314
laser,laser::wired_laser_15,wired_laser_15,graduate,expert,12,6,1.0050764057145658,1.0012453325900361,0.03783536108826181,0.10125641765629269
laser,laser::wired_laser_15,wired_laser_15,graduate,partner,12,1,0.9748461087719669,0.9985974703996856,0.02470918378413625,-0.9612361879378446
laser,laser::wired_laser_15,wired_laser_15,graduate,partner,12,2,1.0020520466916862,0.9984490187210433,0.0253887420154047,0.1419143953039023
laser,laser::wired_laser_15,wired_laser_15,graduate,partner,12,3,1.0020203730740571,1.0005602731846572,0.026582865052675753,0.05492635524826208
laser,laser::wired_laser_15,wired_laser_15,graduate,partner,12,4,1.0170666933665888,1.0010727373451775,0.027789056335774172,0.5755487278213731
laser,laser::wired_laser_15,wired_laser_15,graduate,partner,12,5,1.0184603708176971,1.0012849242850463,0.03028862488111191,0.5670593036186817
laser,laser::wired_laser_15,wired_laser_15,graduate,partner,12,6,0.9704921326118706,1.0021533235628592,0.03120061441841044,-1.014761777649687
laser,laser::wired_laser_16,wired_laser_16,expert,joint,42,1,0.9475234063965485,1.0022308792106243,0.015381645398397712,-3.5566723453249383
laser,laser::wired_laser_16,wired_laser_16,expert,joint,42,2,0.9363755368436659,0.9968581784462546,0.015681397429297493,-3.856967586931326
laser,laser::wired_laser_16,wired_laser_16,expert,joint,42,3,0.9803582901498292,1.004865747060263,0.015604363131197792,-1.5705515633275757
laser,laser::wired_laser_16,wired_laser_16,expert,joint,42,4,0.9823376576386819,0.9957426433405548,0.01737684004648396,-0.7714282726901982
laser,laser::wired_laser_16,wired_laser_16,expert,joint,42,5,0.9848621778222622,1.0029097788947396,0.016110898173628704,-1.1202107342481316
laser,laser::wired_laser_16,wired_laser_16,expert,joint,42,6,1.0025222506767717,0.9968546521388812,0.01664828100551908,0.3404314557167543
laser,laser::wired_laser_16,wired_laser_16,expert,expert,21,1,0.9616978470595158,0.9993149459391236,0.015828208293497514,-2.3765860406993484
laser,laser::wired_laser_16,wired_laser_16,expert,expert,21,2,0.9997939694662836,1.0003142232171178,0.016150963045572727,-0.03221193370118011
laser,laser::wired_laser_16,wired_laser_16,expert,expert,21,3,1.021268264429079,0.9997735266655176,0.0162893773588194,1.3195555170758986
laser,laser::wired_laser_16,wired_laser_16,expert,expert,21,4,0.9884696807221721,0.9999218181590817,0.018685646581315135,-0.6128841936013708
laser,laser::wired_laser_16,wired_laser_16,expert,expert,21,5,0.9518229980854027,1.0003856326030378,0.01893229975050696,-2.5650679081570487
laser,laser::wired_laser_16,wired_laser_16,expert,expert,21,6,1.0406175128652673,0.9998613382972729,0.019545322717829675,2.0852136931367076
laser,laser::wired_laser_16,wired_laser_16,expert,partner,21,1,0.9174002907855792,0.9995459733358016,0.027522301966046964,-2.9846951992446686
laser,laser::wired_laser_16,wired_laser_16,expert,partner,21,2,0.9716679108044234,0.9992393993453934,0.030521628197033267,-0.9033426514136621
laser,laser::wired_laser_16,wired_laser_16,expert,partner,21,3,0.9906891708225627,1.000997426988606,0.027862627707039306,-0.3699671213508315
laser,laser::wired_laser_16,wired_laser_16,expert,partner,21,4,1.0489708618755775,1.002318644983086,0.03002086457578458,1.5539931161783407
laser,laser::wired_laser_16,wired_laser_16,expert,partner,21,5,1.0276397996239903,0.996702289433909,0.03277945575202505,0.9438079272615753
laser,laser::wired_laser_16,wired_laser_16,expert,partner,21,6,1.0002294624794918,1.0016074098684848,0.03185218050300411,-0.0432606925878445
memory,memory::wired_memory_12,wired_memory_12,child,joint,17,1,0.9467276278382153,1.0108415715010088,0.02403973218968816,-2.6669990812250073
memory,memory::wired_memory_12,wired_memory_12,child,joint,17,2,0.950757899744897,0.994430402452547,0.02147323428225346,-2.0338111219576787
memory,memory::wired_memory_12,wired_memory_12,child,joint,17,3,0.9914825612364165,1.0102420749719196,0.029250487112270247,-0.641340216438095
memory,memory::wired_memory_12,wired_memory_12,child,joint,17,4,0.9730975525829318,0.9946225187366955,0.025045939977023726,-0.8594193778915825
memory,memory::wired_memory_12,wired_memory_12,child,joint,17,5,1.0110629759280336,1.0104499793487978,0.03090007055807591,0.01983803169911041
memory,memory::wired_memory_12,wired_memory_12,child,joint,17,6,1.014960195561016,0.9921989866047067,0.028728013003508482,0.7923001480655625
memory,memory::wired_memory_13,wired_memory_13,teenager,joint,11,1,1.0083207244815078,1.054186140678703,0.013798275500223426,-3.323996262899123
memory,memory::wired_memory_13,wired_memory_13,teenager,joint,11,2,0.933807415833863,0.941975442483829,0.026775315277995673,-0.3050580941871737
memory,memory::wired_memory_13,wired_memory_13,teenager,joint,11,3,1.0838405882035553,1.0537232588734395,0.02001495157175031,1.504741553940319
memory,memory::wired_memory_13,wired_memory_13,teenager,joint,11,4,0.9319841156947396,0.9389465563025908,0.033499372092358835,-0.2078379436084819
memory,memory::wired_memory_13,wired_memory_13,teenager,joint,11,5,1.076879107826645,1.0531402793358648,0.02258042262708814,1.0513013366854542
memory,memory::wired_memory_13,wired_memory_13,teenager,joint,11,6,0.9390680868831082,0.9390917746949888,0.03723525045805053,-0.000636166309861541
memory,memory::wired_memory_14,wired_memory_14,undergraduate,joint,13,1,0.9455147556649244,1.004562249456468,0.02332671232261712,-2.5313251595379107
memory,memory::wired_memory_14,wired_memory_14,undergraduate,joint,13,2,0.9208190940680218,1.0025714333565856,0.03055545690065095,-2.675539742520499
memory,memory::wired_memory_14,wired_memory_14,undergraduate,joint,13,3,1.0026836223156392,1.0010200752364327,0.027110222013193363,0.06136235543910328
memory,memory::wired_memory_14,wired_memory_14,undergraduate,joint,13,4,1.0126884780283225,0.9978787902838913,0.037008675056990674,0.40016800713955336
memory,memory::wired_memory_14,wired_memory_14,undergraduate,joint,13,5,1.029914472580816,0.9995004902705191,0.029560839596294575,1.028860571135783
memory,memory::wired_memory_14,wired_memory_14,undergraduate,joint,13,6,1.0098170040515084,0.9977479632017461,0.03896934950860273,0.30970598693463
memory,memory::wired_memory_15,wired_memory_15,graduate,joint,15,1,0.9750341878550931,1.0079199318375744,0.01788198891299444,-1.8390428571725606
memory,memory::wired_memory_15,wired_memory_15,graduate,joint,15,2,0.9405740042276253,0.9911393989393688,0.02178282499390176,-2.321342375284179
memory,memory::wired_memory_15,wired_memory_15,graduate,joint,15,3,0.9960507135131447,1.0070107935931483,0.020281155047217874,-0.5404070948861998
memory,memory::wired_memory_15,wired_memory_15,graduate,joint,15,4,0.9574282966915301,0.9895630611655004,0.026193821259285162,-1.2268070456722402
memory,memory::wired_memory_15,wired_memory_15,graduate,joint,15,5,0.9936747785093211,1.009250936381858,0.024441485488456,-0.63728360045439
memory,memory::wired_memory_15,wired_memory_15,graduate,joint,15,6,0.9800598846883473,0.9920957186980265,0.027988703828895792,-0.43002470151023287
memory,memory::wired_memory_16,wired_memory_16,expert,joint,18,1,0.8843984285721916,0.9976873820232993,0.02477943308668434,-4.571894484219878
memory,memory::wired_memory_16,wired_memory_16,expert,joint,18,2,0.944830931249424,1.0018944178590068,0.021955438431818287,-2.599059307642211
memory,memory::wired_memory_16,wired_memory_16,expert,joint,18,3,0.958013151116388,0.9992952706195952,0.028551606861698112,-1.4458772741994808
memory,memory::wired_memory_16,wired_memory_16,expert,joint,18,4,0.92262055415255,1.0041014636188434,0.026800335924820045,-3.040294334177851
memory,memory::wired_memory_16,wired_memory_16,expert,joint,18,5,0.9716546722235444,0.9990086880990854,0.03434775899795202,-0.7963842961973724
memory,memory::wired_memory_16,wired_memory_16,expert,joint,18,6,1.0045544603532301,1.0033390655477343,0.03031275621937261,0.0400951598297442
moravec,moravec::wired_moravec_12,wired_moravec_12,child,joint,29,1,0.9493207979749791,1.0289700957954286,0.01319310036158685,-6.037193353910738
moravec,moravec::wired_moravec_12,wired_moravec_12,child,joint,29,2,0.9462423470812383,0.9703694354793978,0.024335419574072127,-0.9914391787953958
moravec,moravec::wired_moravec_12,wired_moravec_12,child,joint,29,3,1.0322883145390533,1.0290713460904577,0.012890290746595173,0.2495652357139713
moravec,moravec::wired_moravec_12,wired_moravec_12,child,joint,29,4,0.9581697605204406,0.9681311757094749,0.024917399333742513,-0.39977748301946087
moravec,moravec::wired_moravec_12,wired_moravec_12,child,joint,29,5,1.0313311418016906,1.028480525604564,0.014734968803906592,0.1934592624567288
moravec,moravec::wired_moravec_12,wired_moravec_12,child,joint,29,6,0.9716836685591139,0.9704412490574458,0.026532009894458173,0.04682719125352257
moravec,moravec::wired_moravec_12,wired_moravec_12,child,expert,15,1,0.9171220588244391,0.9990559305854918,0.028387166092839828,-2.886299798052723
moravec,moravec::wired_moravec_12,wired_moravec_12,child,expert,15,2,0.9600051368021235,1.0001988708638607,0.030540416490480254,-1.3160833636393265
moravec,moravec::wired_moravec_12,wired_moravec_12,child,expert,15,3,1.0247486805290207,0.999213877440645,0.03540733263056109,0.7211727399746518
moravec,moravec::wired_moravec_12,wired_moravec_12,child,expert,15,4,1.0551555875435659,0.9998369963831573,0.032998603998285796,1.6763918607975743
moravec,moravec::wired_moravec_12,wired_moravec_12,child,expert,15,5,1.045813382248138,0.9985028936263091,0.03841438955098786,1.2315824662274821
moravec,moravec::wired_moravec_12,wired_moravec_12,child,expert,15,6,1.0174420303977576,1.0002478269072106,0.03562706854409794,0.48261628568358433
moravec,moravec::wired_moravec_12,wired_moravec_12,child,partner,14,1,1.0372891710486032,0.998235971126333,0.042484821774575195,0.9192271096130938
moravec,moravec::wired_moravec_12,wired_moravec_12,child,partner,14,2,1.0177319792642734,0.9985933563569679,0.045449548885573676,0.42109599273449266
moravec,moravec::wired_moravec_12,wired_moravec_12,child,partner,14,3,0.9779334815569409,0.9995682824385191,0.05076705312556788,-0.4261582965642385
moravec,moravec::wired_moravec_12,wired_moravec_12,child,partner,14,4,1.0513529233074212,1.0005072662003787,0.04914680319120605,1.0345669261381485
moravec,moravec::wired_moravec_12,wired_moravec_12,child,partner,14,5,0.7901265917621477,1.0018106662412711,0.04925233137703919,-4.297950341855448
moravec,moravec::wired_moravec_12,wired_moravec_12,child,partner,14,6,1.0606088153342519,0.9973594351881222,0.05813518501095732,1.0879707381030685
moravec,moravec::wired_moravec_13,wired_moravec_13,teenager,joint,28,1,0.9367162909313044,1.0131952933925914,0.019131758642915647,-3.997489404331716
moravec,moravec::wired_moravec_13,wired_moravec_13,teenager,joint,28,2,0.9356088834388999,0.9887025310014274,0.023648579428410012,-2.245109382711752
moravec,moravec::wired_moravec_13,wired_moravec_13,teenager,joint,28,3,0.9812761328049616,1.0120127061421285,0.019701093207820222,-1.560145572275459
moravec,moravec::wired_moravec_13,wired_moravec_13,teenager,joint,28,4,0.9688385448735841,0.98613548178809,0.025567942503352314,-0.676508753578352
moravec,moravec::wired_moravec_13,wired_moravec_13,teenager,joint,28,5,1.018687780022284,1.012102629331048,0.02154233632275613,0.3056841464442187
moravec,moravec::wired_moravec_13,wired_moravec_13,teenager,joint,28,6,1.0058363001335013,0.9863749155062569,0.027036038703161697,0.719831216433662
moravec,moravec::wired_moravec_13,wired_moravec_13,teenager,expert,14,1,0.9494943209505203,0.999434346861003,0.02346761144321724,-2.128040428456839
moravec,moravec::wired_moravec_13,wired_moravec_13,teenager,expert,14,2,0.9623782435270828,0.9995447173501267,0.025662451135728452,-1.4482823026713554
moravec,moravec::wired_moravec_13,wired_moravec_13,teenager,expert,14,3,1.0121179206184685,1.0019239682767334,0.027906059117871973,0.3652953037430713
moravec,moravec::wired_moravec_13,wired_moravec_13,teenager,expert,14,4,0.9936288117204051,0.999777142840386,0.028228516073488065,-0.21780567933414577
moravec,moravec::wired_moravec_13,wired_moravec_13,teenager,expert,14,5,0.9438325129777844,1.0014877843007477,0.03143207341432008,-1.8342815175754923
moravec,moravec::wired_moravec_13,wired_moravec_13,teenager,expert,14,6,0.9959708976642695,0.9995389948730411,0.032404372638129376,-0.11011159662363335
moravec,moravec::wired_moravec_13,wired_moravec_13,teenager,partner,14,1,0.9464521799604458,0.9986153663103434,0.042318374014549694,-1.2326368289094258
moravec,moravec::wired_moravec_13,wired_moravec_13,teenager,partner,14,2,0.9999635313614456,0.995670796050729,0.04569099039470956,0.09395146118814829
moravec,moravec::wired_moravec_13,wired_moravec_13,teenager,partner,14,3,1.025748595743739,1.001786010813931,0.048311434456361754,0.4960023480870276
moravec,moravec::wired_moravec_13,wired_moravec_13,teenager,partner,14,4,0.9491838249150402,1.0032915360914894,0.04750014321032133,-1.1391062746247067
moravec,moravec::wired_moravec_13,wired_moravec_13,teenager,partner,14,5,0.9390491445261911,1.0001833959161863,0.05075390704844508,-1.2045230593113148
moravec,moravec::wired_moravec_13,wired_moravec_13,teenager,partner,14,6,1.0614087909752004,1.002167808176719,0.052369504359097936,1.1312114468807217
moravec,moravec::wired_moravec_14,wired_moravec_14,undergraduate,joint,19,1,0.9233515720649064,1.0004574044486438,0.023721903522808903,-3.2504066256571384
moravec,moravec::wired_moravec_14,wired_moravec_14,undergraduate,joint,19,2,1.019185400366272,1.0038190665488222,0.02126679304739206,0.722550587820482
moravec,moravec::wired_moravec_14,wired_moravec_14,undergraduate,joint,19,3,1.01965701166431,1.0016224709673247,0.028102027625945516,0.6417522940705779
moravec,moravec::wired_moravec_14,wired_moravec_14,undergraduate,joint,19,4,0.9713213467868789,1.003215044406645,0.023222612126166428,-1.3733897567806088
moravec,moravec::wired_moravec_14,wired_moravec_14,undergraduate,joint,19,5,1.0084981688656056,1.0018270687090258,0.02958046600421226,0.2255238357512632
moravec,moravec::wired_moravec_14,wired_moravec_14,undergraduate,joint,19,6,1.0064067965597083,1.0025739171632235,0.026184525557282148,0.14637956254352844
moravec,moravec::wired_moravec_14,wired_moravec_14,undergraduate,expert,10,1,1.0070473393441888,0.998981884980949,0.03083374417768491,0.26157881821815704
moravec,moravec::wired_moravec_14,wired_moravec_14,undergraduate,expert,10,2,0.9700617664160043,0.9986340399737222,0.034716512848080625,-0.8230168070955215
moravec,moravec::wired_moravec_14,wired_moravec_14,undergraduate,expert,10,3,0.9663384100643281,1.0010693928803107,0.037678821983011423,-0.9217640305114129
moravec,moravec::wired_moravec_14,wired_moravec_14,undergraduate,expert,10,4,1.048292658370964,1.000454639560944,0.03971387286914351,1.204566952400876
moravec,moravec::wired_moravec_14,wired_moravec_14,undergraduate,expert,10,5,0.9963238767091683,1.0018562654764431,0.038479522125250354,-0.14377488237164027
moravec,moravec::wired_moravec_14,wired_moravec_14,undergraduate,expert,10,6,1.0253386852774615,0.9988069294587381,0.054019332679411294,0.4911529725141472
moravec,moravec::wired_moravec_15,wired_moravec_15,graduate,joint,18,1,0.9239371209942272,0.9993121199604442,0.020420253416551095,-3.69118822517275
moravec,moravec::wired_moravec_15,wired_moravec_15,graduate,joint,18,2,0.9559814533129325,0.999151619386208,0.017410772225050202,-2.479508979570895
moravec,moravec::wired_moravec_15,wired_moravec_15,graduate,joint,18,3,0.9959593647537729,0.9979507634389972,0.022923253215190783,-0.0868724289057146
moravec,moravec::wired_moravec_15,wired_moravec_15,graduate,joint,18,4,0.9862101237820852,1.00035870847273,0.019831145194770642,-0.7134527306257445
moravec,moravec::wired_moravec_15,wired_moravec_15,graduate,joint,18,5,1.0181178342519503,0.9985903758998661,0.026821648199046977,0.7280484110136861
moravec,moravec::wired_moravec_15,wired_moravec_15,graduate,joint,18,6,0.9961126572985056,1.0006836970799604,0.02284325648740939,-0.200104559696829
moravec,moravec::wired_moravec_16,wired_moravec_16,expert,joint,13,1,0.9267314548914236,0.9974024526641708,0.02324076455025716,-3.0408206933091293
moravec,moravec::wired_moravec_16,wired_moravec_16,expert,joint,13,2,0.9519704739009366,0.9997544395165714,0.026522343458854528,-1.801649454157945
moravec,moravec::wired_moravec_16,wired_moravec_16,expert,joint,13,3,1.0044507846305222,1.0008024217722538,0.027793415643508998,0.13126716431920352
moravec,moravec::wired_moravec_16,wired_moravec_16,expert,joint,13,4,0.978092549239456,0.9982771994781292,0.030742162629269026,-0.6565787346221309
moravec,moravec::wired_moravec_16,wired_moravec_16,expert,joint,13,5,0.9865869987120016,0.9971147856688688,0.0315153750521457,-0.33405240900505806
moravec,moravec::wired_moravec_16,wired_moravec_16,expert,joint,13,6,0.9934534556800211,1.0010989478812382,0.027159600806749746,-0.28150237757975666
nano,nano::wired_nano_12,wired_nano_12,child,joint,22,1,0.9565225973704097,1.021134210353972,0.014629735828521282,-4.416457941612267
nano,nano::wired_nano_12,wired_nano_12,child,joint,22,2,0.9305219533332231,0.9767823609303367,0.029218512152240854,-1.5832567844686005
nano,nano::wired_nano_12,wired_nano_12,child,joint,22,3,1.0000839161719166,1.0191486815110942,0.015075558093182732,-1.2646142332733123
nano,nano::wired_nano_12,wired_nano_12,child,joint,22,4,0.9604272497684313,0.9764228916611152,0.032860446887337205,-0.48677493484873474
nano,nano::wired_nano_12,wired_nano_12,child,joint,22,5,1.0370456715257534,1.0207716625530996,0.016460848356391396,0.9886494681384391
nano,nano::wired_nano_12,wired_nano_12,child,joint,22,6,1.0014332087724307,0.9757471183609013,0.034139191752118166,0.7523930442769099
nano,nano::wired_nano_12,wired_nano_12,child,expert,11,1,0.8701969336432559,1.0012845294636918,0.0366396345760136,-3.577753908775427
nano,nano::wired_nano_12,wired_nano_12,child,expert,11,2,0.9563827569284403,1.0029405710315833,0.03874296070246205,-1.2017102786928802
nano,nano::wired_nano_12,wired_nano_12,child,expert,11,3,1.0112556077962478,1.000216247888076,0.042742994908584866,0.2582729621960695
nano,nano::wired_nano_12,wired_nano_12,child,expert,11,4,1.0088429236008156,0.9948702108211478,0.048985577543821955,0.28524136042221804
nano,nano::wired_nano_12,wired_nano_12,child,expert,11,5,1.0370657559411183,0.9983027478533577,0.05056398648308516,0.7666129746460497
nano,nano::wired_nano_12,wired_nano_12,child,expert,11,6,1.0404172714503044,1.0009113718090197,0.05584647014015425,0.7074019099531146
nano,nano::wired_nano_12,wired_nano_12,child,partner,11,1,1.0297717666207706,1.0000829610242346,0.0469719918379756,0.632053367013776
nano,nano::wired_nano_12,wired_nano_12,child,partner,11,2,1.0084392482433644,1.0002185780964066,0.04766703931015903,0.17246026323279096
nano,nano::wired_nano_12,wired_nano_12,child,partner,11,3,1.0383699095675456,1.0008005588007898,0.0500067393009571,0.7512857525192963
nano,nano::wired_nano_12,wired_nano_12,child,partner,11,4,1.0008351743307482,0.9980005308099215,0.062119297463590566,0.045632253366809004
nano,nano::wired_nano_12,wired_nano_12,child,partner,11,5,0.9025982250823541,1.0035050610446183,0.0573523067657013,-1.7594207042882202
nano,nano::wired_nano_12,wired_nano_12,child,partner,11,6,1.0170861345604985,1.0023316698550837,0.06473850406652608,0.22790864444833142
nano,nano::wired_nano_13,wired_nano_13,teenager,joint,21,1,0.9449723861971395,1.0142316867899537,0.018999406918469876,-3.6453401356168214
nano,nano::wired_nano_13,wired_nano_13,teenager,joint,21,2,0.8858029110304158,0.985947202211343,0.018988067853977417,-5.274064320343689
nano,nano::wired_nano_13,wired_nano_13,teenager,joint,21,3,1.0117055014092222,1.0157841024352263,0.020070607803681736,-0.20321263142095414
nano,nano::wired_nano_13,wired_nano_13,teenager,joint,21,4,0.9731027798328564,0.9855794200014233,0.020153901515811774,-0.619068231467654
nano,nano::wired_nano_13,wired_nano_13,teenager,joint,21,5,1.0345828660508813,1.0159310196094988,0.021432418043441686,0.8702632807729305
nano,nano::wired_nano_13,wired_nano_13,teenager,joint,21,6,0.9963841439924095,0.9844149853466555,0.021431249200434755,0.5584909462725662
nano,nano::wired_nano_13,wired_nano_13,teenager,expert,11,1,0.8500642221019346,1.000772285080985,0.030413635989944076,-4.955279369716939
nano,nano::wired_nano_13,wired_nano_13,teenager,expert,11,2,0.9570646746761841,0.9983558119904355,0.03568235710998583,-1.1571863704793208
nano,nano::wired_nano_13,wired_nano_13,teenager,expert,11,3,0.9859712614074851,1.0028727015359102,0.039328442799638534,-0.42975106374108546
nano,nano::wired_nano_13,wired_nano_13,teenager,expert,11,4,1.0136079712225246,0.9988288016761919,0.040262557654637654,0.36706981392252125
nano,nano::wired_nano_13,wired_nano_13,teenager,expert,11,5,1.035001225107086,0.9995778582697625,0.04251435891567848,0.8332094788864365
nano,nano::wired_nano_13,wired_nano_13,teenager,expert,11,6,1.0567019104889217,1.0026431142935388,0.046442452836468084,1.1639952865050707
nano,nano::wired_nano_13,wired_nano_13,teenager,partner,10,1,0.9449998434746205,1.0011773312948296,0.020812131809937094,-2.699266386223163
nano,nano::wired_nano_13,wired_nano_13,teenager,partner,10,2,1.016694308380456,1.0002596065414977,0.02201598540698149,0.7464894954802584
nano,nano::wired_nano_13,wired_nano_13,teenager,partner,10,3,1.0365363473062295,0.9992821931314473,0.02449888488734152,1.5206469333643529
nano,nano::wired_nano_13,wired_nano_13,teenager,partner,10,4,1.0258853345612502,0.9990399033905104,0.0259308052493748,1.03527179015727
nano,nano::wired_nano_13,wired_nano_13,teenager,partner,10,5,1.0048651551687904,0.9980596786483047,0.029956270865638665,0.22718036403829917
nano,nano::wired_nano_13,wired_nano_13,teenager,partner,10,6,0.9697546339628558,1.0027212907258154,0.03221305006178621,-1.0233944534816777
nano,nano::wired_nano_14,wired_nano_14,undergraduate,joint,24,1,0.9519000134664682,0.9966800683653555,0.017825070972529854,-2.512195040788203
nano,nano::wired_nano_14,wired_nano_14,undergraduate,joint,24,2,0.9547308054740411,1.0015445083278183,0.020193348196173303,-2.3182734432642778
nano,nano::wired_nano_14,wired_nano_14,undergraduate,joint,24,3,0.994887478900595,0.9969863591154621,0.02006294142629871,-0.10461478056830713
nano,nano::wired_nano_14,wired_nano_14,undergraduate,joint,24,4,1.019312007269942,1.005403961116481,0.02228792040288357,0.6240172210800649
nano,nano::wired_nano_14,wired_nano_14,undergraduate,joint,24,5,0.9739332798767787,0.9963428480048628,0.01937966187518891,-1.1563446396747672
nano,nano::wired_nano_14,wired_nano_14,undergraduate,joint,24,6,1.00025550817465,1.0031058669661768,0.024273675002698173,-0.11742592710868441
nano,nano::wired_nano_14,wired_nano_14,undergraduate,expert,12,1,0.9305405396086258,1.0010579518074736,0.026262825823847407,-2.6850656769316847
nano,nano::wired_nano_14,wired_nano_14,undergraduate,expert,12,2,0.9781196535246375,0.9998167241535733,0.02813478134684598,-0.7711831971058878
nano,nano::wired_nano_14,wired_nano_14,undergraduate,expert,12,3,0.9754588726203655,1.0002360909012773,0.03187640412002001,-0.7772902548110965
nano,nano::wired_nano_14,wired_nano_14,undergraduate,expert,12,4,1.0071022136170835,0.9975952347920058,0.03367441674764943,0.2823205193521663
nano,nano::wired_nano_14,wired_nano_14,undergraduate,expert,12,5,1.0289777476784443,0.9986608595753946,0.03622150107427025,0.8369859670057987
nano,nano::wired_nano_14,wired_nano_14,undergraduate,expert,12,6,1.012024967609881,1.0006388868656086,0.03358978972665692,0.3389744573255325
nano,nano::wired_nano_14,wired_nano_14,undergraduate,partner,12,1,0.9704561853605752,0.9983972158769744,0.03122034407125474,-0.8949622865343468
nano,nano::wired_nano_14,wired_nano_14,undergraduate,partner,12,2,1.0506407035376018,1.0004363196631978,0.03252200952472765,1.54370485120951
nano,nano::wired_nano_14,wired_nano_14,undergraduate,partner,12,3,1.0162130404105147,1.002334475486281,0.03538804007410252,0.39218235582337907
nano,nano::wired_nano_14,wired_nano_14,undergraduate,partner,12,4,0.9474223524956927,1.0023617155528435,0.036635263822142,-1.4996306106562258
nano,nano::wired_nano_14,wired_nano_14,undergraduate,partner,12,5,1.0020723521506791,0.9991948497056546,0.039974309580122706,0.0719837934725791
nano,nano::wired_nano_14,wired_nano_14,undergraduate,partner,12,6,1.0381132362078374,0.9966980667162634,0.04386240977258315,0.944206433397126
nano,nano::wired_nano_16,wired_nano_16,expert,joint,15,1,0.944390620167055,1.0080275157059178,0.019725463110921673,-3.2261293527566424
nano,nano::wired_nano_16,wired_nano_16,expert,joint,15,2,0.9268196430241354,0.988113928028456,0.026650081664525718,-2.299966123027315
nano,nano::wired_nano_16,wired_nano_16,expert,joint,15,3,0.9988087281685706,1.0094346386365054,0.02184508582352598,-0.4864210904811958
nano,nano::wired_nano_16,wired_nano_16,expert,joint,15,4,0.9605985335626775,0.9882813606388193,0.03197993413141158,-0.8656311474059898
nano,nano::wired_nano_16,wired_nano_16,expert,joint,15,5,0.9980517032301068,1.0073885242405067,0.02531345133691602,-0.3688482019353675
nano,nano::wired_nano_16,wired_nano_16,expert,joint,15,6,0.9853865904033495,0.9924927395154589,0.035414267169867106,-0.20065780489044777
nuclear,nuclear::wired_nuclear_12,wired_nuclear_12,child,joint,31,1,1.0133187938324693,1.0339748535929698,0.014549870328275219,-1.4196731169733512
nuclear,nuclear::wired_nuclear_12,wired_nuclear_12,child,joint,31,2,0.8740018846067302,0.958691691982897,0.03594477764912245,-2.3561088123251874
nuclear,nuclear::wired_nuclear_12,wired_nuclear_12,child,joint,31,3,1.0166216382815245,1.0322704491002574,0.015458604869306156,-1.012304211863545
nuclear,nuclear::wired_nuclear_12,wired_nuclear_12,child,joint,31,4,0.9778600513162804,0.9674602117187086,0.03815859245955612,0.2725425370077401
nuclear,nuclear::wired_nuclear_12,wired_nuclear_12,child,joint,31,5,0.9944794968022398,1.0343478331412208,0.015934704561869593,-2.5019815199073467
nuclear,nuclear::wired_nuclear_12,wired_nuclear_12,child,joint,31,6,0.987915807775815,0.9668151325905805,0.03712048515230822,0.5684374840106966
nuclear,nuclear::wired_nuclear_12,wired_nuclear_12,child,expert,16,1,0.9415077671838725,1.0019080882561437,0.019260335918152165,-3.1359952042864485
nuclear,nuclear::wired_nuclear_12,wired_nuclear_12,child,expert,16,2,1.0016622816155871,1.0011113046515538,0.021120701084789025,0.026087058465596488
nuclear,nuclear::wired_nuclear_12,wired_nuclear_12,child,expert,16,3,0.9736495988243847,1.0001112526028861,0.02232710129240607,-1.1851808898946314
nuclear,nuclear::wired_nuclear_12,wired_nuclear_12,child,expert,16,4,1.012961637931013,0.9986199722046952,0.023927829897237452,0.5993717686856955
nuclear,nuclear::wired_nuclear_12,wired_nuclear_12,child,expert,16,5,1.0385338384959841,0.9980400835088672,0.027763756431695687,1.4585113900829507
nuclear,nuclear::wired_nuclear_12,wired_nuclear_12,child,expert,16,6,1.0067980047346927,1.0007869492326156,0.02652868519748577,0.22658701165660622
nuclear,nuclear::wired_nuclear_12,wired_nuclear_12,child,partner,15,1,0.8678813937642673,0.9980367409957505,0.07299721203944941,-1.7830180577464265
nuclear,nuclear::wired_nuclear_12,wired_nuclear_12,child,partner,15,2,1.0277702459507143,1.0029493524015383,0.07499387485464691,0.3309722773664368
nuclear,nuclear::wired_nuclear_12,wired_nuclear_12,child,partner,15,3,1.080849522906391,0.995462974006103,0.08193617846846124,1.0421104632449383
nuclear,nuclear::wired_nuclear_12,wired_nuclear_12,child,partner,15,4,1.0632104180558257,1.0043816363463793,0.08219582093122457,0.7157149967352963
nuclear,nuclear::wired_nuclear_12,wired_nuclear_12,child,partner,15,5,0.9152630893525044,1.004299008110843,0.08819798044222801,-1.0095006519640135
nuclear,nuclear::wired_nuclear_12,wired_nuclear_12,child,partner,15,6,0.9741545871543045,0.997243808418865,0.09359696096144193,-0.24668772391095348
nuclear,nuclear::wired_nuclear_13,wired_nuclear_13,teenager,joint,18,1,0.9710851674850418,1.0187703420222287,0.018466935102000218,-2.582192132793165
nuclear,nuclear::wired_nuclear_13,wired_nuclear_13,teenager,joint,18,2,0.9912586800323095,0.9776290236911168,0.03409046113525485,0.3998085061717614
nuclear,nuclear::wired_nuclear_13,wired_nuclear_13,teenager,joint,18,3,1.0234071529491513,1.019023737024959,0.019871627473248287,0.22058665955233386
nuclear,nuclear::wired_nuclear_13,wired_nuclear_13,teenager,joint,18,4,0.9042456812868639,0.983224390215081,0.034893332975958424,-2.263432644357408
nuclear,nuclear::wired_nuclear_13,wired_nuclear_13,teenager,joint,18,5,1.0159574004586003,1.0166562640880408,0.02131586583690742,-0.032786077506194666
nuclear,nuclear::wired_nuclear_13,wired_nuclear_13,teenager,joint,18,6,0.9959970918472366,0.9791335854015657,0.040522302432076863,0.41615370878635
nuclear,nuclear::wired_nuclear_14,wired_nuclear_14,undergraduate,joint,23,1,1.016483460164003,1.015456763326924,0.021199951807178985,0.048429206180139864
nuclear,nuclear::wired_nuclear_14,wired_nuclear_14,undergraduate,joint,23,2,0.9018152646579214,0.9862372307478173,0.02651527662852624,-3.183899126252044
nuclear,nuclear::wired_nuclear_14,wired_nuclear_14,undergraduate,joint,23,3,0.9950314751310013,1.017808133027894,0.02154331386860287,-1.0572495037584426
nuclear,nuclear::wired_nuclear_14,wired_nuclear_14,undergraduate,joint,23,4,0.953245803700393,0.9851489167657175,0.028320367060785962,-1.1265077531251129
nuclear,nuclear::wired_nuclear_14,wired_nuclear_14,undergraduate,joint,23,5,0.9853329700840238,1.0152836236898608,0.02452130756899821,-1.2214133981869322
nuclear,nuclear::wired_nuclear_14,wired_nuclear_14,undergraduate,joint,23,6,0.9752112870235132,0.9814792547736303,0.03148922616871421,-0.19905118393619142
nuclear,nuclear::wired_nuclear_14,wired_nuclear_14,undergraduate,expert,12,1,0.8955384110370709,0.9981372357256417,0.03903909610369666,-2.628104513896664
nuclear,nuclear::wired_nuclear_14,wired_nuclear_14,undergraduate,expert,12,2,0.9925944513361709,0.9964110242829883,0.04215953014420538,-0.09052693267128464
nuclear,nuclear::wired_nuclear_14,wired_nuclear_14,undergraduate,expert,12,3,0.9798548073273526,1.0034731177084502,0.04407897881550101,-0.5358180024985469
nuclear,nuclear::wired_nuclear_14,wired_nuclear_14,undergraduate,expert,12,4,1.0034367287872106,1.0017511483223835,0.04803974321124172,0.035087208052198525
nuclear,nuclear::wired_nuclear_14,wired_nuclear_14,undergraduate,expert,12,5,1.050179651005858,1.0009787941163704,0.05064613293646399,0.9714632497452592
nuclear,nuclear::wired_nuclear_14,wired_nuclear_14,undergraduate,expert,12,6,0.9329182145780514,1.0049074584392057,0.050082505031439066,-1.4374130011261104
nuclear,nuclear::wired_nuclear_14,wired_nuclear_14,undergraduate,partner,11,1,0.9329413125368805,0.9975345624525105,0.03986036837661646,-1.6204880322561876
nuclear,nuclear::wired_nuclear_14,wired_nuclear_14,undergraduate,partner,11,2,0.9440213720732492,0.999322492534494,0.04367530425785811,-1.2661874118780745
nuclear,nuclear::wired_nuclear_14,wired_nuclear_14,undergraduate,partner,11,3,1.000299331243436,1.0015462732934879,0.0455545968174582,-0.02737247472628164
nuclear,nuclear::wired_nuclear_14,wired_nuclear_14,undergraduate,partner,11,4,1.0428201445116803,1.000081252403164,0.0472662477090849,0.9042158872345102
nuclear,nuclear::wired_nuclear_14,wired_nuclear_14,undergraduate,partner,11,5,1.0597427377462587,0.9988451375894567,0.055309747985969125,1.1010283426395362
nuclear,nuclear::wired_nuclear_14,wired_nuclear_14,undergraduate,partner,11,6,1.032389711656287,1.0002071743816612,0.05761582206130547,0.5585711723488448
nuclear,nuclear::wired_nuclear_15,wired_nuclear_15,graduate,joint,18,1,0.9870178077360133,1.0177648227294067,0.017103625721069944,-1.7976898872100644
nuclear,nuclear::wired_nuclear_15,wired_nuclear_15,graduate,joint,18,2,0.9434100786025086,0.9808051107430404,0.020257451136006282,-1.8459890086598634
nuclear,nuclear::wired_nuclear_15,wired_nuclear_15,graduate,joint,18,3,1.0258678507013295,1.0184442912548064,0.020516914880349443,0.36182630233715857
nuclear,nuclear::wired_nuclear_15,wired_nuclear_15,graduate,joint,18,4,0.9717839347559393,0.9804556219589179,0.024176918321948952,-0.358676283201323
nuclear,nuclear::wired_nuclear_15,wired_nuclear_15,graduate,joint,18,5,1.0308353449979264,1.017673813604964,0.022011546115279494,0.5979376152875656
nuclear,nuclear::wired_nuclear_15,wired_nuclear_15,graduate,joint,18,6,0.9894338506837577,0.9812969767987596,0.02560789181401247,0.317748682480204
nuclear,nuclear::wired_nuclear_16,wired_nuclear_16,expert,joint,11,1,0.9242075766643817,0.9983081332135594,0.02662869516197694,-2.7827332919784116
nuclear,nuclear::wired_nuclear_16,wired_nuclear_16,expert,joint,11,2,0.9936615879928524,1.0126787748666075,0.02887845108388644,-0.6585251687673191
nuclear,nuclear::wired_nuclear_16,wired_nuclear_16,expert,joint,11,3,1.0249050184299375,0.9994006602052914,0.036234548284152505,0.7038685296871962
nuclear,nuclear::wired_nuclear_16,wired_nuclear_16,expert,joint,11,4,1.0067232041832446,1.0052581163655256,0.03286795974860047,0.044574954725667394
nuclear,nuclear::wired_nuclear_16,wired_nuclear_16,expert,joint,11,5,1.0453595669817155,0.9971072636942433,0.042761356679647464,1.1284090832047478
nuclear,nuclear::wired_nuclear_16,wired_nuclear_16,expert,joint,11,6,1.0547471239605593,1.0028917392924657,0.040691956300066265,1.2743399281594416
sensing,sensing::wired_sensing_12,wired_sensing_12,child,joint,31,1,0.9929841741317789,0.9946676931547217,0.03170523937841008,-0.05309907939345954
sensing,sensing::wired_sensing_12,wired_sensing_12,child,joint,31,2,0.9727594278578467,1.006398910996196,0.028184290409866867,-1.1935543754748053
sensing,sensing::wired_sensing_12,wired_sensing_12,child,joint,31,3,0.9347588286691599,0.9938263565766551,0.031004152405864186,-1.905148934060942
sensing,sensing::wired_sensing_12,wired_sensing_12,child,joint,31,4,0.9972394105983918,1.0053297418104303,0.02914335171335166,-0.27760469322861103
sensing,sensing::wired_sensing_12,wired_sensing_12,child,joint,31,5,0.8874946753739675,0.9953120274604038,0.03228671563267048,-3.3393719359096843
sensing,sensing::wired_sensing_12,wired_sensing_12,child,joint,31,6,1.0111738969704143,1.007535912552055,0.02945556146857398,0.12350755636556154
sensing,sensing::wired_sensing_12,wired_sensing_12,child,expert,16,1,0.9243572849590912,1.0001886946936094,0.03118447941294458,-2.431703564146747
sensing,sensing::wired_sensing_12,wired_sensing_12,child,expert,16,2,0.9639847105007469,0.9987810662310551,0.03415664320336324,-1.0187287879296647
sensing,sensing::wired_sensing_12,wired_sensing_12,child,expert,16,3,1.0148657409522635,0.999931327248353,0.03469392142689743,0.4304619682551118
sensing,sensing::wired_sensing_12,wired_sensing_12,child,expert,16,4,0.9854038785350863,0.9993459053251654,0.03733163294324331,-0.3734641560222065
sensing,sensing::wired_sensing_12,wired_sensing_12,child,expert,16,5,1.0088469034446101,0.9990011423777563,0.03903881207265405,0.2522044228325952
sensing,sensing::wired_sensing_12,wired_sensing_12,child,expert,16,6,1.025388715831508,0.9993841191612414,0.040315893601874764,0.6450209668441382
sensing,sensing::wired_sensing_12,wired_sensing_12,child,partner,15,1,1.010098406984584,0.9993960696161173,0.042673737397377044,0.2507944703508564
sensing,sensing::wired_sensing_12,wired_sensing_12,child,partner,15,2,1.0188999579350448,1.0016159132111433,0.04615254392078651,0.3744982021698925
sensing,sensing::wired_sensing_12,wired_sensing_12,child,partner,15,3,0.9944519920155851,1.0028904019458091,0.045033411671637526,-0.18738109365892516
sensing,sensing::wired_sensing_12,wired_sensing_12,child,partner,15,4,0.8277332991725282,0.9991999666367923,0.05062645593258419,-3.3868984961656134
sensing,sensing::wired_sensing_12,wired_sensing_12,child,partner,15,5,1.0596783498485725,0.9983469948408273,0.055632952697071844,1.102428543415658
sensing,sensing::wired_sensing_12,wired_sensing_12,child,partner,15,6,1.0275409260562733,0.9999706823355252,0.055560234273559314,0.49622259663272494
sensing,sensing::wired_sensing_13,wired_sensing_13,teenager,joint,67,1,1.0233585900888367,1.0293065038949463,0.019848417372272668,-0.29966690515177086
sensing,sensing::wired_sensing_13,wired_sensing_13,teenager,joint,67,2,0.9354134386360539,0.9699559236757986,0.024362989461485112,-1.4178262111204454
sensing,sensing::wired_sensing_13,wired_sensing_13,teenager,joint,67,3,1.0080680654031549,1.0278474845288041,0.02160321076148329,-0.9155777511051427
sensing,sensing::wired_sensing_13,wired_sensing_13,teenager,joint,67,4,0.9420189986612255,0.9696298534852065,0.025094039591733536,-1.1002953399769286
sensing,sensing::wired_sensing_13,wired_sensing_13,teenager,joint,67,5,1.0441654149944548,1.0277455200598211,0.02009002947031615,0.8173156221047246
sensing,sensing::wired_sensing_13,wired_sensing_13,teenager,joint,67,6,0.9491052412806783,0.9707215226486755,0.025968231201748238,-0.8324125428512801
sensing,sensing::wired_sensing_13,wired_sensing_13,teenager,expert,34,1,0.9303088128868034,0.999559212376297,0.022299737610603422,-3.1054356198597275
sensing,sensing::wired_sensing_13,wired_sensing_13,teenager,expert,34,2,0.9906092522974623,1.0004303743680028,0.021925278565290945,-0.4479360223996359
sensing,sensing::wired_sensing_13,wired_sensing_13,teenager,expert,34,3,0.996783571386258,1.0004899601142474,0.022214310487183996,-0.16684689493863705
sensing,sensing::wired_sensing_13,wired_sensing_13,teenager,expert,34,4,0.9794126717108353,0.999897163136454,0.022070904231040342,-0.9281219840920463
sensing,sensing::wired_sensing_13,wired_sensing_13,teenager,expert,34,5,0.9943562444739616,0.9972919079975254,0.024788930605676315,-0.1184263883852882
sensing,sensing::wired_sensing_13,wired_sensing_13,teenager,expert,34,6,1.002246540627187,0.9993825964013963,0.023099677484712863,0.12398200051433864
sensing,sensing::wired_sensing_13,wired_sensing_13,teenager,partner,33,1,1.0032809194208705,0.9983987630605968,0.046488756351810004,0.10501800313450604
sensing,sensing::wired_sensing_13,wired_sensing_13,teenager,partner,33,2,0.9480180082972438,0.9999533443231495,0.04884277642416612,-1.0633166217842087
sensing,sensing::wired_sensing_13,wired_sensing_13,teenager,partner,33,3,0.9565446794339414,0.9984608839665378,0.04912094972305113,-0.853326427296788
sensing,sensing::wired_sensing_13,wired_sensing_13,teenager,partner,33,4,1.037991094138443,1.0016728544419171,0.05105564031356531,0.7113462777760164
sensing,sensing::wired_sensing_13,wired_sensing_13,teenager,partner,33,5,0.9387046358957937,0.9988422424504261,0.05228133632937442,-1.1502691166071803
sensing,sensing::wired_sensing_13,wired_sensing_13,teenager,partner,33,6,1.0463567210572045,1.0022752956653993,0.05325014171537031,0.8278179920614432
sensing,sensing::wired_sensing_14,wired_sensing_14,undergraduate,joint,35,1,0.9129783863555629,1.0023380911678565,0.019028140812067863,-4.696186857920489
sensing,sensing::wired_sensing_14,wired_sensing_14,undergraduate,joint,35,2,0.9504875308376527,0.9966492550487221,0.019127697298598176,-2.41334455948613
sensing,sensing::wired_sensing_14,wired_sensing_14,undergraduate,joint,35,3,0.9831121047770403,1.0056110403916392,0.020493591448406456,-1.097852256459831
sensing,sensing::wired_sensing_14,wired_sensing_14,undergraduate,joint,35,4,1.013965352848716,0.997164242954884,0.020588700838754193,0.8160354567980896
sensing,sensing::wired_sensing_14,wired_sensing_14,undergraduate,joint,35,5,1.0146746048006314,1.0012304567313688,0.02221880772911331,0.6050796349277899
sensing,sensing::wired_sensing_14,wired_sensing_14,undergraduate,joint,35,6,0.9906308715579945,0.9966016517086016,0.021495621710819594,-0.27776726958317366
sensing,sensing::wired_sensing_14,wired_sensing_14,undergraduate,expert,18,1,0.889718298424072,1.0016983497938747,0.023097022621960294,-4.848246165864418
sensing,sensing::wired_sensing_14,wired_sensing_14,undergraduate,expert,18,2,0.9767189677384573,1.001992122445291,0.023117701867927127,-1.0932381969116471
sensing,sensing::wired_sensing_14,wired_sensing_14,undergraduate,expert,18,3,1.0148098193178838,0.9969261550678483,0.028209873025734224,0.6339505404267963
sensing,sensing::wired_sensing_14,wired_sensing_14,undergraduate,expert,18,4,0.9982658353143702,0.999780663307116,0.027254528569359705,-0.05558078133293554
sensing,sensing::wired_sensing_14,wired_sensing_14,undergraduate,expert,18,5,1.0313015883775105,0.9992222403497247,0.029235591495809315,1.0972703607650318
sensing,sensing::wired_sensing_14,wired_sensing_14,undergraduate,expert,18,6,0.9992844442983732,1.0000073877329116,0.030097833930905548,-0.024019782825505848
sensing,sensing::wired_sensing_14,wired_sensing_14,undergraduate,partner,17,1,1.0190008166288962,0.999998988618449,0.03191599477554512,0.5953700689601205
sensing,sensing::wired_sensing_14,wired_sensing_14,undergraduate,partner,17,2,1.0586543073369976,0.9981463101737713,0.033025844940015855,1.832140775599404
sensing,sensing::wired_sensing_14,wired_sensing_14,undergraduate,partner,17,3,0.9711688356703623,1.0007996775674202,0.03594268034185347,-0.824391548299592
sensing,sensing::wired_sensing_14,wired_sensing_14,undergraduate,partner,17,4,0.9935038684124359,1.0002722393334627,0.03505120703619383,-0.19309951049724958
sensing,sensing::wired_sensing_14,wired_sensing_14,undergraduate,partner,17,5,1.0394889805828427,1.0020837283750776,0.037435657292454565,0.9991878041715146
sensing,sensing::wired_sensing_14,wired_sensing_14,undergraduate,partner,17,6,1.0274110385957826,0.9987514927940817,0.039351233327104426,0.7283010817849196
sensing,sensing::wired_sensing_15,wired_sensing_15,graduate,joint,33,1,0.9613550084884039,0.9978689339619744,0.01970089604898454,-1.8534144529660888
sensing,sensing::wired_sensing_15,wired_sensing_15,graduate,joint,33,2,0.9993857627977485,1.001825981943915,0.017958824030162673,-0.1358785598694037
sensing,sensing::wired_sensing_15,wired_sensing_15,graduate,joint,33,3,0.9868459041962534,0.9983422719009427,0.02218724256764032,-0.5181521619751231
sensing,sensing::wired_sensing_15,wired_sensing_15,graduate,joint,33,4,1.012475077308063,1.002977053677784,0.018566078057204585,0.5115794300236369
sensing,sensing::wired_sensing_15,wired_sensing_15,graduate,joint,33,5,0.9792534787899251,0.9960746457118,0.023732925456500298,-0.708769214006348
sensing,sensing::wired_sensing_15,wired_sensing_15,graduate,joint,33,6,0.972610984861525,1.0039677428210738,0.019039651448531116,-1.6469186972415912
sensing,sensing::wired_sensing_15,wired_sensing_15,graduate,expert,17,1,1.0053393346191224,0.9996508943957083,0.02592421734236557,0.2194257264661173
sensing,sensing::wired_sensing_15,wired_sensing_15,graduate,expert,17,2,0.9857469179202675,0.9994979367763327,0.02886448376039981,-0.4763992652773761
sensing,sensing::wired_sensing_15,wired_sensing_15,graduate,expert,17,3,0.9646071765525004,0.9995347498577754,0.029482405069108014,-1.1846921315748578
sensing,sensing::wired_sensing_15,wired_sensing_15,graduate,expert,17,4,1.0128625845382604,1.0010685906533032,0.02979531220544956,0.39583387492748084
sensing,sensing::wired_sensing_15,wired_sensing_15,graduate,expert,17,5,1.0246826790992565,1.0017807353233756,0.03180282550419356,0.7201229265890529
sensing,sensing::wired_sensing_15,wired_sensing_15,graduate,expert,17,6,1.008381568282589,0.9974283386763407,0.035309427251791585,0.3102069463812236
sensing,sensing::wired_sensing_15,wired_sensing_15,graduate,partner,16,1,0.9880943548273059,1.0025147970496984,0.022114372942500207,-0.6520846084981564
sensing,sensing::wired_sensing_15,wired_sensing_15,graduate,partner,16,2,1.0352807930376593,0.9992344294246714,0.024875719569634375,1.449058127226575
sensing,sensing::wired_sensing_15,wired_sensing_15,graduate,partner,16,3,0.9761493028541415,1.0002154549389426,0.026644023027152297,-0.9032476837403972
sensing,sensing::wired_sensing_15,wired_sensing_15,graduate,partner,16,4,0.9981304072592503,1.0001155189042283,0.026522137476301784,-0.07484734768273497
sensing,sensing::wired_sensing_15,wired_sensing_15,graduate,partner,16,5,0.974640329970379,0.998138666171285,0.029010305056669707,-0.8099996244439203
sensing,sensing::wired_sensing_15,wired_sensing_15,graduate,partner,16,6,1.0495678981797454,1.001099170186223,0.03142104344335508,1.5425562833678739
sensing,sensing::wired_sensing_16,wired_sensing_16,expert,joint,27,1,0.9814898570396895,1.0085296007318816,0.027900660982455687,-0.969143480478654
sensing,sensing::wired_sensing_16,wired_sensing_16,expert,joint,27,2,0.9548738759379544,0.988168707576734,0.029991107035956317,-1.1101568074450374
sensing,sensing::wired_sensing_16,wired_sensing_16,expert,joint,27,3,0.9703408371990011,1.0116213035178014,0.026933089581407017,-1.5327044524181839
sensing,sensing::wired_sensing_16,wired_sensing_16,expert,joint,27,4,0.9885685870445776,0.9862843770795099,0.030705467137064124,0.07439098564667308
sensing,sensing::wired_sensing_16,wired_sensing_16,expert,joint,27,5,1.0372488487888512,1.0112789870023708,0.031157675187459537,0.8334980588324754
sensing,sensing::wired_sensing_16,wired_sensing_16,expert,joint,27,6,1.0192695616124743,0.988748670433591,0.031763879773946825,0.9608678598486856
sensing,sensing::wired_sensing_16,wired_sensing_16,expert,expert,14,1,0.9745147551947845,0.9993806298739225,0.051503049738412875,-0.4828039272515574
sensing,sensing::wired_sensing_16,wired_sensing_16,expert,expert,14,2,0.9868834064873484,0.9979871471163797,0.05572178000819148,-0.1992711041786349
sensing,sensing::wired_sensing_16,wired_sensing_16,expert,expert,14,3,1.0696565293051712,1.002620275681091,0.05910857457089351,1.1341206265036639
sensing,sensing::wired_sensing_16,wired_sensing_16,expert,expert,14,4,0.9119226911162379,0.995607410960445,0.060500221630085595,-1.3832134426858416
sensing,sensing::wired_sensing_16,wired_sensing_16,expert,expert,14,5,0.9043862310929027,1.0017707668460134,0.06450672827541719,-1.5096802823004567
sensing,sensing::wired_sensing_16,wired_sensing_16,expert,expert,14,6,1.0463388045372832,0.9980000708425556,0.06969766893900493,0.6935487862159448
sensing,sensing::wired_sensing_16,wired_sensing_16,expert,partner,13,1,0.9562446042766366,0.9987291156001192,0.017587044800885684,-2.4156708420588724
sensing,sensing::wired_sensing_16,wired_sensing_16,expert,partner,13,2,1.0143504230463423,1.0000665386175576,0.019762407430607976,0.7227805862691531
sensing,sensing::wired_sensing_16,wired_sensing_16,expert,partner,13,3,0.9873921048380783,0.9985277653729818,0.020468478020140738,-0.5440394993680625
sensing,sensing::wired_sensing_16,wired_sensing_16,expert,partner,13,4,1.013422662673185,1.0003882014187857,0.022621494243155956,0.5761980669487763
sensing,sensing::wired_sensing_16,wired_sensing_16,expert,partner,13,5,1.014537819015211,0.9992485948337828,0.022248391013320486,0.6872058375940211
sensing,sensing::wired_sensing_16,wired_sensing_16,expert,partner,13,6,0.9996857019392619,1.0016514107250387,0.022752462276279917,-0.08639543104862764
sleep,sleep::wired_sleep_12,wired_sleep_12,child,joint,51,1,0.922313544708038,1.0067355606552248,0.010439686527739042,-8.08664280511404
sleep,sleep::wired_sleep_12,wired_sleep_12,child,joint,51,2,0.9747422235202976,0.9926849209835511,0.012947026130469243,-1.3858547347044858
sleep,sleep::wired_sleep_12,wired_sleep_12,child,joint,51,3,1.013678405401353,1.0073825585442113,0.009708970585156575,0.6484566826030973
sleep,sleep::wired_sleep_12,wired_sleep_12,child,joint,51,4,1.0130566119693647,0.9925415245596186,0.012552488961706503,1.634344190409632
sleep,sleep::wired_sleep_12,wired_sleep_12,child,joint,51,5,1.0019449926754964,1.0070767315029552,0.010725173081480221,-0.47847608504519484
sleep,sleep::wired_sleep_12,wired_sleep_12,child,joint,51,6,0.9985456994056963,0.9912433353387419,0.014234069818399132,0.513020110208766
sleep,sleep::wired_sleep_12,wired_sleep_12,child,expert,25,1,0.9620007569727298,1.0008773958069388,0.01630162096848935,-2.38483270524794
sleep,sleep::wired_sleep_12,wired_sleep_12,child,expert,25,2,1.0191090797872573,1.0010693555090568,0.017079717794611485,1.056207397284505
sleep,sleep::wired_sleep_12,wired_sleep_12,child,expert,25,3,1.0006905134882644,1.0001737511125703,0.017736459793918295,0.02913559874396609
sleep,sleep::wired_sleep_12,wired_sleep_12,child,expert,25,4,0.9773640014078204,0.9991226421083177,0.01833953775949058,-1.1864334306483446
sleep,sleep::wired_sleep_12,wired_sleep_12,child,expert,25,5,1.0045434311860302,0.9996246286848589,0.0176896640464406,0.27806082061581044
sleep,sleep::wired_sleep_12,wired_sleep_12,child,expert,25,6,1.007615396936861,1.0002005142590082,0.019144731718598283,0.3873066902603603
sleep,sleep::wired_sleep_12,wired_sleep_12,child,partner,26,1,1.001022672967415,0.9990208837752719,0.021145691946759713,0.09466652579557026
sleep,sleep::wired_sleep_12,wired_sleep_12,child,partner,26,2,1.0225187081418734,1.00008286200027,0.020172200763496552,1.112216084137094
sleep,sleep::wired_sleep_12,wired_sleep_12,child,partner,26,3,1.0113488537988293,0.9978146471011149,0.023435763233553605,0.5775022798633309
sleep,sleep::wired_sleep_12,wired_sleep_12,child,partner,26,4,0.9606060900982938,0.999931469910788,0.022438695872750842,-1.7525697587554643
sleep,sleep::wired_sleep_12,wired_sleep_12,child,partner,26,5,0.9634410783817111,1.0025905459166176,0.022303527964540912,-1.7553038065165258
sleep,sleep::wired_sleep_12,wired_sleep_12,child,partner,26,6,1.0210394254697466,1.0008261366549962,0.02526334039943802,0.8001035688534687
sleep,sleep::wired_sleep_13,wired_sleep_13,teenager,joint,38,1,0.9237008528921503,1.0166923529996963,0.014463242350667298,-6.429505767305045
sleep,sleep::wired_sleep_13,wired_sleep_13,teenager,joint,38,2,0.9260251287415017,0.9828556531531276,0.01850151900650983,-3.071668028534842
sleep,sleep::wired_sleep_13,wired_sleep_13,teenager,joint,38,3,1.0009557678045549,1.0166378653603807,0.01506007131249589,-1.0413030078293075
sleep,sleep::wired_sleep_13,wired_sleep_13,teenager,joint,38,4,0.9484592233219719,0.9824005238461166,0.01846790491070465,-1.8378533292355872
sleep,sleep::wired_sleep_13,wired_sleep_13,teenager,joint,38,5,1.0080004091156212,1.0161359747203782,0.016421995643375348,-0.49540663518802786
sleep,sleep::wired_sleep_13,wired_sleep_13,teenager,joint,38,6,0.9473972906102947,0.9832251077982778,0.01989798279188178,-1.8005753428734785
sleep,sleep::wired_sleep_13,wired_sleep_13,teenager,expert,19,1,0.9020839245232143,1.0008558799532228,0.023767863684997222,-4.155693449737994
sleep,sleep::wired_sleep_13,wired_sleep_13,teenager,expert,19,2,0.9274807143329383,1.0002701247969774,0.02609379343419443,-2.7895296499378546
sleep,sleep::wired_sleep_13,wired_sleep_13,teenager,expert,19,3,0.950346466973453,0.9996407254132801,0.025404750297763866,-1.9403559516255486
sleep,sleep::wired_sleep_13,wired_sleep_13,teenager,expert,19,4,0.9605627486636517,0.9998148846171498,0.02690972586810192,-1.4586598223219598
sleep,sleep::wired_sleep_13,wired_sleep_13,teenager,expert,19,5,0.9803034008065215,1.0003900488448254,0.02774916713857966,-0.7238648979261614
sleep,sleep::wired_sleep_13,wired_sleep_13,teenager,expert,19,6,1.0153270688414582,1.0002975767127318,0.031066954696394644,0.4837774502072643
sleep,sleep::wired_sleep_13,wired_sleep_13,teenager,partner,19,1,0.9798406702220354,1.00042791204713,0.027479491743380394,-0.7491856842677577
sleep,sleep::wired_sleep_13,wired_sleep_13,teenager,partner,19,2,1.0003280832808779,1.0000360394563597,0.030001768716282018,0.009734220248144998
sleep,sleep::wired_sleep_13,wired_sleep_13,teenager,partner,19,3,0.9772759650932825,1.003081956605009,0.02779340288792578,-0.9284934131954534
sleep,sleep::wired_sleep_13,wired_sleep_13,teenager,partner,19,4,0.9774398194034927,1.0012589492203972,0.030512128336929865,-0.7806446523127455
sleep,sleep::wired_sleep_13,wired_sleep_13,teenager,partner,19,5,0.9893065321236363,0.9982493473869246,0.035556659318808664,-0.25150887160419433
sleep,sleep::wired_sleep_13,wired_sleep_13,teenager,partner,19,6,0.9809655151589614,0.9992637052369546,0.03517767383056891,-0.5201648683800234
sleep,sleep::wired_sleep_14,wired_sleep_14,undergraduate,joint,22,1,0.9116479057812628,1.0030748296099956,0.02297073412630359,-3.9801481017552973
sleep,sleep::wired_sleep_14,wired_sleep_14,undergraduate,joint,22,2,0.9649423538378643,0.9976473271374127,0.021673718314447685,-1.5089691960122618
sleep,sleep::wired_sleep_14,wired_sleep_14,undergraduate,joint,22,3,0.9843365776674162,1.0041230554386953,0.025367179398859435,-0.7800030685385821
sleep,sleep::wired_sleep_14,wired_sleep_14,undergraduate,joint,22,4,1.016264941492618,0.9978206441592277,0.023049728164435276,0.8001958722380511
sleep,sleep::wired_sleep_14,wired_sleep_14,undergraduate,joint,22,5,1.015434872080503,1.0020495248813877,0.026036598229947465,0.5140973901774742
sleep,sleep::wired_sleep_14,wired_sleep_14,undergraduate,joint,22,6,0.9986695003393313,0.9966075755833305,0.025285434428400207,0.0815459493820262
sleep,sleep::wired_sleep_14,wired_sleep_14,undergraduate,expert,11,1,0.9432400720271166,0.9999624657466355,0.03252248936180712,-1.7440975408890758
sleep,sleep::wired_sleep_14,wired_sleep_14,undergraduate,expert,11,2,1.0379900082102607,0.9986727455021801,0.03511837944462393,1.1195636965560325
sleep,sleep::wired_sleep_14,wired_sleep_14,undergraduate,expert,11,3,1.0411622299033365,1.0035498048958809,0.03732469497442235,1.0077088381627894
sleep,sleep::wired_sleep_14,wired_sleep_14,undergraduate,expert,11,4,1.0508275968375265,1.0005785521553734,0.041014134818307096,1.2251640783051183
sleep,sleep::wired_sleep_14,wired_sleep_14,undergraduate,expert,11,5,1.0339488696295567,0.9966616859826604,0.04133539512416813,0.9020642849763182
sleep,sleep::wired_sleep_14,wired_sleep_14,undergraduate,expert,11,6,0.9639250955279022,1.0013886227400772,0.04362893682366715,-0.8586853116221805
sleep,sleep::wired_sleep_14,wired_sleep_14,undergraduate,partner,11,1,0.9904054212898231,0.9990708796442009,0.03060271575599249,-0.2831597830555606
sleep,sleep::wired_sleep_14,wired_sleep_14,undergraduate,partner,11,2,1.0018965406544418,0.9994282026036325,0.030626381102637816,0.0805951588774772
sleep,sleep::wired_sleep_14,wired_sleep_14,undergraduate,partner,11,3,0.9650166223246455,1.00082573578374,0.03327109595890624,-1.0762829545297534
sleep,sleep::wired_sleep_14,wired_sleep_14,undergraduate,partner,11,4,0.974586184109894,1.001831734792188,0.035458388043791006,-0.7683809723286286
sleep,sleep::wired_sleep_14,wired_sleep_14,undergraduate,partner,11,5,1.0490803396740382,0.9972572040660848,0.04060757620270455,1.2761937661401705
sleep,sleep::wired_sleep_14,wired_sleep_14,undergraduate,partner,11,6,1.0433232947950155,0.9999736243281127,0.04721493128508681,0.9181347782792427
sleep,sleep::wired_sleep_15,wired_sleep_15,graduate,joint,23,1,0.881742501640347,0.9933691529511799,0.0267818778553018,-4.167991950151287
sleep,sleep::wired_sleep_15,wired_sleep_15,graduate,joint,23,2,0.928569156186846,1.0079249071617256,0.0216183734880279,-3.6707549260737036
sleep,sleep::wired_sleep_15,wired_sleep_15,graduate,joint,23,3,0.9653463330890105,0.9953155493694378,0.027249892336512347,-1.099792098637809
sleep,sleep::wired_sleep_15,wired_sleep_15,graduate,joint,23,4,0.961346385450722,1.0064745136371978,0.02298729297190613,-1.9631771449395523
sleep,sleep::wired_sleep_15,wired_sleep_15,graduate,joint,23,5,0.9761727510573659,0.9940354240249988,0.030767223910983785,-0.5805747382121134
sleep,sleep::wired_sleep_15,wired_sleep_15,graduate,joint,23,6,0.9571954427222391,1.0080178767597334,0.026525118768637754,-1.9160115542096927
sleep,sleep::wired_sleep_15,wired_sleep_15,graduate,expert,12,1,0.8833966591504844,0.9991988637388094,0.029824235370989226,-3.8828222466675104
sleep,sleep::wired_sleep_15,wired_sleep_15,graduate,expert,12,2,0.9421840475301441,1.0005348346775034,0.03294219909735735,-1.7713081927199041
sleep,sleep::wired_sleep_15,wired_sleep_15,graduate,expert,12,3,0.9815710308238459,0.9996095276291596,0.03518006630675755,-0.5127476636349814
sleep,sleep::wired_sleep_15,wired_sleep_15,graduate,expert,12,4,1.0249922671582725,1.002419210932864,0.03859989418489175,0.584795805845596
sleep,sleep::wired_sleep_15,wired_sleep_15,graduate,expert,12,5,1.021938706544462,1.00163970611282,0.040770588606574516,0.49788342835866684
sleep,sleep::wired_sleep_15,wired_sleep_15,graduate,expert,12,6,1.0724820172868286,0.9991972121117095,0.04080575194525961,1.7959430149315632
sleep,sleep::wired_sleep_15,wired_sleep_15,graduate,partner,11,1,0.9605251381582947,0.9976358468931487,0.03170744257407317,-1.1704100274930096
sleep,sleep::wired_sleep_15,wired_sleep_15,graduate,partner,11,2,0.967034385124681,0.9995339466659069,0.0321093730916085,-1.0121518551142121
sleep,sleep::wired_sleep_15,wired_sleep_15,graduate,partner,11,3,0.9185587109412516,1.0031637199742123,0.03389680300839116,-2.495958365513605
sleep,sleep::wired_sleep_15,wired_sleep_15,graduate,partner,11,4,1.0260267615826213,1.00255211754752,0.0362386499534487,0.6477792099114125
sleep,sleep::wired_sleep_15,wired_sleep_15,graduate,partner,11,5,1.0491211525191844,0.997308422573358,0.03990413282045725,1.2984301696004779
sleep,sleep::wired_sleep_15,wired_sleep_15,graduate,partner,11,6,1.0408520453763885,1.000249162526527,0.043803056970235385,0.9269417629333846
sleep,sleep::wired_sleep_16,wired_sleep_16,expert,joint,13,1,0.868123321251521,0.9930519378832094,0.03754724403768287,-3.3272379859972823
sleep,sleep::wired_sleep_16,wired_sleep_16,expert,joint,13,2,0.9364157556762017,1.0091001930411692,0.03567012046641013,-2.0376841012749867
sleep,sleep::wired_sleep_16,wired_sleep_16,expert,joint,13,3,0.983452855109884,0.9945570522305373,0.04480983514604991,-0.24780714065251608
sleep,sleep::wired_sleep_16,wired_sleep_16,expert,joint,13,4,0.9926034068633443,1.0077859298383347,0.043243747359803325,-0.35109175087594685
sleep,sleep::wired_sleep_16,wired_sleep_16,expert,joint,13,5,1.0203051779943433,0.9932580337881343,0.05347628613252936,0.505778283465283
sleep,sleep::wired_sleep_16,wired_sleep_16,expert,joint,13,6,1.0507670603000239,1.0083439990503387,0.041014207005967966,1.0343503957912006
time,time::wired_time_12,wired_time_12,child,joint,29,1,0.8846433535020797,1.006114867574465,0.01969828794628358,-6.166602620676134
time,time::wired_time_12,wired_time_12,child,joint,29,2,0.918826149090374,0.994038131329627,0.01741365783827556,-4.319137480348079
time,time::wired_time_12,wired_time_12,child,joint,29,3,1.0035736620190554,1.0065924600646268,0.02010391465324464,-0.1501597125554925
time,time::wired_time_12,wired_time_12,child,joint,29,4,0.9704764819063755,0.9932364028100045,0.019457879033764433,-1.1697020453326217
time,time::wired_time_12,wired_time_12,child,joint,29,5,1.0229177179824611,1.007745657987307,0.020485802831405144,0.74061339553142
time,time::wired_time_12,wired_time_12,child,joint,29,6,0.9909148256961494,0.9940218150649005,0.020508028498497314,-0.15150112400998214
time,time::wired_time_12,wired_time_12,child,expert,15,1,0.9391031329985698,0.9998684685181749,0.0222244661946404,-2.7341640058945074
time,time::wired_time_12,wired_time_12,child,expert,15,2,0.9803260726351942,1.0014576322716096,0.02495969125520163,-0.8466274450414721
time,time::wired_time_12,wired_time_12,child,expert,15,3,1.001065511803761,1.0020840508753717,0.026209674676758745,-0.03886118710637143
time,time::wired_time_12,wired_time_12,child,expert,15,4,0.9601019169628323,1.0009348944589114,0.028202476517798294,-1.4478507754561833
time,time::wired_time_12,wired_time_12,child,expert,15,5,1.000414971944557,0.9984014259930001,0.029723523608705966,0.0677425051640624
time,time::wired_time_12,wired_time_12,child,expert,15,6,1.0116986247527247,1.000283011024617,0.03085569082601577,0.36996785430850315
time,time::wired_time_12,wired_time_12,child,partner,14,1,0.9101135962086192,1.0036860947240962,0.028110933592477877,-3.328686975395075
time,time::wired_time_12,wired_time_12,child,partner,14,2,0.9731835367246229,0.9995767740223004,0.03039462531970427,-0.8683521188388285
time,time::wired_time_12,wired_time_12,child,partner,14,3,0.9937585603836031,1.0007997906692336,0.03288423943073401,-0.21412173148969685
time,time::wired_time_12,wired_time_12,child,partner,14,4,1.0183353356444715,0.9992860346239427,0.03623787724522621,0.5256737554360549
time,time::wired_time_12,wired_time_12,child,partner,14,5,1.0505289262242876,1.0006719420611703,0.037912995177038576,1.3150368080998376
time,time::wired_time_12,wired_time_12,child,partner,14,6,1.019656736959216,1.000994351419769,0.03943293091854543,0.4732690445454566
time,time::wired_time_13,wired_time_13,teenager,joint,13,1,0.9703603483900717,1.0038443466560847,0.019214262613382993,-1.742663714957812
time,time::wired_time_13,wired_time_13,teenager,joint,13,2,0.9820817356189203,1.0027519058526009,0.01983824787025568,-1.0419352741666374
time,time::wired_time_13,wired_time_13,teenager,joint,13,3,1.0189426552872978,1.0028950287823155,0.023031703109201336,0.696762476873502
time,time::wired_time_13,wired_time_13,teenager,joint,13,4,1.0028240086087346,0.9999122379951548,0.023510474654942947,0.12384992886426217
time,time::wired_time_13,wired_time_13,teenager,joint,13,5,1.0442082396835266,1.0043034568683349,0.025472592538106208,1.5665772047150444
time,time::wired_time_13,wired_time_13,teenager,joint,13,6,1.0108550410385468,0.9987778840336212,0.025493530619686535,0.47373418711959164
time,time::wired_time_14,wired_time_14,undergraduate,joint,13,1,0.8877069527682449,0.9929897659563696,0.02787326298551061,-3.777197281956332
time,time::wired_time_14,wired_time_14,undergraduate,joint,13,2,0.9380109963980354,1.0122479025086502,0.019023395165110635,-3.9024004635495877
time,time::wired_time_14,wired_time_14,undergraduate,joint,13,3,1.0065492599822228,0.9911524806705837,0.033202431008489214,0.4637244576369248
time,time::wired_time_14,wired_time_14,undergraduate,joint,13,4,1.0251105708740458,1.0097058586694339,0.02505138101707676,0.6149246699856987
time,time::wired_time_14,wired_time_14,undergraduate,joint,13,5,1.0330699310505618,0.995721357551376,0.03534183135509562,1.0567809325987516
time,time::wired_time_14,wired_time_14,undergraduate,joint,13,6,1.0172352605074695,1.008159447802673,0.025626698458862524,0.3541545829387871
time,time::wired_time_15,wired_time_15,graduate,joint,51,1,0.9634398624257484,1.0018021902400247,0.011204452088404641,-3.423846834418349
time,time::wired_time_15,wired_time_15,graduate,joint,51,2,0.9504694556596002,0.9977367611401915,0.015552584598439988,-3.0391929509473625
time,time::wired_time_15,wired_time_15,graduate,joint,51,3,0.9831833126439746,1.0022305037770243,0.011478978827845123,-1.6593105901411664
time,time::wired_time_15,wired_time_15,graduate,joint,51,4,1.0025683866325725,0.9984873969725414,0.01634834042648829,0.2496271519657692
time,time::wired_time_15,wired_time_15,graduate,joint,51,5,1.0052079674184422,1.0016121576525958,0.012956811709235282,0.27752273063313804
time,time::wired_time_15,wired_time_15,graduate,joint,51,6,1.007174722922805,0.9982992074282405,0.017087967430523435,0.5194014753744514
time,time::wired_time_15,wired_time_15,graduate,expert,26,1,0.9213019774180212,1.0004270781986269,0.030789050697922954,-2.5699103735583333
time,time::wired_time_15,wired_time_15,graduate,expert,26,2,1.0131122755656732,0.9985335853644733,0.031635295656015576,0.46083622418833453
time,time::wired_time_15,wired_time_15,graduate,expert,26,3,1.018031157318421,1.0029593710114724,0.028673948973576998,0.5256264604794181
time,time::wired_time_15,wired_time_15,graduate,expert,26,4,0.9685055591138996,0.9973200012310715,0.032767894497990065,-0.8793498196516506
time,time::wired_time_15,wired_time_15,graduate,expert,26,5,1.0049683493515396,1.0003978874366581,0.03165323073820682,0.14439164054633682
time,time::wired_time_15,wired_time_15,graduate,expert,26,6,1.0143541257151154,1.0007095686264276,0.03274410854059633,0.4167026587934509
time,time::wired_time_15,wired_time_15,graduate,partner,25,1,0.9824486597166397,0.9997496234860598,0.013636105346164428,-1.2687613750568785
time,time::wired_time_15,wired_time_15,graduate,partner,25,2,0.9954468228775541,0.9995347452468234,0.014075318574922996,-0.2904319605633944
time,time::wired_time_15,wired_time_15,graduate,partner,25,3,0.9997901019049887,1.0001611359791236,0.014144023464995844,-0.026232569187480927
time,time::wired_time_15,wired_time_15,graduate,partner,25,4,1.0072148859433545,0.9999651403024742,0.014672971700841692,0.49408843611853026
time,time::wired_time_15,wired_time_15,graduate,partner,25,5,0.9812041470762067,0.9986616893436517,0.015411069966475607,-1.132792356755318
time,time::wired_time_15,wired_time_15,graduate,partner,25,6,1.028265396069379,0.9999635484301902,0.015790705217617763,1.7923105554280347
time,time::wired_time_16,wired_time_16,expert,joint,23,1,0.9487241187616955,0.9983787879867361,0.015296292636675757,-3.2461898058869583
time,time::wired_time_16,wired_time_16,expert,joint,23,2,0.9792704958608914,1.0021499916116807,0.012736425575669647,-1.7963827931830356
time,time::wired_time_16,wired_time_16,expert,joint,23,3,0.9817108763236724,0.9968265929891904,0.01745334387132806,-0.8660642211003343
time,time::wired_time_16,wired_time_16,expert,joint,23,4,0.9965116245068606,1.0001151931168037,0.015207161612211877,-0.23696523400194305
time,time::wired_time_16,wired_time_16,expert,joint,23,5,1.004345790670068,0.9966586766155842,0.018267601687692876,0.42080587183278995
time,time::wired_time_16,wired_time_16,expert,joint,23,6,1.0049274985005203,1.0010435733815404,0.016512711052189297,0.23520820455857286
time,time::wired_time_16,wired_time_16,expert,expert,12,1,0.9835898436432925,1.0008719986904886,0.01592495406155831,-1.085224797534203
time,time::wired_time_16,wired_time_16,expert,expert,12,2,0.9790513311844719,1.0012462120612196,0.01724940635922234,-1.2867040415498867
time,time::wired_time_16,wired_time_16,expert,expert,12,3,0.9933469917101633,0.9999762694845383,0.01941146390403238,-0.34151354102654463
time,time::wired_time_16,wired_time_16,expert,expert,12,4,0.971418101317315,0.9994491334772936,0.02025253768443633,-1.3840750525560006
time,time::wired_time_16,wired_time_16,expert,expert,12,5,1.0376012400325323,1.000051965731586,0.021117295600049765,1.778128933368615
time,time::wired_time_16,wired_time_16,expert,expert,12,6,1.006131550162712,0.9986332665170028,0.02064234756748232,0.36324762099835567
time,time::wired_time_16,wired_time_16,expert,partner,11,1,0.9712697581872616,0.9998917509065283,0.02093784064228735,-1.3669983074309942
time,time::wired_time_16,wired_time_16,expert,partner,11,2,1.0142320811695267,1.0029552126565846,0.023328821849907984,0.4833878275334574
time,time::wired_time_16,wired_time_16,expert,partner,11,3,1.015100716594692,1.0011690828560158,0.02564434632731773,0.5432633595279205
time,time::wired_time_16,wired_time_16,expert,partner,11,4,1.0315754846481753,1.001485505520606,0.027876138306331514,1.0794170554367974
time,time::wired_time_16,wired_time_16,expert,partner,11,5,1.0173802107264855,0.9988791459895214,0.02880361427352331,0.6423174731224808
time,time::wired_time_16,wired_time_16,expert,partner,11,6,0.9624857717699375,0.9989334983312648,0.031469128840906795,-1.158205768758007
zero,zero::wired_zero_12,wired_zero_12,child,joint,16,1,0.997906900049952,1.0431656118948929,0.026289105165100416,-1.7215767353322933
zero,zero::wired_zero_12,wired_zero_12,child,joint,16,2,0.8749624734442721,0.9465024860754641,0.066106966454854,-1.0821856828061875
zero,zero::wired_zero_12,wired_zero_12,child,joint,16,3,1.0456326758654813,1.04574858394381,0.02881113233668032,-0.004023030992824785
zero,zero::wired_zero_12,wired_zero_12,child,joint,16,4,1.075549058124803,0.9454910116041374,0.07499807771290433,1.734151734108881
zero,zero::wired_zero_12,wired_zero_12,child,joint,16,5,1.073203961016374,1.0424664612158838,0.0318171022739472,0.9660684853019726
zero,zero::wired_zero_12,wired_zero_12,child,joint,16,6,0.9581195014769299,0.9507066752839094,0.07956151050915115,0.09317100876519815
zero,zero::wired_zero_13,wired_zero_13,teenager,joint,16,1,0.9832575132626739,1.0151700058489217,0.022274025326394283,-1.4327222905880495
zero,zero::wired_zero_13,wired_zero_13,teenager,joint,16,2,0.9538606286041083,0.9833722958966816,0.028595237690940637,-1.032048329569335
zero,zero::wired_zero_13,wired_zero_13,teenager,joint,16,3,1.0582573702270934,1.014272232376708,0.025890765646945244,1.698873584898218
zero,zero::wired_zero_13,wired_zero_13,teenager,joint,16,4,0.9624822292225085,0.9831844009069729,0.03298377746949797,-0.6276470820726623
zero,zero::wired_zero_13,wired_zero_13,teenager,joint,16,5,1.0322272003626685,1.0167715667825041,0.029144504112371784,0.5303103981653764
zero,zero::wired_zero_13,wired_zero_13,teenager,joint,16,6,1.00142980810301,0.9847240293299017,0.03397637055669482,0.491688149716643
zero,zero::wired_zero_14,wired_zero_14,undergraduate,joint,35,1,0.9753905042543873,1.0158805894116685,0.016453396634958064,-2.4608952215527955
zero,zero::wired_zero_14,wired_zero_14,undergraduate,joint,35,2,0.958579334029476,0.9853590224702897,0.02640821847865189,-1.0140664529287384
zero,zero::wired_zero_14,wired_zero_14,undergraduate,joint,35,3,0.9825972084269972,1.0166140460087896,0.017835470499401266,-1.9072576517078343
zero,zero::wired_zero_14,wired_zero_14,undergraduate,joint,35,4,0.9302938882186511,0.9823434529427671,0.02729218013489957,-1.9071237426561698
zero,zero::wired_zero_14,wired_zero_14,undergraduate,joint,35,5,1.0247827512553618,1.017509890420119,0.018432833272722375,0.394560116051474
zero,zero::wired_zero_14,wired_zero_14,undergraduate,joint,35,6,0.9199881620836877,0.9807586118258487,0.028247824656119584,-2.1513320222693926
zero,zero::wired_zero_14,wired_zero_14,undergraduate,expert,18,1,0.919739000173871,1.001032940411237,0.02765936299720196,-2.939111079513645
zero,zero::wired_zero_14,wired_zero_14,undergraduate,expert,18,2,0.9323614834863521,0.9988631104660716,0.029019530618011383,-2.2916162171983694
zero,zero::wired_zero_14,wired_zero_14,undergraduate,expert,18,3,0.9581287813158266,0.9999194184390001,0.027640960555451188,-1.5119097268467336
zero,zero::wired_zero_14,wired_zero_14,undergraduate,expert,18,4,0.9592636979946795,0.9996643550955226,0.030968826641712462,-1.3045588574682003
zero,zero::wired_zero_14,wired_zero_14,undergraduate,expert,18,5,1.0120555823112098,1.0013408670279471,0.03285899054162954,0.3260816935227545
zero,zero::wired_zero_14,wired_zero_14,undergraduate,expert,18,6,1.0417818773502998,0.999747379354581,0.03391061526553919,1.2395675415077263
zero,zero::wired_zero_14,wired_zero_14,undergraduate,partner,17,1,1.0279046456759373,0.9978585958270665,0.04275300129925535,0.7027822360016197
zero,zero::wired_zero_14,wired_zero_14,undergraduate,partner,17,2,0.9585387697212501,1.0031018241062517,0.04463505734743389,-0.9983868517996561
zero,zero::wired_zero_14,wired_zero_14,undergraduate,partner,17,3,0.912226687590575,0.999885419928936,0.048714350387641416,-1.7994437294313084
zero,zero::wired_zero_14,wired_zero_14,undergraduate,partner,17,4,1.009431081438192,0.9990657784777803,0.05194146923575907,0.19955736934132812
zero,zero::wired_zero_14,wired_zero_14,undergraduate,partner,17,5,0.9543912220324567,1.000233843328117,0.05093567190904979,-0.9000101417630539
zero,zero::wired_zero_14,wired_zero_14,undergraduate,partner,17,6,1.030990734165055,1.0013480561233725,0.05598139161512681,0.5295094885364146
zero,zero::wired_zero_15,wired_zero_15,graduate,joint,34,1,0.9953495005401839,1.01246826181987,0.01760100693078272,-0.9726012464517995
zero,zero::wired_zero_15,wired_zero_15,graduate,joint,34,2,0.977785041531476,0.9870617545645323,0.03222330240401489,-0.2878883398338581
zero,zero::wired_zero_15,wired_zero_15,graduate,joint,34,3,0.9771002067382034,1.0124970947363736,0.01886542619287048,-1.8762835059378198
zero,zero::wired_zero_15,wired_zero_15,graduate,joint,34,4,0.9835208026384874,0.9891873110164195,0.03325835466545865,-0.17037849391320756
zero,zero::wired_zero_15,wired_zero_15,graduate,joint,34,5,1.0121024528773377,1.0113668306935981,0.019028023598659214,0.03865993648396595
zero,zero::wired_zero_15,wired_zero_15,graduate,joint,34,6,0.9842800185506637,0.9843273283784452,0.03422701941299436,-0.0013822362739388462
zero,zero::wired_zero_15,wired_zero_15,graduate,expert,17,1,1.0517099751857533,0.9963135046117819,0.05153092109685728,1.0750141739141126
zero,zero::wired_zero_15,wired_zero_15,graduate,expert,17,2,0.9555449294931121,1.004273418121916,0.05415552566771447,-0.8997879353584409
zero,zero::wired_zero_15,wired_zero_15,graduate,expert,17,3,0.9372354884617443,0.9987641149858097,0.056762247592810615,-1.0839709337348107
zero,zero::wired_zero_15,wired_zero_15,graduate,expert,17,4,0.9805832740376867,1.0015512335539816,0.06071756460227288,-0.34533597738388067
zero,zero::wired_zero_15,wired_zero_15,graduate,expert,17,5,1.0960269484757321,1.0004310455625973,0.06255169128919955,1.5282704742731843
zero,zero::wired_zero_15,wired_zero_15,graduate,expert,17,6,0.9138279990670325,1.0026005490594139,0.06627405658081133,-1.3394766304087105
zero,zero::wired_zero_15,wired_zero_15,graduate,partner,17,1,0.9327393644775146,0.998103674252846,0.03887920133252252,-1.6812153422671778
zero,zero::wired_zero_15,wired_zero_15,graduate,partner,17,2,1.0356647507551038,0.9989437677843866,0.039800223267621365,0.9226325873551245
zero,zero::wired_zero_15,wired_zero_15,graduate,partner,17,3,1.0546028772151683,0.998154601488515,0.041686063210390874,1.3541282476533492
zero,zero::wired_zero_15,wired_zero_15,graduate,partner,17,4,1.0051674264729504,1.0013095458975148,0.04322521161459261,0.08925070419165464
zero,zero::wired_zero_15,wired_zero_15,graduate,partner,17,5,1.047897476076428,0.9990195462637522,0.04763577503978374,1.0260760903303148
zero,zero::wired_zero_15,wired_zero_15,graduate,partner,17,6,1.070273998914908,1.0013419088125692,0.04654286811498969,1.4810451717765603
zero,zero::wired_zero_16,wired_zero_16,expert,joint,49,1,0.9822179478199341,1.0176048874199073,0.011114403033785051,-3.183881265813881
zero,zero::wired_zero_16,wired_zero_16,expert,joint,49,2,0.9682347267070078,0.9824487800115974,0.02662305993767694,-0.533900060243408
zero,zero::wired_zero_16,wired_zero_16,expert,joint,49,3,1.0084830280467862,1.0175520920145145,0.01134223156543363,-0.7995837428823906
zero,zero::wired_zero_16,wired_zero_16,expert,joint,49,4,0.9044914954648062,0.9806679899038386,0.027486776466323238,-2.771386980658272
zero,zero::wired_zero_16,wired_zero_16,expert,joint,49,5,1.019926482792473,1.0179122145127877,0.012071343059354598,0.16686364307444432
zero,zero::wired_zero_16,wired_zero_16,expert,joint,49,6,0.9443769120630582,0.9803677264494539,0.02859425755493211,-1.2586728057986531
zero,zero::wired_zero_16,wired_zero_16,expert,expert,25,1,1.0081666623188734,0.9990661830470897,0.023357293322650904,0.3896204558495845
zero,zero::wired_zero_16,wired_zero_16,expert,expert,25,2,0.9627356885176971,1.0008287519484067,0.023161697593930792,-1.64465766277388
zero,zero::wired_zero_16,wired_zero_16,expert,expert,25,3,0.952885371817484,1.000151712344924,0.025354511253935796,-1.864218168279728
zero,zero::wired_zero_16,wired_zero_16,expert,expert,25,4,0.9816494228573992,1.0000064572886367,0.026499048321285253,-0.6927431584964608
zero,zero::wired_zero_16,wired_zero_16,expert,expert,25,5,1.0094618414832113,1.0014109408956542,0.025865654241875303,0.3112583394284707
zero,zero::wired_zero_16,wired_zero_16,expert,expert,25,6,0.9742785888087855,0.999310839095327,0.029522161696964436,-0.8479138669955677
zero,zero::wired_zero_16,wired_zero_16,expert,partner,24,1,0.9640792013480158,1.00025618621762,0.048408031680916966,-0.7473343495572368
zero,zero::wired_zero_16,wired_zero_16,expert,partner,24,2,0.87878176430581,0.9983712745438879,0.05180274696499973,-2.3085553806418395
zero,zero::wired_zero_16,wired_zero_16,expert,partner,24,3,0.9719879238595489,1.0003306750632917,0.0525659517350747,-0.5391845913222761
zero,zero::wired_zero_16,wired_zero_16,expert,partner,24,4,0.9959941328642337,1.0023979794997175,0.053251152360497225,-0.12025742827369086
zero,zero::wired_zero_16,wired_zero_16,expert,partner,24,5,0.9732421667386094,1.0024490179361059,0.055205718536382446,-0.5290548148240862
zero,zero::wired_zero_16,wired_zero_16,expert,partner,24,6,1.0031748383339743,1.0046538614574443,0.05630596096092571,-0.026267611780863204
