video_uid,conversation_uid,conversation_id,level_label,trajectory_type,horizon,stage,path_length,direct_displacement,route_efficiency,excess_path_fraction,directional_persistence,turning_cost,backward_movement,backtracking_fraction,monotonic_progress_fraction,future_alignment,pairwise_coverage,centroid_dispersion,resultant_length,coverage_per_path,mean_step_distance,step_distance_sd,step_distance_cv,normalized_acceleration,n_local_windows
astro,astro::wired_astro_12,wired_astro_12,child,expert,3,Beginning,3.071436884310992,1.148772557822645,0.3742293973125934,0.6257706026874066,-0.2783077672225029,0.6391538836112515,0.04396910400054954,0.014541373109564062,0.6666666666666666,0.6030003371720913,1.104496843985694,0.6767805508868696,0.7294302175633762,0.35948813983737316,1.0238122947703305,0.14257571714024964,0.13697266858212426,1.568106618857918,2
astro,astro::wired_astro_12,wired_astro_12,child,expert,3,End,2.9712438220870236,1.0789782401957408,0.363844522438039,0.636155477561961,-0.46167891424494584,0.7308394571224729,0.03199363246541198,0.011549156038916403,0.8333333333333333,0.5776664804479401,1.0152765788384785,0.6231092629806968,0.7802457385239738,0.3428448095036558,0.9904146073623412,0.09800125279963177,0.1006570625712768,1.7200296504846926,2
astro,astro::wired_astro_12,wired_astro_12,child,expert,3,Middle,2.9657093278652917,1.1015207751470177,0.3719325305203537,0.6280674694796464,-0.5282343165432944,0.7641171582716473,0.0799606202209007,0.026376784230920592,0.6666666666666666,0.5166215493628975,1.0049423835646127,0.6153840872065969,0.7845129629888296,0.3392346280733046,0.9885697759550971,0.1165400565045024,0.11869532594121016,1.7659668055524824,4
astro,astro::wired_astro_12,wired_astro_12,child,expert,5,Beginning,5.0934772709127385,1.337419144557033,0.26257487241468946,0.7374251275853105,-0.37015579388181846,0.6850778969409093,0.019222619563096455,0.0037739678692336265,0.8,0.622752582235174,1.1160788891225677,0.7200097687711696,0.6842634127165771,0.2191192440371034,1.0186954541825477,0.1898235293809035,0.1863398217804235,1.6351933214958871,1
astro,astro::wired_astro_12,wired_astro_12,child,expert,5,End,4.966678817332159,1.0699267686344838,0.21542097002543698,0.784579029974563,-0.4827205465775252,0.7413602732887626,0.17851699919956876,0.03594293204074323,0.6,0.5889331885996097,1.037550617138788,0.672381458817186,0.7393516726802161,0.2089022977523854,0.9933357634664318,0.13120240330915955,0.13208263321890687,1.7701526561701275,1
astro,astro::wired_astro_12,wired_astro_12,child,expert,5,Middle,4.952620021563375,1.1517376360821248,0.23269149344295392,0.7673085065570461,-0.5000119017953207,0.7500059508976603,0.13562423721142955,0.02750266705528354,0.6,0.5216001791618217,1.0491288352695674,0.6780896756289381,0.7310902005664197,0.21195889147452102,0.9905240043126748,0.11734827505792492,0.11834366175259295,1.733557403014299,4
astro,astro::wired_astro_12,wired_astro_12,child,joint,3,Beginning,3.4401865407365997,1.285534695007373,0.3739457975745519,0.6260542024254482,-0.4631954109575616,0.7315977054787809,0.09204992486265445,0.027209452573833656,0.6666666666666666,0.5173657319325423,1.18448337387529,0.724874650011876,0.6788184221309614,0.34437707673647294,1.1467288469122,0.11472698661966295,0.09848046520480137,1.718172029844647,6
astro,astro::wired_astro_12,wired_astro_12,child,joint,3,End,3.231172615543391,1.1102362309612217,0.34399829978009105,0.6560017002199089,-0.46006789947123067,0.7300339497356153,0.18920067171875635,0.05826830575443514,0.7222222222222222,0.5010735988481289,1.0848252768826718,0.6641181999178635,0.7398536756130505,0.33626109789869485,1.0770575385144636,0.07283327899330849,0.06726561408338423,1.705525985289625,6
astro,astro::wired_astro_12,wired_astro_12,child,joint,3,Middle,3.139273133250448,1.1903402182525917,0.37914450389136056,0.6208554961086394,-0.4025928660366569,0.7012964330183284,0.10001072370151684,0.03138747503469329,0.75,0.514444459370388,1.1038925838246771,0.6764625968595709,0.73035403597413,0.3515752434445845,1.0464243777501494,0.10747083903057551,0.1025072514683576,1.675070027631325,8
astro,astro::wired_astro_12,wired_astro_12,child,joint,5,Beginning,5.690780016001298,1.335825911438152,0.23476060232019663,0.7652393976798033,-0.46433306801706886,0.7321665340085344,0.1771347568275969,0.03156590647244857,0.6799999999999999,0.5395503424266689,1.2075048060067757,0.7804344389955981,0.6162369622580316,0.21216566596782943,1.1381560032002596,0.1242467764508715,0.1087061752154502,1.719025852651526,5
astro,astro::wired_astro_12,wired_astro_12,child,joint,5,End,5.334685733998816,1.124046792482573,0.21045028136354343,0.7895497186364566,-0.4119952660219492,0.7059976330109745,0.3836970587217289,0.07217862388220596,0.6,0.525070164205927,1.1020639177007316,0.7107464855191805,0.6945440831347299,0.20664523683661837,1.0669371467997633,0.08932189782787066,0.08349892381696239,1.6712103053229321,5
astro,astro::wired_astro_12,wired_astro_12,child,joint,5,Middle,5.213301014703049,1.159765248495473,0.22249926666050923,0.7775007333394908,-0.41275554999834835,0.7063777749991742,0.2456612778177386,0.04685525399392294,0.625,0.512811826734427,1.1116334993997872,0.717553736753991,0.689282336834476,0.21318955623475244,1.0426602029406098,0.11638160484910068,0.11146661072127508,1.6843552662685715,8
astro,astro::wired_astro_12,wired_astro_12,child,partner,3,Beginning,3.9679030037135736,1.3313155958340444,0.3357702455447808,0.6642297544552193,-0.5092108321861809,0.7546054160930904,0.12090516027089333,0.03031236140414793,0.5555555555555555,0.4875626924492124,1.319583210396853,0.8081865513185154,0.5867474435670634,0.33271645636094793,1.3226343345711913,0.0350782281438126,0.026847053400895993,1.7405367522955937,3
astro,astro::wired_astro_12,wired_astro_12,child,partner,3,End,3.8237273694048572,1.1458726172730846,0.30001792722993725,0.6999820727700627,-0.5262304221078348,0.7631152110539174,0.3041533466476704,0.07868718902528503,0.6666666666666666,0.4991819544521605,1.236979636105027,0.7598508723518801,0.6429487944995812,0.3238669156159509,1.2745757898016192,0.19060397335566495,0.15125603889798797,1.7483587530065678,3
astro,astro::wired_astro_12,wired_astro_12,child,partner,3,Middle,3.7867854263053586,1.3921053596600557,0.36775171661540007,0.6322482833845999,-0.5256319892059235,0.7628159946029617,0.08864889118314527,0.02367602902782266,0.7777777777777777,0.5273170566637585,1.2733229138804039,0.7801407517606828,0.6209331003752306,0.3361721695761668,1.2622618087684527,0.08390094733526049,0.06651059545553312,1.7408956956487203,3
astro,astro::wired_astro_12,wired_astro_12,child,partner,5,Beginning,6.562783182392014,1.339400495278233,0.20408535402448272,0.7959146459755173,-0.4984262723563857,0.7492131361781929,0.15190553536103235,0.023145791431641853,0.6000000000000001,0.520934343915566,1.3252540018219534,0.8557944917253264,0.5153422502896952,0.2019343399249851,1.3125566364784027,0.06554842784410891,0.049940806620442854,1.7438465014365572,2
astro,astro::wired_astro_12,wired_astro_12,child,partner,5,End,6.198194802040737,1.1765039247748876,0.18969741408212665,0.8103025859178734,-0.5375951193193774,0.7687975596596888,0.2696000738709069,0.04347142760519908,0.6,0.5359698671249723,1.2034800506934662,0.7776635469435078,0.6213856384864502,0.19415026190864093,1.2396389604081475,0.1856556931245653,0.1497589996688067,1.790893770990773,2
astro,astro::wired_astro_12,wired_astro_12,child,partner,5,Middle,6.464246521056001,1.2998440445678523,0.20102257597537018,0.7989774240246298,-0.5509764986989487,0.7754882493494742,0.36314056577060594,0.05596269710329888,0.4666666666666666,0.5153389253440479,1.277610159736361,0.8253016068331752,0.5597086043168976,0.1976818438727519,1.2928493042112004,0.08892565676503483,0.06868907418412101,1.7454131718493662,3
astro,astro::wired_astro_13,wired_astro_13,teenager,expert,3,Beginning,2.800502513128788,1.3463498086215075,0.48075293712817757,0.5192470628718224,-0.18562652361740994,0.592813261808705,0.0,0.0,1.0,0.5963978635017206,1.090905212564975,0.6705382658375902,0.7368107154363929,0.3895390943056822,0.933500837709596,0.05669346958297042,0.060732103596255436,1.554528137835094,1
astro,astro::wired_astro_13,wired_astro_13,teenager,expert,3,End,3.324693353938746,1.2532510540340032,0.37695237443455754,0.6230476255654425,-0.4647329197241573,0.7323664598620787,0.04408597941732961,0.013260164088547051,0.6666666666666666,0.434979572118962,1.1434133938189077,0.6994629659075621,0.7099099692175884,0.3439154448527748,1.108231117979582,0.09587881136700178,0.08651517703437041,1.6932853679428388,1
astro,astro::wired_astro_13,wired_astro_13,teenager,expert,3,Middle,3.014978450574105,1.036954812161417,0.34405097708068966,0.6559490229193103,-0.5585248661016249,0.7792624330508124,0.1675312406994428,0.0560676915330996,0.6666666666666666,0.4970897025637207,0.9831964833643876,0.6020910854202015,0.7954529487116304,0.3262453891845015,1.0049928168580349,0.02831281689449451,0.028073928125782965,1.7605488609822375,2
astro,astro::wired_astro_13,wired_astro_13,teenager,expert,5,Middle,5.077795628324683,1.096650660781712,0.2151844452682956,0.7848155547317044,-0.4418522938862042,0.7209261469431021,0.15691826782844132,0.03155706984883444,0.6,0.5250624089937586,1.0580995457666136,0.6843988940585846,0.7234022744379731,0.20850515048657486,1.0155591256649366,0.08514264726514509,0.0834167480640045,1.6904767954333062,2
astro,astro::wired_astro_13,wired_astro_13,teenager,joint,3,Beginning,3.4218537204930257,1.114481868263639,0.32847363417210457,0.6715263658278955,-0.5091994369546234,0.7545997184773118,0.27800453565609157,0.07875534491824897,0.6666666666666666,0.4617438674344188,1.1314178828197379,0.6927280391185503,0.7117248757078735,0.33125198214026774,1.1406179068310085,0.1520289441973536,0.13450680057447226,1.754218248634973,3
astro,astro::wired_astro_13,wired_astro_13,teenager,joint,3,End,3.669292675070256,1.2895963933551415,0.35254091456827946,0.6474590854317205,-0.5520623029707901,0.776031151485395,0.06275054092194761,0.016020379612036947,0.7777777777777777,0.5656072198510724,1.2094650861822116,0.7402227529210518,0.6665608825096806,0.32989061197645625,1.223097558356752,0.07475277281003559,0.06191811856898855,1.7561859740643022,3
astro,astro::wired_astro_13,wired_astro_13,teenager,joint,3,Middle,3.6432939230734167,1.2564899706987105,0.34644757459971653,0.6535524254002835,-0.5150094060093717,0.7575047030046859,0.15782164606188023,0.043483162005964165,0.6666666666666666,0.4592572490868848,1.210301076435318,0.7407864085451019,0.6646913355300486,0.3328000990173856,1.2144313076911388,0.08531523190985477,0.07201691562075688,1.732773110076596,4
astro,astro::wired_astro_13,wired_astro_13,teenager,joint,5,Beginning,5.557848436399098,1.115246345128826,0.2000149656481865,0.7999850343518136,-0.4947746071375886,0.7473873035687943,0.4612277401289181,0.08378947744429524,0.6,0.5222682197579577,1.1198835894970283,0.7223408569138188,0.6816650034360134,0.20151574822123908,1.1115696872798195,0.14732293407822877,0.1329831973314827,1.7732999215561451,2
astro,astro::wired_astro_13,wired_astro_13,teenager,joint,5,End,6.194758872753066,1.2318317512634465,0.1988444391096616,0.8011555608903385,-0.5590542664530034,0.7795271332265017,0.1292405946992311,0.02095431491895714,0.6,0.5611448316154836,1.2264289309618492,0.7917441625696549,0.6053226181464737,0.1980209081257438,1.2389517745506131,0.1039098570037437,0.08390864754859934,1.7757245695397899,2
astro,astro::wired_astro_13,wired_astro_13,teenager,joint,5,Middle,6.119131793047731,1.2301225890676812,0.2016138350582748,0.7983861649417252,-0.5193058370944155,0.7596529185472078,0.36797484387353036,0.05979308434618036,0.55,0.48156714333497663,1.1935192306050255,0.7699806043009705,0.6285175288463216,0.19510402611985567,1.2238263586095461,0.10844755351652391,0.089084164319345,1.738486430841408,4
astro,astro::wired_astro_13,wired_astro_13,teenager,partner,3,End,3.8177088242378634,1.0579803965739998,0.27712443386386504,0.722875566136135,-0.5154050975334035,0.7577025487667017,0.262679436550876,0.0688055188712081,0.6666666666666666,0.557627432030993,1.242297606881553,0.7599885523737097,0.6437771245234769,0.32540396978272834,1.2725696080792879,0.14821641299815574,0.11647018132223151,1.7864900981241614,1
astro,astro::wired_astro_13,wired_astro_13,teenager,partner,3,Middle,4.051308824293914,1.3334266970569677,0.32917427835464663,0.6708257216453534,-0.5986984560626215,0.7993492280313107,0.11709937109449187,0.028867735597284935,0.6666666666666666,0.4717484939826192,1.2998653339136022,0.7970726828183597,0.602737112636447,0.3208267136578642,1.350436274764638,0.020696285360098675,0.015304430855075194,1.786813102701792,2
astro,astro::wired_astro_13,wired_astro_13,teenager,partner,5,Middle,6.47135923659933,1.0575940652225106,0.16342688244552955,0.8365731175544704,-0.5702526289598828,0.7851263144799414,0.42989671399293705,0.06643066754224045,0.6,0.5529659469824176,1.2434876865787923,0.8025454822436772,0.5913969644418458,0.19215247386455392,1.294271847319866,0.11791249207174824,0.09110334302327398,1.8092347286894168,1
astro,astro::wired_astro_14,wired_astro_14,undergraduate,expert,3,Beginning,3.247880167368743,1.4191496195160254,0.4369464224001046,0.5630535775998954,-0.4592197539412173,0.7296098769706086,0.1259091259770928,0.038766555257208755,0.6666666666666666,0.6462470938703986,1.149339980918122,0.7030560449310916,0.6946746680176946,0.35387388748682036,1.0826267224562478,0.16911658003710503,0.15620950095654001,1.662547650749003,1
astro,astro::wired_astro_14,wired_astro_14,undergraduate,expert,3,End,2.503835296585501,1.0403718205471664,0.415511284614419,0.584488715385581,-0.3531896544723848,0.6765948272361924,0.03763864783175719,0.01503239765134923,0.6666666666666666,0.39962195426552216,0.9212025313659469,0.566763084679736,0.8200654680424891,0.36791658485771717,0.8346117655285004,0.16995185271632005,0.20362983094145767,1.6939221061048353,1
astro,astro::wired_astro_14,wired_astro_14,undergraduate,expert,3,Middle,2.4897476815209774,0.9274241182947197,0.37506983980538333,0.6249301601946167,-0.48308930693393126,0.7415446534669656,0.0035398805769009853,0.001510714545880706,0.8888888888888888,0.586872390436486,0.8483459692431127,0.5194768749213676,0.8519870423942654,0.3418153109344561,0.8299158938403258,0.11429502875354365,0.14144727654285302,1.7073405975960168,3
astro,astro::wired_astro_14,wired_astro_14,undergraduate,expert,5,Middle,4.406986169505726,1.10991459532329,0.2502375434752501,0.7497624565247499,-0.4565958433684723,0.7282979216842361,0.07399949294073989,0.0173245963670699,0.7999999999999999,0.5894641758392644,0.949710933393851,0.6121153401947262,0.7792632096669819,0.21530860693282497,0.8813972339011452,0.17041682233264552,0.19153199183105163,1.6743727701469329,3
astro,astro::wired_astro_14,wired_astro_14,undergraduate,joint,3,Beginning,3.0648940500387716,1.327127928804818,0.43410190758742356,0.5658980924125765,-0.2766738570251044,0.6383369285125522,0.0424725905141326,0.01513028688381794,0.8333333333333334,0.5692432956436617,1.1455600896584024,0.7056260169755835,0.6962382557046864,0.374157337743614,1.0216313500129237,0.20977821903919708,0.21327671258174274,1.5900959214463193,4
astro,astro::wired_astro_14,wired_astro_14,undergraduate,joint,3,End,2.7645972723926744,1.0248296149278793,0.36866579468311467,0.6313342053168853,-0.3818366484907416,0.6909183242453708,0.0680692998317581,0.024785267003980822,0.8333333333333333,0.5121782688252022,0.9765309546862777,0.5994916584290626,0.7923903028349434,0.35294254887306264,0.9215324241308914,0.12959537929018822,0.13826220415208001,1.6716130397284128,4
astro,astro::wired_astro_14,wired_astro_14,undergraduate,joint,3,Middle,2.8166566525953627,1.0292580823781676,0.3710774605039158,0.6289225394960841,-0.4333323860545197,0.7166661930272599,0.13012516900251817,0.04445472946185913,0.611111111111111,0.5442508726957559,0.9733161995582975,0.5957602676648737,0.790374465909797,0.34686673232950443,0.938885550865121,0.1548502905168265,0.16843984113358024,1.7034233943005885,6
astro,astro::wired_astro_14,wired_astro_14,undergraduate,joint,5,Beginning,5.064869826288589,1.3665139512069222,0.2700883640475244,0.7299116359524757,-0.30501159863746957,0.6525057993187348,0.13529518004583577,0.02630065649797612,0.6666666666666666,0.5598970172847321,1.177549999117019,0.7676414111014678,0.630072077168574,0.23275813727974867,1.0129739652577179,0.24987324178504636,0.24646025887785158,1.6232651704417798,3
astro,astro::wired_astro_14,wired_astro_14,undergraduate,joint,5,End,4.49659273195861,1.104730312098699,0.24291891669339905,0.757081083306601,-0.39942951748112643,0.6997147587405633,0.10776155969506758,0.026149092337551718,0.8000000000000002,0.5090014461913547,0.9645800419935742,0.6228182553309112,0.7706203871212663,0.21432513920645954,0.899318546391722,0.14970206109539014,0.16563025020440006,1.669215638784132,3
astro,astro::wired_astro_14,wired_astro_14,undergraduate,joint,5,Middle,4.67849988375968,1.0479233438358782,0.22613329353774578,0.7738667064622543,-0.4104712066416784,0.7052356033208391,0.27993761127062894,0.05800353434806458,0.6,0.5550694854433044,0.9890569857303371,0.6371138488392528,0.7591186071329821,0.21184978731782486,0.9356999767519362,0.19505320699293613,0.20725367607220144,1.6890530546909621,6
astro,astro::wired_astro_14,wired_astro_14,undergraduate,partner,3,Beginning,3.9606393667883406,1.3952050679428318,0.35231323996476543,0.6476867600352345,-0.5417411837966474,0.7708705918983236,0.17431335125227532,0.043677714182727936,0.8333333333333333,0.5282070844593969,1.3125428326508914,0.8049357109355779,0.5904618408424966,0.33148231210025647,1.3202131222627802,0.05267038961249629,0.03989799603225214,1.7548427569942444,2
astro,astro::wired_astro_14,wired_astro_14,undergraduate,partner,3,End,3.3233369800257573,1.1776033064448477,0.3521157992897446,0.6478842007102554,-0.5550089595326144,0.7775044797663073,0.07928128853205102,0.02488775522177173,0.6666666666666666,0.48221560476722153,1.095879800683782,0.6707493100690283,0.7301419073650007,0.32919781804014325,1.107778993341919,0.10075119124263471,0.08881899427069272,1.738547429693607,2
astro,astro::wired_astro_14,wired_astro_14,undergraduate,partner,3,Middle,3.6127666992502645,1.1096839660842477,0.308120384795484,0.691879615204516,-0.552809559922854,0.7764047799614271,0.15410896843791516,0.0419278164938066,0.6666666666666666,0.5418337105315638,1.1677948987578561,0.7144272178271502,0.694766273792303,0.3234864419514981,1.2042555664167547,0.11579484012540228,0.09634258060931616,1.7690993469446283,2
astro,astro::wired_astro_14,wired_astro_14,undergraduate,partner,5,Beginning,6.368428051825871,1.3666008265842284,0.2145899765943677,0.7854100234056323,-0.5325892631699576,0.7662946315849788,0.2715114768190986,0.04263398669334961,0.8,0.5708849751464518,1.279485153037709,0.8270028142608429,0.5564633374919571,0.2009106709890319,1.2736856103651744,0.10267866104081773,0.08061538907657052,1.779995996673278,1
astro,astro::wired_astro_14,wired_astro_14,undergraduate,partner,5,End,5.905067420813923,1.4206208740822268,0.24057657141642186,0.7594234285835781,-0.5074736623922553,0.7537368311961277,0.048954650818148426,0.008290278049255664,0.6,0.5254461420035966,1.1973898866149832,0.7706658262455816,0.6237817913556766,0.20277327950473112,1.1810134841627846,0.1520701623056736,0.12876242680114316,1.668432863594221,1
astro,astro::wired_astro_14,wired_astro_14,undergraduate,partner,5,Middle,5.979019530664196,1.0804469861945827,0.17998011013524523,0.8200198898647548,-0.5811531688063785,0.7905765844031892,0.2773060134364205,0.04695958195869075,0.6,0.572724163908278,1.141916706359506,0.7357907042847358,0.6678800215444416,0.19087145947660378,1.1958039061328392,0.12610018434554604,0.10559439969124207,1.784512579142918,2
astro,astro::wired_astro_15,wired_astro_15,graduate,expert,3,Beginning,3.03429178256127,1.122064085877302,0.37048070673632055,0.6295192932636794,-0.44129268936824567,0.7206463446841228,0.018499558432714485,0.006323196029221795,0.8888888888888888,0.620501262429434,1.0499668653915293,0.6427552523411091,0.7562858220983689,0.3463459733323852,1.0114305941870898,0.13650307004813148,0.13625812521582806,1.6864487359738363,3
astro,astro::wired_astro_15,wired_astro_15,graduate,expert,3,End,3.2570319836013506,1.2814926756403506,0.39329386644961756,0.6067061335503824,-0.34937463071303404,0.674687315356517,0.04502656036100339,0.014046772035741707,0.7777777777777777,0.56134581732748,1.1644859828586325,0.7132102267960002,0.6954254712029315,0.35765863559917815,1.0856773278671168,0.09641351607692607,0.0868619955209398,1.621315685629667,3
astro,astro::wired_astro_15,wired_astro_15,graduate,expert,3,Middle,3.439420352296021,1.2349794539360741,0.3638839323330882,0.6361160676669118,-0.4576135302329945,0.7288067651164972,0.09521875275518296,0.02628242424834184,0.6666666666666666,0.46741437329786917,1.1785758001620288,0.7221365217108185,0.6822621032260432,0.34396156029439995,1.1464734507653405,0.12168337471555746,0.11323647892910187,1.7185794775188867,5
astro,astro::wired_astro_15,wired_astro_15,graduate,expert,5,Beginning,5.011740369099455,1.2960420802144121,0.25843092272258156,0.7415690772774185,-0.4275275748384128,0.7137637874192064,0.019544319470788607,0.00384530366265859,0.8,0.5719614059104555,1.0777060462633181,0.6941316265486386,0.7091745322705769,0.21503212560753296,1.002348073819891,0.18799286045803942,0.18711343944517436,1.6484172236105574,2
astro,astro::wired_astro_15,wired_astro_15,graduate,expert,5,End,5.6683679278882035,1.3713608371385109,0.24192517328865637,0.7580748267113436,-0.3729325392389526,0.6864662696194763,0.08450829323167564,0.01493835574781287,0.7,0.552772627044022,1.2329439949507923,0.7961701954179106,0.5993291614370775,0.2175090552488879,1.1336735855776408,0.1462939499710467,0.1290357865728881,1.6348499579726292,2
astro,astro::wired_astro_15,wired_astro_15,graduate,expert,5,Middle,5.6442265021826294,1.1339721293173541,0.20275523966187356,0.7972447603381264,-0.4540771045260036,0.7270385522630017,0.237720656863726,0.04103073707400902,0.52,0.4888056735639643,1.1756298178083306,0.7593340170348689,0.6420186275127917,0.2087148255638253,1.128845300436526,0.16697202137088465,0.15052214649572826,1.7193641893241989,5
astro,astro::wired_astro_15,wired_astro_15,graduate,joint,3,Beginning,3.165253259592167,1.121664468220031,0.35404565403878335,0.6459543459612167,-0.4322517859772156,0.7161258929886078,0.09716412006116704,0.031618381934810674,0.7916666666666666,0.5500153421432582,1.087514984181684,0.6659527917698699,0.7351673900581176,0.34319133137762353,1.0550844198640559,0.0774248092817747,0.07368167281625829,1.6946552352452033,8
astro,astro::wired_astro_15,wired_astro_15,graduate,joint,3,End,3.292150514979343,1.1239548056692512,0.342269895464502,0.657730104535498,-0.4800472236544883,0.7400236118272442,0.09990946153450679,0.03027674575362431,0.5833333333333333,0.5018776005568786,1.1112527215342012,0.6803772374756847,0.7283219357462991,0.33765795256198655,1.0973835049931144,0.08807611930383351,0.07981433237524571,1.7312203622861473,8
astro,astro::wired_astro_15,wired_astro_15,graduate,joint,3,Middle,3.0656726657043514,1.1682285789776308,0.3820821927687286,0.6179178072312714,-0.37785552735419586,0.688927763677098,0.07273147605908777,0.022729838455834324,0.6666666666666666,0.5258427225715565,1.087692832549922,0.6673862951488245,0.7383543545705278,0.35493835264718687,1.0218908885681173,0.13420862739321712,0.13090606910131586,1.6595842968596972,10
astro,astro::wired_astro_15,wired_astro_15,graduate,joint,5,Beginning,5.173575154802228,1.1606195514355249,0.2238700948324745,0.7761299051675256,-0.4430443968552726,0.7215221984276363,0.2054589507808696,0.040749223131451684,0.7142857142857143,0.575412255690288,1.0784898297201926,0.6958056487798664,0.7049821112017484,0.2080440419843355,1.0347150309604456,0.09685125350855714,0.09363016470141418,1.7043279914765204,7
astro,astro::wired_astro_15,wired_astro_15,graduate,joint,5,End,5.443666673877117,1.1268065566919963,0.20718264370052084,0.7928173562994791,-0.4738190398766263,0.7369095199383132,0.17379585517607588,0.03167772438916342,0.5142857142857143,0.5261030926738876,1.1195467447419136,0.7224358181643566,0.6862396186153212,0.20562764738293746,1.0887333347754233,0.10893212334289394,0.09961781677715435,1.719423652383123,7
astro,astro::wired_astro_15,wired_astro_15,graduate,joint,5,Middle,5.114786867858631,1.1610469294239398,0.22762150026931124,0.7723784997306887,-0.3889157630455181,0.694457881522759,0.19170266607831754,0.036413659462869286,0.54,0.5063255367077975,1.1073931090715754,0.7167923926398387,0.6922211517840932,0.21663875438002958,1.022957373571726,0.1383566769295972,0.13497247180443317,1.6716057206872192,10
astro,astro::wired_astro_15,wired_astro_15,graduate,partner,3,Beginning,3.405805572271369,1.2388230912762712,0.36404317451738666,0.6359568254826133,-0.49784797271490655,0.7489239863574533,0.11806648841837716,0.03520538792732686,0.6666666666666666,0.5346347787621628,1.1515386487915122,0.7049079256698945,0.6989745210581058,0.3379313568501756,1.1352685240904563,0.09544291418749479,0.08491038045701113,1.7313515580717667,4
astro,astro::wired_astro_15,wired_astro_15,graduate,partner,3,End,3.469064848302246,1.100978701792782,0.3194106037097432,0.6805893962902568,-0.52175398734478,0.76087699367239,0.15633624626665035,0.043132044298532624,0.5833333333333334,0.4742654115165941,1.1368739905998877,0.6961986456280695,0.7136227566640172,0.3281020899381432,1.1563549494340821,0.0606935685033175,0.05189273831929869,1.740225083041959,4
astro,astro::wired_astro_15,wired_astro_15,graduate,partner,3,Middle,3.382814495090953,1.168522929794267,0.3457997983710655,0.6542002016289346,-0.4968442407050838,0.7484221203525419,0.05071009621851863,0.014777989275191349,0.6666666666666666,0.5221159700635671,1.1351203013527267,0.6953728216598675,0.7178106423063855,0.33566877680484736,1.1276048316969842,0.03506657847440163,0.03128972488608558,1.733399460473974,4
astro,astro::wired_astro_15,wired_astro_15,graduate,partner,5,Beginning,5.654007195760985,1.2578980195188756,0.22253931989710365,0.7774606801028963,-0.48252632557174274,0.7412631627858713,0.1544327345921577,0.026666510736338776,0.6,0.5446883007461338,1.164311287453453,0.7514343435904091,0.6520046397365437,0.20593807929784094,1.130801439152197,0.11878493902262866,0.10469364948600673,1.697233641701683,3
astro,astro::wired_astro_15,wired_astro_15,graduate,partner,5,End,5.736783599683313,1.1702867391881202,0.20468308087660939,0.7953169191233905,-0.5280351741703245,0.7640175870851623,0.22971944373518507,0.03932451442643221,0.5333333333333333,0.5104913449532081,1.1440516153775946,0.7377561047825042,0.6700448621772659,0.19953975897406975,1.1473567199366626,0.07664014586580303,0.06630262311459914,1.7356332124807796,3
astro,astro::wired_astro_15,wired_astro_15,graduate,partner,5,Middle,5.563143843885909,1.0372572421223594,0.18667543661883085,0.8133245633811692,-0.5118962860326319,0.755948143016316,0.22259531389648132,0.039912961869541096,0.45,0.5241452306803676,1.1210560360224102,0.7242082345638275,0.6877673786059348,0.20155962356613233,1.1126287687771819,0.05216867704261738,0.04710990695839294,1.7471300080128722,4
astro,astro::wired_astro_16,wired_astro_16,expert,expert,3,Beginning,2.9874500812970832,1.1742014236051614,0.39304470088261684,0.6069552991173832,-0.46333850533547105,0.7316692526677355,0.0,0.0,1.0,0.6261204946668479,1.0417015824264297,0.6380931392000366,0.7674005918703779,0.34869254852089326,0.9958166937656944,0.08299097276424719,0.08333960786539509,1.720951741949504,1
astro,astro::wired_astro_16,wired_astro_16,expert,expert,3,End,3.265945193496958,1.0761847872938015,0.3295170995020569,0.6704829004979431,-0.5793835597044824,0.7896917798522411,0.1820085377406091,0.05572920761285844,0.6666666666666666,0.47812481429003384,1.0535174416615238,0.6457515315486431,0.763254114455879,0.3225765832688353,1.0886483978323194,0.04721641325965616,0.04337159118928749,1.7601264819925944,1
astro,astro::wired_astro_16,wired_astro_16,expert,expert,3,Middle,2.9837818978525403,1.016671264472604,0.3406711154194351,0.6593288845805649,-0.5351087371976251,0.7675543685988125,0.07613847288157083,0.025565949627437707,0.6666666666666666,0.4779681882535057,0.9876697864555006,0.60545116871412,0.7953257821247488,0.3309968652277486,0.9945939659508467,0.07982494942363592,0.08025283902858384,1.7450574061554005,2
astro,astro::wired_astro_16,wired_astro_16,expert,expert,5,Middle,5.135498653256079,1.1402110576198394,0.2221327802188458,0.7778672197811543,-0.528234884858801,0.7641174424294005,0.2083931468441338,0.040470989086169654,0.6,0.5388449135211789,1.0296082107496325,0.664563993118803,0.7451579062785982,0.2005236519279741,1.0270997306512157,0.07933619196333205,0.07718933878617837,1.7284292901094758,2
astro,astro::wired_astro_16,wired_astro_16,expert,joint,3,Beginning,2.6580755903227433,1.0745627285100845,0.4040793708432547,0.5959206291567453,-0.4196367987422322,0.709818399371116,0.022443047363692476,0.008386682505120119,0.6666666666666666,0.5464915585150439,0.9387822173149462,0.5745996792236312,0.8155862283062856,0.3531815770252608,0.8860251967742476,0.06642585700257257,0.07473253225174105,1.6698150576726498,3
astro,astro::wired_astro_16,wired_astro_16,expert,joint,3,End,2.748906463125344,1.1546758615534243,0.4196613413809114,0.5803386586190885,-0.2484512063646099,0.624225603182305,0.04751598488555908,0.01740058092920391,0.7777777777777777,0.5694300422526762,1.0253699898202537,0.6291654618418319,0.7729104483331494,0.37290999169360584,0.9163021543751148,0.08685232142469151,0.09481471227585869,1.585494769119374,3
astro,astro::wired_astro_16,wired_astro_16,expert,joint,3,Middle,2.7911585611857856,0.9903511956700927,0.3553411575005406,0.6446588424994594,-0.38726777442258997,0.693633887211295,0.06534173499206142,0.02333938059055739,0.6666666666666666,0.5310562185377802,0.9729837072660515,0.5973962054532926,0.800599125649444,0.34871908918150546,0.9303861870619284,0.06906204138907131,0.0740973634796069,1.6630316452900842,5
astro,astro::wired_astro_16,wired_astro_16,expert,joint,5,Beginning,4.495030431577469,1.1005894969206775,0.24451631260129408,0.7554836873987059,-0.4487749311938076,0.7243874655969038,0.05433518845104496,0.01211639559786958,0.7,0.5402975885457431,0.9727466379682717,0.6280701086206235,0.7746871008322118,0.2163456537817358,0.8990060863154936,0.0754081201734697,0.08366486926282064,1.6882859879042367,2
astro,astro::wired_astro_16,wired_astro_16,expert,joint,5,End,4.60012206032251,1.179623107808473,0.2564354092868863,0.7435645907131136,-0.2591815468001728,0.6295907734000864,0.12472460412862263,0.027112368263332985,0.7,0.5310942204805904,1.040935442309458,0.6733219904984753,0.7345325549049482,0.22628490985064467,0.9200244120645021,0.09900077645370692,0.10760667746821492,1.586326251681982,2
astro,astro::wired_astro_16,wired_astro_16,expert,joint,5,Middle,4.61826889296268,1.0107829873447647,0.21894349061069512,0.7810565093893048,-0.3833593278882269,0.6916796639441134,0.11839731835848481,0.025625560842200894,0.64,0.5380085548721467,0.9832689458652129,0.6361219925855488,0.7704372248683048,0.21292744440746642,0.9236537785925361,0.07408580798051376,0.08003282015424905,1.670406317000816,5
astro,astro::wired_astro_16,wired_astro_16,expert,partner,3,Beginning,2.7843152016044685,0.9964271887449727,0.3578715470758408,0.6421284529241592,-0.33085226825212183,0.6654261341260609,0.046613715321748406,0.016741536768138585,0.3333333333333333,0.48178575301164983,0.9845567762950727,0.6034906024197921,0.7959959665132074,0.3536082321885537,0.9281050672014896,0.0870252526027745,0.09376659569932237,1.6266768280201762,1
astro,astro::wired_astro_16,wired_astro_16,expert,partner,3,End,3.4711656879524475,1.3549388042304198,0.390341149353105,0.609658850646895,-0.525036639284359,0.7625183196421794,0.0,0.0,1.0,0.49543612841356693,1.17154222900176,0.7169061848531318,0.6910421765598512,0.33750685917065026,1.1570552293174825,0.04847055460167556,0.041891305940743306,1.719576647516862,1
astro,astro::wired_astro_16,wired_astro_16,expert,partner,3,Middle,3.214394032578312,1.017361396996456,0.3166407705973405,0.6833592294026595,-0.5682249245216562,0.7841124622608281,0.1743323273735693,0.05421361762097654,0.5,0.46119266759302496,1.0384820937888195,0.6359789253879761,0.7702550257218689,0.32327407366919436,1.0714646775261039,0.07989652063011718,0.0753516425523745,1.787129480524885,2
astro,astro::wired_astro_16,wired_astro_16,expert,partner,5,Middle,5.235114466381638,1.1507471378270566,0.21841102323960004,0.7815889767604001,-0.49808468914494824,0.7490423445724741,0.16428078249274725,0.03240213137594113,0.6000000000000001,0.4943266335615424,1.065600847667476,0.6874049149490964,0.7187645082943417,0.203397777459207,1.0470228932763275,0.11408568803258298,0.10940364085311571,1.7505646200355942,2
dimension,dimension::wired_dimension_12,wired_dimension_12,child,expert,3,Beginning,3.12281835757119,1.2244841121908407,0.39111148966236486,0.608888510337635,-0.4570493617332622,0.728524680866631,0.03759006873833299,0.011786183451996992,0.8095238095238094,0.5263370846962039,1.0853313927731527,0.6649417698461683,0.7396215497069224,0.34726204182919934,1.0409394525237299,0.07809790483072075,0.07421843497449818,1.7031981426943807,7
dimension,dimension::wired_dimension_12,wired_dimension_12,child,expert,3,End,3.331787225663349,1.0680220709226653,0.32108142486925095,0.6789185751307489,-0.42882134117190635,0.7144106705859531,0.18202313021538988,0.05443955318064843,0.6666666666666666,0.511451426153989,1.1254080978604608,0.6886516984819736,0.7194505540702766,0.3379016748188402,1.110595741887783,0.1087454707003037,0.0979800218169118,1.6884871596690731,7
dimension,dimension::wired_dimension_12,wired_dimension_12,child,expert,3,Middle,3.4537643793495985,1.1818833135139857,0.34359554206900916,0.6564044579309909,-0.447752665038686,0.7238763325193429,0.09498026727947084,0.027404534732245862,0.75,0.5435686139359824,1.175349000147028,0.7199753592634903,0.6887483605365876,0.34103283656806166,1.1512547931165327,0.10203555098952635,0.08790472954519557,1.7067545893099012,8
dimension,dimension::wired_dimension_12,wired_dimension_12,child,expert,5,Beginning,5.304867131197365,1.2540397016300922,0.2370239308494201,0.7629760691505799,-0.4642822612538506,0.7321411306269253,0.18340896359128442,0.034324068641227425,0.7000000000000001,0.5166355675693335,1.140193886969736,0.738657282522328,0.6691242233453676,0.2149666527568861,1.060973426239473,0.10093518398472778,0.09552402255666419,1.711778884652779,6
dimension,dimension::wired_dimension_12,wired_dimension_12,child,expert,5,End,5.5440454918428665,1.1694674911685916,0.211113424555186,0.7888865754448139,-0.4214834985143572,0.7107417492571786,0.27831739766408464,0.05019161828142679,0.6666666666666666,0.5424609958100381,1.1171092525773274,0.7207456226924194,0.6857778229861112,0.20155789795397006,1.1088090983685734,0.11045272481333594,0.09972572111156464,1.6977726112037648,6
dimension,dimension::wired_dimension_12,wired_dimension_12,child,expert,5,Middle,5.758969768806683,1.179107760860007,0.2051470538835353,0.7948529461164647,-0.45254560499873786,0.726272802499369,0.3133323344978182,0.05463175446086207,0.65,0.5443800181769441,1.1753862085581415,0.7580069704436165,0.6448823514515525,0.20431515061721855,1.1517939537613366,0.11913232937895046,0.10355607663379895,1.706203479016481,8
dimension,dimension::wired_dimension_12,wired_dimension_12,child,joint,3,Beginning,3.2692125483549717,1.2101440875419955,0.37522361975495705,0.6247763802450429,-0.4779816623564308,0.7389908311782154,0.10692642131355351,0.030974321479126956,0.7555555555555554,0.5302804736295171,1.1129380681507315,0.6838792740068236,0.7203480827116654,0.34358823701261126,1.0897375161183238,0.14853244652622039,0.14191104493688053,1.728325199949847,15
dimension,dimension::wired_dimension_12,wired_dimension_12,child,joint,3,End,3.540599832492603,1.2277357964819258,0.3511647322159177,0.6488352677840824,-0.47036354265455543,0.7351817713272777,0.12182721210076747,0.033639837504342844,0.6222222222222221,0.5092529257093145,1.1946365069804206,0.7314402447983913,0.6742048282076147,0.33899484153538745,1.180199944164201,0.09088777192496389,0.08048448456941006,1.716469577919178,15
dimension,dimension::wired_dimension_12,wired_dimension_12,child,joint,3,Middle,3.3933524773517654,1.2137272161467942,0.3605197776728004,0.6394802223271996,-0.45818562991304085,0.7290928149565205,0.13163298408423277,0.03772458639264857,0.6666666666666666,0.5123584737298015,1.1610575696893275,0.7133616467854516,0.692734895306697,0.34337318953470314,1.1311174924505882,0.15820854444692817,0.14463622610002042,1.7130864077609689,17
dimension,dimension::wired_dimension_12,wired_dimension_12,child,joint,5,Beginning,5.438267840015397,1.2210256764234462,0.22741487137582483,0.772585128624175,-0.46811806778369563,0.7340590338918478,0.21240099687232833,0.03877692622398725,0.6857142857142857,0.5396322549375029,1.13264513304124,0.7332379092999898,0.6697080238683213,0.21000397276743477,1.0876535680030794,0.17323224751738922,0.16450571171429157,1.720200295719921,14
dimension,dimension::wired_dimension_12,wired_dimension_12,child,joint,5,End,5.907521755009996,1.1841901864003648,0.20145553510983327,0.7985444648901667,-0.47407475051666903,0.7370373752583346,0.27617392354659065,0.04671758088429706,0.5285714285714286,0.5191897834844962,1.1980366675199863,0.7731811234927838,0.6263179220061522,0.2036871937864882,1.1815043510019991,0.11458661896486423,0.100451409560114,1.7180463919769071,14
dimension,dimension::wired_dimension_12,wired_dimension_12,child,joint,5,Middle,5.63967398123317,1.2406672306979127,0.2208582859307136,0.7791417140692863,-0.4590306914516003,0.7295153457258001,0.25780902322727384,0.045055701895465504,0.611764705882353,0.5193623050687758,1.182288843025517,0.7663462673607833,0.6359372458211928,0.21016761357983188,1.1279347962466342,0.19317389856009298,0.17361078328503976,1.7198901373700481,17
dimension,dimension::wired_dimension_12,wired_dimension_12,child,partner,3,Beginning,3.5118278848143034,1.275189712044591,0.3645160995692858,0.6354839004307141,-0.4439134187052483,0.7219567093526241,0.05718326217818516,0.01686891876307085,0.8095238095238094,0.5313732113204835,1.2085276955334958,0.7402162611331432,0.6657408828123624,0.34443733346311106,1.1706092949381013,0.07002132774062751,0.05908257973730218,1.69863094253359,7
dimension,dimension::wired_dimension_12,wired_dimension_12,child,partner,3,End,3.8613996510362485,0.8996619071635025,0.23647125433423863,0.7635287456657613,-0.5168381930703426,0.7584190965351713,0.5244159541986538,0.1330664731546727,0.5238095238095238,0.4543031758758471,1.2112970668987586,0.7570870004000898,0.6442706322649757,0.31440068117927655,1.287133217012083,0.09626376328983118,0.07632520867361904,1.742186118236399,7
dimension,dimension::wired_dimension_12,wired_dimension_12,child,partner,3,Middle,3.647016308584245,1.249422631496097,0.3435867869423353,0.6564132130576648,-0.4305875832763108,0.7152937916381554,0.12326976308961854,0.03474147899034443,0.625,0.512783378612543,1.2481988542229534,0.7661201873144569,0.6352761290650689,0.34308373224065397,1.215672102861415,0.13782468397695755,0.11674896569424792,1.6977127325094001,8
dimension,dimension::wired_dimension_12,wired_dimension_12,child,partner,5,Beginning,5.809948078871123,1.2526709002522292,0.21526781331910874,0.7847321866808913,-0.45232228333382213,0.726161141666911,0.2018465932051076,0.03547416400295569,0.7000000000000001,0.5407368868672379,1.211936937398729,0.782943141434267,0.6148302013158099,0.208657698291843,1.1619896157742247,0.08899737517363819,0.07620999151179238,1.702676539599637,6
dimension,dimension::wired_dimension_12,wired_dimension_12,child,partner,5,End,6.394858994866316,1.2501927359160805,0.19508903770783304,0.804910962292167,-0.5140284756116192,0.7570142378058096,0.7064510213664512,0.11006559967541496,0.5,0.5142945563063512,1.1907272014357158,0.7932401894364967,0.6047338994212893,0.18633735197172893,1.2789717989732632,0.11214327963223016,0.08874597600171076,1.7433084979841296,6
dimension,dimension::wired_dimension_12,wired_dimension_12,child,partner,5,Middle,6.057415555101824,1.0190240772962662,0.16963867542864544,0.8303613245713546,-0.4255327944763121,0.712766397238156,0.6038761078161532,0.09870484660000611,0.525,0.5028301579807507,1.218605588221489,0.794760645100765,0.598894820980732,0.20152504253516262,1.2114831110203648,0.17247148872549095,0.1423364425858594,1.698987500745192,8
dimension,dimension::wired_dimension_13,wired_dimension_13,teenager,expert,3,Beginning,2.8654312263425923,1.0489391802117667,0.36594304417919976,0.6340569558208002,-0.4727128386390318,0.7363564193195159,0.13546884867094197,0.047764392844392496,0.6666666666666666,0.5234753125049836,0.9778175861140389,0.5994000426261978,0.7933454870622988,0.34033812398384433,0.9551437421141974,0.07142381551264161,0.07246950054474317,1.7088649458910563,6
dimension,dimension::wired_dimension_13,wired_dimension_13,teenager,expert,3,End,3.638380183930014,1.2059398679179403,0.3312576348321762,0.6687423651678237,-0.45129986008518613,0.7256499300425931,0.12959862935108474,0.03571926766924399,0.6,0.5093931408908697,1.2324001825963724,0.7548834889916546,0.6522500611017727,0.33868730392056257,1.212793394643338,0.10367831763661477,0.08542518468819418,1.7060013517977346,5
dimension,dimension::wired_dimension_13,wired_dimension_13,teenager,expert,3,Middle,3.299567645578335,1.0886193127771524,0.3315764905811137,0.6684235094188863,-0.4658159316150634,0.7329079658075317,0.21509235248774752,0.06623403136097479,0.6666666666666666,0.46838946825169003,1.1070760880857724,0.6785833380159835,0.724305649143849,0.3366797919052691,1.099855881859445,0.14765886790940777,0.13656620374986136,1.7287053393792697,7
dimension,dimension::wired_dimension_13,wired_dimension_13,teenager,expert,5,Beginning,4.764813544048468,1.1157044886013998,0.234985052896177,0.765014947103823,-0.4997494783811847,0.7498747391905922,0.26925831217370066,0.055913981974341206,0.64,0.53928461782516,0.9938282385495627,0.641282535407953,0.7591033645559515,0.20858766041682433,0.9529627088096936,0.10772007886080855,0.1123034974892084,1.7154198638751175,5
dimension,dimension::wired_dimension_13,wired_dimension_13,teenager,expert,5,End,6.146894842516865,1.3227867087135161,0.21539292524070486,0.7846070747592951,-0.47522296733214564,0.7376114836660728,0.14211681803768433,0.02304619593319986,0.6,0.5258147082086793,1.2448522609853674,0.8043405156553712,0.5909624792137737,0.20259118361511957,1.2293789685033731,0.10653043437226098,0.08685102121054603,1.7107115281277208,4
dimension,dimension::wired_dimension_13,wired_dimension_13,teenager,expert,5,Middle,5.439930816948864,1.1664437152118055,0.21501173585013356,0.7849882641498664,-0.4467859906520846,0.7233929953260423,0.32432859536776,0.059510176469880834,0.6571428571428571,0.48811130587726737,1.12201429362383,0.7251321539439177,0.6781416401380559,0.2066555226735735,1.0879861633897727,0.17798789932669803,0.16246130251939342,1.717415181003222,7
dimension,dimension::wired_dimension_13,wired_dimension_13,teenager,joint,3,Beginning,3.4939115115729438,1.189576183981552,0.3419774226010345,0.6580225773989655,-0.5825848113919162,0.7912924056959582,0.2567015845544336,0.07239350989277946,0.6666666666666666,0.5174733514503608,1.1175119601956731,0.6924813012235751,0.713775939853109,0.3204159546243972,1.1646371705243146,0.09562548666729456,0.08271128339539212,1.7805440867597642,13
dimension,dimension::wired_dimension_13,wired_dimension_13,teenager,joint,3,End,3.5232587540453646,1.1929134941069797,0.3410901515209736,0.6589098484790264,-0.4844784192687629,0.7422392096343814,0.17928375831532184,0.0494889088852278,0.717948717948718,0.51348210129703,1.1753400821922884,0.7203884095892354,0.6819329984668158,0.33512960442298706,1.1744195846817882,0.13191453390109315,0.1197291953762841,1.7284843688662788,13
dimension,dimension::wired_dimension_13,wired_dimension_13,teenager,joint,3,Middle,3.837806049746008,1.2880278997405452,0.33590358663170505,0.664096413368295,-0.6159750979542602,0.8079875489771301,0.26985624188695573,0.06856539139983424,0.6923076923076923,0.5220682938457905,1.205589123185155,0.7483446176363494,0.655985337347341,0.31494945127116003,1.2792686832486693,0.07368503034959706,0.05923117122087059,1.7946306244669863,13
dimension,dimension::wired_dimension_13,wired_dimension_13,teenager,joint,5,Beginning,5.821620837016254,1.2307424779521712,0.21156753669465736,0.7884324633053427,-0.5856708293924348,0.7928354146962174,0.4086271064190306,0.06987959239654142,0.6,0.5434202434051884,1.126934495235172,0.7360774087066805,0.6673042526919621,0.19353668419268547,1.1643241674032507,0.10878184756468713,0.09352404168750661,1.7808682403394263,12
dimension,dimension::wired_dimension_13,wired_dimension_13,teenager,joint,5,End,5.818802825867132,1.1622613976702831,0.2010524496453215,0.7989475503546785,-0.4807824120304247,0.7403912060152124,0.5341806961630982,0.09045550126714881,0.6166666666666667,0.5183119591600392,1.142079508652486,0.744231410334579,0.6542472302908698,0.19663788530991233,1.1637605651734264,0.17453633455136744,0.15339978738776125,1.7297228455428302,12
dimension,dimension::wired_dimension_13,wired_dimension_13,teenager,joint,5,Middle,6.39850175789131,1.295458523796614,0.20274575996651778,0.7972542400334822,-0.6099954994791654,0.8049977497395827,0.4797999067579353,0.07368846086466105,0.5692307692307692,0.5373588731441807,1.2112368829168232,0.7910362502426203,0.6064119457302155,0.1896547735198298,1.2797003515782621,0.09295284622073649,0.07340546402794249,1.7937595847859582,13
dimension,dimension::wired_dimension_13,wired_dimension_13,teenager,partner,3,Beginning,2.9791563617064023,1.3207209496451662,0.4683371572723979,0.5316628427276021,-0.42845899231467854,0.7142294961573392,0.03941813766599531,0.009947680706762465,0.8666666666666666,0.606909008138292,1.1420081913868074,0.7250971053280295,0.6681602067665017,0.39294746117410945,0.9930521205688008,0.3830435747968709,0.459297974869301,1.7719837446396718,5
dimension,dimension::wired_dimension_13,wired_dimension_13,teenager,partner,3,End,3.1329326546519365,0.8846732567789456,0.2743919385723255,0.7256080614276744,-0.761483919357593,0.8807419596787965,0.4360010830437062,0.15139859535506434,0.6666666666666666,0.5672876269931759,0.9108566694277568,0.5849440422720119,0.7951901040105623,0.29133606557189995,1.044310884883979,0.19494732597617934,0.20277064956448954,1.9306144180965708,6
dimension,dimension::wired_dimension_13,wired_dimension_13,teenager,partner,3,Middle,3.287281552439392,1.2060381883775928,0.39953775849316214,0.6004622415068379,-0.43677266726417924,0.7183863336320897,0.12922413845363395,0.03503215844232748,0.7142857142857143,0.6001222930321525,1.158791311000783,0.7207542780909236,0.6748217176430238,0.36371554620214097,1.0957605174797973,0.21514935467910723,0.2691611567135509,1.7063190359257945,7
dimension,dimension::wired_dimension_13,wired_dimension_13,teenager,partner,5,Beginning,4.975612869730296,1.1855801050570376,0.23842324510654725,0.7615767548934527,-0.43464777333998145,0.7173238866699907,0.18923956239626266,0.0378984350541339,0.7,0.563575662472842,1.1787241545452587,0.7814302439616971,0.6106575486674972,0.23693272378094204,0.9951225739460592,0.5132883290938526,0.5157942303629832,1.7167326770184312,4
dimension,dimension::wired_dimension_13,wired_dimension_13,teenager,partner,5,End,5.1047425016871575,0.8364041389375722,0.1609728970097362,0.8390271029902638,-0.7616234291259341,0.8808117145629669,0.6879655798066439,0.13798824296738593,0.6,0.6179987724851946,0.9153418610941066,0.621529734731239,0.7693207521584438,0.17971542484193237,1.0209485003374315,0.2917606071588489,0.29874798316191414,1.9289360150456871,5
dimension,dimension::wired_dimension_13,wired_dimension_13,teenager,partner,5,Middle,5.564689673410821,1.2495451043095438,0.22742184083049002,0.7725781591695099,-0.47487429212709775,0.7374371460635488,0.398031427632564,0.0773998038197514,0.6285714285714287,0.6128353038973113,1.1633915992738444,0.7627096164863297,0.6271138123711391,0.21077055108946768,1.1129379346821644,0.27950054836151594,0.28333767995153225,1.735446507312488,7
dimension,dimension::wired_dimension_14,wired_dimension_14,undergraduate,expert,3,Beginning,3.256052699085657,1.1253148631566312,0.34820348936197765,0.6517965106380224,-0.5302813364436186,0.7651406682218093,0.1779275317093845,0.05152633017417111,0.6666666666666666,0.489052916868592,1.0745224098931012,0.6579249799369863,0.7437743944906915,0.3306890566669484,1.0853508996952188,0.12246486219115821,0.11149147962280674,1.7443215141933768,6
dimension,dimension::wired_dimension_14,wired_dimension_14,undergraduate,expert,3,End,3.412971213447302,1.1872559603381854,0.34860190670461155,0.6513980932953884,-0.523879526655156,0.761939763327578,0.1394167866282304,0.04010603385412947,0.7222222222222222,0.5108266024082017,1.1310014465622331,0.6933684675964066,0.7130214096134987,0.33223285181231454,1.1376570711491008,0.11604701971484059,0.10431108484741795,1.7444399227069,6
dimension,dimension::wired_dimension_14,wired_dimension_14,undergraduate,expert,3,Middle,3.0133505943140455,1.0008802916781885,0.3360018419505729,0.6639981580494271,-0.5077660978408504,0.7538830489204252,0.16481673879164813,0.05122101097552501,0.6666666666666666,0.4915701619730623,0.9978134506634986,0.6109001069148473,0.7803508923847701,0.3325936224806292,1.0044501981046818,0.12562685114365893,0.12297493945763571,1.7385483396842596,8
dimension,dimension::wired_dimension_14,wired_dimension_14,undergraduate,expert,5,Beginning,5.440501237736885,1.1232177703375732,0.20742725895177055,0.7925727410482295,-0.5496643827567452,0.7748321913783727,0.36205633066542636,0.0652041980663161,0.6,0.541317221689715,1.0758397092004972,0.6931254226968455,0.7072188111227967,0.1981546095719135,1.0881002475473769,0.1508736099699866,0.13787443147205586,1.7704473263715717,5
dimension,dimension::wired_dimension_14,wired_dimension_14,undergraduate,expert,5,End,5.751197763311137,1.169989330325953,0.20398356278611707,0.7960164372138829,-0.5452958227195819,0.7726479113597909,0.2691454356062759,0.04597616144066179,0.5599999999999999,0.5400786933995713,1.1433120378139665,0.7380269716511336,0.6671103312513686,0.1989674809103362,1.1502395526622275,0.1300027045302818,0.11414164708036349,1.7590722161823755,5
dimension,dimension::wired_dimension_14,wired_dimension_14,undergraduate,expert,5,Middle,5.06826113896243,1.0663759140946394,0.2131374405945133,0.7868625594054867,-0.5108111242351777,0.7554055621175888,0.3094157481341007,0.059753438211241336,0.55,0.509510742774544,1.0136103386751374,0.652334320575211,0.7454395356387746,0.20064515091947902,1.013652227792486,0.1741039456401139,0.17308809069670258,1.7394004405642245,8
dimension,dimension::wired_dimension_14,wired_dimension_14,undergraduate,joint,3,Beginning,3.604137761246695,1.214991585852075,0.33901426407820373,0.6609857359217963,-0.5391763335246346,0.7695881667623173,0.16496242741350167,0.04430204964499052,0.5952380952380951,0.4899203235450066,1.17937326041235,0.7230631750517624,0.6850814955181038,0.3285858844352884,1.2013792537488983,0.07083310013393106,0.060591956262077175,1.7540661131672675,14
dimension,dimension::wired_dimension_14,wired_dimension_14,undergraduate,joint,3,End,3.5950163637316774,1.2704600732195446,0.3549121524065323,0.6450878475934677,-0.5118307928552046,0.7559153964276023,0.20175225616974252,0.053709595335245094,0.738095238095238,0.5391856650577981,1.184807917537572,0.7335109140721079,0.6727782318071672,0.33091669292780146,1.1983387879105591,0.09324002537854423,0.0789446816328644,1.7376606813526685,14
dimension,dimension::wired_dimension_14,wired_dimension_14,undergraduate,joint,3,Middle,3.6577439885484595,1.25631297639314,0.3437057052823643,0.6562942947176357,-0.6267640462658266,0.8133820231329133,0.28207967738041984,0.0764961830227022,0.6666666666666666,0.5313763656198082,1.1509829885298906,0.7152573088066297,0.6930618248639341,0.31507588073960485,1.2192479961828198,0.06666731198485724,0.05576875791249258,1.8014808687267967,14
dimension,dimension::wired_dimension_14,wired_dimension_14,undergraduate,joint,5,Beginning,6.081092234805306,1.2634684050555944,0.20868576324021598,0.791314236759784,-0.5467513476572442,0.7733756738286222,0.4467274126755478,0.07243959406264357,0.5384615384615384,0.5210716672795429,1.166994796631825,0.7597247578933639,0.6450660512364611,0.1924174664144608,1.2162184469610613,0.09465154585298673,0.07988204139591856,1.7613836261406368,13
dimension,dimension::wired_dimension_14,wired_dimension_14,undergraduate,joint,5,End,6.0443533899343915,1.2399762830428283,0.20550249754968444,0.7944975024503156,-0.5257540227772727,0.7628770113886364,0.34774784551873084,0.056813905385708144,0.6,0.544585056835789,1.190145467130203,0.7789856516260514,0.6230047611605273,0.19707226236406222,1.2088706779868783,0.1141730867317343,0.09498099485434942,1.747083508490091,13
dimension,dimension::wired_dimension_14,wired_dimension_14,undergraduate,joint,5,Middle,6.092887415784804,1.2330924766972637,0.20243120645295767,0.7975687935470424,-0.6309688209434192,0.8154844104717096,0.5841119912351902,0.09481420610919902,0.5714285714285714,0.5456290316629024,1.1409896319416672,0.7482979990561843,0.6589135860098667,0.18743574822548556,1.218577483156961,0.07483288934427615,0.06231627288503639,1.8051982527384676,14
dimension,dimension::wired_dimension_14,wired_dimension_14,undergraduate,partner,3,Beginning,3.514352944078246,1.2087517983761935,0.3448492119227548,0.6551507880772452,-0.6139765010701079,0.806988250535054,0.29878414100242084,0.08111771829304873,0.6666666666666666,0.5784636430081352,1.0930921636234106,0.6859215117749607,0.7205944666997666,0.31229802387610683,1.1714509813594154,0.06868574418735011,0.060796561240361285,1.7902274208896463,6
dimension,dimension::wired_dimension_14,wired_dimension_14,undergraduate,partner,3,End,3.1850090518503094,1.0943274026124978,0.3585750218922503,0.6414249781077497,-0.5471618773367684,0.7735809386683842,0.25758100526607025,0.07575554066729877,0.5555555555555555,0.5484798662020453,1.1241751248032104,0.7133700308199721,0.6836106791151098,0.3595503754735418,1.0616696839501032,0.3880532550659052,0.4124433396613853,1.8168745611081614,6
dimension,dimension::wired_dimension_14,wired_dimension_14,undergraduate,partner,3,Middle,3.044284073768154,1.0498922143377512,0.37343295462823367,0.6265670453717663,-0.5723282248644519,0.786164112432226,0.32503918821676425,0.09639980876275465,0.7619047619047619,0.5592083851997343,1.0398789529227055,0.6583765287361025,0.7326782655127672,0.3539915339147229,1.014761357922718,0.2832168717774262,0.351849976245774,1.8231829976945775,7
dimension,dimension::wired_dimension_14,wired_dimension_14,undergraduate,partner,5,Beginning,5.8077474213850895,1.1693879571174803,0.2008823364021394,0.7991176635978606,-0.6269769644180785,0.8134884822090394,0.48035414405589305,0.08423918602165345,0.6,0.5551753352319018,1.0862787312613187,0.7164122703621738,0.6877983214826675,0.18708734314530223,1.161549484277018,0.09750803937158203,0.08485263209309407,1.8044468486033967,5
dimension,dimension::wired_dimension_14,wired_dimension_14,undergraduate,partner,5,End,5.636362049222273,0.9923584263002393,0.18334238052809562,0.8166576194719044,-0.5412127459146897,0.7706063729573448,0.7307945265039171,0.12474285424518188,0.52,0.5240074131741935,1.1412454168993351,0.754465330920955,0.634834024090401,0.2040900694318822,1.1272724098444544,0.3673755766777158,0.3463778435268341,1.7842938990656605,5
dimension,dimension::wired_dimension_14,wired_dimension_14,undergraduate,partner,5,Middle,5.009559537008135,1.135149954981905,0.22966340043412878,0.7703365995658712,-0.5588706386858796,0.7794353193429399,0.34864246527731574,0.06800470598046159,0.6571428571428571,0.5694402588683766,1.0702607906073163,0.7074358522683963,0.6886654130197051,0.2153134738326403,1.001911907401627,0.3840252962849283,0.40227409903675815,1.816495529180342,7
dimension,dimension::wired_dimension_15,wired_dimension_15,graduate,expert,3,Beginning,3.6900941291039926,1.1974301947277834,0.32723669364990304,0.672763306350097,-0.4946511169417997,0.7473255584708999,0.22470341434039348,0.05863703352157237,0.5333333333333333,0.47894152169851434,1.2265878981783453,0.7545676101643004,0.6523109053350945,0.3336757150871313,1.2300313763679975,0.12752660601253057,0.10787693577924781,1.7244590384244975,5
dimension,dimension::wired_dimension_15,wired_dimension_15,graduate,expert,3,End,2.89586776154651,1.1721829379975148,0.4052616138488916,0.5947383861511084,-0.40488950010851343,0.7024447500542568,0.022458546202846902,0.00793007619476823,0.6666666666666666,0.5418927135153089,1.028141018959276,0.6295892835824686,0.7705789400002381,0.35492018362142774,0.9652892538488366,0.09088198141589686,0.09395110023889394,1.6599970633067125,4
dimension,dimension::wired_dimension_15,wired_dimension_15,graduate,expert,3,Middle,3.3397889961798057,1.0845196983307992,0.3277477199524117,0.6722522800475884,-0.4947971325042723,0.7473985662521362,0.23569336837478452,0.06854230462552947,0.7222222222222222,0.5157166454880581,1.1080302089127325,0.6780500036997702,0.7250628966488067,0.3323357710778777,1.1132629987266018,0.14854036462498105,0.13273458181312492,1.742635819316341,6
dimension,dimension::wired_dimension_15,wired_dimension_15,graduate,expert,5,Beginning,6.156263928576789,1.2222515491553048,0.19889906290179438,0.8011009370982056,-0.5064056560013579,0.753202828000679,0.46130702811080915,0.0746183503000605,0.5,0.5101209098783075,1.2129446547149838,0.7874146513361733,0.6124198355843987,0.19715876832873672,1.2312527857153577,0.14221550163011965,0.11677000585929481,1.7499992332726912,4
dimension,dimension::wired_dimension_15,wired_dimension_15,graduate,expert,5,End,4.990891510849861,1.1528120906702901,0.23168919917648814,0.7683108008235119,-0.4244734416571209,0.7122367208285606,0.12120149588491709,0.0234891656290812,0.6,0.5439887516221121,1.0783020652412212,0.6958894901313907,0.709872331257502,0.21635350963388267,0.9981783021699723,0.15439384970655542,0.1525677248059973,1.6654638344899666,3
dimension,dimension::wired_dimension_15,wired_dimension_15,graduate,expert,5,Middle,5.523039450746051,1.0422736991316768,0.188398256427027,0.811601743572973,-0.49163206821507877,0.7458160341075394,0.3627431766785503,0.06642289273493102,0.5666666666666667,0.5400542868045269,1.1102072731715005,0.7151245355315781,0.6863351039185238,0.20107911196911232,1.1046078901492102,0.17903126169138883,0.1628828981209178,1.7383093735594324,6
dimension,dimension::wired_dimension_15,wired_dimension_15,graduate,joint,3,Beginning,3.7464364288055716,1.2328739497576091,0.3306233098996223,0.6693766901003777,-0.5045748313541861,0.7522874156770931,0.18441516380411604,0.04851501874025625,0.606060606060606,0.4874044282623155,1.239268246441628,0.7596105729363415,0.6449668911846489,0.3316108852087035,1.2488121429351904,0.09215171092852822,0.0756671873527689,1.7372169788787941,11
dimension,dimension::wired_dimension_15,wired_dimension_15,graduate,joint,3,End,3.301474386583337,1.1750664696856608,0.3587197519360379,0.6412802480639621,-0.48967511803039426,0.7448375590151971,0.17310548324862268,0.04823735637218842,0.7878787878787878,0.5278986923622964,1.1100239148100484,0.6812012413534319,0.7218871768446126,0.33823310763643266,1.1004914621944457,0.14742435313151897,0.13932520590849903,1.7292847187177947,11
dimension,dimension::wired_dimension_15,wired_dimension_15,graduate,joint,3,Middle,3.5682547285625748,1.2331755793603492,0.34958493568459476,0.6504150643154053,-0.49847036962275565,0.7492351848113779,0.08287062104899146,0.02178393088219079,0.7878787878787878,0.5205110148387223,1.1962683099734894,0.7324293671532712,0.6718780109020928,0.33629392146170145,1.1894182428541915,0.09113943778642929,0.083110183294072,1.7326486824859406,11
dimension,dimension::wired_dimension_15,wired_dimension_15,graduate,joint,5,Beginning,6.284081766621919,1.251210369616238,0.19954188537123824,0.8004581146287617,-0.5102375246055555,0.7551187623027777,0.29107874164819214,0.04597990588370519,0.6,0.5167456046715343,1.2414641593451652,0.8026395401689881,0.5915977481999979,0.19769823779755852,1.2568163533243841,0.10975817964340302,0.08837979950023625,1.7401293333035537,10
dimension,dimension::wired_dimension_15,wired_dimension_15,graduate,joint,5,End,5.530596600465399,1.222341677867791,0.22228261122078932,0.7777173887792107,-0.4921698138686058,0.7460849069343028,0.3084805172966883,0.05387130369325668,0.6799999999999999,0.5399980851360555,1.139657523280523,0.7370574636110587,0.6640632252175095,0.2067812159516505,1.10611932009308,0.18247983463978606,0.17024682384789885,1.7373503192260813,10
dimension,dimension::wired_dimension_15,wired_dimension_15,graduate,joint,5,Middle,5.927608302407501,1.223487240132525,0.20788154819282126,0.7921184518071788,-0.5000122730204398,0.7500061365102199,0.2890899190825278,0.04825314754978789,0.6727272727272727,0.5238323475439117,1.1891884703123872,0.7691309243903778,0.6316578878416282,0.20096835347436984,1.1855216604815002,0.13408106479189158,0.11643434865566137,1.7379694806464803,11
dimension,dimension::wired_dimension_15,wired_dimension_15,graduate,partner,3,Beginning,3.6419671001100307,1.2498254414321,0.3441177856082087,0.6558822143917913,-0.4459679136869926,0.7229839568434963,0.10253287586679949,0.027981289917962157,0.6666666666666666,0.537059067281839,1.237758577568233,0.7579679836993292,0.6486732043229296,0.3402051127993907,1.21398903337001,0.10073929434553015,0.08214998949779395,1.694393661728026,4
dimension,dimension::wired_dimension_15,wired_dimension_15,graduate,partner,3,End,3.6742359476921598,1.1543839705848176,0.31520030731189624,0.6847996926881038,-0.4362360489615459,0.718118024480773,0.2340075346051334,0.06272557432473864,0.7333333333333333,0.5037618590568582,1.239943253635213,0.761432832204844,0.6426410059768116,0.33777044285030733,1.2247453158973864,0.1529745745048282,0.12525206366595726,1.7068367525823178,5
dimension,dimension::wired_dimension_15,wired_dimension_15,graduate,partner,3,Middle,3.7131594368745247,1.060409071638281,0.28286086509172625,0.7171391349082737,-0.5627587421990948,0.7813793710995474,0.32501051736454284,0.09060592676484393,0.6666666666666666,0.4981660957064131,1.1829708367317042,0.7317578260343831,0.6722649417460403,0.3179942092762825,1.2377198122915083,0.07023793346299918,0.05666367256316287,1.7755503417349707,6
dimension,dimension::wired_dimension_15,wired_dimension_15,graduate,partner,5,Beginning,6.147401716583456,1.2741370282304982,0.2072689851156624,0.7927310148843376,-0.44798767921665567,0.7239938396083279,0.17405171557596444,0.028299320188683096,0.6,0.5217947973654754,1.270004107270875,0.8199665788298743,0.5689776186338705,0.20659348249002527,1.2294803433166912,0.11608484695341603,0.09440816124916222,1.6862147486942478,3
dimension,dimension::wired_dimension_15,wired_dimension_15,graduate,partner,5,End,6.090000194347842,1.3501403731968968,0.2216624239150659,0.778337576084934,-0.4412851789452821,0.720642589472641,0.29250941825641674,0.04786812016037308,0.8,0.5309036943702973,1.2143275316082893,0.7933934259982844,0.6038062295093415,0.1993950031868566,1.2180000388695684,0.1512451052882731,0.12410579623947131,1.7086831335288573,4
dimension,dimension::wired_dimension_15,wired_dimension_15,graduate,partner,5,Middle,6.167255273343604,1.1722733179740776,0.18963181912455687,0.8103681808754432,-0.5538562833678703,0.7769281416839352,0.5239087638395276,0.08664655198467384,0.6,0.5294356850262367,1.1934243717190585,0.7779436974213768,0.6200460329539356,0.19335614733606646,1.2334510546687207,0.08737276816885793,0.07086374694133946,1.7650775496412117,6
dimension,dimension::wired_dimension_16,wired_dimension_16,expert,expert,3,Beginning,3.3596052428574623,1.1567286889499815,0.3462705397480396,0.6537294602519604,-0.4941012507947664,0.7470506253973832,0.130966741387144,0.03810596583439108,0.619047619047619,0.4849249199767914,1.125598723541122,0.6889186790554981,0.7140450082062288,0.335334916437288,1.1198684142858208,0.09058614551129596,0.08426859240362475,1.7176568779813695,7
dimension,dimension::wired_dimension_16,wired_dimension_16,expert,expert,3,End,3.5793672135547814,1.2303312495017893,0.34624059991060846,0.6537594000893916,-0.45774391678321064,0.7288719583916053,0.10877460774297977,0.028845970804452357,0.7142857142857143,0.4793387514085327,1.2173791913492995,0.7463014674182981,0.6606372507420885,0.34093115456979683,1.1931224045182602,0.10914760598405972,0.09369322348615175,1.706383721556867,7
dimension,dimension::wired_dimension_16,wired_dimension_16,expert,expert,3,Middle,3.501034132153976,1.2556171279079165,0.36337554214723816,0.6366244578527619,-0.4107215377738652,0.7053607688869327,0.04179172564526257,0.011625399320320168,0.625,0.5303012370687655,1.215554602296229,0.7478092637889278,0.654239264104931,0.3496953248365051,1.1670113773846587,0.1490928410367981,0.14440025162101688,1.7022209243517983,8
dimension,dimension::wired_dimension_16,wired_dimension_16,expert,expert,5,Beginning,5.737829767457529,1.2483965798626955,0.21892867514831182,0.7810713248516882,-0.5069725153732082,0.7534862576866042,0.1825452425796814,0.03206506649702386,0.5333333333333333,0.4968869325029229,1.1609730506985791,0.748204466988915,0.6530035565731824,0.20274181101829902,1.1475659534915057,0.11343521064604167,0.10218298936387056,1.7284348977101758,6
dimension,dimension::wired_dimension_16,wired_dimension_16,expert,expert,5,End,5.859775240690049,1.2385677226665808,0.2114513291911271,0.7885486708088729,-0.44694826718277164,0.7234741335913858,0.17514022114190886,0.0293992315381895,0.6666666666666666,0.50156760580885,1.215466708560263,0.7854566389473918,0.6141574903171844,0.20763858734468896,1.1719550481380099,0.1313760775732141,0.11283021709321332,1.7009780180550838,6
dimension,dimension::wired_dimension_16,wired_dimension_16,expert,expert,5,Middle,5.825504938509576,1.2563546652238646,0.2184528719791224,0.7815471280208776,-0.40595719387770574,0.7029785969388529,0.18222866070668636,0.030876404483159488,0.6,0.5243158658537718,1.2305840460841355,0.798628800568831,0.5941991917500455,0.21227764823243275,1.1651009877019152,0.19069752080093327,0.1736045378420288,1.6971973363768815,8
dimension,dimension::wired_dimension_16,wired_dimension_16,expert,joint,3,Beginning,3.6381241738938046,1.2643056187979123,0.3483430493288409,0.6516569506711591,-0.523963227635786,0.761981613817893,0.15668307504473827,0.042419636472375594,0.6444444444444444,0.49732279337632335,1.208606474867677,0.7411506396670862,0.6661942535704476,0.33269531148021103,1.2127080579646015,0.10191908248499991,0.08560261437526813,1.7489651358875353,15
dimension,dimension::wired_dimension_16,wired_dimension_16,expert,joint,3,End,3.473348235655292,1.243172890641816,0.3590096088491258,0.6409903911508742,-0.4171392916636476,0.7085696458318238,0.11352917499462385,0.03211790110500646,0.6666666666666666,0.515683747715818,1.2057249478289294,0.740499284959103,0.6650751801312951,0.34765245719733984,1.1577827452184306,0.15534802058735,0.13566705637680357,1.6957112932594898,15
dimension,dimension::wired_dimension_16,wired_dimension_16,expert,joint,3,Middle,3.564525661553422,1.249910011866716,0.3518756906516516,0.6481243093483484,-0.478507552853402,0.7392537764267011,0.13725070227481395,0.03690616452494119,0.6666666666666666,0.5127615775280318,1.203003018431131,0.7390422924304306,0.6675987258222835,0.33826064546511203,1.1881752205178073,0.11997771594763691,0.10182494697053304,1.7216893959823185,17
dimension,dimension::wired_dimension_16,wired_dimension_16,expert,joint,5,Beginning,6.0454930568816865,1.2387265148161908,0.20518824743841654,0.7948117525615835,-0.5249709969195143,0.7624854984597571,0.306602489147868,0.0502699354800827,0.6,0.5196725371863365,1.2127229359443437,0.7845500107833729,0.6138073552594292,0.2007230949891309,1.2090986113763371,0.12190645399098954,0.10140768466298826,1.7549949352019902,14
dimension,dimension::wired_dimension_16,wired_dimension_16,expert,joint,5,End,5.781884083023367,1.2505244194110203,0.21671852553084042,0.7832814744691596,-0.42692967560316364,0.7134648378015819,0.21773976609157883,0.037508657319535565,0.5857142857142856,0.514276621604729,1.2161539746044414,0.7875244546252266,0.6108823340381043,0.21059620660149794,1.1563768166046735,0.16697148908974815,0.14602298397086852,1.7024596394525933,14
dimension,dimension::wired_dimension_16,wired_dimension_16,expert,joint,5,Middle,5.974412714950838,1.2380240352153276,0.20762986848151635,0.7923701315184837,-0.4799966873133277,0.7399983436566638,0.2501345285031025,0.041360262189509854,0.5764705882352942,0.5221894050156838,1.2212642472086601,0.7916488568195804,0.6058471589285177,0.20470388290047314,1.1948825429901677,0.13561377036202857,0.11360326832693167,1.7217201601768226,17
dimension,dimension::wired_dimension_16,wired_dimension_16,expert,partner,3,Beginning,3.700398523855646,1.1674971382463692,0.3169237787149964,0.6830762212850036,-0.4347013869359633,0.7173506934679816,0.21478829290881277,0.057392867613474,0.5714285714285714,0.5052712663789425,1.2470603868319081,0.7658733452523762,0.6377443162601368,0.3375641837555949,1.2334661746185487,0.1449388385248327,0.12013987700956975,1.7011478636020612,7
dimension,dimension::wired_dimension_16,wired_dimension_16,expert,partner,3,End,3.816144348076009,1.2735587136177402,0.33333187100539247,0.6666681289946075,-0.5282650767878262,0.7641325383939132,0.14578584934483757,0.038855921227748634,0.6666666666666666,0.4787477270117269,1.2637842824899281,0.7744289594586731,0.6269927048688165,0.33130481089871927,1.2720481160253363,0.12438790401062626,0.10022331561033401,1.7635642523312582,7
dimension,dimension::wired_dimension_16,wired_dimension_16,expert,partner,3,Middle,3.751303162487072,1.2367810713284977,0.32937165722975364,0.6706283427702463,-0.4755402918697308,0.7377701459348653,0.1328244344221688,0.036028437783208356,0.6666666666666666,0.5168171125857131,1.2527346841886244,0.7674899128800934,0.6355642579492726,0.33397994397326924,1.2504343874956907,0.06691830342972056,0.05541952867079018,1.7114267817715743,8
dimension,dimension::wired_dimension_16,wired_dimension_16,expert,partner,5,Beginning,6.097652198521973,1.1243854768235353,0.18330396137723567,0.8166960386227643,-0.41749242045639695,0.7087462102281985,0.39100807071139715,0.06535019402833699,0.5666666666666667,0.5123676457605023,1.2289670367169565,0.7989868328167528,0.5937765080715903,0.2014944699720218,1.2195304397043945,0.1681651032273999,0.13846027786083775,1.697431095420285,6
dimension,dimension::wired_dimension_16,wired_dimension_16,expert,partner,5,End,6.365347815919573,1.2454494977701103,0.1955890598472572,0.8044109401527427,-0.517459425927263,0.7587297129636316,0.2817928102335763,0.04401922010160775,0.5666666666666667,0.505589323418198,1.2718786742631238,0.8219817178774999,0.5659050119394569,0.1998688344804974,1.2730695631839144,0.1351740334085477,0.10688771001215713,1.752652767217952,6
dimension,dimension::wired_dimension_16,wired_dimension_16,expert,partner,5,Middle,6.300472887809907,1.2513700992289118,0.19878602094709638,0.8012139790529036,-0.49154689069382207,0.745773445346911,0.2986834965970582,0.04743104867577745,0.6,0.524628304786321,1.2579670895929755,0.812630850289981,0.5773634076480161,0.1996389487847261,1.2600945775619814,0.08442813161360335,0.06779401748907311,1.724569790792071,8
fractal,fractal::wired_fractal_12,wired_fractal_12,child,expert,3,Beginning,2.890968348147067,1.2913557101317066,0.4481024875511986,0.5518975124488015,-0.24250589905002315,0.6212529495250115,0.019727835700511287,0.006764781104593423,0.75,0.5674220804165544,1.0953761674499545,0.6734633168930467,0.7304384027142383,0.3794114939390194,0.9636561160490223,0.1444361164358562,0.1465019799907233,1.5749437803858928,4
fractal,fractal::wired_fractal_12,wired_fractal_12,child,expert,3,End,3.6748456721169305,1.1195142352924459,0.3052175438647919,0.6947824561352082,-0.5353200159293303,0.7676600079646652,0.2785653880531435,0.07572558081552884,0.6666666666666666,0.505030110305213,1.1880738791177814,0.7271620432763726,0.6794436259776466,0.3236620761117718,1.2249485573723102,0.12656134774554925,0.1043515994498057,1.775325137809978,3
fractal,fractal::wired_fractal_12,wired_fractal_12,child,expert,3,Middle,3.2759997721129372,1.1588605273724593,0.3546037934871987,0.6453962065128013,-0.4260713011548353,0.7130356505774177,0.07504741191934446,0.022435967082265855,0.8666666666666666,0.5175257243464089,1.1247837785754071,0.688693938625395,0.7203725186544286,0.34363865198179605,1.0919999240376457,0.10795109892347368,0.09965679806682691,1.6794219846393958,5
fractal,fractal::wired_fractal_12,wired_fractal_12,child,expert,5,Beginning,4.920018621879976,1.1738404466929069,0.23910752937138172,0.7608924706286183,-0.22930528070364772,0.6146526403518239,0.1856314918462656,0.03751523406370023,0.6666666666666666,0.5123178004333167,1.1474995947266706,0.7454227550955649,0.6603213614044999,0.23353111234240764,0.9840037243759951,0.16270021379130817,0.16442692404306328,1.5520534926662541,3
fractal,fractal::wired_fractal_12,wired_fractal_12,child,expert,5,End,5.860291705871401,1.3164093914770105,0.2245979775879927,0.7754020224120073,-0.5001700208950183,0.7500850104475092,0.332763694248676,0.056836886128989475,0.8,0.5554964268218828,1.2009184142631733,0.7764508471677191,0.6245058812033956,0.20491239340421613,1.1720583411742802,0.14022864920436476,0.11968817852756922,1.7729463645819292,2
fractal,fractal::wired_fractal_12,wired_fractal_12,child,expert,5,Middle,5.496233129517206,1.18477386752016,0.21558546576944249,0.7844145342305575,-0.4280271746740675,0.7140135873370337,0.2674489623146686,0.04831333763912423,0.64,0.5130594850323519,1.1311655048163372,0.7312678525075685,0.6760163546560521,0.20589193547947074,1.0992466259034412,0.12476153989142713,0.11414403841882437,1.6926211240598288,5
fractal,fractal::wired_fractal_12,wired_fractal_12,child,joint,3,Beginning,3.5582605853053977,1.2521071495845442,0.3537559858311472,0.6462440141688527,-0.7083167734709318,0.854158386735466,0.37070769184068486,0.10692685279807773,0.6666666666666666,0.5768943060321171,1.0787686449960223,0.6829168192467518,0.713027562078731,0.3019902740257792,1.186086861768466,0.10192063484112263,0.09160325873044295,1.8471364750731358,9
fractal,fractal::wired_fractal_12,wired_fractal_12,child,joint,3,End,3.2348198535806474,1.25494259949424,0.3908946423808448,0.6091053576191552,-0.37075572567352555,0.6853778628367628,0.11241785858040838,0.03298522926806427,0.7777777777777778,0.5480449348195716,1.1433249175560558,0.7023775971535459,0.7024763183339039,0.35495759312086955,1.0782732845268823,0.18373001230191235,0.17412864848496884,1.6664472397296035,9
fractal,fractal::wired_fractal_12,wired_fractal_12,child,joint,3,Middle,3.821828880254258,1.3171163522589107,0.34531849948178,0.6546815005182199,-0.6361116380914451,0.8180558190457226,0.28328228516894005,0.07206058921592888,0.7037037037037037,0.5487604214363175,1.193619451597082,0.7439112697945889,0.662252713997818,0.31317979803704543,1.2739429600847527,0.057852253405828634,0.04709942604521547,1.8055742541106479,9
fractal,fractal::wired_fractal_12,wired_fractal_12,child,joint,5,Beginning,5.855856183290206,1.292739228167148,0.22251387835141015,0.7774861216485899,-0.7307261075198024,0.8653630537599012,0.6518353582285032,0.11206225692236997,0.6,0.5858783237145175,1.071838687506433,0.7185640981732586,0.6786095624502311,0.18298884927988707,1.1711712366580413,0.138613791529952,0.12216410555167578,1.8521295402849243,8
fractal,fractal::wired_fractal_12,wired_fractal_12,child,joint,5,End,5.422610528718406,1.1776495363389439,0.21720190076015253,0.7827980992398474,-0.3717236410791884,0.6858618205395942,0.27323905441522733,0.05014494927214296,0.725,0.5561765781232717,1.174312514808125,0.7625937893849557,0.6396303591640471,0.21662132753348942,1.0845221057436811,0.21239022935859553,0.19617347621302905,1.6696931307089475,8
fractal,fractal::wired_fractal_12,wired_fractal_12,child,joint,5,Middle,6.347250392137813,1.2655330259527304,0.19899996918345714,0.8010000308165428,-0.6276163358950396,0.8138081679475198,0.5400516111408833,0.08648743381284685,0.6,0.5403170116528269,1.18470555310548,0.7840804299248457,0.6171186860353312,0.18686057060609657,1.2694500784275626,0.08540401842399867,0.0687782653478155,1.8061378870939544,9
fractal,fractal::wired_fractal_12,wired_fractal_12,child,partner,3,Beginning,1.577893308362471,1.204157743821266,0.8411943059811228,0.15880569401887726,-0.4732443704822157,0.7366221852411079,0.0,0.0,1.0,0.9182691491282922,0.7218393307670051,0.5086232936072502,0.8200626641631059,0.4714851192135578,0.5259644361208237,0.5629327361486016,1.183620951898683,1.6500359445124966,3
fractal,fractal::wired_fractal_12,wired_fractal_12,child,partner,3,End,3.50341748418486,1.199721166852257,0.3429132378625899,0.6570867621374101,-0.3900928897996641,0.695046444899832,0.1278228918550362,0.03716386582581705,0.5833333333333333,0.5169220766428065,1.2194870185038038,0.7508551074470362,0.6546301117323867,0.3484552718854105,1.1678058280616201,0.20443815721801498,0.18004099963729295,1.6851101816589042,4
fractal,fractal::wired_fractal_12,wired_fractal_12,child,partner,3,Middle,2.735343456865115,0.8301633017134652,0.31046549093602016,0.6895345090639798,-0.6793453695125393,0.8396726847562697,0.538313690930843,0.2,0.8666666666666666,0.721268821117941,0.9344370636386884,0.6258778484952073,0.7371943119080318,0.34489974520857997,0.9117811522883716,0.4982043445469683,0.5859218269570095,1.9192032553538596,5
fractal,fractal::wired_fractal_12,wired_fractal_12,child,partner,5,Beginning,3.712624189870814,1.2191435814036886,0.32856202454585337,0.6714379754541466,-0.7366221852411078,0.868311092620554,0.6728921136635537,0.1805912722511266,0.9,0.8724422393773894,0.8608584930065107,0.6080202394576188,0.7417750318385643,0.23200749506887614,0.7425248379741628,0.6164189668032041,0.8301644671285198,1.5950543708907472,2
fractal,fractal::wired_fractal_12,wired_fractal_12,child,partner,5,End,5.866523259438455,1.3328910185286296,0.22728123646875983,0.7727187635312402,-0.3954364408728279,0.697718220436414,0.19069609617081507,0.032179226360041134,0.6666666666666666,0.5424065889252329,1.2494461372663843,0.8099274697604274,0.582699390071674,0.21310066724007592,1.1733046518876906,0.21369194780773815,0.18210386940208878,1.6899179850213375,3
fractal,fractal::wired_fractal_12,wired_fractal_12,child,partner,5,Middle,4.255684503879298,0.9807354823743749,0.21197345626807745,0.7880265437319225,-0.6924009319969662,0.8462004659984832,0.4072790003438511,0.1321566048011491,0.8,0.6255621353100282,0.9185586832951605,0.6421753525329763,0.7039018217740816,0.21047748870141553,0.8511369007758596,0.5584105193170894,0.7161754004111991,1.9772889358637111,5
fractal,fractal::wired_fractal_13,wired_fractal_13,teenager,expert,3,Beginning,3.0125494620734736,1.2549059644860205,0.4165594557980454,0.5834405442019546,-0.2260601659216532,0.6130300829608266,0.0,0.0,1.0,0.7164714926575495,1.119334864367745,0.6859694788305467,0.7176978049653945,0.3715573398742906,1.0041831540244912,0.22460608885638528,0.2236704409511607,1.5487965245865762,1
fractal,fractal::wired_fractal_13,wired_fractal_13,teenager,expert,3,End,2.721998940283846,0.9261479946843666,0.34024553829833204,0.659754461701668,-0.33679321436317267,0.6683966071815863,0.182837332885588,0.0671702439628878,0.6666666666666666,0.5303338905282056,0.9467322099186776,0.5833486400437697,0.8098716338742926,0.3478077070154751,0.9073329800946154,0.1788464356870301,0.19711223950922654,1.5382904926958212,1
fractal,fractal::wired_fractal_13,wired_fractal_13,teenager,expert,3,Middle,2.6041377136746995,0.9722449014671324,0.37254561839737643,0.6274543816026236,-0.3510358510736065,0.6755179255368032,0.03769578568598203,0.014579515794682762,0.6666666666666666,0.5505194639813533,0.9360082034641756,0.5751709183712084,0.8148666322264009,0.35925303684931637,0.8680459045582332,0.12988427980872566,0.15161355543401658,1.677230803898305,2
fractal,fractal::wired_fractal_13,wired_fractal_13,teenager,expert,5,Middle,4.561663428924286,1.2082524546000561,0.26468462128200654,0.7353153787179934,-0.3162312706080097,0.6581156353040049,0.13211866837498826,0.029601977425508116,0.7,0.5966303121347473,1.007828613740338,0.6506294289475147,0.7505936825759338,0.22084469877793134,0.912332685784857,0.18635572110738413,0.20313826034330845,1.6023924693318274,2
fractal,fractal::wired_fractal_13,wired_fractal_13,teenager,joint,3,Beginning,3.2360431180510045,1.2720081305714752,0.3935027078687532,0.6064972921312468,-0.4167798338302123,0.7083899169151061,0.05082472876897951,0.015714648792508067,0.8888888888888888,0.568353499638948,1.13312054538066,0.6924211834817342,0.7135313468886859,0.3502034826443312,1.0786810393503348,0.05939353478775292,0.055397555329431324,1.6833862524883998,3
fractal,fractal::wired_fractal_13,wired_fractal_13,teenager,joint,3,End,3.2346579116756957,1.1401260373948559,0.3533009355414107,0.6466990644585894,-0.4771909022610347,0.7385954511305174,0.21484325221223335,0.06545769739529567,0.7777777777777777,0.5454190314049195,1.080332853951128,0.6605038167629239,0.7409332905997541,0.3343959473723161,1.0782193038918986,0.059926982308523086,0.0555243305333448,1.7242072622520246,3
fractal,fractal::wired_fractal_13,wired_fractal_13,teenager,joint,3,Middle,2.9287259247421957,1.2198504597236703,0.4175916396659363,0.5824083603340637,-0.30622732387729634,0.6531136619386482,0.08292095922390436,0.02817205257187809,0.75,0.5581774427474813,1.068546682440935,0.6530883151089872,0.747359412990503,0.3651569883326098,0.9762419749140653,0.08709703765717369,0.09006755348302027,1.5981138346530597,4
fractal,fractal::wired_fractal_13,wired_fractal_13,teenager,joint,5,Beginning,5.169951511908115,1.2335975208096843,0.2382006313927177,0.7617993686072824,-0.3963169366422368,0.6981584683211184,0.0912140794618973,0.0177391291632205,0.6000000000000001,0.5784698812413986,1.1439819211501447,0.7376368938519309,0.6642003571906542,0.22122443188317129,1.033990302381623,0.0982605643672888,0.09540099410976849,1.6835600223299358,2
fractal,fractal::wired_fractal_13,wired_fractal_13,teenager,joint,5,End,5.318325350452606,1.1719259098076114,0.22035349649043035,0.7796465035095697,-0.44803787099903714,0.7240189354995186,0.21576340591483234,0.04051390413351562,0.7,0.5482372260364141,1.0868047659290985,0.700286331072462,0.7049928444613194,0.20436325842072534,1.0636650700905212,0.06447184632766753,0.06063744382853921,1.7191815500572254,2
fractal,fractal::wired_fractal_13,wired_fractal_13,teenager,joint,5,Middle,4.995720481645008,1.2096026974463874,0.24199315351699324,0.7580068464830068,-0.3307823298867008,0.6653911649433504,0.3218941263425644,0.0640196167631234,0.65,0.5268427070128998,1.1068943827056885,0.7144228683756186,0.6898026326108655,0.22165573830561885,0.9991440963290015,0.10497780042633326,0.10493660348873858,1.613419014987225,4
fractal,fractal::wired_fractal_13,wired_fractal_13,teenager,partner,3,End,4.014312295135737,1.3771780789990575,0.34306700070839674,0.6569329992916033,-0.6228841516877157,0.8114420758438579,0.2685329078409582,0.06689387573715867,0.6666666666666666,0.5263943697265778,1.2852110741917186,0.7888349970110181,0.6131736320329568,0.3201572223837811,1.3381040983785788,0.015000622195660973,0.01121035516880763,1.8034789898059187,1
fractal,fractal::wired_fractal_13,wired_fractal_13,teenager,partner,3,Middle,3.979040195374346,1.2462907191571198,0.31312637775332586,0.6868736222466741,-0.5490891950128569,0.7745445975064285,0.1111006056696463,0.02812136943434832,0.5,0.47248273364898263,1.293111504497409,0.7918769057380002,0.6093986548735311,0.3250243294357829,1.3263467317914486,0.044758133226402,0.03433605547112729,1.7712889937031924,2
fractal,fractal::wired_fractal_13,wired_fractal_13,teenager,partner,5,Middle,6.560571788881747,1.1235216922681917,0.1712536236814347,0.8287463763185653,-0.5768854802605761,0.788442740130288,0.5221892945718241,0.07959508886965956,0.4,0.5005134683857136,1.2539757119203165,0.8097023304486902,0.584117273743416,0.1911381739691408,1.3121143577763494,0.06621447059053961,0.050463947900664545,1.7972763992431824,1
fractal,fractal::wired_fractal_14,wired_fractal_14,undergraduate,expert,3,Beginning,3.1517041167657815,1.201719472234374,0.3812919702207184,0.6187080297792815,-0.35407301688878673,0.6770365084443933,0.0,0.0,1.0,0.6874455795234543,1.1211979861083345,0.6860766329055593,0.7200279787400944,0.3557434151714998,1.0505680389219272,0.20170415000008343,0.19199532303216493,1.636030554206095,1
fractal,fractal::wired_fractal_14,wired_fractal_14,undergraduate,expert,3,End,3.1902487905522783,1.1370769751404424,0.3564226647488511,0.6435773352511489,-0.5141362086638588,0.7570681043319294,0.23256243480408922,0.07289789921488515,0.6666666666666666,0.45040279503176817,1.069756804590619,0.654539859578278,0.7527010907821056,0.335320808759065,1.063416263517426,0.12802351814543358,0.12038890370359254,1.7633367390613046,1
fractal,fractal::wired_fractal_14,wired_fractal_14,undergraduate,expert,3,Middle,2.820150595094695,0.9866731622816775,0.34919719410889777,0.6508028058911023,-0.4341463224987276,0.7170731612493638,0.049140951460677096,0.017354383409256356,0.6666666666666666,0.5116914466974057,0.9645582999506926,0.5904747542556832,0.8041711033249944,0.3419900933668192,0.9400501983648981,0.07259396736663043,0.07678944120602425,1.6765137735628877,3
fractal,fractal::wired_fractal_14,wired_fractal_14,undergraduate,expert,5,Middle,4.934134897534048,1.133027595332549,0.23024535750462002,0.76975464249538,-0.4433891448051967,0.7216945724025984,0.24134467278193525,0.04853334427862901,0.6,0.5470881343719362,1.0317479680035904,0.6641579363798539,0.7386789309048374,0.20918692681698536,0.9868269795068096,0.13226558627436136,0.13351308616856306,1.6716956501370985,3
fractal,fractal::wired_fractal_14,wired_fractal_14,undergraduate,joint,3,Beginning,3.268383924937042,1.258953811016517,0.38520928815357736,0.6147907118464226,-0.42195624280627836,0.7109781214031392,0.03269486650704154,0.010569588623275549,0.8333333333333333,0.5852169907209261,1.14350637872084,0.6996653392752702,0.7074394412106837,0.3497104369106522,1.0894613083123474,0.04665762380639771,0.04350122028783711,1.686220019603427,4
fractal,fractal::wired_fractal_14,wired_fractal_14,undergraduate,joint,3,End,3.621626155762413,1.2613809911959302,0.353423191685646,0.6465768083143539,-0.5088322587477601,0.75441612937388,0.1449629298956167,0.03732448158622483,0.75,0.5738244890068908,1.212137733351932,0.7423580691693574,0.6589238953764948,0.33608000273738964,1.2072087185874711,0.12009912860602004,0.10481773543761722,1.7416609534022411,4
fractal,fractal::wired_fractal_14,wired_fractal_14,undergraduate,joint,3,Middle,3.853483172659948,1.3499225621462343,0.3527074287348379,0.647292571265162,-0.5955761596729373,0.7977880798364687,0.198212855820239,0.05124873951561317,0.6666666666666666,0.46415671703604566,1.2458021924722744,0.764266278147147,0.6341167508070626,0.32415360619849587,1.2844943908866493,0.12005908365144528,0.09813237152550831,1.7806180078342322,5
fractal,fractal::wired_fractal_14,wired_fractal_14,undergraduate,joint,5,Beginning,5.475419103329138,1.3121215847569536,0.23960353856700448,0.7603964614329956,-0.43602296413837943,0.7180114820691896,0.08157970279994275,0.015060500406159602,0.6666666666666666,0.5502348224120046,1.1788828399253368,0.7603238392142698,0.6409022413974247,0.21529837458133314,1.0950838206658273,0.10528188270999621,0.09595380288982673,1.6749614004510265,3
fractal,fractal::wired_fractal_14,wired_fractal_14,undergraduate,joint,5,End,6.15668852679688,1.1635830959764675,0.18924608825244252,0.8107539117475575,-0.5362847028594441,0.768142351429722,0.4089873678576324,0.06649062532290545,0.6666666666666666,0.5612749773650197,1.2171992796991928,0.785539977287525,0.6087565452840294,0.1979950167070501,1.231337705359376,0.15144314931878744,0.12603989064984664,1.7779748032062404,3
fractal,fractal::wired_fractal_14,wired_fractal_14,undergraduate,joint,5,Middle,6.368891257495672,1.2439305373890412,0.19563238078935513,0.8043676192106449,-0.5854508777691285,0.7927254388845644,0.49561555193570833,0.07918616820202501,0.6,0.4988001515186829,1.2364240894460379,0.7978110215603981,0.588816752765363,0.1944612317728784,1.2737782514991345,0.14442945607947025,0.11669193730405433,1.7894749516051547,5
fractal,fractal::wired_fractal_14,wired_fractal_14,undergraduate,partner,3,Beginning,3.9561434618567626,1.3534909938944242,0.342123840286414,0.657876159713586,-0.4711432386263863,0.7355716193131931,0.0229256966264475,0.0057949608874112045,0.6666666666666666,0.500954036918545,1.332867826171121,0.8162270653966603,0.577397743846924,0.33691089289910575,1.3187144872855876,0.04201389739115893,0.03185973749150159,1.6975590607009003,1
fractal,fractal::wired_fractal_14,wired_fractal_14,undergraduate,partner,3,End,3.8234102577849693,1.36568425384149,0.3586508430629695,0.6413491569370304,-0.4255475181491264,0.7127737590745632,0.09500281367891672,0.025254380293070953,0.6666666666666666,0.5631544675024469,1.3298426509170924,0.8172956057288954,0.5706416806040462,0.34870710752879397,1.2744700859283231,0.15275113601640422,0.1265224396177958,1.7305285886671835,2
fractal,fractal::wired_fractal_14,wired_fractal_14,undergraduate,partner,3,Middle,4.0337042508054,1.3131137041291496,0.3255737191867737,0.6744262808132263,-0.4585970997815925,0.7292985498907962,0.12422883872379153,0.030742394678484046,0.6666666666666666,0.48786152167700014,1.360489729180681,0.8333362793419365,0.5519891741519326,0.3372780772999029,1.3445680836017997,0.045268072339600576,0.033698515157421144,1.7181076666881712,2
fractal,fractal::wired_fractal_14,wired_fractal_14,undergraduate,partner,5,End,6.293738429227431,1.2586836787988511,0.19998983004340667,0.8000101699565934,-0.4132904691507984,0.7066452345753992,0.26068415860717264,0.041419604824468714,0.6,0.556748773770811,1.3225455226449718,0.8562198325658011,0.5115973806352395,0.2101367156447455,1.2587476858454862,0.2205046335615722,0.17517778665345612,1.7472698308773038,1
fractal,fractal::wired_fractal_14,wired_fractal_14,undergraduate,partner,5,Middle,6.688317024905035,1.4080915844520274,0.21056147280238033,0.7894385271976196,-0.4635913930562688,0.7317956965281344,0.22624607970208988,0.03378134017594192,0.6,0.5050882798928414,1.359760581922528,0.8781480291300068,0.4774165618512801,0.20331762573223408,1.337663404981007,0.05038020607664398,0.03763429321084623,1.7143908757565351,2
fractal,fractal::wired_fractal_15,wired_fractal_15,graduate,expert,3,Beginning,3.1232071284113503,1.3202511768919634,0.423458499132539,0.5765415008674609,-0.3434784100004859,0.671739205000243,0.0,0.0,1.0,0.5463193804972244,1.1405723838714679,0.7008901915361943,0.7042890949652012,0.36568136850711647,1.0410690428037832,0.18550905967463446,0.1770897036458909,1.6168381217804821,3
fractal,fractal::wired_fractal_15,wired_fractal_15,graduate,expert,3,End,3.239978363552121,1.273876698276319,0.39479675520047164,0.6052032447995284,-0.4555793192352367,0.7277896596176183,0.17054370955039957,0.05412621500123039,0.6666666666666666,0.4339824629376278,1.1358691289198786,0.6950515822141701,0.7092035969110487,0.35084745677401513,1.079992787850707,0.15024617837384727,0.14329462829179454,1.6964950679409483,3
fractal,fractal::wired_fractal_15,wired_fractal_15,graduate,expert,3,Middle,3.0708727178575197,1.0394515918603258,0.34245245482143033,0.6575475451785697,-0.42847362625265883,0.7142368131263295,0.2274363749819283,0.07256514586373397,0.6666666666666666,0.528311636277331,1.0423204547241736,0.6374780879487695,0.7598405337346896,0.34024664411071737,1.0236242392858397,0.10912304791516839,0.10595018107736975,1.7081920897224556,5
fractal,fractal::wired_fractal_15,wired_fractal_15,graduate,expert,5,Beginning,5.340570399791911,1.2903603072012486,0.24142831695566788,0.7585716830443321,-0.389710761868057,0.6948553809340285,0.1684256459693178,0.03215368557044886,0.7,0.524143472944394,1.1748156501453129,0.7606888819125031,0.6392007922874277,0.21986498459964546,1.0681140799583821,0.20823623729175067,0.19451498711487192,1.6506461146905007,2
fractal,fractal::wired_fractal_15,wired_fractal_15,graduate,expert,5,End,5.183306250043822,1.351923703256213,0.2607506275886663,0.7392493724113337,-0.47477317549001036,0.7373865877450052,0.34130549573059094,0.06574195547954459,0.6,0.4246347044830572,1.1323957455982456,0.7300394195581038,0.6694128154884338,0.21844965237912628,1.0366612500087644,0.16671071408216906,0.16102643793471647,1.7158912982341066,2
fractal,fractal::wired_fractal_15,wired_fractal_15,graduate,expert,5,Middle,5.14064077720115,1.2047489553738289,0.23586057020152285,0.7641394297984772,-0.40651077209661785,0.703255386048309,0.3188796954999744,0.06174697853270794,0.6799999999999999,0.5372727161094938,1.0913539758145574,0.7030132914999888,0.6993936165919977,0.21271444527107933,1.02812815544023,0.14137405125620547,0.1381186756576022,1.676777112912634,5
fractal,fractal::wired_fractal_15,wired_fractal_15,graduate,joint,3,Beginning,3.307065374296594,1.3108672285021032,0.3975537917493979,0.602446208250602,-0.42384434187722775,0.7119221709386139,0.09866415790832303,0.028628647965863178,0.7083333333333333,0.5221312246780763,1.1725604841805715,0.7203533149732497,0.6797574508203055,0.3548484138907824,1.1023551247655314,0.21857663785500953,0.1993084177776297,1.7059760159377229,8
fractal,fractal::wired_fractal_15,wired_fractal_15,graduate,joint,3,End,3.3155495846204737,1.2278379320789383,0.3744180766517055,0.6255819233482944,-0.449013735244687,0.7245068676223435,0.12180473888188892,0.03456185027750834,0.7916666666666666,0.5387290388221269,1.151375359090063,0.7101417765558051,0.6957949010035337,0.3498183274120868,1.1051831948734911,0.16724005676190284,0.16385818696355336,1.7277361528170174,8
fractal,fractal::wired_fractal_15,wired_fractal_15,graduate,joint,3,Middle,3.555979694627056,1.2482807029692276,0.3516037210810923,0.6483962789189077,-0.5405470071761584,0.7702735035880792,0.195282609418257,0.05266143976421738,0.7083333333333333,0.5110341206034767,1.1681175760112645,0.718219543647592,0.6922508829574975,0.32973325430478206,1.1853265648756854,0.07323904160845425,0.06312214782661707,1.749621253426673,8
fractal,fractal::wired_fractal_15,wired_fractal_15,graduate,joint,5,Beginning,5.513771840192234,1.2824550779410777,0.23266360111702103,0.767336398882979,-0.4173094147001243,0.7086547073500622,0.19286506090059558,0.03482058897671562,0.6285714285714284,0.5070872405378901,1.201639875046006,0.779396223745102,0.6155366342583944,0.2182761832357172,1.1027543680384468,0.2323689102197861,0.21184826808832866,1.6913947097138802,7
fractal,fractal::wired_fractal_15,wired_fractal_15,graduate,joint,5,End,5.6696240439925365,1.2637129329715806,0.22212476091995356,0.7778752390800464,-0.4827675819293954,0.7413837909646978,0.33919734043646027,0.05942324507944809,0.6857142857142857,0.5362792472906637,1.1754948000989514,0.7632044562905609,0.637816845068557,0.20824543741984378,1.1339248087985074,0.16660513942643382,0.15400876673042105,1.7330364487003582,7
fractal,fractal::wired_fractal_15,wired_fractal_15,graduate,joint,5,Middle,5.899876799209136,1.1521771106438152,0.19533160833594565,0.8046683916640543,-0.5327770231325258,0.766388511566263,0.43180810028986005,0.07245541875942683,0.55,0.5253109372342117,1.1782460265631194,0.7641187895759647,0.6406294589969377,0.20030926550141243,1.1799753598418272,0.09618557421402617,0.08237243010477495,1.7550783354216684,8
fractal,fractal::wired_fractal_15,wired_fractal_15,graduate,partner,3,Beginning,4.1290513501757795,1.3772917682386983,0.33396246733692037,0.6660375326630796,-0.5295648175456394,0.7647824087728198,0.09757089352216892,0.0237473246293393,0.6666666666666666,0.5250766983135632,1.3626612647938998,0.8344658615703334,0.5487246360122552,0.33011837378872877,1.3763504500585935,0.0564309757073276,0.04160154235226105,1.7465288813814988,3
fractal,fractal::wired_fractal_15,wired_fractal_15,graduate,partner,3,End,3.793241643904134,1.3606153325048378,0.35963514819125614,0.6403648518087438,-0.5074802775837952,0.7537401387918976,0.11978023606377475,0.03119170725674031,0.8888888888888888,0.5006808857801578,1.2825829917727007,0.7872304836260705,0.6115406205232348,0.33856481736954436,1.264413881301378,0.09691999486502419,0.0794440243794201,1.757728287861631,3
fractal,fractal::wired_fractal_15,wired_fractal_15,graduate,partner,3,Middle,3.5922561184373283,1.194599083581712,0.334521705157513,0.665478294842487,-0.3801930251521553,0.6900965125760776,0.1902187968210038,0.051565429684036254,0.6666666666666666,0.5219582563677696,1.2468423829121489,0.768036735669092,0.6386067859310491,0.3476910521879415,1.197418706145776,0.1583458876888808,0.13347467256533646,1.659487053665095,4
fractal,fractal::wired_fractal_15,wired_fractal_15,graduate,partner,5,Beginning,6.668861706549185,1.3487266902399906,0.20217104745553288,0.7978289525444671,-0.5101402894641165,0.7550701447320582,0.31212482974551137,0.04707149180412548,0.6,0.5399906655991069,1.3373172750328304,0.8634494450195803,0.5006517724281261,0.20058583073024244,1.333772341309837,0.09980444655326809,0.07536631987232642,1.74735080976108,2
fractal,fractal::wired_fractal_15,wired_fractal_15,graduate,partner,5,End,6.159124078117953,1.3491357763226908,0.21897220013998459,0.7810277998600155,-0.47364489817643196,0.736822449088216,0.2320792352254828,0.03791856641339143,0.7,0.49480781198282336,1.286475172308082,0.8342637307851484,0.549105278281214,0.20885609102509617,1.2318248156235907,0.1776073483878841,0.14416238940354925,1.7369994285941543,2
fractal,fractal::wired_fractal_15,wired_fractal_15,graduate,partner,5,Middle,6.0994570101990355,1.3371090770786906,0.21963700786680102,0.7803629921331989,-0.3977363377239672,0.6988681688619837,0.3099518934067417,0.05076541512890288,0.7,0.520492884526677,1.2635560846972882,0.8205457085126977,0.5683728810494457,0.20724883670660846,1.2198914020398073,0.16766848295667197,0.13830016527952618,1.6689328250334494,4
fractal,fractal::wired_fractal_16,wired_fractal_16,expert,expert,3,Beginning,3.573455590560323,1.3643136636378184,0.3828257390135639,0.617174260986436,-0.4672386811792249,0.7336193405896124,0.0886991610481976,0.024217625794443216,0.7777777777777777,0.4949631730065393,1.2358303940892037,0.7583199972008418,0.6468468570202722,0.34645474256306485,1.1911518635201075,0.10372991707503641,0.08858034709906594,1.723530431192257,3
fractal,fractal::wired_fractal_16,wired_fractal_16,expert,expert,3,End,3.5915816426912714,1.1223897987237836,0.3122279369443793,0.6877720630556208,-0.4912415186596554,0.7456207593298276,0.1648281981199152,0.046139802211548064,0.5833333333333333,0.5073082635570031,1.1862439688167126,0.7261143766655185,0.6841558245410337,0.3302528107770116,1.1971938808970903,0.052587743097169515,0.04408099998443703,1.7297337076858557,4
fractal,fractal::wired_fractal_16,wired_fractal_16,expert,expert,3,Middle,3.4422557122265602,1.1883654597080884,0.34811806571623266,0.6518819342837674,-0.4760468569689009,0.7380234284844505,0.11387130014562083,0.030973986786606077,0.7333333333333333,0.5320201544931935,1.1603473496427723,0.7101469058777518,0.6983205041693955,0.33788223547278384,1.1474185707421867,0.08310159989972891,0.07249778878142207,1.7193068680558952,5
fractal,fractal::wired_fractal_16,wired_fractal_16,expert,expert,5,Beginning,6.0824149228989945,1.232058367387969,0.20250190269718438,0.7974980973028156,-0.48656645301044354,0.7432832265052217,0.29991166860911483,0.048868957627160224,0.5,0.5089146089281393,1.2328213496159037,0.7980137469775925,0.5982556352773092,0.2029398562396823,1.2164829845797989,0.10965211980095915,0.0911724059966579,1.7276538310754121,2
fractal,fractal::wired_fractal_16,wired_fractal_16,expert,expert,5,End,5.87882212878207,1.1784314028705019,0.2007068814478015,0.7992931185521984,-0.47106718125346186,0.7355335906267308,0.1939194211517752,0.03283955570648318,0.6666666666666666,0.5186729102774746,1.1783815953043353,0.7597571321701665,0.6450741756388364,0.20049672650165018,1.1757644257564142,0.0714410908773215,0.060974959143762754,1.731463205596332,3
fractal,fractal::wired_fractal_16,wired_fractal_16,expert,expert,5,Middle,5.757582300600289,1.1633893614921806,0.2024129220981266,0.7975870779018734,-0.4809105337311098,0.740455266865555,0.28360859980430436,0.04870441520764564,0.64,0.5379395552653691,1.1632836720051039,0.7499634516217037,0.6546917723570547,0.20218455909564997,1.1515164601200578,0.10488567062588028,0.09101292175545617,1.7183974030880507,5
fractal,fractal::wired_fractal_16,wired_fractal_16,expert,joint,3,Beginning,3.528933055953898,1.2333093402732591,0.3505100905848934,0.6494899094151066,-0.5054522505115635,0.7527261252557818,0.12957933000934754,0.03591595547788393,0.7407407407407407,0.5149433464283139,1.181100925678762,0.7239242826328961,0.685352367300365,0.33541703356764674,1.1763110186512993,0.09627124604651091,0.0840207528638902,1.731713282397662,9
fractal,fractal::wired_fractal_16,wired_fractal_16,expert,joint,3,End,3.4922568119835518,1.201987145270373,0.3456588010159717,0.6543411989840284,-0.46420363642923235,0.7321018182146162,0.1085664726408516,0.031010200845865157,0.7407407407407407,0.5188110745025616,1.1828011072685376,0.7243463689540824,0.6840523145331175,0.33929979091697793,1.1640856039945173,0.09989978763352456,0.08974637383453407,1.7128703122466602,9
fractal,fractal::wired_fractal_16,wired_fractal_16,expert,joint,3,Middle,3.1613309905660736,1.1413830536949658,0.36258297189526245,0.6374170281047375,-0.4934668776533975,0.7467334388266988,0.08628902975153664,0.025968971110137146,0.7037037037037037,0.514645805103593,1.0709535047041883,0.65625170858553,0.7498749085244915,0.3393445852669286,1.0537769968553579,0.11130618326466421,0.1069560198663372,1.7325861162765388,9
fractal,fractal::wired_fractal_16,wired_fractal_16,expert,joint,5,Beginning,5.849200250010786,1.262717463770716,0.21626567852368833,0.7837343214763117,-0.49421399452223236,0.7471069972611162,0.18711766562737725,0.031894249143934614,0.65,0.5337468054766555,1.191998629098637,0.7704186912438994,0.6323522787297949,0.20406689238386774,1.1698400500021573,0.11393508256516824,0.0984063395813265,1.7288249137379712,8
fractal,fractal::wired_fractal_16,wired_fractal_16,expert,joint,5,End,5.8316612975874325,1.1632073883133953,0.20070230734937913,0.7992976926506209,-0.46920973474588473,0.7346048673729424,0.22239648331838827,0.0377180504272004,0.65,0.5278721660557699,1.190225632217379,0.7683931822893997,0.6343240365897768,0.2042776091291801,1.1663322595174865,0.11890702489390557,0.10406083116964879,1.7263333084114232,8
fractal,fractal::wired_fractal_16,wired_fractal_16,expert,joint,5,Middle,5.3171470541580845,1.1227947825788585,0.21074843878974006,0.78925156121026,-0.4932152424851184,0.7466076212425592,0.24878933234711406,0.04680066974402367,0.6000000000000001,0.5258641227540841,1.09040008942739,0.7043411100328432,0.7048288347232717,0.20522322911827112,1.063429410831617,0.12192814563798088,0.11581883116000566,1.7252141829045458,9
fractal,fractal::wired_fractal_16,wired_fractal_16,expert,partner,3,Beginning,3.4426775767832094,1.1188244054248258,0.3242964414502591,0.6757035585497408,-0.48068389467251266,0.7403419473362564,0.06653838487303118,0.019373201270804954,0.75,0.5423660536248125,1.1511368167264449,0.7043331052316146,0.7051353064301571,0.3341569773707368,1.1475591922610697,0.05681468446768634,0.049847269186497,1.724038406496202,4
fractal,fractal::wired_fractal_16,wired_fractal_16,expert,partner,3,End,3.685671455761056,1.3012496929021031,0.35419826513613906,0.6458017348638609,-0.4912344743522639,0.7456172371761319,0.08310406326972893,0.02234105343005849,0.6666666666666666,0.5385655122364974,1.2454503074252716,0.7626084869471388,0.6435584124601518,0.3381208492956062,1.228557151920352,0.0984853594582132,0.08084870607216092,1.7279340582108897,3
fractal,fractal::wired_fractal_16,wired_fractal_16,expert,partner,3,Middle,3.077206400505818,1.1188632656699515,0.3645475538910084,0.6354524461089917,-0.4521531784615192,0.7260765892307596,0.10292000168069322,0.032762152825233634,0.7333333333333333,0.485741755933764,1.0581031279022608,0.647732880307885,0.7569972571638702,0.3441556252249601,1.0257354668352727,0.11322514158561789,0.11006973217270236,1.7001746059874006,5
fractal,fractal::wired_fractal_16,wired_fractal_16,expert,partner,5,Beginning,5.570450623720208,1.2054614952550144,0.21636310062960137,0.7836368993703986,-0.48817866608085475,0.7440893330404273,0.10822092192067927,0.019045365222198646,0.7999999999999999,0.5799832783739597,1.13459504415485,0.7313706547443789,0.6758014132226018,0.20370732014416248,1.1140901247440416,0.09163780940578513,0.08363974348059607,1.7357530021136356,3
fractal,fractal::wired_fractal_16,wired_fractal_16,expert,partner,5,End,5.934558722987459,1.1371421788763167,0.1916247157187106,0.8083752842812894,-0.4909610809477277,0.7454805404738638,0.3164549520233282,0.053177226464844435,0.7,0.5010108126706276,1.1974597987031932,0.7728096639480672,0.6301155082097161,0.20179281734264146,1.1869117445974917,0.12235752639165086,0.10346379788134294,1.7641844761686158,2
fractal,fractal::wired_fractal_16,wired_fractal_16,expert,partner,5,Middle,5.276362787082184,1.1612078985249021,0.22093328890069186,0.7790667110993081,-0.4526314861959978,0.726315743097999,0.17428352208068848,0.03293009018259904,0.52,0.5001990659240414,1.0985692323122902,0.7091976319811687,0.7003401895163076,0.20846296763037425,1.0552725574164368,0.12742947968297402,0.12036065513663625,1.6894087489618965,5
gravity,gravity::wired_gravity_12,wired_gravity_12,child,expert,3,Beginning,3.3606504077439023,1.267299053289488,0.37810163558029175,0.6218983644197082,-0.4063252516923373,0.7031626258461686,0.045071007711705725,0.012742901991223415,0.8333333333333334,0.5319228428597486,1.1749137415473168,0.719853741341868,0.6860030261314897,0.35049583418691815,1.1202168025813009,0.14024364737198916,0.12767936107884956,1.6834079248531195,6
gravity,gravity::wired_gravity_12,wired_gravity_12,child,expert,3,End,3.467888789256392,1.3159066038284115,0.37979905376477047,0.6202009462352296,-0.44605566180306777,0.7230278309015339,0.03308592704244925,0.0094512845353603,0.7777777777777777,0.5163597578427449,1.2050370513057658,0.7384121208028472,0.6710974201802791,0.3476353566894613,1.1559629297521308,0.091772246873347,0.08037275941163376,1.6991647354080797,6
gravity,gravity::wired_gravity_12,wired_gravity_12,child,expert,3,Middle,3.545957045935297,1.2716353187767309,0.36103136331216057,0.6389686366878394,-0.45912627690776764,0.7295631384538838,0.07251347999588731,0.019238574706027238,0.75,0.5399379181609959,1.2079086987300727,0.7402386958548858,0.664978801818075,0.3419353368729136,1.1819856819784322,0.09391423617898803,0.08181300253567154,1.7128859366912434,8
gravity,gravity::wired_gravity_12,wired_gravity_12,child,expert,5,Beginning,5.667372128675251,1.3059992230799087,0.2310522921601697,0.7689477078398304,-0.41576252834238614,0.7078812641711931,0.13770706560901486,0.024037088115449586,0.5599999999999999,0.5031768233540512,1.2039767550009683,0.777252803147592,0.6207648445025777,0.21271180839994036,1.1334744257350502,0.17101875178394535,0.15210365313354673,1.6728566773094784,5
gravity,gravity::wired_gravity_12,wired_gravity_12,child,expert,5,End,5.692080905854689,1.236621778600704,0.21737133819744078,0.7826286618025592,-0.431997571379865,0.7159987856899325,0.1805299819407628,0.03154809666545312,0.64,0.5135347964517732,1.215270821737866,0.7864343032960981,0.6160529794786787,0.21357436806229346,1.1384161811709377,0.11591800918655401,0.10185822700894291,1.6971577468775887,5
gravity,gravity::wired_gravity_12,wired_gravity_12,child,expert,5,Middle,5.9048887034812765,1.2675333024766098,0.21645568414071292,0.7835443158592871,-0.4583565943259762,0.7291782971629881,0.15671935047454894,0.02537831591169672,0.675,0.5399630260807192,1.2271510656868307,0.79256143365458,0.6033228707686012,0.20834293540376864,1.1809777406962554,0.13387267152257273,0.11253666014746234,1.7131941411643055,8
gravity,gravity::wired_gravity_12,wired_gravity_12,child,joint,3,Beginning,3.410261666310813,1.236246856888377,0.36391215844583363,0.6360878415541664,-0.4687621316648817,0.7343810658324409,0.16347315493648326,0.04731247757677792,0.6904761904761905,0.5302359499643196,1.1513250518992375,0.7123994934391479,0.6923647380889696,0.3385303696590888,1.136753888770271,0.13658073015944305,0.1225024349479681,1.7141484443846953,14
gravity,gravity::wired_gravity_12,wired_gravity_12,child,joint,3,End,3.715981161901758,1.2474299760728265,0.3359090206080385,0.6640909793919615,-0.5603275478008639,0.7801637739004319,0.169498026820067,0.04512581568303527,0.619047619047619,0.4987378745641025,1.209909299405064,0.7424366713416102,0.6658386869879003,0.3262439049638604,1.238660387300586,0.06791764020991654,0.0568590150549244,1.7641043740707156,14
gravity,gravity::wired_gravity_12,wired_gravity_12,child,joint,3,Middle,3.980795340262467,1.306954604273998,0.32720214735714215,0.6727978526428579,-0.6196816392380712,0.8098408196190355,0.2321983147178373,0.058217225689260146,0.6428571428571429,0.5094529665233021,1.2613676380611136,0.7754912751596379,0.6259580790321602,0.3171125956250351,1.3269317800874891,0.04700033189836617,0.03732424346682136,1.8004477458410937,14
gravity,gravity::wired_gravity_12,wired_gravity_12,child,joint,5,Beginning,5.725432541593993,1.27726461559437,0.22305530509503907,0.776944694904961,-0.4548077327355815,0.7274038663677908,0.13605584619579744,0.023817156635323296,0.6153846153846154,0.521169581482688,1.1901942877328842,0.774388003911095,0.6272380359254067,0.2079693787084546,1.1450865083187987,0.15456831827760892,0.13487753117387297,1.7065987926764365,13
gravity,gravity::wired_gravity_12,wired_gravity_12,child,joint,5,End,6.215545299285415,1.2279125476790862,0.19787784396883243,0.8021221560311675,-0.5752786440108626,0.7876393220054313,0.3850361105963656,0.061629971720097355,0.5692307692307692,0.526493453619014,1.1982446747456768,0.7761674144354339,0.6258435594621885,0.19309815295575544,1.243109059857083,0.07892678509065337,0.06509648304365599,1.7762227168606763,13
gravity,gravity::wired_gravity_12,wired_gravity_12,child,joint,5,Middle,6.572674494131731,1.2974464265102763,0.1976358627939451,0.8023641372060549,-0.6120225077328995,0.8060112538664497,0.44787652374327747,0.06720548775645001,0.5714285714285714,0.5318154364100491,1.2466811212368947,0.8085865892669402,0.5830608163818161,0.19011425077364794,1.3145348988263463,0.07686015360734995,0.061569248641908395,1.8031630293028102,14
gravity,gravity::wired_gravity_12,wired_gravity_12,child,partner,3,Beginning,3.681492724212632,1.2892902500468522,0.3565790895567493,0.6434209104432508,-0.5326699682643169,0.7663349841321585,0.11631286816442225,0.03034359476440367,0.6666666666666666,0.5155049208736352,1.2481500222406388,0.7734054011755457,0.6289336856616986,0.3428962310521145,1.2271642414042108,0.14849830782012244,0.1517448808433514,1.8023420198358233,6
gravity,gravity::wired_gravity_12,wired_gravity_12,child,partner,3,End,3.3366463105960698,1.0551037449149743,0.31509037142850654,0.6849096285714934,-0.558700546501824,0.779350273250912,0.23156530531683917,0.07129849453133279,0.5555555555555555,0.4870294471903643,1.0733879822409735,0.6583550631895948,0.7447791413211308,0.3215536417209747,1.1122154368653565,0.05419300584585814,0.04790212942580605,1.7606067082697214,6
gravity,gravity::wired_gravity_12,wired_gravity_12,child,partner,3,Middle,3.312482133119684,1.1403927316818543,0.3441517578557353,0.6558482421442646,-0.503855660382725,0.7519278301913624,0.08421166049035665,0.02529535394867241,0.7142857142857143,0.5260734299154184,1.1094854109076273,0.6792127767662449,0.7292181377123336,0.33494454589401246,1.1041607110398948,0.08123240453337612,0.07268134359493057,1.7341837452887474,7
gravity,gravity::wired_gravity_12,wired_gravity_12,child,partner,5,Beginning,6.19239469755031,1.2406151986893512,0.19897361803215913,0.8010263819678409,-0.5261183083110332,0.7630591541555166,0.3489039707546005,0.05922380216866017,0.6,0.530851093749219,1.2474328231898408,0.8125049213245031,0.5783906602231432,0.2020143212618201,1.238478939510062,0.16061022845221845,0.14261368645112996,1.788804806535822,5
gravity,gravity::wired_gravity_12,wired_gravity_12,child,partner,5,End,5.485870072600244,0.9159739841422272,0.16558997814336646,0.8344100218566336,-0.5523897886060583,0.7761948943030291,0.6836402565341514,0.12608397627242013,0.48,0.5255487092392761,1.0153029791517363,0.6692528113657017,0.734675156156445,0.18503028977429276,1.097174014520049,0.06215682277216268,0.0560939289968453,1.755603677706383,5
gravity,gravity::wired_gravity_12,wired_gravity_12,child,partner,5,Middle,5.561577838800673,1.1499033534849914,0.20649931537798166,0.7935006846220184,-0.5076207788475323,0.7538103894237661,0.2622233622743639,0.047641563238761585,0.6285714285714287,0.5496423851565586,1.104629608906477,0.7133083749955619,0.6928150965004187,0.19846187534568926,1.1123155677601346,0.08892130816417207,0.0796898204478849,1.7321794216752016,7
gravity,gravity::wired_gravity_13,wired_gravity_13,teenager,expert,3,Beginning,3.211990851391677,1.268690240879638,0.39839088510701026,0.6016091148929897,-0.3840501878051783,0.6920250939025892,0.04849724127867829,0.013850542332233892,0.8,0.5620886914161087,1.1425072545591495,0.6998993876557434,0.7057414920887044,0.35667888459548186,1.070663617130559,0.1446975009352859,0.13829888126346165,1.6628727209518872,5
gravity,gravity::wired_gravity_13,wired_gravity_13,teenager,expert,3,End,3.104349357306734,1.107018797019585,0.36053118365218795,0.639468816347812,-0.457144242911355,0.7285721214556775,0.17132399690530065,0.05171714355925561,0.8666666666666666,0.5182189854344196,1.051350777565917,0.6437805738371323,0.7576223054961707,0.3403022233178886,1.0347831191022447,0.12776220250027404,0.11943625059573507,1.7194666853969252,5
gravity,gravity::wired_gravity_13,wired_gravity_13,teenager,expert,3,Middle,2.690909411932583,1.0633357207588363,0.39480080925938893,0.6051991907406111,-0.42054899558743714,0.7102744977937187,0.014269584625945353,0.004911614096419472,0.8888888888888888,0.5351138063590234,0.9484502118928365,0.5810841674514252,0.8089121519052428,0.35261648875134033,0.8969698039775276,0.09291559933676068,0.10247463278607045,1.6798537566616254,6
gravity,gravity::wired_gravity_13,wired_gravity_13,teenager,expert,5,Beginning,5.214543731311601,1.3431239194436706,0.25867078139465915,0.7413292186053408,-0.39296273882854094,0.6964813694142704,0.06550542199251802,0.01214089732035223,0.8,0.5762524709973726,1.1690266944855738,0.7565026278215651,0.6440989530758804,0.22433688914892208,1.0429087462623203,0.191642335251283,0.18594771916536612,1.6982757643778505,4
gravity,gravity::wired_gravity_13,wired_gravity_13,teenager,expert,5,End,5.1582590222096165,1.1478860591464848,0.22255002407314453,0.7774499759268555,-0.47058732835676087,0.7352936641783804,0.17193996959594715,0.03346373308438639,0.8,0.5489697387465224,1.070637568253302,0.6907285639827939,0.7144627140194674,0.20758336062211077,1.0316518044419234,0.17271259027174618,0.16752540783960324,1.7373890429480936,4
gravity,gravity::wired_gravity_13,wired_gravity_13,teenager,expert,5,Middle,4.624990202804155,1.0986451030618187,0.2384524609291554,0.7615475390708446,-0.426963172339659,0.7134815861698295,0.14256380557566853,0.028670710049354047,0.7333333333333334,0.5260858912260836,1.0013247642357392,0.6462302569051832,0.756831389233542,0.21712442489443898,0.924998040560831,0.1301397660467513,0.13930239241369294,1.6749266402518346,6
gravity,gravity::wired_gravity_13,wired_gravity_13,teenager,joint,3,Beginning,3.129753115257587,1.209308588190776,0.38613148361670274,0.6138685163832972,-0.40525979355045416,0.7026298967752271,0.06975236108135006,0.022208651518370114,0.7575757575757575,0.5324313168278946,1.1007563860231306,0.6744958345374699,0.732306836636261,0.3517257174196329,1.0432510384191955,0.0939023289780201,0.08937283644754897,1.6720227532740337,11
gravity,gravity::wired_gravity_13,wired_gravity_13,teenager,joint,3,End,3.7976263038028737,1.2621563226581225,0.3323675996364919,0.667632400363508,-0.5955355842461513,0.7977677921230757,0.16196613467352955,0.04268175732790089,0.6363636363636364,0.501711369057773,1.2201378065944537,0.7485269306258828,0.6601305909569885,0.3212358345784534,1.2658754346009582,0.04060498985535501,0.03214451062712932,1.7847695265302965,11
gravity,gravity::wired_gravity_13,wired_gravity_13,teenager,joint,3,Middle,3.357164546682432,1.126769404413131,0.3382787258655658,0.6617212741344342,-0.516972624223727,0.7584863121118635,0.19938239959170156,0.05678368659207066,0.7222222222222222,0.49934764034346557,1.1081782739190922,0.678230112372868,0.7256820268098317,0.33087352581873924,1.1190548488941439,0.1185862539498632,0.10637861585005808,1.747093841768139,12
gravity,gravity::wired_gravity_13,wired_gravity_13,teenager,joint,5,Beginning,5.240657809256828,1.22059686735606,0.2332744638781868,0.7667255361218133,-0.4056409324765107,0.7028204662382553,0.1507441301970701,0.028394076035236658,0.7,0.5334007036976258,1.134359272512913,0.7333230047395229,0.6740232386184231,0.21661194967917674,1.0481315618513656,0.11762397128429221,0.11214204040431315,1.67630912927874,10
gravity,gravity::wired_gravity_13,wired_gravity_13,teenager,joint,5,End,6.344218334289989,1.2404786321597858,0.19562419254532928,0.8043758074546707,-0.5993684158722905,0.7996842079361453,0.337842607891831,0.053105372203274714,0.6,0.5269495895479723,1.2123966600865947,0.7839308760374594,0.6165599355127849,0.19109644773904602,1.2688436668579979,0.04412666586590894,0.03481482377777319,1.7886695774753973,10
gravity,gravity::wired_gravity_13,wired_gravity_13,teenager,joint,5,Middle,5.568170335458331,1.163202821233893,0.20911734981796457,0.7908826501820355,-0.5098970798687837,0.7549485399343919,0.32573148480543684,0.05821887431154484,0.7000000000000001,0.5245133916446704,1.110270818459646,0.7155409609858646,0.6879001299858526,0.19957292465276447,1.113634067091666,0.14376733711114603,0.1295366668236058,1.7426153413653467,12
gravity,gravity::wired_gravity_13,wired_gravity_13,teenager,partner,3,Beginning,3.5782176012788884,1.2527080913471274,0.3507726737021984,0.6492273262978017,-0.46695265634050126,0.7334763281702507,0.013901045956005054,0.0038566073149177743,0.75,0.536253559577683,1.2134387984328248,0.7430827804759219,0.6667631154030118,0.3394536039758748,1.1927392004262962,0.0785178937050866,0.06515375552946048,1.707544078700384,4
gravity,gravity::wired_gravity_13,wired_gravity_13,teenager,partner,3,End,3.6943998837347336,1.2919119006168107,0.3507900640356268,0.6492099359643733,-0.4684241838092533,0.7342120919046267,0.005672974930164987,0.0014695459676316628,0.8666666666666666,0.5464835571631238,1.252704897977902,0.7671874334267322,0.6395309014602789,0.33961175533008675,1.231466627911578,0.04734961012987996,0.03817157728730134,1.7165596386134765,5
gravity,gravity::wired_gravity_13,wired_gravity_13,teenager,partner,3,Middle,3.8197656389647143,1.1978828727144244,0.31367961670800887,0.6863203832919912,-0.5445235056248295,0.7722617528124148,0.27393053667058737,0.07173351106533259,0.611111111111111,0.4852482738601722,1.2344855096135092,0.7574107764462514,0.6477057152988678,0.32351120343314793,1.2732552129882382,0.09904828356507589,0.07884554220669197,1.7642653344857122,6
gravity,gravity::wired_gravity_13,wired_gravity_13,teenager,partner,5,Beginning,6.047800181059595,1.3125878470342656,0.21705548966467458,0.7829445103353253,-0.4704967761940641,0.7352483880970321,0.239009312524932,0.03928331266234824,0.6,0.5237250854315069,1.229913201415255,0.7947245877863661,0.6040309974022317,0.20338368007320037,1.2095600362119192,0.10513933892194144,0.08684832105581376,1.7005815255181158,3
gravity,gravity::wired_gravity_13,wired_gravity_13,teenager,partner,5,End,6.238392984848681,1.2385638976492634,0.19883591688527738,0.8011640831147226,-0.49662946869092045,0.7483147343454601,0.19446677845725618,0.030789844634473817,0.75,0.5436851565908232,1.2510583099448318,0.8083502738998478,0.5869057680573393,0.20071122831938243,1.2476785969697362,0.06758281247147548,0.054123044656472635,1.732375012139904,4
gravity,gravity::wired_gravity_13,wired_gravity_13,teenager,partner,5,Middle,6.313340499207572,1.2920882752521332,0.20467137176814343,0.7953286282318565,-0.5245738328937133,0.7622869164468566,0.252689287144154,0.040266897505599954,0.5666666666666667,0.5244463320010097,1.2456369159765595,0.805814165956952,0.5875573385479825,0.19732981313637288,1.2626680998415143,0.11068341757192286,0.08825925980094422,1.755820499633754,6
gravity,gravity::wired_gravity_14,wired_gravity_14,undergraduate,expert,3,Beginning,2.688261306487846,1.2014846821077836,0.44755722695907685,0.5524427730409232,-0.30604999797892335,0.6530249989894616,0.026597580467925402,0.009571755579645545,0.8333333333333333,0.5768360680442506,1.0119938049904487,0.6231487217603622,0.7697320751415182,0.37587515184176123,0.8960871021626153,0.19024473144360704,0.20684086801443302,1.6410273298572702,4
gravity,gravity::wired_gravity_14,wired_gravity_14,undergraduate,expert,3,End,3.5639680151342743,1.268082901633647,0.36330297086874075,0.6366970291312593,-0.42315419455021286,0.7115770972751064,0.0880784372911923,0.023643637935217662,0.41666666666666663,0.44212067361002944,1.2217642243901947,0.750491017772034,0.6512868954838632,0.34623309863630375,1.1879893383780915,0.16470587947336515,0.15558834343001915,1.6963250989786651,4
gravity,gravity::wired_gravity_14,wired_gravity_14,undergraduate,expert,3,Middle,3.197618335028157,1.1516839430197359,0.3639650241247886,0.6360349758752114,-0.47330684783669774,0.7366534239183489,0.14229027450444937,0.0433273306645775,0.6666666666666666,0.5351949341584648,1.0827492356179291,0.663055247002177,0.7420619307046913,0.34024042405763416,1.065872778342719,0.13118498658734773,0.12875010805912165,1.7321473305598225,5
gravity,gravity::wired_gravity_14,wired_gravity_14,undergraduate,expert,5,Beginning,4.571161978247891,1.3016227212011875,0.28462549136677456,0.7153745086332254,-0.3390099235593278,0.6695049617796638,0.13527433950589215,0.029853320313105627,0.7333333333333334,0.5415362031834959,1.0663914618510457,0.6905674610621503,0.7116545369459404,0.23343253020193563,0.9142323956495781,0.20326011326435234,0.22243122129788093,1.6196932413442833,3
gravity,gravity::wired_gravity_14,wired_gravity_14,undergraduate,expert,5,End,5.67243558046674,1.272170959918874,0.22461601964357972,0.7753839803564202,-0.3802199048367556,0.6901099524183777,0.17246794370092866,0.03024114867392418,0.4666666666666666,0.45948013141303434,1.222068509056536,0.7927775649186626,0.6032781052106221,0.21570456917186953,1.134487116093348,0.27365669724927005,0.24181704283914032,1.6936344886613741,3
gravity,gravity::wired_gravity_14,wired_gravity_14,undergraduate,expert,5,Middle,5.2410666569256525,1.088588594269128,0.20803740528196052,0.7919625947180394,-0.4536608009751409,0.7268304004875704,0.2803613041892122,0.05305898112159736,0.52,0.5153430068513432,1.0825825269477516,0.6988334963727421,0.7077583151402399,0.20673724503426677,1.0482133313851305,0.1937844922301541,0.185916282061022,1.7307196211414548,5
gravity,gravity::wired_gravity_14,wired_gravity_14,undergraduate,joint,3,Beginning,3.1744466460474503,1.1567041577619808,0.36528709658635783,0.6347129034136422,-0.4708316435763354,0.7354158217881677,0.13864203535350386,0.04330930928999017,0.8148148148148148,0.5398813504552291,1.0788670650360201,0.6605138808682649,0.7407201327762918,0.3399695841426833,1.0581488820158167,0.10804729311537672,0.10198499337104848,1.717171708942586,9
gravity,gravity::wired_gravity_14,wired_gravity_14,undergraduate,joint,3,End,3.375554532800935,1.2319936910345457,0.3789437537711726,0.6210562462288274,-0.59028788174897,0.7951439408744849,0.26280246611332636,0.07355051439903551,0.7407407407407407,0.5854690482540273,1.1288572013000855,0.7164676874917765,0.6829485592951755,0.34296599453725995,1.1251848442669783,0.22966285928632812,0.26009574000315877,1.8170387901142817,9
gravity,gravity::wired_gravity_14,wired_gravity_14,undergraduate,joint,3,Middle,3.4153958881998645,1.222979379838525,0.35993021851324014,0.6400697814867599,-0.5150761817242491,0.7575380908621245,0.17887224076811367,0.04856511972202559,0.6666666666666666,0.5019830468679591,1.1367133521997361,0.6986783041763528,0.7091350557822578,0.3349466665838501,1.1384652960666215,0.09358285284382388,0.08803551986914476,1.7414971819628207,11
gravity,gravity::wired_gravity_14,wired_gravity_14,undergraduate,joint,5,Beginning,5.237724932808942,1.2093934136562485,0.23077026114975205,0.7692297388502479,-0.47218758022417723,0.7360937901120886,0.1957020324564469,0.03799198630910536,0.725,0.5617084716027931,1.0999723109073545,0.7099609494715127,0.6932534518328078,0.2099698637936225,1.0475449865617883,0.11959507669831809,0.11402883930326074,1.7151246694596174,8
gravity,gravity::wired_gravity_14,wired_gravity_14,undergraduate,joint,5,End,5.552896887520012,1.2409728735470367,0.2256435611799428,0.7743564388200572,-0.6319917715112727,0.8159958857556364,0.5448111158124974,0.09888544992671075,0.675,0.5949004573412662,1.1291749842299492,0.7575659960485138,0.6423393082587219,0.20459433430752916,1.1105793775040023,0.34385164123516443,0.33135628224895464,1.8310737641774406,8
gravity,gravity::wired_gravity_14,wired_gravity_14,undergraduate,joint,5,Middle,5.6955683778846256,1.2264989210963493,0.21695912702597112,0.7830408729740288,-0.520415391687179,0.7602076958435895,0.4072289296264659,0.06851889373956709,0.6,0.5127844610246418,1.1436403539896176,0.7429154175778586,0.6650639562073554,0.20237956319257352,1.139113675576925,0.11163801111178352,0.10273045242113592,1.744714772854065,11
gravity,gravity::wired_gravity_14,wired_gravity_14,undergraduate,partner,3,Beginning,3.6357779310250478,1.2128568507581712,0.33361447695132623,0.6663855230486738,-0.46120828660641505,0.7306041433032076,0.11014532904715701,0.03051649251903218,0.6666666666666666,0.5240449065709833,1.2255994704847677,0.7507898504166346,0.657694381258353,0.33715716471822343,1.2119259770083493,0.08358615799292113,0.06898270457851327,1.7080669447230843,4
gravity,gravity::wired_gravity_14,wired_gravity_14,undergraduate,partner,3,End,2.5974387512357455,0.8324687394929904,0.32324943571230613,0.6767505642876939,-0.7889647175591055,0.8944823587795527,0.4738897282564075,0.18494093482114676,0.75,0.6552998253832314,0.8809214378874108,0.5807479557036695,0.7891739810255433,0.34355784688312385,0.8658129170785819,0.43296965309790725,0.5446843870217708,1.9276425767323886,4
gravity,gravity::wired_gravity_14,wired_gravity_14,undergraduate,partner,3,Middle,3.346984817873241,1.0327966633387085,0.3048288896982865,0.6951711103017135,-0.4694901273018088,0.7347450636509044,0.24149394736548785,0.07643619616845773,0.7333333333333333,0.5066855321363093,1.1135278217837283,0.6904889191221555,0.7085278499231575,0.33214389327190325,1.1156616059577469,0.1510601786151216,0.13740201162415594,1.7230081353074105,5
gravity,gravity::wired_gravity_14,wired_gravity_14,undergraduate,partner,5,Beginning,6.080978754286316,1.3025191403527348,0.2142742034444797,0.7857257965555203,-0.46949907129596186,0.734749535647981,0.07495129844155606,0.012426681260341715,0.7333333333333334,0.5291757755880288,1.2434387960805902,0.8033773156565301,0.5931631935724376,0.2045228580266649,1.216195750857263,0.09274078961082959,0.07617981346286616,1.7104097950386417,3
gravity,gravity::wired_gravity_14,wired_gravity_14,undergraduate,partner,5,End,4.583370730632837,0.707696902598089,0.1532679888118283,0.8467320111881717,-0.7314554880026644,0.8657277440013321,1.0341143877344414,0.22533511749409865,0.6,0.6146884138064476,0.9281269625905981,0.6321394951425106,0.7503119548896581,0.20251513722228587,0.9166741461265674,0.46482880851555364,0.5070354449130108,1.8647673547892678,3
gravity,gravity::wired_gravity_14,wired_gravity_14,undergraduate,partner,5,Middle,5.5517768206758165,1.2178856072055644,0.21879429694060723,0.7812057030593927,-0.47106006276613455,0.7355300313830673,0.5981526862937243,0.1101422275303924,0.6,0.5266973105183095,1.1140932843525913,0.7347463283629198,0.659593472780153,0.2001387209170457,1.1103553641351631,0.16689193057375803,0.14998744378533252,1.7273545067830878,5
gravity,gravity::wired_gravity_15,wired_gravity_15,graduate,expert,3,Beginning,3.1857259802897824,1.1459789638274325,0.363353963198046,0.636646036801954,-0.46046642225869344,0.7302332111293467,0.09218255378982873,0.028762883624434646,0.6666666666666666,0.5491581568271936,1.0925705398337302,0.6699518988323605,0.738006840006778,0.34405382293387377,1.0619086600965941,0.13112951658576538,0.12712406968363332,1.7169143699999707,4
gravity,gravity::wired_gravity_15,wired_gravity_15,graduate,expert,3,End,3.2903690185697827,1.1258569001983096,0.3426305937994163,0.6573694062005837,-0.4598152650224305,0.7299076325112153,0.11555602441291069,0.035603319324000605,0.75,0.4924835715284661,1.1136711708015288,0.681648149232697,0.726903937073322,0.3385315369322932,1.0967896728565942,0.06604615879931883,0.05917663087207427,1.7152528494500652,4
gravity,gravity::wired_gravity_15,wired_gravity_15,graduate,expert,3,Middle,2.71263490828977,0.9762410896216644,0.36237222612145514,0.6376277738785449,-0.44871655578509967,0.7243582778925498,0.10682367557558733,0.03825290683587209,0.6666666666666666,0.513406231710402,0.9302165607724108,0.5688629136537235,0.8183404745287184,0.34359108290482754,0.90421163609659,0.11572967510080594,0.12831532009684274,1.7135880734406996,5
gravity,gravity::wired_gravity_15,wired_gravity_15,graduate,expert,5,Beginning,5.1666827412878895,1.1204830729354236,0.21701832308784563,0.7829816769121544,-0.46355944787093356,0.7317797239354668,0.26214391865106595,0.0504213161830285,0.6,0.5467916091865592,1.065351308770695,0.6885497143623307,0.7206235339291939,0.20622715353930968,1.0333365482575778,0.15891000620771184,0.15359066342853586,1.72861464386731,3
gravity,gravity::wired_gravity_15,wired_gravity_15,graduate,expert,5,End,5.325628185945669,1.1929138318884993,0.22445096640677784,0.7755490335932222,-0.4582034835777507,0.7291017417888753,0.1813074365789613,0.03443444411071054,0.6666666666666666,0.4979174548096923,1.0956655296141176,0.7059974876214626,0.7001636268894375,0.20577910045032333,1.0651256371891338,0.1050274562038019,0.09949553492303871,1.7205817285000193,3
gravity,gravity::wired_gravity_15,wired_gravity_15,graduate,expert,5,Middle,4.596246196138485,1.1175422364375556,0.24305178181457238,0.7569482181854277,-0.4295495103745239,0.714774755187262,0.17057126849497672,0.03701578966408526,0.6799999999999999,0.5452603448972891,0.984334987626055,0.6332873384490311,0.765914563601297,0.21422064893080864,0.9192492392276967,0.1262627010628214,0.13708784334303237,1.6878505388083362,5
gravity,gravity::wired_gravity_15,wired_gravity_15,graduate,joint,3,Beginning,3.3260163685888275,1.1804304960271073,0.35777157977759955,0.6422284202224005,-0.4489127224363261,0.724456361218163,0.1530375163122914,0.042927861955671,0.7407407407407407,0.5023800433332847,1.1317120281960953,0.693683970103372,0.7129603801378348,0.3417543672745349,1.1086721228629424,0.1337906962662605,0.12097575607805774,1.7123680579726175,9
gravity,gravity::wired_gravity_15,wired_gravity_15,graduate,joint,3,End,3.3016379552425494,1.1574400266113087,0.35123911567492083,0.6487608843250792,-0.4982062919198957,0.7491031459599479,0.11667888405544767,0.03455401176732152,0.6296296296296295,0.5194626834347532,1.108778347143083,0.6789048868377617,0.7268557884335936,0.3361030219293535,1.1005459850808499,0.11836139808832796,0.1073239544101374,1.7309634681181465,9
gravity,gravity::wired_gravity_15,wired_gravity_15,graduate,joint,3,Middle,3.0478059506603516,1.1079684603609457,0.36592186528972465,0.6340781347102754,-0.4491122289807945,0.7245561144903973,0.15625656141404318,0.04823032155934351,0.6969696969696969,0.5044384392969723,1.0441399495822,0.6385812743346245,0.7580772146160119,0.3437761170560129,1.015935316886784,0.1211138789941192,0.11521159382078684,1.7015810160515847,11
gravity,gravity::wired_gravity_15,wired_gravity_15,graduate,joint,5,Beginning,5.58642910625688,1.1879528298567723,0.21227841366708372,0.7877215863329163,-0.4509809298925239,0.7254904649462619,0.42386444180050703,0.07436954635739287,0.625,0.5046200619311885,1.1408462274597242,0.7395891279290269,0.6676871236818139,0.20467018880979643,1.117285821251376,0.16731580548942984,0.14999173700268653,1.7151947065878481,8
gravity,gravity::wired_gravity_15,wired_gravity_15,graduate,joint,5,End,5.516632568744237,1.2054788138853705,0.21867134959116846,0.7813286504088315,-0.5062883058632165,0.7531441529316082,0.21466493004762147,0.039507773776649456,0.575,0.5274984490358496,1.1252959665501543,0.7264830047061209,0.6791614209388595,0.20396696819585267,1.1033265137488475,0.14548407990126735,0.13229773639042852,1.7386267263871704,8
gravity,gravity::wired_gravity_15,wired_gravity_15,graduate,joint,5,Middle,5.0788420022291865,1.0925889913772473,0.21719488810200527,0.7828051118979947,-0.4479554953560903,0.7239777476780451,0.31450392341199884,0.06044441942928733,0.6,0.5232964094790786,1.0566704147520516,0.6801619325809035,0.7202162543500497,0.20879932495701772,1.0157684004458374,0.151581141706724,0.14565441341502153,1.7061001297384697,11
gravity,gravity::wired_gravity_15,wired_gravity_15,graduate,partner,3,Beginning,3.707065890523125,1.229599089240807,0.33183929343963425,0.6681607065603657,-0.6140972958577191,0.8070486479288596,0.20065620459538652,0.05398082096864999,0.6666666666666666,0.4657164361973956,1.188871780331175,0.7298281068012037,0.678768080551626,0.3206721375765763,1.235688630174375,0.09665072363262468,0.07835503593175823,1.8065525667032944,4
gravity,gravity::wired_gravity_15,wired_gravity_15,graduate,partner,3,End,3.2023069401264044,1.2641576632051617,0.3962450104769307,0.6037549895230693,-0.4216938085933128,0.7108469042966564,0.09824323716347327,0.03012376492578846,0.6666666666666666,0.5047338449800245,1.1325401752698272,0.694259892206991,0.7060965921585061,0.3537393713809796,1.0674356467088015,0.20354397016401984,0.1910663349201546,1.6897878036136318,4
gravity,gravity::wired_gravity_15,wired_gravity_15,graduate,partner,3,Middle,3.5391676900437106,1.233107450112266,0.3488177499289329,0.6511822500710671,-0.4563452076480424,0.7281726038240212,0.1436122621637394,0.04034945530994891,0.7333333333333333,0.5040515800581249,1.2047862958948705,0.7377258477639185,0.6690152274586101,0.34048144799871616,1.1797225633479034,0.12220362852541118,0.10390197154287131,1.7052300126280315,5
gravity,gravity::wired_gravity_15,wired_gravity_15,graduate,partner,5,Beginning,6.132831655597343,1.185006300544025,0.19422372806792296,0.805776271932077,-0.588177089078404,0.794088544539202,0.294025532114721,0.04710229266513941,0.6666666666666666,0.5136520981796058,1.2010687898099268,0.7796178261996509,0.6227253940242494,0.1960470177950099,1.2265663311194686,0.10940384143778537,0.08956065900410999,1.7895318914525173,3
gravity,gravity::wired_gravity_15,wired_gravity_15,graduate,partner,5,End,5.503025788972425,1.124315941878121,0.2043096113387576,0.7956903886612423,-0.4325450943897084,0.7162725471948542,0.27591439896098896,0.05022532429616403,0.4666666666666666,0.5042195026023629,1.16044252705482,0.7507752741776038,0.6501114537818077,0.21084561864049453,1.100605157794485,0.2111812313068985,0.19185394605230988,1.670747421905638,3
gravity,gravity::wired_gravity_15,wired_gravity_15,graduate,partner,5,Middle,5.908478508657762,1.1354996565240536,0.1924099300509016,0.8075900699490983,-0.46405310436112057,0.7320265521805603,0.39990360785390466,0.06747221970041298,0.6,0.506930568298051,1.2122820333460453,0.7825485476632648,0.6154410740654133,0.2052102685442984,1.1816957017315524,0.13978326994309134,0.11837289814200122,1.7139683982298344,5
gravity,gravity::wired_gravity_16,wired_gravity_16,expert,expert,3,Beginning,3.583533769769642,1.2223917791008556,0.3437091330189371,0.656290866981063,-0.4767072931727874,0.7383536465863937,0.16355590091646593,0.04513093232282099,0.6666666666666666,0.5023917772256037,1.199689596685595,0.7336635088013481,0.6690930014644731,0.3357484613188301,1.1945112565898806,0.1527170755489613,0.12944469274795672,1.723498160969323,5
gravity,gravity::wired_gravity_16,wired_gravity_16,expert,expert,3,End,3.2697060205551645,1.1542177898319292,0.353601527388179,0.646398472611821,-0.4575595206085551,0.7287797603042776,0.14543611891892824,0.04403491863446195,0.6,0.45093139447860847,1.1224222152899905,0.6885551775157778,0.7188757324437314,0.3435141925651032,1.0899020068517216,0.20673389165606668,0.19019959174501846,1.7133820850473174,5
gravity,gravity::wired_gravity_16,wired_gravity_16,expert,expert,3,Middle,3.4173051641481655,1.0989156733503727,0.3249392504123909,0.6750607495876091,-0.4963386320405032,0.7481693160202516,0.1198762184405886,0.03373192071422239,0.6666666666666666,0.5329961863459483,1.1333260787595871,0.6937210263096306,0.7137218647617543,0.3323516533124102,1.1391017213827217,0.09011946599691391,0.07917434370325963,1.7310565373198583,6
gravity,gravity::wired_gravity_16,wired_gravity_16,expert,expert,5,Beginning,6.042758344715487,1.2637119643448154,0.20887401559504026,0.7911259844049597,-0.47434973920632995,0.737174869603165,0.631207520552461,0.10481786917832706,0.6,0.489300519260957,1.1657296596400188,0.7684918853634208,0.6328634695493517,0.19287308765582256,1.2085516689430975,0.16124250077126445,0.13381147846858643,1.7152316136979688,4
gravity,gravity::wired_gravity_16,wired_gravity_16,expert,expert,5,End,5.460143704564392,1.2045431917526395,0.22054633578045427,0.7794536642195458,-0.46311819372167884,0.7315590968608394,0.19921178008192425,0.03641693636077431,0.6000000000000001,0.4896645447523488,1.1339022001592243,0.7331573592751326,0.6745600086010228,0.20777919656449512,1.0920287409128784,0.18710348447490857,0.17133404632149948,1.7180186434846267,4
gravity,gravity::wired_gravity_16,wired_gravity_16,expert,expert,5,Middle,5.743867514517036,1.193315151203799,0.2091187628637231,0.7908812371362769,-0.507082216329768,0.7535411081648841,0.27020330551374117,0.04700607429381023,0.6,0.5529006481425088,1.1400862206431306,0.7356567177387675,0.670566978978152,0.19893500215541024,1.1487735029034074,0.11799927318381341,0.10376303803684848,1.731961703305309,6
gravity,gravity::wired_gravity_16,wired_gravity_16,expert,joint,3,Beginning,3.229844936027932,1.096564832562702,0.34364289498093503,0.656357105019065,-0.46654435424769064,0.7332721771238453,0.1873063219512484,0.05377658085254724,0.7272727272727273,0.5328403090900824,1.0853161287861715,0.6640529856310537,0.7384811953672582,0.33734478894365727,1.076614978675977,0.11372929036104558,0.10331058588325161,1.7187027598934912,11
gravity,gravity::wired_gravity_16,wired_gravity_16,expert,joint,3,End,3.4058612165108673,1.0856229805328836,0.31853451308554476,0.6814654869144552,-0.516489687806676,0.7582448439033379,0.21153780226537605,0.061510612611730964,0.606060606060606,0.48749567799890203,1.1146479582607471,0.6827575726461176,0.72542426136309,0.3274727580965167,1.135287072170289,0.05731882326487093,0.05061690505795717,1.7425411934923554,11
gravity,gravity::wired_gravity_16,wired_gravity_16,expert,joint,3,Middle,3.0792003241554795,1.1212392548217458,0.36515580048612695,0.634844199513873,-0.40729802295758366,0.7036490114787918,0.11687309342609184,0.03780104401071492,0.6923076923076923,0.5205911362635658,1.0721882802700884,0.656870046085463,0.7494663103880179,0.34837739731676365,1.0264001080518264,0.11068847813181162,0.10813586100657516,1.6793583880240206,13
gravity,gravity::wired_gravity_16,wired_gravity_16,expert,joint,5,Beginning,5.3014868382324405,1.1478073284142014,0.2172051425070197,0.7827948574929803,-0.4563006622093974,0.7281503311046987,0.27287505935328793,0.05047224443875213,0.62,0.5410780131904694,1.0902535685149335,0.7018839847558208,0.7019027745387587,0.20584487225706996,1.0602973676464882,0.14064066161030955,0.13160987641907276,1.7114352806460331,10
gravity,gravity::wired_gravity_16,wired_gravity_16,expert,joint,5,End,5.639128963605618,1.1421450520500587,0.20231217077135902,0.7976878292286409,-0.5147540692180622,0.757377034609031,0.2747023894562844,0.04850043977118514,0.58,0.524710358447514,1.11214543835022,0.7184391684780731,0.6902188838711126,0.19734489569333444,1.1278257927211235,0.07651135776767326,0.06884385304121929,1.7429490730361057,10
gravity,gravity::wired_gravity_16,wired_gravity_16,expert,joint,5,Middle,5.171766822320134,1.094817774587442,0.2117297949192935,0.7882702050807064,-0.41179592759514727,0.7058979637975736,0.27247695749340806,0.05263189043119055,0.5846153846153845,0.5249813457135342,1.0830604496939582,0.6992323414705753,0.7093384890857395,0.2094596264436379,1.0343533644640268,0.12054269727939237,0.11670697084250406,1.6808493397243336,13
gravity,gravity::wired_gravity_16,wired_gravity_16,expert,partner,3,Beginning,2.94740769428266,1.0598322880743976,0.3596091452209452,0.6403908547790548,-0.4569852807926712,0.7284926403963355,0.05465861489615971,0.018751494023486907,0.8666666666666666,0.5265944398963217,1.010691608836486,0.6190086354430924,0.7840153411491649,0.3428668265393742,0.9824692314275533,0.05364353176933463,0.05495945412288054,1.710828259223333,5
gravity,gravity::wired_gravity_16,wired_gravity_16,expert,partner,3,End,3.199386433705858,1.1541283938295035,0.36267719014964495,0.637322809850355,-0.43698916646096997,0.718494583230485,0.06709770389121758,0.01995875210109346,0.7333333333333333,0.5444316542970842,1.1018959369785026,0.6749453226523139,0.7339664627081914,0.3452417275623813,1.0664621445686193,0.0972800185868058,0.09023999360259369,1.6970536196577584,5
gravity,gravity::wired_gravity_16,wired_gravity_16,expert,partner,3,Middle,3.3625526770369665,1.0748564717571856,0.32014023538702935,0.6798597646129706,-0.5869674452865705,0.7934837226432853,0.17278456041049506,0.051811367874121377,0.611111111111111,0.4845399069227454,1.074526291766879,0.6588087535248779,0.7483713357342837,0.3197314502149236,1.1208508923456557,0.0671374696954751,0.059982076491196336,1.783097066711324,6
gravity,gravity::wired_gravity_16,wired_gravity_16,expert,partner,5,Beginning,4.947043454264417,1.096497717158707,0.2217525804845082,0.7782474195154918,-0.48756935401049795,0.743784677005249,0.196382125669528,0.03934764288779943,0.7,0.538534659399692,1.0239215561767798,0.6618176230151818,0.7482183055153484,0.20706499227339936,0.9894086908528834,0.06831441348566387,0.06901667394909422,1.7221785174553657,4
gravity,gravity::wired_gravity_16,wired_gravity_16,expert,partner,5,End,5.399513205103389,1.0540661119239654,0.195264320432161,0.804735679567839,-0.45409743380986534,0.7270487169049327,0.19972352274714525,0.03656662157099286,0.55,0.5424080654184776,1.109525842540081,0.7169304319467932,0.6947962278240081,0.20558167813942926,1.079902641020678,0.12633797285935228,0.11760562577464076,1.7219385978515833,4
gravity,gravity::wired_gravity_16,wired_gravity_16,expert,partner,5,Middle,5.575803656418317,1.1095873024623855,0.19948046663913463,0.8005195333608653,-0.5774901274143357,0.7887450637071679,0.2242527883827237,0.04021213407366158,0.5666666666666667,0.5324600133596625,1.0792043870944374,0.6968116840779333,0.7131231798167731,0.19364268406824015,1.1151607312836636,0.09419975396243863,0.08482994741168759,1.780558847312667,6
hacking,hacking::wired_hacking_12,wired_hacking_12,child,expert,3,Beginning,2.5142831007808386,1.107603969569595,0.4404131261222698,0.5595868738777302,-0.31597341488547454,0.6579867074427372,0.0,0.0,1.0,0.5479595501982587,0.9298984749395619,0.5698792017863546,0.818935725876802,0.3697785412383743,0.8380943669269463,0.055382476478226084,0.06595841357771176,1.6148496873058074,2
hacking,hacking::wired_hacking_12,wired_hacking_12,child,expert,3,End,3.610064773469799,1.1977060097016636,0.33176532474615406,0.6682346752538459,-0.6587017031481002,0.82935085157405,0.2521952934998116,0.06979996212399596,0.6666666666666666,0.48955864932332666,1.1237515603375432,0.6915913530206972,0.7177627316787436,0.311284456209455,1.2033549244899329,0.00905785684711791,0.007525832550766046,1.8171114188802988,2
hacking,hacking::wired_hacking_12,wired_hacking_12,child,expert,3,Middle,3.117471741132411,1.1142448451243558,0.35609558177775275,0.6439044182222472,-0.5030330187319163,0.7515165093659583,0.1097561177314692,0.03760149019120001,0.5555555555555555,0.4472097617976967,1.0497590143704365,0.6425057157148414,0.7580062857660623,0.3363343677495416,1.0391572470441373,0.0932327927329036,0.08868953808093481,1.7336342452506823,3
hacking,hacking::wired_hacking_12,wired_hacking_12,child,expert,5,Beginning,4.389942532538141,1.1713889787356182,0.26683469545519406,0.7331653045448059,-0.4075039582385012,0.7037519791192506,0.23246603136747002,0.052954231096292895,0.8,0.5221572340084661,0.9732679112146918,0.6295102370283618,0.7733554066672844,0.22170402095263322,0.8779885065076283,0.0802729690525256,0.09142826865903643,1.661518650077329,1
hacking,hacking::wired_hacking_12,wired_hacking_12,child,expert,5,End,5.828987963893638,1.381281627172439,0.2369676581472597,0.7630323418527403,-0.5598133026318817,0.7799066513159408,0.05083884007280148,0.00872172671958002,0.8,0.5283105780119685,1.1861749197550777,0.7685639342712681,0.6365559798709927,0.20349586019092386,1.1657975927787276,0.08099859877937263,0.06947912680648882,1.7885173940592407,1
hacking,hacking::wired_hacking_12,wired_hacking_12,child,expert,5,Middle,5.172993246872353,1.1696678455848337,0.2263991132235471,0.7736008867764529,-0.5054856377863136,0.7527428188931568,0.2650726854768357,0.04967562258485978,0.4666666666666666,0.4678733290536817,1.0725480180913394,0.6938033911057998,0.7138215077342981,0.20761720697603606,1.0345986493744705,0.14024546516253733,0.13667430151347063,1.7380310401225216,3
hacking,hacking::wired_hacking_12,wired_hacking_12,child,joint,3,Beginning,3.187532016001491,1.1667894681205833,0.36848726354265304,0.631512736457347,-0.5352631977494361,0.7676315988747181,0.13744506836208167,0.04117768415906367,0.7333333333333333,0.5326775021884566,1.057507198911435,0.6473883133069617,0.7547431933069493,0.33300103141065723,1.0625106720004969,0.11469382086136723,0.10527242059981808,1.748912017268347,5
hacking,hacking::wired_hacking_12,wired_hacking_12,child,joint,3,End,3.5458828945359087,1.2615343735447664,0.3582844833864739,0.641715516613526,-0.45188156002035723,0.7259407800101786,0.07893342420818587,0.021465634981089977,0.7333333333333333,0.5248979181921363,1.2206955242107493,0.7499318618642014,0.6586022602600864,0.3454408190862222,1.1819609648453029,0.13994220341142577,0.12238327096825463,1.736175350211407,5
hacking,hacking::wired_hacking_12,wired_hacking_12,child,joint,3,Middle,3.1559371034036565,1.147708952453189,0.36510556616348727,0.6348944338365127,-0.3928123360892893,0.6964061680446446,0.11493823041430423,0.03607623029141873,0.6666666666666666,0.5155029461092125,1.103026241864392,0.6772173704842538,0.7290174853326595,0.35001963481289655,1.0519790344678854,0.13195760459116593,0.1254241948751522,1.6634963168555874,6
hacking,hacking::wired_hacking_12,wired_hacking_12,child,joint,5,Beginning,5.255804446693184,1.1945804010848762,0.22759501706411847,0.7724049829358816,-0.5339608473169271,0.7669804236584634,0.15249320614162998,0.029102716861906082,0.75,0.5687816330909297,1.062562880792723,0.6856328939769221,0.7213533743627639,0.20229550763458037,1.0511608893386368,0.14688522526132874,0.1399300747401041,1.7608507315901285,4
hacking,hacking::wired_hacking_12,wired_hacking_12,child,joint,5,End,5.8209830636047775,1.178503543482056,0.20269888003515024,0.7973011199648498,-0.4194126148439429,0.7097063074219715,0.2895108457408626,0.04996081184826728,0.65,0.5192651323977502,1.2053217110864305,0.7812616975708653,0.619758564290811,0.20739051117530144,1.1641966127209555,0.17146762836988935,0.14873029250333275,1.703301271600991,4
hacking,hacking::wired_hacking_12,wired_hacking_12,child,joint,5,Middle,5.236446404542907,1.186049144014044,0.22652215889937077,0.7734778411006292,-0.3986448927430162,0.6993224463715081,0.1940866593534043,0.03691793408584267,0.6666666666666666,0.5193911506151445,1.1186482177247419,0.7236138985998427,0.6817387464168331,0.21350632373423725,1.0472892809085812,0.14565933399839037,0.13854845440572724,1.6813916398827387,6
hacking,hacking::wired_hacking_12,wired_hacking_12,child,partner,3,Beginning,3.497831301412834,1.3129762610714804,0.3753686635891064,0.6246313364108935,-0.5104560286612129,0.7552280143306065,0.0,0.0,1.0,0.5436877366529791,1.1814645771525647,0.7232172487825683,0.6888151850197344,0.33777059993583763,1.1659437671376114,0.05540653965953547,0.047520764912666734,1.71446210806796,1
hacking,hacking::wired_hacking_12,wired_hacking_12,child,partner,3,End,4.052008398416294,1.300118756830148,0.32078421077478986,0.6792157892252101,-0.5416586653558687,0.7708293326779343,0.07391854404897746,0.018360230983782727,0.6666666666666666,0.5133109146719793,1.3222963714667266,0.8100151136476398,0.585741481782907,0.32642242873580823,1.3506694661387644,0.03867423851178529,0.028733742904255705,1.7575503184415697,2
hacking,hacking::wired_hacking_12,wired_hacking_12,child,partner,3,Middle,3.6706880726676907,1.2099015615562896,0.3300561720165914,0.6699438279834086,-0.5045138405906976,0.7522569202953487,0.10491974227609673,0.0275949174147108,0.5555555555555555,0.45720517800140276,1.221633690208458,0.7479240417913958,0.6588189642817252,0.33297130805355596,1.2235626908892303,0.09488968803959526,0.07558204040968688,1.7410234553155206,3
hacking,hacking::wired_hacking_12,wired_hacking_12,child,partner,5,End,6.521649344075772,1.3896978415739167,0.21308993603532364,0.7869100639646763,-0.5203822818676139,0.7601911409338069,0.1099877364701658,0.016865018443544193,0.6,0.5112607487780532,1.316022779711474,0.8507944720681134,0.5250856917596717,0.20179293768790887,1.3043298688151546,0.10265368444007539,0.07870224158350785,1.7826958097214227,1
hacking,hacking::wired_hacking_12,wired_hacking_12,child,partner,5,Middle,6.214551284329846,1.268196263767378,0.20406289426833066,0.7959371057316694,-0.5152072049250087,0.7576036024625044,0.20390336861633376,0.03315560921930106,0.5333333333333333,0.4854462890652162,1.245093065191704,0.8033268597539373,0.5911202204270869,0.20038693962851506,1.242910256865969,0.12175837343085033,0.09803586107893814,1.7322745688741434,3
hacking,hacking::wired_hacking_13,wired_hacking_13,teenager,expert,3,Beginning,3.2994238791713375,1.0906561508349972,0.3305416164903675,0.6694583835096324,-0.5146490578092989,0.7573245289046495,0.0,0.0,1.0,0.5762110451127299,1.0930162508026098,0.6690184994299323,0.7410862093179467,0.3314011991964407,1.0998079597237793,0.07439049669100004,0.06774003986890353,1.7412354387284728,2
hacking,hacking::wired_hacking_13,wired_hacking_13,teenager,expert,3,End,3.201934581343404,1.1391962527495259,0.35578373755267806,0.644216262447322,-0.5124227039788869,0.7562113519894434,0.04026454996975559,0.012575069523394882,0.6666666666666666,0.4832029693061751,1.076166871282794,0.659027062521021,0.751558956135097,0.336098956410058,1.067311527114468,0.05044483132294707,0.04726345592774331,1.7439245088137398,1
hacking,hacking::wired_hacking_13,wired_hacking_13,teenager,expert,3,Middle,2.9593478019922874,1.0469674874620276,0.35389998493763936,0.6461000150623607,-0.5426350952469692,0.7713175476234846,0.14637031346670357,0.05032337337699915,0.6666666666666666,0.49881968364927226,0.9725557720752166,0.5958761443087742,0.798916677032209,0.328697085024501,0.9864492673307624,0.04913299444715704,0.04957765741123595,1.7435326061001986,3
hacking,hacking::wired_hacking_13,wired_hacking_13,teenager,expert,5,Beginning,5.342139789635854,1.094727829644032,0.20492309687737578,0.7950769031226242,-0.4772595586871704,0.7386297793435852,0.0703611377350506,0.01317096528839556,0.8,0.5934830866779625,1.0831867956821002,0.6982400551139784,0.7130332661920089,0.20276272024621345,1.0684279579271707,0.11721671422117283,0.10970951607123977,1.7102980010792614,1
hacking,hacking::wired_hacking_13,wired_hacking_13,teenager,expert,5,Middle,5.074923969056408,1.1379968637757478,0.22424625666950013,0.7757537433304998,-0.5322220967655222,0.766111048382761,0.254623950906926,0.05010200259652129,0.5333333333333333,0.5377791341579276,1.0321519015569873,0.665554792994797,0.7409436236854993,0.20338485044275045,1.0149847938112815,0.06781515377725171,0.06679616648482088,1.7300198280138555,3
hacking,hacking::wired_hacking_13,wired_hacking_13,teenager,joint,3,Beginning,3.31352809463048,1.1941907543779,0.36228634330805337,0.6377136566919466,-0.3869600571243185,0.6934800285621593,0.12711204956491998,0.03781445505263152,0.6,0.47922030734581184,1.1603646384820694,0.7117827382059181,0.6959338303211704,0.3508253583677436,1.1045093648768267,0.18319296496748247,0.1678299043433566,1.6779160704487475,5
hacking,hacking::wired_hacking_13,wired_hacking_13,teenager,joint,3,End,3.422324153117681,1.2209011602180744,0.3581716077715912,0.6418283922284088,-0.44894063970257625,0.7244703198512881,0.087101852680376,0.025333638719256237,0.6,0.5300224496717272,1.1769482810825314,0.720881109106134,0.6848448351520355,0.3442236657135533,1.1407747177058936,0.18856947150029502,0.16674707747599185,1.7213363129368937,5
hacking,hacking::wired_hacking_13,wired_hacking_13,teenager,joint,3,Middle,3.619563264743163,1.1907454383171205,0.32877525061749824,0.6712247493825018,-0.5678211205328265,0.7839105602664131,0.17366464999944503,0.04781796794946873,0.6666666666666666,0.5044902341234184,1.1708124449476707,0.7171311367360336,0.6927248204535448,0.32350828246261015,1.206521088247721,0.03734290833502298,0.030858846933922386,1.7675113934821511,5
hacking,hacking::wired_hacking_13,wired_hacking_13,teenager,joint,5,Beginning,5.528808797936289,1.1228393569266633,0.2028724862505466,0.7971275137494533,-0.39028555963835276,0.6951427798191764,0.5627804299977607,0.10035562071669037,0.5,0.5219752630519235,1.1118225188561681,0.7326698957218165,0.6760322106160557,0.20126244583910008,1.1057617595872578,0.19093349147850158,0.172797621719295,1.6823601147587353,4
hacking,hacking::wired_hacking_13,wired_hacking_13,teenager,joint,5,End,5.701915566226227,1.232884289563207,0.2158005522551732,0.7841994477448269,-0.4571485512290992,0.7285742756145496,0.19662576279576335,0.035230763678083865,0.55,0.5137971809275473,1.1836029196262405,0.7640927782304177,0.6362984715669147,0.20761301507731333,1.1403831132452455,0.18694491624326753,0.16418375058413742,1.7159802614084996,4
hacking,hacking::wired_hacking_13,wired_hacking_13,teenager,joint,5,Middle,5.880727298510342,1.1599809774236234,0.1972655478890802,0.8027344521109198,-0.5479695586876584,0.7739847793438293,0.41147116728003796,0.0690002250165322,0.6799999999999999,0.5163630510209435,1.1549007082576206,0.7459776734212676,0.657479522313411,0.19654130261050168,1.1761454597020684,0.09366137259330656,0.08145620231415651,1.7784921045093636,5
hacking,hacking::wired_hacking_13,wired_hacking_13,teenager,partner,3,Beginning,3.993467171712326,1.260219015007051,0.31557014514449905,0.684429854855501,-0.8197508234939098,0.909875411746955,1.3666240783526376,0.34221492742775045,0.6666666666666666,0.8144938995524973,1.0621809654636505,0.7051118867717574,0.6997909441089349,0.26597964119690176,1.3311557239041087,0.05015982789616564,0.03768141247145248,1.9201447325777785,1
hacking,hacking::wired_hacking_13,wired_hacking_13,teenager,partner,3,End,3.9339807677066867,1.340731200570435,0.340963821534781,0.659036178465219,-0.5379289814759941,0.7689644907379971,0.21955044892127468,0.054881202991531194,0.5,0.4768913105335949,1.2959384401982659,0.7939540218457781,0.6041589740848894,0.3296351036952144,1.3113269225688957,0.06787656931056446,0.052117760432805985,1.7605907672895762,2
hacking,hacking::wired_hacking_13,wired_hacking_13,teenager,partner,3,Middle,3.863277330738082,1.3338975548685814,0.34587496676801005,0.65412503323199,-0.5717591321751638,0.785879566087582,0.019543710397197305,0.00502789164861722,0.7777777777777777,0.5095542251318631,1.2239391719753059,0.7657863684065944,0.6350738571496393,0.31769362712402943,1.2877591102460273,0.054397564577979195,0.042439737502661695,1.7674820795823836,3
hacking,hacking::wired_hacking_13,wired_hacking_13,teenager,partner,5,End,6.487848797991957,1.310385159439901,0.2019752926186375,0.7980247073813624,-0.5396320393935143,0.7698160196967572,0.4438995649941325,0.06842014646388232,0.6,0.510233360413793,1.2950524380400614,0.8369966696760169,0.5446249090528354,0.19961199441653002,1.2975697595983913,0.07364054193606445,0.05675266504273097,1.748124285691427,1
hacking,hacking::wired_hacking_13,wired_hacking_13,teenager,partner,5,Middle,6.47600238809446,1.3265752233181913,0.20484200894542814,0.7951579910545719,-0.5821769895938541,0.7910884947969271,0.19855538413741977,0.030658061717441,0.6,0.524941662870241,1.2295202539679913,0.8115110961526953,0.5803735592456031,0.18984088397164112,1.2952004776188921,0.07189392838059351,0.05550437015964325,1.7754719244982737,3
hacking,hacking::wired_hacking_14,wired_hacking_14,undergraduate,expert,3,Beginning,3.1555893380842406,1.2730405707210108,0.4032313370398568,0.5967686629601432,-0.29248546492896044,0.6462427324644802,0.023682650441988695,0.007569340029154349,0.8333333333333333,0.5563636287586347,1.1492288640649515,0.7041317105599849,0.7063821431909494,0.3641561953690414,1.0518631126947469,0.08722399612519222,0.08282801997414482,1.5872300675061104,2
hacking,hacking::wired_hacking_14,wired_hacking_14,undergraduate,expert,3,End,3.279809136174742,1.273417590068385,0.3883758968550259,0.6116241031449742,-0.3397265361921701,0.6698632680960851,0.034174643657290504,0.010211520925201943,0.6666666666666666,0.5868919948300236,1.172344708300062,0.7175528927018404,0.6918953110011479,0.357448435681644,1.0932697120582473,0.04619592830191726,0.041230434158590325,1.626383653346747,2
hacking,hacking::wired_hacking_14,wired_hacking_14,undergraduate,expert,3,Middle,3.4189837992151104,1.1484837560118428,0.336343972471645,0.6636560275283551,-0.5726087457260998,0.7863043728630498,0.19955024812167252,0.05679559268139155,0.7777777777777777,0.47773690997927915,1.110510212552786,0.6816370117942161,0.7283525276915365,0.32522413408950235,1.1396612664050367,0.07382520659054159,0.06502751474007189,1.7899658834751022,3
hacking,hacking::wired_hacking_14,wired_hacking_14,undergraduate,expert,5,Beginning,5.4282808664279,1.3398433997378831,0.2468264691358117,0.7531735308641883,-0.36707753893645545,0.6835387694682278,0.0,0.0,1.0,0.5387475714952175,1.199084664184923,0.7752817583542787,0.6292124576285382,0.220895840449388,1.08565617328558,0.0844636023152632,0.07779958737732447,1.642981609273566,1
hacking,hacking::wired_hacking_14,wired_hacking_14,undergraduate,expert,5,End,5.527353212714141,1.2516228617555003,0.2264416283143421,0.7735583716856579,-0.4884677722065845,0.7442338861032922,0.018058052448084894,0.003267034284428822,0.6,0.5186686991987961,1.1553924298793552,0.7488843963753044,0.6597038411333525,0.20903177079794644,1.1054706425428282,0.07210049052841357,0.0652215334842058,1.7372597138016663,1
hacking,hacking::wired_hacking_14,wired_hacking_14,undergraduate,expert,5,Middle,5.605490797965628,1.1781131883409806,0.21035781590076522,0.7896421840992348,-0.49816430905212994,0.749082154526065,0.2867747535268929,0.05138362621724422,0.6666666666666666,0.5309832552249392,1.1422897308339273,0.740438683992433,0.6694366598112289,0.20382820444662875,1.1210981595931255,0.08965589776061685,0.08010467271486627,1.7435215975099914,3
hacking,hacking::wired_hacking_14,wired_hacking_14,undergraduate,joint,3,Beginning,3.3103837219444463,1.1775482174915324,0.3567488739130945,0.6432511260869055,-0.4495264205290229,0.7247632102645114,0.11139110943950184,0.032844523682026505,0.6666666666666666,0.514351758221983,1.1356245161378415,0.6954133839441926,0.7131141766791457,0.343288850612619,1.1034612406481488,0.09349075757382594,0.08519363802209301,1.7085214938242277,5
hacking,hacking::wired_hacking_14,wired_hacking_14,undergraduate,joint,3,End,3.1287265957967447,1.193850972048871,0.3813115312838534,0.6186884687161467,-0.38348167246019277,0.6917408362300964,0.04931758841202436,0.016115959041536572,0.8,0.5822897294390891,1.103775189914945,0.6755948006436124,0.7314831057826902,0.35286550907199343,1.0429088652655816,0.09259992492700693,0.08747164665852933,1.659321333982825,5
hacking,hacking::wired_hacking_14,wired_hacking_14,undergraduate,joint,3,Middle,3.595427845487657,1.2127442580666872,0.3386679658685808,0.6613320341314192,-0.4607959532503383,0.7303979766251691,0.11084181496535526,0.029754359637494593,0.611111111111111,0.49370949556239335,1.2181057977461511,0.7460248316873996,0.6617054862836513,0.3390396022995685,1.1984759484958858,0.100025721351639,0.08391776071323583,1.7150261463795615,6
hacking,hacking::wired_hacking_14,wired_hacking_14,undergraduate,joint,5,Beginning,5.531624691438762,1.2147518324824225,0.219603667631244,0.7803963323687559,-0.45143758202524914,0.7257187910126246,0.17371955531376493,0.03151768149347803,0.65,0.5375194611568793,1.1410868403820018,0.737299366735037,0.6717074545149431,0.20628237183387946,1.1063249382877525,0.11335958947927381,0.10235034693086492,1.6987700071189886,4
hacking,hacking::wired_hacking_14,wired_hacking_14,undergraduate,joint,5,End,5.35346288633251,1.3088425124086482,0.24498212796531238,0.7550178720346876,-0.37364934123960203,0.686824670619801,0.08905541190657984,0.01651813198646808,0.75,0.5739686907057142,1.167693913894285,0.7533084730776306,0.6494442337087534,0.21831003004869057,1.0706925772665021,0.11625509697201075,0.10653527909166961,1.6492093089531954,4
hacking,hacking::wired_hacking_14,wired_hacking_14,undergraduate,joint,5,Middle,5.857685990823154,1.2295689025047325,0.2103960812470659,0.7896039187529341,-0.45822103743228665,0.7291105187161433,0.199624513162973,0.03309743496449354,0.5666666666666667,0.5109370334928269,1.1985709935671374,0.7741871303214521,0.6277460234217282,0.20487332956798218,1.171537198164631,0.11477165032832969,0.09792599178642136,1.7243526189350427,6
hacking,hacking::wired_hacking_14,wired_hacking_14,undergraduate,partner,3,Beginning,3.8700280126258404,1.3650400120418174,0.35272096418641385,0.6472790358135861,-0.6895989768961501,0.8447994884480751,0.2758828226033765,0.07128703505590082,0.6666666666666666,0.5570880131853235,1.2097249080304602,0.7452236040099769,0.6642058259318289,0.3125881528722201,1.2900093375419468,0.0999332832302907,0.07746710068061131,1.812778487510951,1
hacking,hacking::wired_hacking_14,wired_hacking_14,undergraduate,partner,3,End,3.9409374249632108,1.3428044896689393,0.34094411349560116,0.6590558865043988,-0.5279494025814824,0.7639747012907412,0.0,0.0,1.0,0.5641456129087983,1.3081379966266775,0.8009881319917225,0.5959860274058054,0.3321183676184001,1.3136458083210703,0.08762750180922058,0.0677161314327327,1.7586733080587247,2
hacking,hacking::wired_hacking_14,wired_hacking_14,undergraduate,partner,3,Middle,3.863799064432804,1.3595443126129174,0.3524491814775117,0.6475508185224883,-0.551498795545219,0.7757493977726094,0.0936129989601721,0.023609078076429757,0.7777777777777777,0.4701088741422627,1.2760221084845904,0.781654402700437,0.6197499033386723,0.3302923794167456,1.2879330214776012,0.0558904947114239,0.04264128005137991,1.7616608405310397,3
hacking,hacking::wired_hacking_14,wired_hacking_14,undergraduate,partner,5,End,6.438504321032862,1.2554083278163082,0.19498446614615556,0.8050155338538445,-0.5333177169483381,0.766658858474169,0.09596469078050851,0.014904811116926283,0.8,0.5412816549285411,1.2970419198774124,0.8377199108949424,0.5448064091567886,0.20145081143151916,1.2877008642065724,0.10972895251541848,0.08521307670553509,1.791429091207748,1
hacking,hacking::wired_hacking_14,wired_hacking_14,undergraduate,partner,5,Middle,6.516526436247795,1.3198722511168681,0.20258723875143447,0.7974127612485655,-0.5676550308077579,0.7838275154038791,0.2813641037848647,0.04322198396005003,0.6,0.4986111603266747,1.2820206359186794,0.8284851069646001,0.5565906051136033,0.19672966973961128,1.3033052872495592,0.08599579142419578,0.06599603824676635,1.7628520831868897,3
hacking,hacking::wired_hacking_15,wired_hacking_15,graduate,expert,3,Beginning,3.6876916203834313,1.2301099074459962,0.33247546115585946,0.6675245388441404,-0.5254470104527919,0.7627235052263959,0.08185084176044977,0.023356681271556105,0.8333333333333333,0.6022369001179658,1.2176806643791758,0.7460187382680127,0.6609071470238905,0.33037461599956175,1.2292305401278103,0.14227801879155302,0.11708543424456061,1.760868559594627,2
hacking,hacking::wired_hacking_15,wired_hacking_15,graduate,expert,3,End,3.461023006550228,1.2839377768549363,0.37095627017926014,0.6290437298207399,-0.45965996650589064,0.7298299832529453,0.006198123567700331,0.001788029720495607,0.8333333333333333,0.54133581696531,1.189280756945478,0.7281161865715622,0.6839361720030996,0.3436168964379686,1.1536743355167425,0.018784558873803908,0.016279797373821465,1.7042441145545855,2
hacking,hacking::wired_hacking_15,wired_hacking_15,graduate,expert,3,Middle,3.589123164506368,1.2722271267461112,0.3561845951502922,0.6438154048497078,-0.4195377191251398,0.70976885956257,0.07222437837245599,0.019815211376797842,0.75,0.5144291149212391,1.2354497539319693,0.7562883898662576,0.6504659949090013,0.3448156106978338,1.1963743881687894,0.09848015158817602,0.08310541377886185,1.6837446599094874,4
hacking,hacking::wired_hacking_15,wired_hacking_15,graduate,expert,5,Beginning,6.106435397404921,1.3930291749281667,0.2281247707165081,0.7718752292834918,-0.44543549509246416,0.7227177475462321,0.06534162921889908,0.010700453696221465,0.8,0.5520810783509172,1.2822514666617097,0.828337137823847,0.5539264441310724,0.20998362927193726,1.2212870794809843,0.1492183332822815,0.12218121012603808,1.6815152929114476,1
hacking,hacking::wired_hacking_15,wired_hacking_15,graduate,expert,5,End,5.965098222587416,1.3921938133714489,0.2333899227509404,0.7666100772490596,-0.4506975786376502,0.7253487893188251,0.0,0.0,1.0,0.5525132407325619,1.257224465668776,0.8111147048049375,0.5816755496368968,0.21076341390459843,1.1930196445174832,0.07072485820458377,0.05928222433687455,1.6835115305480395,1
hacking,hacking::wired_hacking_15,wired_hacking_15,graduate,expert,5,Middle,5.976942659084973,1.2707707020271675,0.2126793589944784,0.7873206410055216,-0.44178119493228185,0.7208905974661409,0.1280316521156165,0.02134310541322384,0.65,0.5268561621077366,1.2379200711795901,0.7985860619561027,0.5974499557088464,0.20714565277950525,1.1953885318169946,0.112384235700412,0.09403142922006212,1.7036384433460396,4
hacking,hacking::wired_hacking_15,wired_hacking_15,graduate,joint,3,Beginning,3.2928874716125933,1.2195458199000326,0.37166828399340096,0.628331716006599,-0.46080485219698136,0.7304024260984906,0.03361348432786193,0.01009977428859146,0.8888888888888888,0.5539894972915979,1.137051927892282,0.6974203611708463,0.7100793365839434,0.34581750576949594,1.0976291572041978,0.13847455338669648,0.1270497529206256,1.7149717980127681,6
hacking,hacking::wired_hacking_15,wired_hacking_15,graduate,joint,3,End,3.4997191396433567,1.2225040209181437,0.3493995628999443,0.6506004371000557,-0.5362304558738663,0.7681152279369332,0.08457515289179181,0.024134731973113204,0.7222222222222222,0.5234866712602122,1.1602576401999436,0.7111624559856358,0.7023039881216011,0.33175059632658255,1.1665730465477855,0.03779075759106849,0.03293775505847967,1.7559949950543476,6
hacking,hacking::wired_hacking_15,wired_hacking_15,graduate,joint,3,Middle,3.5331532659665528,1.2419530117436273,0.35400856533817265,0.6459914346618273,-0.4974927570353132,0.7487463785176566,0.0788896442551187,0.02121820202245681,0.8095238095238094,0.5008182249928216,1.1864135430423322,0.7263752491727455,0.6815953442518323,0.33679092222148094,1.1777177553221843,0.08459470902622983,0.07327470483372094,1.7281227728997037,7
hacking,hacking::wired_hacking_15,wired_hacking_15,graduate,joint,5,Beginning,5.520018462592248,1.1740274373153432,0.21292763923678848,0.7870723607632115,-0.46705746851801583,0.7335287342590079,0.12438385733249709,0.022456276768798432,0.72,0.54497614679262,1.153478304654761,0.7462996818692892,0.6617884370876027,0.20899826092042292,1.1040036925184498,0.1554821844808181,0.1404449103828823,1.7252614609707853,5
hacking,hacking::wired_hacking_15,wired_hacking_15,graduate,joint,5,End,5.887374865577945,1.257119960611356,0.21348769806976806,0.7865123019302319,-0.5490178175808572,0.7745089087904287,0.17964631429754535,0.030422698077016398,0.64,0.5477631377126901,1.1773326246789466,0.7606745542935185,0.6476918698976073,0.2000050271047474,1.177474973115589,0.054111069761785036,0.04599970387700946,1.7622889886175233,5
hacking,hacking::wired_hacking_15,wired_hacking_15,graduate,joint,5,Middle,5.8862816006364325,1.207732330502915,0.20702123921530413,0.7929787607846958,-0.49797946124335507,0.7489897306216776,0.20387553021347107,0.033940408966626985,0.7142857142857143,0.5081975654740526,1.1979858098164615,0.7729017962288874,0.6293399809149908,0.2039844029570593,1.1772563201272865,0.11025593342285869,0.09440980002884691,1.7320921478437366,7
hacking,hacking::wired_hacking_15,wired_hacking_15,graduate,partner,3,Beginning,3.334887394737726,1.0833352837518433,0.3252124421561501,0.67478755784385,-0.5201113004561496,0.7600556502280749,0.03518254617972749,0.010609808840153032,0.6666666666666666,0.4968724254142276,1.1057733102350955,0.6774285632281329,0.7343972517302266,0.3317542559177714,1.111629131579242,0.09006848778422889,0.0821149089263759,1.7703099851437232,2
hacking,hacking::wired_hacking_15,wired_hacking_15,graduate,partner,3,End,3.2945069830537683,1.2012951147599282,0.3646983197221538,0.6353016802778463,-0.43840504493453175,0.7192025224672659,0.048839548823529734,0.014901091031929166,0.7777777777777778,0.5401568551938553,1.1375592873417517,0.6967072895622614,0.7149017064961555,0.345251982497462,1.098168994351256,0.08729283558672374,0.07954455043838982,1.690873969777753,3
hacking,hacking::wired_hacking_15,wired_hacking_15,graduate,partner,3,Middle,3.3834960489422308,1.2141202680166832,0.35916213614200193,0.640837863857998,-0.43085560852462085,0.7154278042623105,0.07030652405406886,0.02050242405148757,0.6666666666666666,0.5121038706907362,1.1655358663762976,0.7135851140871776,0.699170272315599,0.34454290956977296,1.127832016314077,0.027483739854788594,0.024295564025051994,1.6870502212607805,3
hacking,hacking::wired_hacking_15,wired_hacking_15,graduate,partner,5,Beginning,5.441676383539225,1.2280294520371118,0.22567116555329056,0.7743288344467094,-0.4644720127692299,0.732236006384615,0.12793555194360895,0.023510319785021955,0.6,0.49969744054535553,1.1329622411446247,0.7312071551022159,0.6789402318937409,0.2082009589125465,1.088335276707845,0.10234676525690399,0.09403973889966831,1.745654074403264,1
hacking,hacking::wired_hacking_15,wired_hacking_15,graduate,partner,5,End,5.569364190610713,1.2898690928363403,0.2316897243847139,0.7683102756152861,-0.44005363973231165,0.7200268198661559,0.09083292105037533,0.016207479810404712,0.7,0.5326025763503439,1.1871414982108568,0.7671982844720548,0.639319699535301,0.2131812104826059,1.1138728381221426,0.07863610286757536,0.07052514773952898,1.6905253084906828,2
hacking,hacking::wired_hacking_15,wired_hacking_15,graduate,partner,5,Middle,5.645695911985675,1.2443384381887217,0.22047464616866855,0.7795253538313315,-0.4436812855074599,0.7218406427537299,0.07201999978301776,0.012661644267740002,0.7999999999999999,0.5339306165483672,1.1811883903264155,0.7627864963820642,0.6452491637233614,0.2092513470063977,1.129139182397135,0.04728115706269465,0.04199222580581935,1.6985769613023454,3
hacking,hacking::wired_hacking_16,wired_hacking_16,expert,expert,3,Beginning,3.7215165486852,1.3503791746634632,0.36330359543591556,0.6366964045640845,-0.4601521546639657,0.7300760773319828,0.0,0.0,1.0,0.5848698227254545,1.2776300655651387,0.7821911558585394,0.619736503975622,0.34333283724968855,1.2405055162284002,0.08774152171799851,0.07100908172103415,1.7148984313848386,2
hacking,hacking::wired_hacking_16,wired_hacking_16,expert,expert,3,End,3.7170653750693283,1.2334123680744011,0.331824233263962,0.668175766736038,-0.5311898690526047,0.7655949345263023,0.16941454450487026,0.04557749929316496,0.6666666666666666,0.4488480338678056,1.2200795728637723,0.7473152505409365,0.6633218988578321,0.3282373188932724,1.239021791689776,0.0905148934072125,0.07305351206435878,1.7215582645865743,1
hacking,hacking::wired_hacking_16,wired_hacking_16,expert,expert,3,Middle,3.4570982131744015,1.1345024534184047,0.3281362612821743,0.6718637387178257,-0.5106942566063091,0.7553471283031546,0.1994303715907655,0.05798788045155485,0.7777777777777777,0.4885081275861361,1.1410905382605958,0.698320406663794,0.7109017262259076,0.33000420356156807,1.152366071058134,0.02680184078100258,0.023254792331550242,1.734788100466039,3
hacking,hacking::wired_hacking_16,wired_hacking_16,expert,expert,5,Beginning,6.069787478198863,1.358316039481209,0.2237831298640909,0.7762168701359091,-0.511247269611503,0.7556236348057515,0.2986093886407828,0.04919602040653185,0.6,0.5582267511539913,1.259376942686364,0.8126539840016784,0.5743476313502232,0.2074828727051361,1.2139574956397727,0.09196760011374196,0.07575850097228794,1.7326257963729452,1
hacking,hacking::wired_hacking_16,wired_hacking_16,expert,expert,5,Middle,5.905881965274474,1.193034549368605,0.2022138737929534,0.7977861262070466,-0.5106654194346363,0.7553327097173183,0.3100225840709994,0.05230604186042212,0.6666666666666666,0.5084345614756315,1.1732706960222021,0.756411604780161,0.6474828822910882,0.19868183039547738,1.1811763930548946,0.06608644104382323,0.055600150024839805,1.720471733835728,3
hacking,hacking::wired_hacking_16,wired_hacking_16,expert,joint,3,Beginning,3.36104656974587,1.232615529902174,0.3662976077631244,0.6337023922368756,-0.43817010745967144,0.7190850537298357,0.08519159121523157,0.02550128205018664,0.8666666666666666,0.5535957894252396,1.1587297854697813,0.7092082389958266,0.6995700510963594,0.34473772641001665,1.1203488565819568,0.052845433737251445,0.04934372651888225,1.6934795846426294,5
hacking,hacking::wired_hacking_16,wired_hacking_16,expert,joint,3,End,3.156765354746809,1.136007528460293,0.3595357476150337,0.6404642523849663,-0.4581552687511712,0.7290776343755856,0.13398633274810515,0.04176304451225875,0.7333333333333333,0.5196270398269386,1.076733007965752,0.6583768061890339,0.7454737636322928,0.3409130945053945,1.0522551182489361,0.08581020341255766,0.08138381927972507,1.7067778071074344,5
hacking,hacking::wired_hacking_16,wired_hacking_16,expert,joint,3,Middle,2.796817602982906,1.0751718740330074,0.38471687920896125,0.6152831207910388,-0.38720324308924836,0.6936016215446241,0.059863785906576594,0.021290334157510533,0.6666666666666666,0.5368087560940031,0.9903075972728832,0.6074112653387036,0.7910356204026303,0.3543036133633026,0.9322725343276353,0.07179538303278529,0.07735970006272437,1.6683690830376292,5
hacking,hacking::wired_hacking_16,wired_hacking_16,expert,joint,5,Beginning,5.477757315064122,1.3012101127976385,0.23754881451052756,0.7624511854894724,-0.43862642387279405,0.719313211936397,0.1502007722212664,0.026866370819965346,0.75,0.5681149552197754,1.1681137941453203,0.7543329618977745,0.6493377078575708,0.2132491458740043,1.0955514630128245,0.09329071544205586,0.08715725646368169,1.7097598662448978,4
hacking,hacking::wired_hacking_16,wired_hacking_16,expert,joint,5,End,5.186867894501235,1.1310664760476334,0.21812343578610405,0.781876564213896,-0.4698322561646514,0.7349161280823258,0.3250284068344273,0.06207615499451602,0.65,0.5111210574542256,1.0659866434769385,0.6866912111706027,0.7196531136583673,0.20553248374766994,1.037373578900247,0.09334278134025704,0.08975962234995444,1.7161059297552312,4
hacking,hacking::wired_hacking_16,wired_hacking_16,expert,joint,5,Middle,4.721940118127197,1.1226554066117669,0.23765687863634635,0.7623431213636536,-0.3932953972886682,0.6966476986443341,0.22019345931748419,0.04686517551427496,0.5599999999999999,0.5501178793978896,1.0219777880363772,0.6601418369017926,0.7454240834483542,0.21642951506028368,0.9443880236254394,0.0883617302930684,0.09342128354816999,1.6610793033344433,5
hacking,hacking::wired_hacking_16,wired_hacking_16,expert,partner,3,Beginning,3.3065625578178297,1.3508630046619527,0.4085399810350047,0.5914600189649952,-0.37390367538415675,0.6869518376920783,0.005330204186682508,0.0016120076646002376,0.6666666666666666,0.5581809101691602,1.1792767551390886,0.7212515891114151,0.6882889003617718,0.35664734433978285,1.1021875192726098,0.07758170478998246,0.07038884348933892,1.6181648981029624,1
hacking,hacking::wired_hacking_16,wired_hacking_16,expert,partner,3,End,2.7362601706726553,1.028242299137591,0.37496697120324796,0.625033028796752,-0.5028544686010572,0.7514272343005286,0.062162742378594316,0.023460713327432027,0.6666666666666666,0.46005694647766354,0.9289507572356912,0.568436445804467,0.8182005334155201,0.33923105828643185,0.9120867235575518,0.079052077704291,0.08381185306990888,1.7101095808127709,2
hacking,hacking::wired_hacking_16,wired_hacking_16,expert,partner,3,Middle,2.8303112625578115,0.9907409301998329,0.3526609391838004,0.6473390608161996,-0.3996923340235962,0.6998461670117981,0.07719240164391539,0.02667723032529047,0.8888888888888888,0.6026045571908744,0.9813474893229617,0.6012231328856973,0.7961756157975876,0.34750874778531604,0.9434370875192704,0.08631743008157909,0.08866129352921752,1.6834179411714933,3
hacking,hacking::wired_hacking_16,wired_hacking_16,expert,partner,5,End,4.6195216177952485,1.2916248367763137,0.27960142708299857,0.7203985729170015,-0.40193991674281476,0.7009699583714074,0.059029575106645416,0.012778287448477916,0.6,0.5261490388066544,1.0156684656415622,0.653749462963472,0.7490966249077929,0.21986442529655453,0.9239043235590497,0.11242298113967847,0.12168249273539973,1.633860511432334,1
hacking,hacking::wired_hacking_16,wired_hacking_16,expert,partner,5,Middle,4.798730383396478,1.0055328311704315,0.2085062178275008,0.7914937821724992,-0.4115896600835509,0.7057948300417755,0.2743484115055025,0.057550475210633334,0.7333333333333334,0.5987967265945962,0.9989203550568589,0.6442929877019901,0.7574984189730217,0.2079605893371206,0.9597460766792957,0.11847553292979153,0.12337630925302545,1.6717160648166722,3
infinity,infinity::wired_infinity_12,wired_infinity_12,child,expert,3,Beginning,3.29275865854893,1.146951560848783,0.3489703133019501,0.65102968669805,-0.5472938800889219,0.7736469400444609,0.22582619957252,0.06859944201295667,0.6666666666666666,0.5223680520892319,1.0856194611333427,0.6652838546581261,0.7434056271540942,0.32984862530669856,1.09758621951631,0.056727252388061394,0.05209659021470813,1.7690317580772323,3
infinity,infinity::wired_infinity_12,wired_infinity_12,child,expert,3,End,3.4639491029968665,1.1254129817895802,0.3260230450740817,0.6739769549259182,-0.46985840688658487,0.7349292034432924,0.19189873601246893,0.0550328859449114,0.6666666666666666,0.4711218778607993,1.1609136434311258,0.7103154123354944,0.7008382725002925,0.33543085001035444,1.1546497009989554,0.07174874827599764,0.06273982170660261,1.7283387212291768,2
infinity,infinity::wired_infinity_12,wired_infinity_12,child,expert,3,Middle,3.6037902432651916,1.1977990830381429,0.3335832167922792,0.6664167832077208,-0.5715178620198602,0.7857589310099301,0.1813614157766104,0.04905773017316277,0.75,0.49268241949636327,1.1657485687616638,0.714016305496551,0.6928642172064217,0.32384291618259387,1.2012634144217307,0.13658887416825935,0.11375789746806061,1.771277237188389,4
infinity,infinity::wired_infinity_12,wired_infinity_12,child,expert,5,Beginning,5.571860012401965,1.1830385798959377,0.2123534007577196,0.7876465992422804,-0.566149529422845,0.7830747647114225,0.4127396658157668,0.07536679853359612,0.6,0.5027574863481348,1.093833583335949,0.7062990381475192,0.7016729454825259,0.1963698048476608,1.114372002480393,0.08469671279572952,0.07593495071493223,1.7667187636352837,2
infinity,infinity::wired_infinity_12,wired_infinity_12,child,expert,5,End,5.912407440572965,1.272286270658999,0.21518920734862332,0.7848107926513767,-0.458961792405861,0.7294808962029304,0.24814253038348555,0.041969795362993174,0.8,0.5513164281302193,1.1852364054130093,0.7647201221386388,0.6397192391839652,0.2004659552519184,1.1824814881145929,0.11851278968059045,0.10022380127874402,1.6813967395992198,1
infinity,infinity::wired_infinity_12,wired_infinity_12,child,expert,5,Middle,5.94085784319997,1.1740500316609799,0.19755789696435638,0.8024421030356436,-0.5707228729910058,0.7853614364955028,0.2940163489391958,0.04936566870067077,0.65,0.5315271681811793,1.1562598930069499,0.7458554841028966,0.658434433810068,0.1946125799272292,1.1881715686399938,0.1339485689493854,0.11283188894085489,1.7845132186223018,4
infinity,infinity::wired_infinity_12,wired_infinity_12,child,joint,3,Beginning,3.2854455372312055,1.1961953619985963,0.36869245819766266,0.6313075418023374,-0.3904642055497969,0.6952321027748984,0.13160678886016255,0.03796938977988264,0.7142857142857143,0.5123833833023054,1.1527583957986245,0.708673591716178,0.7001931081228635,0.35265149785595973,1.095148512410402,0.14978819958160444,0.14210733758123875,1.6856700895779164,7
infinity,infinity::wired_infinity_12,wired_infinity_12,child,joint,3,End,3.2688086318393443,1.2061312711200038,0.37784848710043406,0.6221515128995659,-0.4401723999413361,0.720086199970668,0.09285647426069045,0.028192919207630212,0.6666666666666666,0.549353246750562,1.1406391789094077,0.7076026671980397,0.6951784840171058,0.3529444585820861,1.0896028772797814,0.25983385139604526,0.2639507481413917,1.751052087845405,7
infinity,infinity::wired_infinity_12,wired_infinity_12,child,joint,3,Middle,3.448296363292216,1.0893543168110047,0.32109750346248306,0.6789024965375169,-0.45388051154030234,0.7269402557701511,0.21717643189303865,0.05957166500871478,0.6666666666666666,0.4952854173157009,1.1504315554199056,0.7044599092581444,0.6993518397471566,0.33507254171371914,1.1494321210974052,0.13577476234013341,0.11725316599111638,1.7068307348490175,7
infinity,infinity::wired_infinity_12,wired_infinity_12,child,joint,5,Beginning,5.5063877343461485,1.2288390395600721,0.22421807332292717,0.7757819266770728,-0.39370216628154336,0.6968510831407717,0.27853380929500254,0.05022544824364808,0.7000000000000001,0.5203590246529072,1.1599078392575646,0.751248010490004,0.6552166046876425,0.21126204137370122,1.1012775468692297,0.1736776656231472,0.15941773507401627,1.6856283561692564,6
infinity,infinity::wired_infinity_12,wired_infinity_12,child,joint,5,End,5.387755952850004,1.2213623278605787,0.2269878173808364,0.7730121826191635,-0.4204175415234615,0.7102087707617307,0.2573637451123376,0.04706559200679261,0.6666666666666666,0.5346930772507736,1.1642784167212754,0.7623635286541125,0.6406348211574978,0.21638467094860606,1.0775511905700006,0.3618946875172828,0.33752050134562256,1.764026528263015,6
infinity,infinity::wired_infinity_12,wired_infinity_12,child,joint,5,Middle,5.801622973518931,1.187328995378791,0.20519383381349748,0.7948061661865025,-0.4640818632839154,0.7320409316419577,0.30162198983982413,0.052764035543827935,0.6285714285714287,0.5187947291615951,1.1558108192497925,0.745920658688818,0.654948515062694,0.1995946386691159,1.1603245947037863,0.15704707476254795,0.13689018083751966,1.7123924297891233,7
infinity,infinity::wired_infinity_12,wired_infinity_12,child,partner,3,Beginning,4.008333917268375,1.260811628158443,0.31430147781870876,0.6856985221812912,-0.6302909496217218,0.8151454748108609,0.23345041104398956,0.05817942722347237,0.5,0.5043362351953689,1.2597700193923962,0.772993241283056,0.6309084326331226,0.3142202784968406,1.3361113057561251,0.013613801117733316,0.010173836265887757,1.804565266299729,2
infinity,infinity::wired_infinity_12,wired_infinity_12,child,partner,3,End,3.7271098109696985,1.2900558370815183,0.3478631544220198,0.6521368455779802,-0.5263329838797971,0.7631664919398986,0.021506890632983017,0.005389157118217139,0.7777777777777777,0.5872765329185597,1.2473053290477358,0.7638576540400166,0.6371803090854843,0.3348267195302956,1.2423699369898995,0.09737860333410571,0.08330111043869076,1.7576462325199655,3
infinity,infinity::wired_infinity_12,wired_infinity_12,child,partner,3,Middle,3.4867209904994754,1.3084653692599244,0.3771956537643594,0.6228043462356406,-0.4083382369653652,0.7041691184826826,0.04993065708938205,0.013741209215393263,0.6666666666666666,0.5264434396698723,1.221810573856823,0.7488108962425711,0.6566147895243124,0.3510360324863612,1.1622403301664919,0.1690885556672033,0.14648505505799922,1.686448024116078,4
infinity,infinity::wired_infinity_12,wired_infinity_12,child,partner,5,Beginning,6.422571635607463,1.1363686966724003,0.17693359625173252,0.8230664037482674,-0.5536862741978392,0.7768431370989196,0.24574408175568108,0.03826256765954125,0.6,0.5861622362772576,1.2377871820558732,0.7998210818472641,0.5969461956547009,0.1927245427973806,1.2845143271214927,0.10688493674900772,0.08321038893239083,1.7865965303328972,1
infinity,infinity::wired_infinity_12,wired_infinity_12,child,partner,5,End,6.068603316025943,1.119588191869648,0.18446296835453244,0.8155370316454675,-0.5074383653334964,0.7537191826667482,0.2846084973566275,0.04690998115016233,0.8,0.5448192569280043,1.2260888640618113,0.7922362174499362,0.6036897736401365,0.2020329743899227,1.2137206632051885,0.17823899639997226,0.14691972599550857,1.7839476615620158,2
infinity,infinity::wired_infinity_12,wired_infinity_12,child,partner,5,Middle,5.975272503315719,1.30498178033465,0.21840305284742784,0.7815969471525721,-0.43484143890535903,0.7174207194526795,0.15004132712223667,0.025123018094423497,0.55,0.5193246290707342,1.245790142010991,0.8050838014369228,0.5872197214850078,0.20849282825660598,1.195054500663144,0.1751074940912942,0.1465216468944678,1.6864817040898632,4
infinity,infinity::wired_infinity_13,wired_infinity_13,teenager,expert,3,Beginning,2.423743639064128,1.0988631736704675,0.4533743404045685,0.5466256595954315,-0.1815117761925799,0.59075588809629,0.0,0.0,1.0,0.614479797597786,0.9532684440339976,0.5917518003510216,0.8055161051426237,0.3933041550558045,0.8079145463547093,0.11430220376933994,0.14147808612317814,1.6230355629148645,1
infinity,infinity::wired_infinity_13,wired_infinity_13,teenager,expert,3,End,2.77672395440098,1.1834620429834963,0.42620802874832525,0.5737919712516748,-0.2549168319740784,0.6274584159870392,0.03606419097446145,0.012988036105390082,0.6666666666666666,0.5779391897308481,1.0411817363556821,0.639878683169672,0.7663584431967428,0.37496767898208133,0.9255746514669934,0.04445088004114684,0.0480251700613173,1.608076288339576,1
infinity,infinity::wired_infinity_13,wired_infinity_13,teenager,expert,3,Middle,2.8171349377172024,0.9771897690734951,0.3478694101833821,0.652130589816618,-0.46331511182247925,0.7316575559112396,0.14862532976292642,0.05277460970000585,0.5555555555555555,0.4784971072302633,0.9559713603725606,0.5843270179814221,0.805332023174989,0.3397323424308049,0.9390449792390673,0.13149312190820567,0.14235978808416827,1.7053819470985019,3
infinity,infinity::wired_infinity_13,wired_infinity_13,teenager,expert,5,Middle,4.5506241355389045,1.0281427791603972,0.22682136030768332,0.7731786396923167,-0.39807007457236954,0.6990350372861848,0.24734163212418955,0.05413472076053808,0.5333333333333333,0.5129061255218407,0.9791125729807382,0.6321944988057119,0.7668116403000544,0.2153618592383596,0.9101248271077811,0.13398399806373879,0.14737691235127093,1.7012764554656952,3
infinity,infinity::wired_infinity_13,wired_infinity_13,teenager,joint,3,Beginning,3.4406340186544586,1.2604745637622823,0.36845001204990957,0.6315499879500904,-0.5579155171583678,0.7789577585791839,0.13799624664897733,0.04004701652388122,0.75,0.5444515895343318,1.1390184699317505,0.6981454050105309,0.7070792517030946,0.3316778831693369,1.146878006218153,0.10546360902514365,0.09610239694061704,1.7662015733430154,4
infinity,infinity::wired_infinity_13,wired_infinity_13,teenager,joint,3,End,2.9194015117818393,1.2244400716511732,0.4219462599649132,0.5780537400350869,-0.37359858580177696,0.6867992929008885,0.024322253823070322,0.007482754096188908,0.8333333333333333,0.6457557907866758,1.052108007355376,0.6444562804778918,0.7539487708990291,0.36138738488277855,0.9731338372606131,0.1288005546212235,0.13594410307799126,1.664128241660977,4
infinity,infinity::wired_infinity_13,wired_infinity_13,teenager,joint,3,Middle,3.31123393639121,1.1975042037728931,0.36244625748073284,0.6375537425192672,-0.46064566027164106,0.7303228301358204,0.1246392641079849,0.03861081884621135,0.6666666666666666,0.48696403951831463,1.1290674377435,0.6903416474208791,0.7136513543204326,0.3411948423342154,1.1037446454637365,0.1279157416875732,0.11669504459648142,1.6979580405642694,5
infinity,infinity::wired_infinity_13,wired_infinity_13,teenager,joint,5,Beginning,5.5463876360308015,1.114707695211951,0.20041931776674957,0.7995806822332504,-0.5311658745591342,0.765582937279567,0.3970722105960083,0.07287297678950157,0.6,0.5472883659242536,1.1347278745179674,0.7336477224732278,0.6702843629632946,0.20463955476314707,1.1092775272061604,0.15449055050741356,0.13998439364083595,1.7636281632723783,3
infinity,infinity::wired_infinity_13,wired_infinity_13,teenager,joint,5,End,5.0202132715418735,1.2839172213691614,0.2568399214257857,0.7431600785742143,-0.3917867207485593,0.6958933603742796,0.0958276265204141,0.018559877193505728,0.7333333333333334,0.6047516943365013,1.1305135050430666,0.731655888954127,0.6727488781881692,0.22559388864749727,1.0040426543083747,0.1595196050723352,0.1615417340473659,1.6845192052210975,3
infinity,infinity::wired_infinity_13,wired_infinity_13,teenager,joint,5,Middle,5.542756689689034,1.1249845923460928,0.20315858365072015,0.7968414163492799,-0.46886700366435347,0.7344335018321766,0.30665157272416294,0.05544499799368795,0.5599999999999999,0.5118319534648865,1.1404541794460754,0.7352595737916781,0.6674641940273374,0.2058238039739162,1.1085513379378067,0.15165636125845974,0.1375365160096901,1.7123151943206953,5
infinity,infinity::wired_infinity_13,wired_infinity_13,teenager,partner,3,Beginning,3.84326311189979,1.2847857702824041,0.33429555377157427,0.6657044462284257,-0.4523676437300138,0.726183821865007,0.12551067653010928,0.03265732084319026,0.6666666666666666,0.49954384041360594,1.3018435374018706,0.7972493723714377,0.6029522489208655,0.33873390905010076,1.2810877039665967,0.008245376868175516,0.006436231370143966,1.7075286294201921,1
infinity,infinity::wired_infinity_13,wired_infinity_13,teenager,partner,3,End,3.847339395555983,1.1235573805122516,0.29509395057212806,0.7049060494278719,-0.4886861245170675,0.7443430622585336,0.22594596291884073,0.05637998779630647,0.8333333333333333,0.5389088909522579,1.2640342185400744,0.7747021185041132,0.6265703217200558,0.32931853777827247,1.2824464651853278,0.09670742274667699,0.0773840688134421,1.7451302821217314,2
infinity,infinity::wired_infinity_13,wired_infinity_13,teenager,partner,3,Middle,3.948404980482697,1.3099520585150035,0.3318190891757492,0.6681809108242508,-0.49210345891756,0.7460517294587801,0.08627951202373363,0.021682712914572282,0.5,0.4916637783361042,1.3163140308357342,0.8061268923914224,0.5911150706248427,0.3334442190376279,1.3161349934942321,0.037326980116515696,0.028290084303743072,1.7241633655015942,2
infinity,infinity::wired_infinity_13,wired_infinity_13,teenager,partner,5,End,6.298448842401039,1.3009116480056993,0.20654476690323917,0.7934552330967608,-0.48771970523696395,0.743859852618482,0.36121579720144315,0.05734996127455147,0.8,0.5765363295450995,1.237728984082562,0.7988458329916094,0.5942415571067119,0.19651330272783893,1.2596897684802077,0.12649649183028938,0.10041876579096538,1.7675041570284737,1
infinity,infinity::wired_infinity_13,wired_infinity_13,teenager,partner,5,Middle,6.568151510788056,1.3483982131740615,0.20529523657878418,0.7947047634212159,-0.4946968147378728,0.7473484073689364,0.2984918403308984,0.045437310384284925,0.8,0.517089931740712,1.298630271359256,0.8391020975973948,0.5420126132267158,0.1977171060725575,1.313630302157611,0.041707594303461284,0.03174996376256403,1.7307056972978767,2
infinity,infinity::wired_infinity_14,wired_infinity_14,undergraduate,expert,3,Beginning,2.9910917537689548,1.2341315613669548,0.4143651389346732,0.5856348610653267,-0.2935731363702896,0.6467865681851448,0.018957571578925237,0.006049010920676799,0.8666666666666666,0.5871143939951066,1.0993588956165516,0.6745037706050773,0.7337874237973743,0.3679402140957948,0.9970305845896515,0.0900049165259484,0.09026718877405027,1.6096356523274455,5
infinity,infinity::wired_infinity_14,wired_infinity_14,undergraduate,expert,3,End,2.8476717262138456,1.0245655931962474,0.3623329754999641,0.6376670245000359,-0.36356311700632044,0.6817815585031602,0.10032990949912912,0.03550213497495867,0.7333333333333333,0.5120080176846318,0.9990033048498199,0.6125410174710051,0.787590734963892,0.3518008072689567,0.9492239087379485,0.0633415271518595,0.06806412213943247,1.6463465145556184,5
infinity,infinity::wired_infinity_14,wired_infinity_14,undergraduate,expert,3,Middle,2.9207621456967425,1.0234630536588625,0.3519664951363041,0.6480335048636958,-0.3959927622829686,0.6979963811414843,0.059115542849515056,0.020086220570881753,0.8,0.5395602405434972,1.0120144674824973,0.6201053260502878,0.782582718819162,0.34729323692559805,0.9735873818989141,0.08072377881942006,0.08375583202827175,1.6793382183305443,5
infinity,infinity::wired_infinity_14,wired_infinity_14,undergraduate,expert,5,Beginning,4.921376625717114,1.1245349697661489,0.2298975040929176,0.7701024959070824,-0.29220019916160794,0.6461000995808039,0.22034917271713253,0.04387283392683434,0.75,0.5553651876771144,1.1237289187025115,0.7281042331295922,0.6812899201039062,0.22852446648454522,0.9842753251434228,0.1016163079188683,0.10344636667604352,1.6081751863102465,4
infinity,infinity::wired_infinity_14,wired_infinity_14,undergraduate,expert,5,End,4.674341203238625,0.9210104785358383,0.1973571322513837,0.8026428677486163,-0.35099103633136386,0.6754955181656819,0.2814175222347564,0.06069602639899936,0.55,0.5165177841472877,0.980800555784164,0.6349989426817362,0.7697206897672765,0.21012706231347233,0.934868240647725,0.09094790918224673,0.09714253048754191,1.6351189754739845,4
infinity,infinity::wired_infinity_14,wired_infinity_14,undergraduate,expert,5,Middle,4.830921175189532,1.0299669779495335,0.21320969758006547,0.7867903024199345,-0.3860673722114609,0.6930336861057305,0.21828304492589634,0.04505148905985304,0.72,0.5554331814470189,1.0183463014194734,0.6576218955160401,0.7502715509947597,0.2108040711192753,0.9661842350379063,0.09991063499118474,0.10362728511860422,1.6741291409790755,5
infinity,infinity::wired_infinity_14,wired_infinity_14,undergraduate,joint,3,Beginning,2.867428444954983,1.2519559512096832,0.4383384716031887,0.5616615283968114,-0.2767516242989447,0.6383758121494724,0.03917134962302889,0.013255833394236619,0.9,0.5784278575525671,1.0679808693248174,0.6553634666387829,0.7477057005837964,0.3733545209661403,0.9558094816516609,0.11423652712017532,0.12015146306362354,1.5998869127124855,10
infinity,infinity::wired_infinity_14,wired_infinity_14,undergraduate,joint,3,End,3.6826874542125685,1.2383453759934413,0.3368797753305903,0.6631202246694097,-0.5438667257157024,0.7719333628578512,0.17659268707139333,0.04778170718585184,0.6666666666666666,0.49915492343609813,1.2052891606377605,0.7380632287158474,0.6686244662845978,0.3275401823672556,1.227562484737523,0.069033986870492,0.05625108569920291,1.7566398756480002,10
infinity,infinity::wired_infinity_14,wired_infinity_14,undergraduate,joint,3,Middle,3.3024275619784866,1.1224351545098574,0.3410614853641847,0.6589385146358153,-0.5211922015938295,0.7605961007969148,0.15020710750184185,0.042561271754366116,0.7222222222222222,0.5030843192119012,1.0914431121506585,0.6684371526244147,0.7357208859989868,0.33126037313124884,1.1008091873261623,0.09039413792580413,0.08286115856049363,1.7443419291734665,12
infinity,infinity::wired_infinity_14,wired_infinity_14,undergraduate,joint,5,Beginning,4.797345832434728,1.3000021808486304,0.2718150547916885,0.7281849452083115,-0.2733773125617427,0.6366886562808713,0.09324450250027333,0.01952505528123557,0.7777777777777778,0.5405331916030668,1.1296194785618558,0.7333086206140059,0.673795367380243,0.2362972330995764,0.9594691664869457,0.12671132558847792,0.13242440900656557,1.5912483458900972,9
infinity,infinity::wired_infinity_14,wired_infinity_14,undergraduate,joint,5,End,6.126188018323617,1.2309752469055766,0.20114987872441809,0.7988501212755819,-0.5465393636162796,0.7732696818081398,0.30992587355437695,0.05045749711424604,0.6222222222222222,0.5173715385586268,1.2007856033312791,0.7744007165521659,0.6251975758476115,0.1961145247737962,1.2252376036647235,0.07975486794649837,0.06512251270525844,1.757921901867121,9
infinity,infinity::wired_infinity_14,wired_infinity_14,undergraduate,joint,5,Middle,5.459153464227049,1.150839404770877,0.211761046859513,0.7882389531404871,-0.5173464114630782,0.7586732057315392,0.25746788192756903,0.04582657599188872,0.7000000000000001,0.5332383488894002,1.0970349171651594,0.7081915390048321,0.6982429336403367,0.2013766785363421,1.09183069284541,0.11352372644673636,0.10302812524958088,1.7480693554662337,12
infinity,infinity::wired_infinity_14,wired_infinity_14,undergraduate,partner,3,Beginning,3.850435011578175,1.3521409696081332,0.35111079043935756,0.6488892095606424,-0.46728780274009807,0.7336439013700491,0.033230980524188436,0.008713172166949043,0.6666666666666666,0.5113277873836317,1.307877051978045,0.8009428668469544,0.5968441178416891,0.3396520324833346,1.283478337192725,0.08131878862685621,0.06348371198027233,1.7054849305331072,4
infinity,infinity::wired_infinity_14,wired_infinity_14,undergraduate,partner,3,End,4.01526148778572,1.3323807311166402,0.3318146079255569,0.6681853920744432,-0.5284592380185484,0.7642296190092742,0.057169546941574,0.014270434002130608,0.5833333333333333,0.50023074046341,1.3238874215232515,0.8107873733238373,0.5846875571606369,0.3297100146859344,1.3384204959285735,0.02385996951231644,0.01785362259574707,1.74638460283172,4
infinity,infinity::wired_infinity_14,wired_infinity_14,undergraduate,partner,3,Middle,3.4745694949133727,1.2066414622897963,0.35074568621093644,0.6492543137890636,-0.44150155431767707,0.7207507771588385,0.19426567763207261,0.05386026042078748,0.7222222222222222,0.5143243363749507,1.1814514840062593,0.7239690727548246,0.678947677085341,0.3415797616030716,1.1581898316377908,0.14017975718209535,0.12610616834169172,1.7033277990829052,6
infinity,infinity::wired_infinity_14,wired_infinity_14,undergraduate,partner,5,Beginning,6.404794780075015,1.2832422146707037,0.20037264611448216,0.7996273538855179,-0.49075682911572177,0.7453784145578609,0.2704773625940296,0.04206309267355429,0.6666666666666666,0.5091963941282102,1.2943074273328257,0.8373860044633608,0.544277098826525,0.20211084007872246,1.2809589560150032,0.07469256209334424,0.058415822090433396,1.7314899446406653,3
infinity,infinity::wired_infinity_14,wired_infinity_14,undergraduate,partner,5,End,6.6599595454499925,1.3045600697713622,0.19577639387115522,0.8042236061288447,-0.5288988707222533,0.7644494353611266,0.21986112149973405,0.03304968573079731,0.5333333333333333,0.5164604820651063,1.3044321261050442,0.8427451853577964,0.537398725976915,0.1958782057980403,1.3319919090899985,0.037264896240087185,0.02809653088778759,1.7520593374958724,3
infinity,infinity::wired_infinity_14,wired_infinity_14,undergraduate,partner,5,Middle,5.8231686549685335,1.3024070208307925,0.22394055310571293,0.7760594468942871,-0.42989677934212484,0.7149483896710623,0.2219089862795278,0.0375539660059222,0.6666666666666666,0.5256665875718842,1.2115925187752261,0.7827749305322782,0.6109483554584062,0.20811600793668553,1.1646337309937067,0.18842904059839075,0.1624822657321,1.696853607005555,6
infinity,infinity::wired_infinity_15,wired_infinity_15,graduate,expert,3,Beginning,3.0880062849974705,1.1928073068412728,0.3859950362378887,0.6140049637621113,-0.4029927185765962,0.701496359288298,0.0,0.0,1.0,0.6151793018207202,1.0904615722683089,0.6684029217725408,0.7372240267316051,0.3529656892360286,1.0293354283324903,0.10915703569191272,0.10859836830955916,1.6702421501745832,3
infinity,infinity::wired_infinity_15,wired_infinity_15,graduate,expert,3,End,3.2351373740063356,1.198320438070886,0.3720241260887467,0.6279758739112533,-0.5080884832359519,0.7540442416179759,0.008016624954050902,0.0024300998891437888,0.8888888888888888,0.6155959819925493,1.0987210658831819,0.6734584657253914,0.7328929018670532,0.3405012186894066,1.0783791246687786,0.12381850412677976,0.11678165289819252,1.7501403630007204,3
infinity,infinity::wired_infinity_15,wired_infinity_15,graduate,expert,3,Middle,3.2565669743890204,1.1497896487285542,0.3614886643929637,0.6385113356070363,-0.4990440388000068,0.7495220194000034,0.12716861894234927,0.03679721601033924,0.7333333333333333,0.4662715939455856,1.0862676764983967,0.6651158846766441,0.734016185353543,0.33711874927559154,1.0855223247963401,0.10864205121059216,0.09685609883510118,1.7335163929699509,5
infinity,infinity::wired_infinity_15,wired_infinity_15,graduate,expert,5,Beginning,4.917599725432109,1.1840511937170561,0.2402870602861319,0.759712939713868,-0.38363039141449196,0.691815195707246,0.029668588305948984,0.006265371161592863,0.9,0.6120379754636951,1.0938629832297093,0.7073680111367271,0.700409862457507,0.222415959170633,0.9835199450864218,0.1366482434904044,0.1385031169985379,1.660960254461521,2
infinity,infinity::wired_infinity_15,wired_infinity_15,graduate,expert,5,End,5.711504352249437,1.2272833375240033,0.21708529478658023,0.7829147052134198,-0.5405728070121455,0.7702864035060728,0.2071676040540601,0.03560660132445129,0.7,0.6122002495733248,1.1577583849813675,0.7472463065237709,0.6566076881355059,0.20318073071968748,1.1423008704498874,0.18136996957870502,0.1607902835980086,1.7658651502886968,2
infinity,infinity::wired_infinity_15,wired_infinity_15,graduate,expert,5,Middle,5.401037416959158,1.1968407870452533,0.22448850669547782,0.7755114933045222,-0.49937989957480405,0.749689949787402,0.2259530486571987,0.04093849441212548,0.6799999999999999,0.4970407778161725,1.1049806189951343,0.7119735335837737,0.6909818372889303,0.2054708053110219,1.0802074833918318,0.18376097757424673,0.1703175233099931,1.7379441188670484,5
infinity,infinity::wired_infinity_15,wired_infinity_15,graduate,joint,3,Beginning,3.2726924574820373,1.2191641985259316,0.3761125867930619,0.6238874132069381,-0.4485995683744423,0.7242997841872212,0.12130678831395389,0.03599934020577495,0.7083333333333333,0.5094687276841792,1.1304428678905918,0.6950531695906152,0.7108974043265861,0.34744620315210134,1.0908974858273457,0.18066399434756172,0.17054948238337087,1.721958944768528,8
infinity,infinity::wired_infinity_15,wired_infinity_15,graduate,joint,3,End,3.169508896271449,1.1870637406614069,0.37636583298533577,0.6236341670146642,-0.41454291476162863,0.7072714573808143,0.08774549195538693,0.02753790041085606,0.75,0.5339962947482668,1.1125790579750299,0.6838901933713849,0.7204308666194104,0.3516253556876298,1.0565029654238163,0.1489605636673506,0.14643519448881395,1.699113110957894,8
infinity,infinity::wired_infinity_15,wired_infinity_15,graduate,joint,3,Middle,3.2664455357275144,1.1188851266079896,0.3445725804172805,0.6554274195827196,-0.43230537673341024,0.7161526883667051,0.16932763440730822,0.051817815388085796,0.6666666666666666,0.5039043806361125,1.1154329397637885,0.6829206457363954,0.7199050132915419,0.3419997905083193,1.0888151785758382,0.10898812893184029,0.10573753700643648,1.691548702505681,8
infinity,infinity::wired_infinity_15,wired_infinity_15,graduate,joint,5,Beginning,5.4071401118726525,1.209569076836859,0.2253212581221576,0.7746787418778424,-0.4534207105290607,0.7267103552645303,0.32206105676743846,0.05774071688323829,0.6571428571428571,0.5132946130716664,1.1381574008343447,0.7375678773290725,0.6652617789421351,0.21121214070937477,1.0814280223745307,0.22305348055613833,0.20617444206333,1.736449941956586,7
infinity,infinity::wired_infinity_15,wired_infinity_15,graduate,joint,5,End,5.289611358723682,1.220232948292746,0.2317647211189149,0.7682352788810851,-0.4045275209894932,0.7022637604947466,0.1719007664403354,0.032025772493624226,0.6571428571428573,0.5254392321651461,1.1429846632446312,0.7404714923798975,0.6632547491850208,0.21626448089406614,1.0579222717447363,0.19072570353756377,0.1822144853521869,1.692887378261915,7
infinity,infinity::wired_infinity_15,wired_infinity_15,graduate,joint,5,Middle,5.52577310810612,1.2355481109456354,0.22459010343239333,0.7754098965676067,-0.4337235317717233,0.7168617658858616,0.19805996233309797,0.035850919579628486,0.6,0.516778534335924,1.1458750982745964,0.7399157778319925,0.66169948819635,0.20736195583093295,1.1051546216212238,0.1301585005764969,0.12095128218293842,1.686839119219596,8
infinity,infinity::wired_infinity_15,wired_infinity_15,graduate,partner,3,Beginning,3.7737636827663086,1.16933847801181,0.30915738745340526,0.6908426125465947,-0.5115601571715859,0.755780078585793,0.18295015009957916,0.0492451524926491,0.6666666666666666,0.5115438041174785,1.2372911290205661,0.7578278130609323,0.6486796344377678,0.3277306695432569,1.2579212275887697,0.022758736363052423,0.018208362381311502,1.7400483022674667,3
infinity,infinity::wired_infinity_15,wired_infinity_15,graduate,partner,3,End,3.7177449488912564,1.2382927499969336,0.33359853572512826,0.6664014642748718,-0.47191102088731,0.735955510443655,0.060176391157682176,0.01598169846298391,0.6666666666666666,0.5274139929249957,1.2550858450549547,0.7684395946898098,0.6371155150349432,0.33769821840116593,1.2392483162970853,0.10969109695372044,0.08856315885059433,1.7308433222658408,3
infinity,infinity::wired_infinity_15,wired_infinity_15,graduate,partner,3,Middle,3.740070751899301,1.218519806836113,0.3259061457284023,0.6740938542715977,-0.4665598343064852,0.7332799171532426,0.1152225860870224,0.03073532366453574,0.49999999999999994,0.5085434685702018,1.2533287160889572,0.7682586426739081,0.6388920700897711,0.33514980103791603,1.2466902506331001,0.09633498328129758,0.07757426708914952,1.7047715126631724,4
infinity,infinity::wired_infinity_15,wired_infinity_15,graduate,partner,5,Beginning,6.286447192889119,1.308002271030761,0.2080684295588006,0.7919315704411993,-0.49215166547117173,0.7460758327355859,0.27686053188698967,0.04407917628771495,0.6000000000000001,0.5449265328225055,1.2387071039346083,0.8005730961225738,0.5967198802971775,0.19704693206362922,1.2572894385778237,0.047241951942392266,0.03756949149201978,1.7217122110392318,2
infinity,infinity::wired_infinity_15,wired_infinity_15,graduate,partner,5,End,6.086023398432328,1.2660043949123578,0.2079415265238856,0.7920584734761145,-0.4545335108083506,0.7272667554041754,0.0769844755292386,0.012685747122197874,0.7,0.5319736535556172,1.2430033721193703,0.8029875413716324,0.5942279465608304,0.20425872052111077,1.2172046796864655,0.1194025051124038,0.09815879012645393,1.7329829985390774,2
infinity,infinity::wired_infinity_15,wired_infinity_15,graduate,partner,5,Middle,6.255018281980498,1.2199189951953142,0.19523643188410233,0.8047635681158977,-0.4829127058246918,0.7414563529123459,0.2008717863281404,0.031903943613174016,0.5,0.515974211565485,1.2500402230450438,0.8079414820040398,0.5878120436338038,0.19990334933607,1.2510036563960996,0.09394657985874574,0.07518301656448795,1.7228349979758193,4
infinity,infinity::wired_infinity_16,wired_infinity_16,expert,expert,3,Beginning,3.487583209295853,0.9627410690313108,0.27604820050320444,0.7239517994967956,-0.5686643690142148,0.7843321845071074,0.31186659029799424,0.08942197836792558,0.6666666666666666,0.5648568295450991,1.0899069664740206,0.6666566466507011,0.7350567365765762,0.3125106703028525,1.162527736431951,0.169048242720924,0.14541437371616578,1.811827733383698,1
infinity,infinity::wired_infinity_16,wired_infinity_16,expert,expert,3,End,2.772080684804987,1.1461304992209125,0.41345495659753556,0.5865450434024644,-0.3658354656406294,0.6829177328203146,0.0713742498237373,0.02574753693677513,0.6666666666666666,0.4614937336370934,0.9917670345268182,0.6069039419909057,0.7893866134178743,0.3577699018513915,0.9240268949349956,0.16927545020954468,0.18319320696986102,1.572522316459705,1
infinity,infinity::wired_infinity_16,wired_infinity_16,expert,expert,3,Middle,2.8850524213351516,1.2910899494962895,0.44751004867315225,0.5524899513268478,-0.32836752870601416,0.6641837643530071,0.0,0.0,1.0,0.7285737714161212,1.0708133583142925,0.6564411253065852,0.7434756478041751,0.3711590647003699,0.9616841404450506,0.2167385421325757,0.22537393829981733,1.6240348014406203,1
infinity,infinity::wired_infinity_16,wired_infinity_16,expert,expert,5,Middle,5.332256382918411,1.1427031634417226,0.21430011638268354,0.7856998836173165,-0.4672499173274221,0.733624958663711,0.25714462651682934,0.04822435532930824,0.6,0.5138229677345976,1.0865159219489136,0.6998894852842362,0.7029932789216302,0.2037628808377458,1.0664512765836822,0.21950283023689282,0.2058254653133878,1.668783649634525,1
infinity,infinity::wired_infinity_16,wired_infinity_16,expert,joint,3,Beginning,3.51386864040595,1.0570892928445121,0.3065891145473678,0.6934108854526322,-0.4512213148041216,0.7256106574020608,0.3120843022207655,0.08589775437835041,0.5,0.42789375248735173,1.168687882305678,0.7160023595628922,0.6909141824887552,0.33409259436597394,1.1712895468019835,0.12084033052577536,0.106510727061356,1.7267712533197335,2
infinity,infinity::wired_infinity_16,wired_infinity_16,expert,joint,3,End,2.473447804054884,0.9241975891059431,0.3712525581914423,0.6287474418085577,-0.4643963377753069,0.7321981688876535,0.08586584703051842,0.036032778226839396,0.5,0.3945195553300092,0.8570570890391686,0.5241896058190619,0.8454774446810185,0.3457891363562847,0.824482601351628,0.10956824306550497,0.13761337823465486,1.7267857065834782,2
infinity,infinity::wired_infinity_16,wired_infinity_16,expert,joint,3,Middle,2.874758046878704,1.055792208625745,0.3748784573196837,0.6251215426803163,-0.4772362460369845,0.7386181230184923,0.026080952145112163,0.011336069118748796,0.8333333333333333,0.6158086394895546,0.9809216438397198,0.6004070160476727,0.7878320047864514,0.34387393728609505,0.9582526822929014,0.16179906909451391,0.17615649349326595,1.713895402203416,4
infinity,infinity::wired_infinity_16,wired_infinity_16,expert,joint,5,Beginning,5.573638412485583,1.0237054711293587,0.18366915744590503,0.8163308425540949,-0.460000072920366,0.730000036460183,0.31058390383951084,0.05572372673903058,0.8,0.5535725776092286,1.0888835661344491,0.701350792068383,0.7012475306171884,0.19536315159864448,1.1147276824971166,0.16894596228542533,0.15155805757596974,1.7907232862808415,1
infinity,infinity::wired_infinity_16,wired_infinity_16,expert,joint,5,End,4.168735404923273,1.1316341248707846,0.27145741212894575,0.7285425878710543,-0.3997092634358051,0.6998546317179025,0.0713742498237373,0.017121319270933907,0.6,0.4954990439346897,0.9064618997160274,0.584058894006843,0.8042080186524986,0.2174428961467539,0.8337470809846547,0.15192147654513816,0.18221530247004764,1.6157134780485953,1
infinity,infinity::wired_infinity_16,wired_infinity_16,expert,joint,5,Middle,4.846466103753443,1.0740109661018615,0.2240876723849604,0.7759123276150396,-0.49121332509279886,0.7456066625463994,0.17127122166149436,0.03411326121749273,0.65,0.5824264672134265,0.9960794870862865,0.6421905495672259,0.7541863579448929,0.20621418534532834,0.9692932207506886,0.20337036053425167,0.212002815067727,1.726603520576883,4
infinity,infinity::wired_infinity_16,wired_infinity_16,expert,partner,3,Middle,2.9954502817038486,1.0159153210160514,0.34203366321879225,0.6579663367812078,-0.5062192440837656,0.7531096220418828,0.1496865502164379,0.048515845030969146,0.6666666666666666,0.598702246298051,0.9955228839572439,0.6089600695031723,0.7882329138985695,0.3330251332097374,0.9984834272346161,0.09697576110753248,0.0976581516173829,1.7353926799925947,2
internet,internet::wired_internet_12,wired_internet_12,child,expert,3,Beginning,3.1890889781896963,1.2025648340255664,0.38420948158032947,0.6157905184196705,-0.40513282450844246,0.7025664122542213,0.20282679779754978,0.05807451287457743,0.7777777777777777,0.49908148747726044,1.1108687235645645,0.6802552401416024,0.7162072256653619,0.3502943091260186,1.0630296593965654,0.23006062189123014,0.21442609680624702,1.6791011796092452,3
internet,internet::wired_internet_12,wired_internet_12,child,expert,3,End,3.5652402962096574,1.180555963478893,0.33271869734782106,0.6672813026521789,-0.3985088378627814,0.6992544189313907,0.14203983865344558,0.038716899840924676,0.6666666666666666,0.5155995470101958,1.2283861891445291,0.7536421537469208,0.6543918862620187,0.3449107205629132,1.1884134320698856,0.06927398321293438,0.059140783293308206,1.6883813549053286,3
internet,internet::wired_internet_12,wired_internet_12,child,expert,3,Middle,3.3697107995712186,1.1818564024712743,0.35345559215442474,0.6465444078455753,-0.5267776803373467,0.7633888401686734,0.17139697949627747,0.04859621436255949,0.6666666666666666,0.5223459335067234,1.1154653417069036,0.6826595889001068,0.7205331019457486,0.3319098586349079,1.1232369331904064,0.10341509648928464,0.09164943523972115,1.7387506820706249,5
internet,internet::wired_internet_12,wired_internet_12,child,expert,5,Beginning,5.615703589003669,1.2712480896977518,0.22636518894291968,0.7736348110570803,-0.4525134963326615,0.7262567481663307,0.4657091961816391,0.08282488960739422,0.7,0.5183461820747712,1.1318880480715272,0.7293591278437954,0.6666993740987665,0.20155371692207547,1.1231407178007338,0.23323767757028002,0.20767031372597472,1.716784075928064,2
internet,internet::wired_internet_12,wired_internet_12,child,expert,5,End,5.692696780661734,0.9755013238900421,0.1712350501104939,0.8287649498895062,-0.4117731918803863,0.7058865959401932,0.4984334691574219,0.08768451158972468,0.6,0.5054020906649892,1.1620875988816262,0.7498402165039277,0.6526113496567636,0.20413593237159483,1.138539356132347,0.1136926785786544,0.1000233298528909,1.7106143732012913,2
internet,internet::wired_internet_12,wired_internet_12,child,expert,5,Middle,5.63302643051601,1.2236781471321976,0.21807189762230356,0.7819281023776965,-0.5124078625595198,0.7562039312797598,0.32512196567111856,0.05678945792544119,0.6,0.52645862458548,1.1404820925499715,0.7341646328731282,0.6654491112369081,0.20267460871138657,1.1266052861032019,0.1488990072309448,0.13140853579021441,1.738660310536888,5
internet,internet::wired_internet_12,wired_internet_12,child,joint,3,Beginning,3.538835713345279,1.2743226001190857,0.36202601119426014,0.6379739888057399,-0.47466221508439826,0.7373311075421991,0.12713857279593987,0.03567328426527148,0.6666666666666666,0.5003197853644299,1.20612133147663,0.7386358866950462,0.6615445615942696,0.3411294259270759,1.1796119044484263,0.15267861792133927,0.13205903046152284,1.7200273241371113,8
internet,internet::wired_internet_12,wired_internet_12,child,joint,3,End,3.27649156247148,1.3297929122942613,0.4107395628377661,0.5892604371622339,-0.40815930596038463,0.7040796529801924,0.03044879512217677,0.008884753052680374,0.8333333333333333,0.5341056949545775,1.1801239623225301,0.7288358874705516,0.6784945478536759,0.36237011879448155,1.09216385415716,0.1882369617521109,0.18534213102250263,1.7048602275380678,8
internet,internet::wired_internet_12,wired_internet_12,child,joint,3,Middle,3.545127100000316,1.215265553494651,0.3428822400603818,0.6571177599396182,-0.5483878648336896,0.7741939324168448,0.1514955532211143,0.042710434880529516,0.7083333333333333,0.51607350042099,1.1645032466132494,0.7141008461508032,0.6952424339958463,0.32827182710241226,1.1817090333334386,0.05702605745274944,0.04775025553984581,1.7580142296587244,8
internet,internet::wired_internet_12,wired_internet_12,child,joint,5,Beginning,5.8561996728644985,1.2764019214752516,0.21861164705341554,0.7813883529465845,-0.4703608383412841,0.735180419170642,0.2777887817135207,0.04798660156855899,0.6,0.5134376725311819,1.2122084400121629,0.7848058886937332,0.6088459525765461,0.2070941275085034,1.1712399345728997,0.17771599153651357,0.15255862853489935,1.7288735288748607,7
internet,internet::wired_internet_12,wired_internet_12,child,joint,5,End,5.520528592926935,1.3464399709145407,0.24486519237517437,0.7551348076248257,-0.42323687669822324,0.7116184383491116,0.0779266347429495,0.014443908991253048,0.7428571428571429,0.520227513649746,1.2250920036443291,0.7972518663110664,0.6008627606630034,0.2226715535897985,1.1041057185853869,0.20571594207422123,0.19330333627662435,1.7018477264959802,7
internet,internet::wired_internet_12,wired_internet_12,child,joint,5,Middle,5.942858388577249,1.262065348726238,0.212420695421544,0.787579304578456,-0.5487894865599097,0.7743947432799548,0.2879667787765015,0.04824138244032328,0.65,0.5391632623649135,1.1790909493242179,0.7623686230836407,0.6404958040111753,0.19833054544814702,1.1885716777154496,0.0706331350330215,0.05902948891867689,1.7560691333169767,8
internet,internet::wired_internet_12,wired_internet_12,child,partner,3,Beginning,3.99457066954352,1.3236264013063164,0.33138948427441584,0.6686105157255842,-0.5515367802821025,0.7757683901410513,0.11461593061949012,0.028771742107469873,0.6666666666666666,0.5042872528900166,1.306403260375882,0.8000978973150571,0.5987725657871837,0.32705521162717827,1.3315235565145065,0.02075924436336819,0.01562720475305705,1.7645981681222285,3
internet,internet::wired_internet_12,wired_internet_12,child,partner,3,End,3.80135654619053,1.3422010144959142,0.3535560345244626,0.6464439654755374,-0.4387695491287345,0.7193847745643672,0.061117066381356056,0.015777625646552534,0.6666666666666666,0.5080742882217976,1.304793060482598,0.7995434155323248,0.5992901514167915,0.34339516208376925,1.2671188487301768,0.05254210165330645,0.04147097398584108,1.696106674311798,3
internet,internet::wired_internet_12,wired_internet_12,child,partner,3,Middle,3.461539104161127,1.3344888141506774,0.3881906349346051,0.6118093650653949,-0.3698936662550122,0.6849468331275061,0.005350115219623808,0.0014729347262898928,0.75,0.5525872368714343,1.2294495073845,0.7557787554119393,0.6481852705545914,0.35663640478233455,1.153846368053709,0.17987874248136765,0.163048726657515,1.6644120370117137,4
internet,internet::wired_internet_12,wired_internet_12,child,partner,5,Beginning,6.6303698623926,1.307539068950538,0.19719314668353702,0.802806853316463,-0.5501533145348156,0.7750766572674079,0.7382115319617498,0.11174995231270504,0.5,0.5125363856952375,1.2116594891518118,0.8037257199972285,0.5857246572517252,0.18274267421050866,1.32607397247852,0.022184559400203016,0.016741603212528957,1.7651103725557993,2
internet,internet::wired_internet_12,wired_internet_12,child,partner,5,End,6.023595121931299,1.2949723542524625,0.21562331266757861,0.7843766873324214,-0.40063950261130343,0.7003197513056518,0.14713781335051845,0.024229893504700083,0.5,0.47479541510711876,1.2937163866704025,0.8372355155844173,0.5444565497087828,0.21520272029902632,1.2047190243862598,0.1334386010672952,0.113435721708156,1.7054009425421182,2
internet,internet::wired_internet_12,wired_internet_12,child,partner,5,Middle,5.915906989396583,1.2804098523636598,0.21647513041061417,0.7835248695893858,-0.38754443908822545,0.6937722195441127,0.4276601052353697,0.0729521675090718,0.6,0.5513977729897441,1.2276181497153882,0.8081007705159785,0.584264487693914,0.20746610808557528,1.1831813978793166,0.21130187647179705,0.1785431909558454,1.6665331059745045,4
internet,internet::wired_internet_13,wired_internet_13,teenager,expert,3,Beginning,3.1720968449145843,1.32644859640269,0.41816144375579667,0.5818385562442033,-0.49577042464831195,0.747885212324156,0.19289803098942493,0.06081088958512524,0.6666666666666666,0.5905638510384037,1.0971561706117006,0.6712559330472521,0.7297406343019062,0.3458772617143232,1.057365614971528,0.14958229777067045,0.14146695868741513,1.6710667656470082,1
internet,internet::wired_internet_13,wired_internet_13,teenager,expert,3,End,3.338564871576328,1.1790689918700403,0.3531664164768301,0.6468335835231699,-0.5476631062101938,0.7738315531050969,0.0,0.0,1.0,0.5936233045481305,1.1229350489766843,0.6885257897980783,0.7234420859291928,0.33635262221113654,1.1128549571921094,0.11482143194690977,0.10317735586730953,1.8148823813876598,1
internet,internet::wired_internet_13,wired_internet_13,teenager,expert,3,Middle,3.113614981582048,1.056969196308233,0.3408791670243559,0.659120832975644,-0.49343973931239615,0.746719869656198,0.1088689870400968,0.03393065518272207,0.5555555555555555,0.4556769189030047,1.043328698842391,0.6391093043295072,0.7657628212813417,0.33507096326649694,1.0378716605273495,0.06637620931329737,0.06234024077712306,1.7251491883966423,3
internet,internet::wired_internet_13,wired_internet_13,teenager,expert,5,Middle,5.283835553745686,1.106251726407799,0.20943389839267537,0.7905661016073245,-0.4961730818885896,0.7480865409442948,0.2272660152001157,0.0430036422417755,0.5333333333333333,0.5235208994056698,1.0770867226778327,0.6945500241368254,0.7132428610113083,0.20384980751192114,1.0567671107491372,0.1163944932632479,0.1101600917914391,1.7177810908678204,3
internet,internet::wired_internet_13,wired_internet_13,teenager,joint,3,Beginning,3.275994084658149,1.2475923210878763,0.3811723289980168,0.6188276710019832,-0.4587845842600927,0.7293922921300464,0.07988690594673725,0.024046521726380502,0.75,0.5135922248863198,1.1423815528731953,0.7016000803424298,0.7060452199196137,0.3488994581810273,1.0919980282193829,0.1379024652046044,0.1264534684214271,1.7286074974717702,4
internet,internet::wired_internet_13,wired_internet_13,teenager,joint,3,End,3.3377869109315985,1.2444844465001244,0.3746634625142085,0.6253365374857915,-0.4129944814843004,0.7064972407421501,0.08271150575337374,0.023851942658512013,0.75,0.5127495332943477,1.166327686716178,0.7166357628318005,0.6938113459397033,0.35033522362266867,1.1125956369771994,0.15272009056770394,0.13851558985144527,1.6800173914983105,4
internet,internet::wired_internet_13,wired_internet_13,teenager,joint,3,Middle,3.1394821758221,1.174568526184016,0.3765395359830286,0.6234604640169714,-0.44357416888669443,0.7217870844433472,0.10074182162257789,0.029801418893615775,0.75,0.5430642234660455,1.0976068250527904,0.6739936710295079,0.7337084222673627,0.35051285198450133,1.0464940586073668,0.13509361308600187,0.13335410655377186,1.7179181274471906,4
internet,internet::wired_internet_13,wired_internet_13,teenager,joint,5,Beginning,5.520134301997513,1.3399311027266905,0.24279068851014954,0.7572093114898504,-0.463795267038452,0.731897633519226,0.2854033142348695,0.05122004496153224,0.6666666666666666,0.5114779794755132,1.1580345899565272,0.7480859557161925,0.6530138121017446,0.209922840053932,1.1040268603995027,0.1310437974164941,0.11878889871282021,1.7096998077829222,3
internet,internet::wired_internet_13,wired_internet_13,teenager,joint,5,End,5.405881199802013,1.2432459966381557,0.23024548981077173,0.7697545101892284,-0.3988340605999334,0.6994170302999668,0.18127942987007065,0.03314873593388191,0.7333333333333334,0.5096533547247235,1.1758719414528784,0.7630347789900811,0.6440660300704228,0.2178018537807688,1.0811762399604026,0.1750903427087052,0.16249369858436066,1.6939488336256712,3
internet,internet::wired_internet_13,wired_internet_13,teenager,joint,5,Middle,5.287860154178038,1.1824021341327366,0.224043057031515,0.7759569429684849,-0.43698055753868903,0.7184902787693446,0.15906132494518443,0.029681020583919512,0.6000000000000001,0.5374027250891495,1.1304448700441012,0.731176159951699,0.6768762311902273,0.2139170709495952,1.0575720308356074,0.16056482358701296,0.15212148902220807,1.6937221901459318,4
internet,internet::wired_internet_13,wired_internet_13,teenager,partner,3,Beginning,3.9582646481521113,1.3556102671578592,0.34247590488693486,0.6575240951130652,-0.47911230336637334,0.7395561516831867,0.08249752704402158,0.020841842164983835,0.6666666666666666,0.5233073520184031,1.328604946537512,0.8135862794563749,0.5802910743912307,0.335653389714041,1.319421549384037,0.06070309002777962,0.04600735076376344,1.6930688660966435,1
internet,internet::wired_internet_13,wired_internet_13,teenager,partner,3,End,3.6965854815571264,1.282498184746834,0.34694130330420564,0.6530586966957943,-0.49537922929897715,0.7476896146494886,0.0,0.0,1.0,0.5181385881540521,1.254221811117007,0.7687857494530785,0.6392124712018008,0.3392919810388603,1.2321951605190422,0.07972671902287456,0.06470299639002881,1.7697337203613097,1
internet,internet::wired_internet_13,wired_internet_13,teenager,partner,3,Middle,3.793892352773702,1.2054834554646026,0.3175551795661979,0.6824448204338022,-0.5041151040975448,0.7520575520487724,0.0886595912602558,0.023441889665377698,0.5,0.5085354295029123,1.254629713024889,0.7684755705032844,0.638411612335081,0.3306746957059828,1.2646307842579008,0.08109143634143184,0.06407376098454146,1.7321234382455248,2
internet,internet::wired_internet_13,wired_internet_13,teenager,partner,5,Middle,6.369159008381036,1.3203275122027414,0.20710230072516367,0.7928976992748363,-0.49568043521511,0.747840217607555,0.09809790839520338,0.015336852350816135,0.5,0.5301732335329901,1.2721503790241768,0.821206643698374,0.5678227739123223,0.19971600846041432,1.2738318016762071,0.0788867744709352,0.06191007571363153,1.7262374630038337,2
internet,internet::wired_internet_14,wired_internet_14,undergraduate,expert,3,Beginning,3.4490396283434994,1.2783079875258645,0.3724116309076441,0.6275883690923559,-0.43915404891092885,0.7195770244554645,0.0714163358091584,0.019007507682747254,0.8333333333333333,0.5665215355596641,1.1894263464638306,0.7286544833369362,0.6796124003209905,0.3458230239244565,1.1496798761144997,0.08470806355772262,0.0735621637533115,1.6915028312207228,4
internet,internet::wired_internet_14,wired_internet_14,undergraduate,expert,3,End,3.8093266038674085,1.2827449594325668,0.3367250612196971,0.663274938780303,-0.5358913447064843,0.7679456723532421,0.11170411793781623,0.029346070289507593,0.5833333333333333,0.5041728594428767,1.2512354879936103,0.7661665894592921,0.6356574564151221,0.3284498177332237,1.2697755346224695,0.07961603740402515,0.06238551045518596,1.7510953071780622,4
internet,internet::wired_internet_14,wired_internet_14,undergraduate,expert,3,Middle,3.4064379304965122,1.1584028424205388,0.3425527160837143,0.6574472839162857,-0.45372272801003294,0.7268613640050164,0.11185284974411931,0.031173388850148576,0.7333333333333333,0.49059393011456437,1.1530202582133442,0.7062358319583548,0.7050146840698506,0.33944394455621973,1.135479310165504,0.049040233325920085,0.04382361664862415,1.7047855220495087,5
internet,internet::wired_internet_14,wired_internet_14,undergraduate,expert,5,Beginning,5.629208359005125,1.2839793607057048,0.2276415251202565,0.7723584748797435,-0.41608444946997514,0.7080422247349877,0.03106537393799254,0.0056863251772128025,0.7999999999999999,0.5724494246832587,1.2040720369540483,0.7786156545885148,0.6224522975423245,0.21386325220206645,1.1258416718010251,0.12722627833909125,0.11281337857986211,1.6740978965232587,3
internet,internet::wired_internet_14,wired_internet_14,undergraduate,expert,5,End,6.325016082814987,1.2981042087020944,0.20521369098601072,0.7947863090139893,-0.5237632231289094,0.7618816115644548,0.17461901744180677,0.027647838486208037,0.5333333333333333,0.5153102445021961,1.255769913714513,0.810725473299232,0.57954096799584,0.1985324297168396,1.2650032165629974,0.08038050153372624,0.06354078906595627,1.741420120025344,3
internet,internet::wired_internet_14,wired_internet_14,undergraduate,expert,5,Middle,5.654061024319299,1.209500390241442,0.21448971256238564,0.7855102874376143,-0.4507610422832052,0.7253805211416026,0.17118738757589566,0.029834539378942426,0.6799999999999999,0.5071955467422635,1.165996674217672,0.7528948328735658,0.6551831635576641,0.20658290082804737,1.1308122048638598,0.07335533754498469,0.06492003878604563,1.7060000495019878,5
internet,internet::wired_internet_14,wired_internet_14,undergraduate,joint,3,Beginning,3.1523421921550843,1.267401748769144,0.40388584886398576,0.5961141511360143,-0.3829906260605766,0.6914953130302882,0.06785161782017086,0.02156144998493243,0.6666666666666666,0.534769888839079,1.1336624577804604,0.6986105344296256,0.7095702348573327,0.36084299669125525,1.0507807307183614,0.16232942494746297,0.16001169405867782,1.6735078025177834,9
internet,internet::wired_internet_14,wired_internet_14,undergraduate,joint,3,End,3.4903405705414214,1.326002431208481,0.3815159342602831,0.6184840657397169,-0.3665655591518537,0.6832827795759269,0.06608298495382921,0.01872127893482338,0.7777777777777778,0.5458849555605844,1.2415054444325238,0.7621163588317368,0.6420600414595936,0.356454043859334,1.1634468568471403,0.10898179571748136,0.0954443782214056,1.6594495939479033,9
internet,internet::wired_internet_14,wired_internet_14,undergraduate,joint,3,Middle,3.5593026756173773,1.2092652953472198,0.34060011685773794,0.659399883142262,-0.48528767929610284,0.7426438396480514,0.12834961585541294,0.035709563090061486,0.6666666666666666,0.5061029099499942,1.1974234175097116,0.733208967225763,0.6759151780121265,0.33663958855994897,1.1864342252057924,0.11400960500294312,0.09603264254867337,1.730237079261802,11
internet,internet::wired_internet_14,wired_internet_14,undergraduate,joint,5,Beginning,5.240220154214048,1.3078974249323385,0.24975114963659156,0.7502488503634085,-0.37537278865542245,0.6876863943277113,0.18368923668398185,0.034608381689118166,0.625,0.5146378235765134,1.1718255798553352,0.7618254022198587,0.6433287342558356,0.22394458074900425,1.0480440308428094,0.20531586247186767,0.198028246945739,1.6664428373641826,8
internet,internet::wired_internet_14,wired_internet_14,undergraduate,joint,5,End,5.784204398120275,1.3008524389820761,0.22521979404548503,0.774780205954515,-0.3679100866341395,0.6839550433170697,0.15343983190575805,0.026581090541333896,0.65,0.5272804271920588,1.259221384830034,0.8157921015343161,0.5738271888077005,0.2179225155088697,1.156840879624055,0.13745121247281666,0.11925659311810985,1.6609019310564594,8
internet,internet::wired_internet_14,wired_internet_14,undergraduate,joint,5,Middle,5.8941591511936675,1.2292581863703,0.20855572943081394,0.7914442705691861,-0.47511735589009946,0.7375586779450497,0.1939557506307305,0.03286260056287335,0.5818181818181819,0.5160151521579093,1.2060640058760173,0.7787012790840716,0.6226631680911802,0.2046563329953683,1.1788318302387335,0.11912755131485765,0.10084170559579884,1.7252483576146174,11
internet,internet::wired_internet_14,wired_internet_14,undergraduate,partner,3,Beginning,3.779648640069553,1.338401538637308,0.35483327114204544,0.6451667288579546,-0.4864697502939332,0.7432348751469666,0.053831725602874136,0.014676824172879497,0.75,0.49228197016552233,1.2804761494300432,0.7839294452534149,0.6169381745077255,0.3389710575187069,1.2598828800231843,0.0879347149822684,0.07116259827119206,1.73037999339985,4
internet,internet::wired_internet_14,wired_internet_14,undergraduate,partner,3,End,4.017028366732601,1.3042663583033764,0.32495471230856915,0.6750452876914308,-0.4767335135048224,0.7383667567524113,0.09433011173328032,0.023343764701629657,0.6666666666666666,0.5002787218515513,1.3482768784418235,0.8263852605637272,0.5619481354375906,0.3357031593889604,1.3390094555775338,0.0843249894530446,0.06307879077961559,1.7278499568842915,4
internet,internet::wired_internet_14,wired_internet_14,undergraduate,partner,3,Middle,3.8722530668644035,1.3337528581794769,0.34465364872766996,0.6553463512723301,-0.5097951986560085,0.7548975993280043,0.08228593996193281,0.021101354824595416,0.6,0.49415467348354525,1.2920535118755048,0.7914242856028376,0.6096832061248266,0.3337473371117565,1.2907510222881347,0.07368164378555656,0.056743865700256,1.7300413736510845,5
internet,internet::wired_internet_14,wired_internet_14,undergraduate,partner,5,Beginning,6.317990873701998,1.3222727781431651,0.20949991039234508,0.7905000896076549,-0.48118338091110874,0.7405916904555543,0.09051152823161616,0.014292227605173962,0.6666666666666666,0.504070156893586,1.2973590128998753,0.8377264497901439,0.5436971365601942,0.2054053717208323,1.2635981747403997,0.09914570822267199,0.07889458036811522,1.7349834285507464,3
internet,internet::wired_internet_14,wired_internet_14,undergraduate,partner,5,End,6.689184367412127,1.3358187746970778,0.19968595231865452,0.8003140476813454,-0.48442232972580795,0.742211164862904,0.14428743436706593,0.021438178601827135,0.6,0.5028346743658144,1.3349978510329537,0.8627822043892164,0.5044688473878071,0.1995943936009873,1.3378368734824255,0.10350399098893015,0.0774420115547706,1.7227036817487458,3
internet,internet::wired_internet_14,wired_internet_14,undergraduate,partner,5,Middle,6.464890288237593,1.357633417105524,0.2099690759872112,0.7900309240127887,-0.5068728766531021,0.753436438326551,0.15605836680905316,0.02395893270208707,0.6,0.5166018438213903,1.3074284011209119,0.8445312980846988,0.5340870147415574,0.2022787245698435,1.2929780576475187,0.08073551655654537,0.062258146493500185,1.7361278148778028,5
internet,internet::wired_internet_15,wired_internet_15,graduate,expert,3,Beginning,3.9636444476051524,1.3922892606742456,0.3512649227443878,0.6487350772556122,-0.5415683704027314,0.7707841852013657,0.22608112053254303,0.057038698480925056,0.6666666666666666,0.5346342662229147,1.308268733257585,0.8011623842084906,0.5947359090992499,0.33006712649214676,1.321214815868384,0.05461327718429877,0.04133565301294593,1.7328247791501317,1
internet,internet::wired_internet_15,wired_internet_15,graduate,expert,3,End,3.534080347410537,1.0871270293462396,0.3076124260001023,0.6923875739998977,-0.4263338694496991,0.7131669347248495,0.18696250069504572,0.05290273064449012,0.3333333333333333,0.4520231762097777,1.1950903930217158,0.7321501982072038,0.6766055244417116,0.33816163627897505,1.1780267824701791,0.1368150834783499,0.11613919608131937,1.7306366018048789,1
internet,internet::wired_internet_15,wired_internet_15,graduate,expert,3,Middle,3.5692567710614798,1.310410660947885,0.367053368158233,0.6329466318417669,-0.46712258240703236,0.7335612912035161,0.00542528796829056,0.001524311719636331,0.8333333333333333,0.5595679288208135,1.2215492361915545,0.7479116986788266,0.6576744277696527,0.3422094072795157,1.1897522570204933,0.14683617464444113,0.1234143119024728,1.7062508140713226,2
internet,internet::wired_internet_15,wired_internet_15,graduate,expert,5,Middle,6.166172616699107,1.2594349164591194,0.2040151401264107,0.7959848598735892,-0.4755368511666238,0.7377684255833119,0.240562038068458,0.03924887146049491,0.6000000000000001,0.5244411945096362,1.2618043618472594,0.8138954852462191,0.5734247599710431,0.20459770304332806,1.2332345233398214,0.12919524411714733,0.1047042983065625,1.7004588914548706,2
internet,internet::wired_internet_15,wired_internet_15,graduate,joint,3,Beginning,3.516019859499041,1.3273489268289258,0.3778497563429602,0.6221502436570397,-0.41727553984683674,0.7086377699234183,0.02623191547166026,0.007743073393751812,0.8333333333333333,0.5610698372448866,1.2267163946385609,0.7511656110702185,0.6539214912463285,0.3491949585538721,1.1720066198330135,0.08224041924466385,0.07037911427118516,1.6834045330846557,4
internet,internet::wired_internet_15,wired_internet_15,graduate,joint,3,End,3.495434560785916,1.15436828753683,0.33310644401298917,0.6668935559870108,-0.45667199361366984,0.7283359968068349,0.12365513617253487,0.03439795116522525,0.5833333333333333,0.4845211684528446,1.1796907700218768,0.7227033364704711,0.6865595716819792,0.33840446886213515,1.1651448535953053,0.12135256666849363,0.1073008912737112,1.7131579982037002,4
internet,internet::wired_internet_15,wired_internet_15,graduate,joint,3,Middle,3.1080538734770276,1.143016328106915,0.3670105897105386,0.6329894102894613,-0.4029186766981277,0.7014593383490638,0.06289014603084636,0.021052362673058718,0.75,0.5523829179900029,1.0879013193333442,0.6667923122931854,0.7413096586371206,0.34991164268198477,1.0360179578256759,0.06473950874238547,0.06268162999320331,1.68415035978654,4
internet,internet::wired_internet_15,wired_internet_15,graduate,joint,5,Beginning,5.791677710646827,1.269690750937439,0.21897039086590167,0.7810296091340984,-0.4051859431857527,0.7025929715928764,0.10784437844831674,0.019075767719299423,0.7333333333333334,0.5560870375054479,1.2372708899660179,0.7992102314188626,0.5947001268900448,0.2135725316768402,1.1583355421293653,0.10269485996664722,0.08820673293962043,1.6662705707045762,3
internet,internet::wired_internet_15,wired_internet_15,graduate,joint,5,End,5.6195488108001586,1.223947274425844,0.21801481774323425,0.7819851822567658,-0.4518506140946847,0.7259253070473424,0.16257616871202588,0.029051470121896957,0.6,0.5057677040588604,1.161978756252381,0.7501485161772808,0.6557051702077722,0.206889818457888,1.1239097621600318,0.15890031066997456,0.14152303532543467,1.7323938217550239,3
internet,internet::wired_internet_15,wired_internet_15,graduate,joint,5,Middle,5.240613638005316,1.2483119977511516,0.23827918552514,0.76172081447486,-0.3930061551848589,0.6965030775924295,0.09836104469412582,0.018944163436639554,0.6,0.5390181185071268,1.1268324635341709,0.7276001219303789,0.6810972326170549,0.21501315048499814,1.0481227276010632,0.09780010378533634,0.09346705153536079,1.6629203125814338,4
internet,internet::wired_internet_15,wired_internet_15,graduate,partner,3,Beginning,3.5303638704222395,1.3807109523155376,0.39109593316521263,0.6089040668347874,-0.4270753276309255,0.7135376638154627,0.0,0.0,1.0,0.6008416443128036,1.2452195758312905,0.7631872164272084,0.6426808772384831,0.3527170630381393,1.176787956807413,0.06400879228791319,0.054392800264175825,1.7134461090556925,1
internet,internet::wired_internet_15,wired_internet_15,graduate,partner,3,End,3.509952126101923,1.2824921475462894,0.365387361841484,0.634612638158516,-0.4352996470563345,0.7176498235281672,0.006013055585539551,0.001713144615512896,0.6666666666666666,0.5192451630838173,1.2082417691785008,0.7397237325512057,0.6718730667376087,0.3442331193617584,1.1699840420339742,0.04945522497887168,0.04226999959152912,1.6711974317420344,1
internet,internet::wired_internet_15,wired_internet_15,graduate,partner,3,Middle,3.4123451860263994,1.1758209941222684,0.34442953525549846,0.6555704647445015,-0.494596635311276,0.747298317655638,0.09719525226413328,0.028674483481417417,0.7777777777777777,0.516802934245098,1.1426501958970698,0.6992943820693514,0.7123723068486013,0.3348098306165663,1.137448395342133,0.04759763981176582,0.04173608157247614,1.725957254573346,3
internet,internet::wired_internet_15,wired_internet_15,graduate,partner,5,Middle,5.759117184867787,1.2471974491776754,0.21639402680932182,0.7836059731906783,-0.47513028085728215,0.7375651404286412,0.194746748152154,0.03379233896347996,0.6,0.5425837243773158,1.1801826238955557,0.7612601444554095,0.6438045070512399,0.20490138794075338,1.1518234369735574,0.05554586293048347,0.0482181982585018,1.7090298894168139,3
internet,internet::wired_internet_16,wired_internet_16,expert,expert,3,Beginning,3.6328315339843904,1.2742656100241756,0.3512845567272107,0.6487154432727893,-0.47723515690695795,0.738617578453479,0.109862612981186,0.029689031528377253,0.6666666666666666,0.5507862505672562,1.2311127934114905,0.7540614474406145,0.6503901567785584,0.3392004226016995,1.2109438446614635,0.13522510974772844,0.11555921772564393,1.7098189603362506,3
internet,internet::wired_internet_16,wired_internet_16,expert,expert,3,End,3.8185212801272583,1.2565145530864699,0.3292803565553733,0.6707196434446266,-0.5312267214397541,0.7656133607198771,0.19490322513581818,0.050223177705317736,0.5555555555555555,0.5013279474201057,1.2572988757273451,0.7699999263164967,0.6320636316855452,0.329505766336885,1.272840426709086,0.12152859737553832,0.09733432650757672,1.7784711242951363,3
internet,internet::wired_internet_16,wired_internet_16,expert,expert,3,Middle,3.445970003804274,1.254956265372503,0.3641340627354158,0.6358659372645842,-0.48200088402562163,0.7410004420128109,0.05697313145532794,0.01651981778165773,0.6666666666666666,0.5093961215286187,1.1750961504690174,0.7202722835111722,0.6903248780634952,0.34101453538397103,1.148656667934758,0.07468545740630525,0.06589076831222676,1.728071784727603,5
internet,internet::wired_internet_16,wired_internet_16,expert,expert,5,Beginning,5.972509395983609,1.2287075919772068,0.2055116539283415,0.7944883460716585,-0.47175514173809635,0.7358775708690481,0.15476254663239952,0.025788432058888186,0.6,0.5316758398577166,1.22394378619357,0.7902701643918943,0.6073814274330547,0.20489426858927037,1.194501879196722,0.15751903836754683,0.1318420112344325,1.7055445958117503,2
internet,internet::wired_internet_16,wired_internet_16,expert,expert,5,End,6.222790986796504,1.2283903771776243,0.19747218732319388,0.8025278126768062,-0.49643377501894675,0.7482168875094733,0.4362280894286811,0.06970784921865499,0.6,0.5219156261590967,1.2487908901272786,0.8061568409583337,0.5862331230235276,0.20073089938461477,1.2445581973593005,0.13363211391024143,0.10818832688434521,1.7633913702349278,2
internet,internet::wired_internet_16,wired_internet_16,expert,expert,5,Middle,5.796934214948381,1.2516791637462812,0.21575120353569543,0.7842487964643046,-0.4845576617309181,0.7422788308654591,0.13775506614582608,0.024179172252070343,0.5599999999999999,0.5101483479012413,1.2020033723131682,0.7772180704307345,0.6253832955308095,0.2072981921876631,1.1593868429896763,0.09812811478324124,0.08510235746670168,1.7182503000543228,5
internet,internet::wired_internet_16,wired_internet_16,expert,joint,3,Beginning,3.242005532906769,1.1795728159607668,0.3642293006056767,0.6357706993943233,-0.4582781665512142,0.7291390832756072,0.08676596266833812,0.026240933105319147,0.7916666666666666,0.5396133601193778,1.1110966622039367,0.6803622616847042,0.7217984597522586,0.3425460669505883,1.080668510968923,0.07929188056728786,0.07411517940560002,1.70855486112287,8
internet,internet::wired_internet_16,wired_internet_16,expert,joint,3,End,3.55064141724837,1.1538850336671744,0.3255160803301775,0.6744839196698225,-0.5160264052419482,0.7580132026209742,0.19599281928246834,0.054722135072344004,0.75,0.5055058255561963,1.1698984509796027,0.7164091391282956,0.6857187878993463,0.32934539195182844,1.1835471390827899,0.125668344909873,0.104219408148006,1.7466396120588261,8
internet,internet::wired_internet_16,wired_internet_16,expert,joint,3,Middle,3.2447739613331437,1.1498444726346873,0.35569924254665164,0.6443007574533484,-0.42916137500796636,0.7145806875039832,0.056890131220157056,0.01768443420255185,0.7037037037037037,0.5231379031709454,1.1164709339714631,0.6840121798915493,0.7245318106141584,0.3447943933518412,1.0815913204443812,0.0887417932743096,0.08427544849991227,1.6944670560463644,9
internet,internet::wired_internet_16,wired_internet_16,expert,joint,5,Beginning,5.378350394492886,1.1873279801418983,0.22079916803664337,0.7792008319633565,-0.47363279845730727,0.7368163992286537,0.24701817997946485,0.045661585939998695,0.6571428571428573,0.555498392234008,1.110668449873487,0.716417522481552,0.6866365593049233,0.2064450767955646,1.0756700788985774,0.0977430819997067,0.09124516889864531,1.7110282171248572,7
internet,internet::wired_internet_16,wired_internet_16,expert,joint,5,End,5.998862573573794,1.201199230151088,0.2002076519435889,0.7997923480564112,-0.5055008764725983,0.7527504382362993,0.34089677734051504,0.056694178515762514,0.6571428571428571,0.5365086293250357,1.1906442033583338,0.7679991369442085,0.627529927673215,0.19835804820355735,1.1997725147147589,0.1568523240503463,0.13124598562845494,1.7413563167626436,7
internet,internet::wired_internet_16,wired_internet_16,expert,joint,5,Middle,5.381964781438672,1.2024745873714369,0.2237967630665464,0.7762032369334535,-0.4270930790239136,0.7135465395119568,0.16557472378769184,0.031031785626585515,0.6666666666666666,0.5226303260717828,1.1322875846143412,0.7310162896216075,0.67531782561483,0.2105929351917488,1.0763929562877346,0.12389253005163099,0.11523427269444597,1.6961967552751795,9
internet,internet::wired_internet_16,wired_internet_16,expert,partner,3,Beginning,3.016724998779628,1.1841647986229795,0.39150954577054436,0.6084904542294556,-0.4798345778491045,0.7399172889245523,0.07816301516871182,0.027162101571844843,0.7777777777777777,0.5521208145691142,1.0382767186998,0.6357303249528985,0.7618880972407123,0.3437131868084103,1.0055749995932093,0.11917725110631448,0.11400508474548197,1.6934826622212993,3
internet,internet::wired_internet_16,wired_internet_16,expert,partner,3,End,3.3565102246157235,1.182012436013214,0.3524180805786017,0.6475819194213983,-0.4717532950334684,0.7358766475167342,0.009899048461154858,0.0025985180889768434,0.75,0.5686385829569578,1.1451260471553129,0.7027097888892777,0.6998090808244911,0.3415297297194475,1.1188367415385745,0.12576613894501543,0.11501625033529278,1.726773086984889,4
internet,internet::wired_internet_16,wired_internet_16,expert,partner,3,Middle,3.355478316819156,1.1456884063360355,0.34059149563586333,0.6594085043641367,-0.4682263683783685,0.7341131841891843,0.1219459526959043,0.03708665033230814,0.6666666666666666,0.47977930902128413,1.134215770010006,0.6945343335685297,0.7125935224529664,0.3375723812488329,1.118492772273052,0.07625328746208232,0.06715440856912153,1.7205228953508367,4
internet,internet::wired_internet_16,wired_internet_16,expert,partner,5,Beginning,5.124596231753608,1.250527724126479,0.2432054575026887,0.7567945424973113,-0.5061219918460105,0.7530609959230052,0.12293090585598726,0.024160589095902494,0.7,0.561698794863793,1.0742248438145485,0.6919194448367195,0.7106146493881609,0.20943931780126185,1.0249192463507215,0.1410927579872536,0.13598523037038382,1.7036339845783122,2
internet,internet::wired_internet_16,wired_internet_16,expert,partner,5,End,5.691393728251595,1.143222041735026,0.2018097287597227,0.7981902712402773,-0.46829447833194965,0.7341472391659748,0.15081740160307436,0.025780691748359227,0.7333333333333334,0.5684559648372214,1.1807594638424417,0.7628012591319574,0.6390268902585169,0.20752556155687515,1.1382787456503192,0.18663366296890038,0.16445405988863396,1.7447278958470482,3
internet,internet::wired_internet_16,wired_internet_16,expert,partner,5,Middle,5.622612272265635,1.1347327946096633,0.20306742192657395,0.796932578073426,-0.475721002099849,0.7378605010499245,0.28765424473968537,0.05078495928246152,0.6,0.4864887786316132,1.148532447064126,0.7410200493935887,0.6630361486970577,0.20428167267945568,1.124522454453127,0.10052667878372436,0.08869930749389157,1.714812058061141,4
laser,laser::wired_laser_12,wired_laser_12,child,expert,3,Beginning,2.72548002194875,1.083291406896875,0.3983574742526965,0.6016425257473035,-0.3203381992476038,0.6601690996238019,0.01397039299771341,0.004930068658247232,0.8666666666666666,0.5585273449984429,0.9892421240122727,0.6077556152592654,0.7896630692406083,0.3632584119358853,0.9084933406495832,0.13963980062725878,0.15195939351511503,1.61807505756552,5
laser,laser::wired_laser_12,wired_laser_12,child,expert,3,End,3.3430795874159855,1.120431821248358,0.33541513722101585,0.6645848627789841,-0.4336296299058623,0.7168148149529312,0.12147179110965214,0.036050918428400414,0.6666666666666666,0.49836307118880974,1.1411748372647306,0.6996552384323447,0.7114515605597627,0.3414634194250435,1.114359862471995,0.10907893071715873,0.09812619890158372,1.6991925850041567,5
laser,laser::wired_laser_12,wired_laser_12,child,expert,3,Middle,3.3853698327263295,1.1621324871820646,0.3460342680209285,0.6539657319790715,-0.5510068128791256,0.7755034064395627,0.1457569111572964,0.04219381115649318,0.6,0.4805940482976719,1.1138891185589566,0.6819939883283498,0.7250864999625526,0.3296530753585269,1.1284566109087764,0.12093427859473724,0.10776948184622907,1.761490184917978,5
laser,laser::wired_laser_12,wired_laser_12,child,expert,5,Beginning,4.598155015203849,1.2115586287304587,0.26361700538856303,0.736382994611437,-0.3280878788619872,0.6640439394309936,0.04685453007958948,0.009887000071409097,0.85,0.5498191456768013,1.0397132211631477,0.6730943098047053,0.7347399869768124,0.22625711611701704,0.9196310030407698,0.1648310830933318,0.17873162903953138,1.6149191573880581,4
laser,laser::wired_laser_12,wired_laser_12,child,expert,5,End,5.55579781103972,1.1203556615472028,0.2014633018408422,0.7985366981591577,-0.45055307305299375,0.7252765365264969,0.24561379932784108,0.04440235262080523,0.65,0.5247717092404176,1.1205961654315972,0.7235208579601388,0.685245898875985,0.20164738318007283,1.111159562207944,0.10462605155837248,0.09379609763614473,1.7025810134063581,4
laser,laser::wired_laser_12,wired_laser_12,child,expert,5,Middle,5.5513659081801325,1.1186842111212918,0.2010723742960371,0.7989276257039629,-0.5293353736164875,0.7646676868082437,0.23980073754518844,0.043997380436118574,0.6,0.5114316895497988,1.104077591021828,0.7117530289304845,0.6942439816972805,0.1989650061584481,1.1102731816360265,0.14789038876540156,0.1353574357633272,1.7647919249303854,5
laser,laser::wired_laser_12,wired_laser_12,child,joint,3,Beginning,3.540049264595292,1.226920237523628,0.3493465011866462,0.6506534988133539,-0.5821749940849992,0.7910874970424996,0.3460912024442027,0.09290443939739829,0.7,0.5497190110515529,1.1201986824468393,0.6988789852276877,0.7056570954805496,0.3188868611088321,1.180016421531764,0.1302348942773586,0.11705008619787498,1.7829390896303505,10
laser,laser::wired_laser_12,wired_laser_12,child,joint,3,End,3.3218891683661886,1.2709843446737454,0.39012256277199614,0.6098774372280038,-0.4622764230106601,0.73113821150533,0.1996131986866622,0.05426891730897806,0.7,0.574016565608096,1.1324014846473767,0.7101496859341013,0.696917952214638,0.3462870922813223,1.1072963894553962,0.14962616346012303,0.15472262814279714,1.7425824236658667,10
laser,laser::wired_laser_12,wired_laser_12,child,joint,3,Middle,3.1716368105687867,1.1400810171397062,0.3671543096867304,0.6328456903132696,-0.5842735843907282,0.792136792195364,0.32643689962107286,0.1003429320918665,0.6666666666666666,0.5380299573099114,1.0034037740572643,0.6365380008770006,0.7530308487414255,0.31949184265477387,1.0572122701895956,0.13619544961155147,0.13650287205863362,1.7785547517001035,12
laser,laser::wired_laser_12,wired_laser_12,child,joint,5,Beginning,5.796783870290706,1.196092459640708,0.2064494420881369,0.7935505579118631,-0.5570874459599314,0.7785437229799657,0.3792991082786396,0.06525247848630769,0.6222222222222222,0.5385508583345073,1.139718429363358,0.7442046466462279,0.6592518977329932,0.1969718818137772,1.1593567740581412,0.17528549374685015,0.1533154675648404,1.7814193653570574,9
laser,laser::wired_laser_12,wired_laser_12,child,joint,5,End,5.618237133263179,1.2699944654723834,0.2284451538838757,0.7715548461161243,-0.47952901245784463,0.7397645062289223,0.28881351360663055,0.05032580198504529,0.6222222222222222,0.5574285064504401,1.1563271284570917,0.7655484059242919,0.6403746700217027,0.20770115993780944,1.1236474266526357,0.1774298190965932,0.16735321269052023,1.7461022181817407,9
laser,laser::wired_laser_12,wired_laser_12,child,joint,5,Middle,5.306621425603139,1.1852425530838715,0.2270210369624854,0.7729789630375147,-0.57654389075807,0.788271945379035,0.6273743142584151,0.11462770372987348,0.6166666666666667,0.5373707930404154,1.0257062750534505,0.6888648985756141,0.7097033362207797,0.19580122011291812,1.0613242851206277,0.1875362201416857,0.18242136423922248,1.7670123601257128,12
laser,laser::wired_laser_12,wired_laser_12,child,partner,3,Beginning,3.5032520772874545,1.107705054742603,0.3283471855305287,0.6716528144694713,-0.49066988307165876,0.7453349415358294,0.22872645151644577,0.0617747845564038,0.6666666666666666,0.5039071239034798,1.2075994065778892,0.7530904418701256,0.6485606559625752,0.3494895016341134,1.1677506924291516,0.23450940227700642,0.23931966008945382,1.818276424865255,4
laser,laser::wired_laser_12,wired_laser_12,child,partner,3,End,2.9896544078419005,0.9073111035632331,0.30984422621392393,0.6901557737860761,-0.6914652105348434,0.8457326052674216,0.4293846381327259,0.15026862474341515,0.6666666666666666,0.6954462303567168,1.03032926174054,0.6781480920352201,0.7007581116103936,0.34841246735355796,0.9965514692806335,0.4766102503063459,0.5353718820494172,1.8901474308706097,4
laser,laser::wired_laser_12,wired_laser_12,child,partner,3,Middle,1.868979541010698,1.0950355572426453,0.693540608026408,0.306459391973592,-0.3256798127411487,0.6628399063705743,0.22483968937365906,0.08333333455924387,0.8333333333333334,0.6902990213401354,0.8003064675603807,0.5662305128205657,0.7866233587275341,0.4615547625789241,0.6229931803368993,0.5993570428067417,1.0685012290860796,1.943350977826908,6
laser,laser::wired_laser_12,wired_laser_12,child,partner,5,Beginning,5.462258898209266,1.2795961802960794,0.23628266970756975,0.7637173302924302,-0.4353582762911859,0.717679138145593,0.14995447013220362,0.027904674694130355,0.7333333333333334,0.5713375185092162,1.1779812826610532,0.776500999655472,0.6185566925999604,0.21720652009422814,1.0924517796418531,0.394679373855882,0.3801129897389461,1.8472624082416316,3
laser,laser::wired_laser_12,wired_laser_12,child,partner,5,End,4.88556462665253,1.2568179371845376,0.2629872433817413,0.7370127566182587,-0.7665854076467385,0.8832927038233692,0.15982619942584356,0.03029831811929982,0.6666666666666666,0.5478468180027688,1.0101473803428984,0.7029347348407011,0.6695825126148823,0.20610321641765594,0.9771129253305061,0.5734273065481,0.6058009580283024,1.866429863932751,3
laser,laser::wired_laser_12,wired_laser_12,child,partner,5,Middle,3.3370491150370465,0.9880530155183475,0.31516321483358284,0.6848367851664171,-0.410013265429203,0.7050066327146015,0.6807743870112574,0.19689077681308417,0.7333333333333334,0.6758314249428317,0.8756069720416804,0.637263340544703,0.7291641712203666,0.27471967697837146,0.6674098230074094,0.6036360033971593,0.9771961756992699,1.9280502710745082,6
laser,laser::wired_laser_13,wired_laser_13,teenager,expert,3,Beginning,2.9364087300540223,0.9537759176225338,0.32647380854890096,0.6735261914510989,-0.45223600615660225,0.7261180030783011,0.1413704303677663,0.04930255501176517,0.6666666666666666,0.455001314707197,0.994553583090748,0.6083966730366456,0.788773475225872,0.3393230222268841,0.9788029100180075,0.15324514376202433,0.1611564545241372,1.7356609454252359,3
laser,laser::wired_laser_13,wired_laser_13,teenager,expert,3,End,2.9752315053150276,1.0755829378123742,0.36315145979625135,0.6368485402037486,-0.5317855470990848,0.7658927735495423,0.04853545720350257,0.01616946906291103,0.5555555555555555,0.537663405426896,0.9941589628343627,0.6087035166210436,0.7901239399288124,0.33442747604304834,0.9917438351050092,0.09625568720005989,0.09741427675863192,1.7329361455506451,3
laser,laser::wired_laser_13,wired_laser_13,teenager,expert,3,Middle,2.940326777350193,1.1216949271299352,0.3821648780481731,0.6178351219518269,-0.4443761662963106,0.7221880831481553,0.043389440802674734,0.01466152171065473,0.6666666666666666,0.5308912056161241,1.0188336360331227,0.6237511241247505,0.77870624670348,0.34681660292725563,0.9801089257833977,0.07394496831994646,0.07517458515982142,1.6959686086523247,4
laser,laser::wired_laser_13,wired_laser_13,teenager,expert,5,Beginning,4.7550034556731,1.1761617857413889,0.24618596932336537,0.7538140306766347,-0.4241086894914512,0.7120543447457255,0.028840180767599644,0.0063316253556645165,0.9,0.5103467023801476,1.0125718793813803,0.6534575671048395,0.7505989562347797,0.2128609104853679,0.95100069113462,0.14705249901005957,0.1567117954503693,1.7480717639786043,2
laser,laser::wired_laser_13,wired_laser_13,teenager,expert,5,End,5.000983917655103,1.135849031639303,0.22676728530385715,0.7732327146961429,-0.5257188506346868,0.7628594253173434,0.2451744778266815,0.049714417446818385,0.5,0.5460417155614542,1.020455068678003,0.6579318255820408,0.7474477470059229,0.2040628678647102,1.0001967835310206,0.10444670077213378,0.10422914712584708,1.7446541731734078,2
laser,laser::wired_laser_13,wired_laser_13,teenager,expert,5,Middle,4.958552851078922,1.044609901059336,0.21079277320824474,0.7892072267917553,-0.4676579965404758,0.733828998270238,0.1632366317265103,0.032854693682083796,0.6,0.549980307494433,1.0323584496849816,0.665964914395726,0.742369994660597,0.20823637256986394,0.9917105702157845,0.08873872275676409,0.08952448574337195,1.7072376172574897,4
laser,laser::wired_laser_13,wired_laser_13,teenager,joint,3,Beginning,3.413083950755948,1.2125894107105943,0.3603075533245415,0.6396924466754585,-0.4712626275355449,0.7356313137677725,0.11986206021419758,0.03462071332525347,0.7142857142857143,0.5377264884996518,1.1578342818260767,0.7093121927602393,0.6886061473648473,0.34054300482721567,1.1376946502519827,0.19643015668524638,0.1795001595123689,1.7265226501443016,7
laser,laser::wired_laser_13,wired_laser_13,teenager,joint,3,End,3.049091222268275,1.1035007591408033,0.36324724516727963,0.6367527548327203,-0.38997212639311357,0.6949860631965568,0.08156293263168557,0.02614838699705659,0.7142857142857143,0.5417000420600507,1.0665543451416821,0.6534982649332177,0.7514061255886276,0.3502162854426903,1.0163637407560917,0.09582553652371222,0.09348804185707106,1.6768102522830926,7
laser,laser::wired_laser_13,wired_laser_13,teenager,joint,3,Middle,3.091810828041433,1.1534934690654706,0.37506213928239746,0.6249378607176025,-0.44615247838706434,0.7230762391935321,0.07915862506540337,0.024707124272917675,0.6666666666666666,0.5313063749661328,1.0677989315832876,0.6546195999623547,0.7512669910104076,0.34583306313917206,1.0306036093471442,0.10008799875172575,0.09639614274134885,1.6950025053504942,9
laser,laser::wired_laser_13,wired_laser_13,teenager,joint,5,Beginning,5.708760228806074,1.2380040774368277,0.21736887602966162,0.7826311239703384,-0.4542637491626545,0.7271318745813273,0.2333354481881517,0.04078636661854199,0.5333333333333333,0.5159053716869576,1.1808347171392757,0.7615139044033544,0.6335631577370988,0.20693700120007277,1.1417520457612147,0.22819602528588503,0.2003047547278579,1.7142852982440477,6
laser,laser::wired_laser_13,wired_laser_13,teenager,joint,5,End,5.1354501234312515,1.149824458126212,0.22380074790858218,0.7761992520914177,-0.403947675692831,0.7019738378464155,0.1729885558028699,0.03375149864328429,0.6666666666666666,0.5381124267593176,1.0757878694657175,0.6938995774842266,0.7117960554309039,0.20956264153273274,1.0270900246862504,0.11381055300319637,0.11037071043597017,1.6774269104719133,6
laser,laser::wired_laser_13,wired_laser_13,teenager,joint,5,Middle,5.189358107637018,1.1443561337371009,0.2204906713214696,0.7795093286785304,-0.4517958704935674,0.7258979352467837,0.22779370388797554,0.04395260253315411,0.6222222222222222,0.5357261868990864,1.0931534410421602,0.7061782356879474,0.7014325819406411,0.21067592257407244,1.0378716215274035,0.11962465234616697,0.11491783407679608,1.7024590133750468,9
laser,laser::wired_laser_13,wired_laser_13,teenager,partner,3,Beginning,4.1089090897167155,1.300672701231802,0.3167113199688718,0.6832886800311281,-0.5654208348912322,0.7827104174456161,0.11689696734160826,0.02854275888835821,0.5555555555555555,0.49229600315488353,1.3257479251553894,0.8118356909584792,0.5799454574644713,0.322735896620449,1.3696363632389055,0.07793046743476355,0.05696685139988721,1.777487854111536,3
laser,laser::wired_laser_13,wired_laser_13,teenager,partner,3,End,3.776779419006955,1.2587053390173055,0.33368397306618686,0.6663160269338132,-0.5599661985477699,0.7799830992738849,0.14893060914728248,0.039108440051878586,0.6666666666666666,0.5125408384854903,1.2286692277415152,0.7525042136646795,0.6550435994933737,0.325474918162149,1.2589264730023182,0.037840894448115135,0.030691590431542157,1.7709908196030266,3
laser,laser::wired_laser_13,wired_laser_13,teenager,partner,3,Middle,3.485345888937092,1.2025773337666823,0.344943031283113,0.655056968716887,-0.43601976967183054,0.7180098848359153,0.16658233325294797,0.048128871738911276,0.75,0.5467878307929106,1.1893593695024696,0.7289028217478875,0.6786024588090112,0.34148516887721414,1.1617819629790307,0.13750707275005336,0.11865222449806534,1.6989848759649626,4
laser,laser::wired_laser_13,wired_laser_13,teenager,partner,5,Beginning,6.6026442859355345,1.3036987093265973,0.1971396922758869,0.8028603077241131,-0.5446428811881431,0.7723214405940715,0.1270269780066402,0.019484512022393315,0.6,0.5416042000108197,1.3230582548339296,0.8549117153117166,0.5136628653951619,0.20038498962227858,1.320528857187107,0.12497035617894682,0.09513897442904212,1.7863574307819379,2
laser,laser::wired_laser_13,wired_laser_13,teenager,partner,5,End,6.191668838598319,1.1282032412747278,0.18215616540754334,0.8178438345924567,-0.5640016835832111,0.7820008417916056,0.33274954431096904,0.05388278376799807,0.6,0.51945568097514,1.192958793461442,0.7695814174427249,0.6331631025310451,0.19266019764347664,1.2383337677196637,0.08423189200818657,0.06806188153133583,1.7920080268328962,2
laser,laser::wired_laser_13,wired_laser_13,teenager,partner,5,Middle,5.978545805362177,1.2165592260081572,0.2033987020131441,0.796601297986856,-0.4385401607845375,0.7192700803922687,0.3056682142700795,0.05111444367727693,0.65,0.5473725392151801,1.2218835296215447,0.7889710398538963,0.6072712560422768,0.2043573968877642,1.1957091610724353,0.14791102170626372,0.1235550281439897,1.684344496933905,4
laser,laser::wired_laser_14,wired_laser_14,undergraduate,expert,3,Beginning,2.959295067218872,1.2570917295252977,0.4247943178936547,0.5752056821063454,-0.2789356450332528,0.6394678225166264,0.07538388730279988,0.025473596106671857,0.6666666666666666,0.5660771118679631,1.110320272348349,0.6838808478831142,0.72691097288625,0.37519755452835646,0.9864316890729573,0.10294473286994459,0.10436073172658457,1.6577901174783929,1
laser,laser::wired_laser_14,wired_laser_14,undergraduate,expert,3,End,2.7308038684425218,0.9664120418805201,0.3538928785946464,0.6461071214053535,-0.3455115384054503,0.6727557692027252,0.24436726960949373,0.08948547071923749,0.6666666666666666,0.3960564140059316,0.9469540285433103,0.5774690890179606,0.8104232197583929,0.3467674993017324,0.9102679561475072,0.1714901189548093,0.18839520582554667,1.6068205788162737,1
laser,laser::wired_laser_14,wired_laser_14,undergraduate,expert,3,Middle,2.6015371671234453,1.2593150275331808,0.48300546364556096,0.516994536354439,-0.18480398056487812,0.5924019902824391,0.0,0.0,1.0,0.667389752080955,1.0090750460310782,0.6185267993277115,0.775958726411359,0.3877128080988109,0.8671790557078152,0.09280133583226532,0.10370318593347151,1.5185468012429042,2
laser,laser::wired_laser_14,wired_laser_14,undergraduate,expert,5,Middle,4.627208189660942,1.314692674723062,0.2843490475987247,0.7156509524012753,-0.24851378614211483,0.6242568930710575,0.13720846047648988,0.02921777653607266,0.8,0.5589196092578979,1.1035922804047946,0.7149738298012448,0.6898226515404831,0.23867709377584545,0.9254416379321884,0.14282697414313855,0.15403462307555726,1.5491310904431241,2
laser,laser::wired_laser_14,wired_laser_14,undergraduate,joint,3,Beginning,3.1154954415102227,1.1633972463439797,0.37640137440277016,0.6235986255972298,-0.35123809288877705,0.6756190464443885,0.10066299329233908,0.03022876514303774,0.8888888888888888,0.5577144520859209,1.109206819672543,0.6818556830270531,0.7243893703519281,0.3568542519596723,1.0384984805034074,0.19382939296935875,0.18410007132688513,1.667246125185286,3
laser,laser::wired_laser_14,wired_laser_14,undergraduate,joint,3,End,3.4949092176369674,1.1246310229308525,0.3221489987338854,0.6778510012661146,-0.4507451844829326,0.7253725922414663,0.1892630365089886,0.054687341950322245,0.6666666666666666,0.4833308052043201,1.178070984030283,0.7212574904861685,0.685052753840311,0.3371119243939769,1.1649697392123226,0.09814985555167101,0.0847364722706348,1.7135055088955096,3
laser,laser::wired_laser_14,wired_laser_14,undergraduate,joint,3,Middle,3.4327596596658885,1.2156820177547043,0.3546940952364973,0.6453059047635027,-0.5768249273451229,0.7884124636725615,0.31665482675121226,0.09135107490529683,0.6,0.4712227882804091,1.1168691494686094,0.6843356326143916,0.7216681622078731,0.32562830644191054,1.1442532198886295,0.09069370743384728,0.07893309086149233,1.7700605614604394,5
laser,laser::wired_laser_14,wired_laser_14,undergraduate,joint,5,Beginning,5.363633320744569,1.2293921024943273,0.22918942813102344,0.7708105718689766,-0.39677476821540114,0.6983873841077006,0.23452431192300732,0.043912245420717484,0.7,0.53927489410895,1.1431296585111976,0.7405454233970674,0.6675633155517728,0.21314198092786213,1.072726664148914,0.18343758130169857,0.17098780252835005,1.6445980170868815,2
laser,laser::wired_laser_14,wired_laser_14,undergraduate,joint,5,End,5.729130082906996,1.0994092671376225,0.1911225757902119,0.808877424209788,-0.47433683890321165,0.7371684194516058,0.4295512492887794,0.07571146497634693,0.6,0.5023849731732779,1.1485163775586291,0.7406765999261675,0.6601083892276007,0.2004175693721073,1.1458260165813994,0.11431367707608184,0.09978460374248206,1.7317876827236725,2
laser,laser::wired_laser_14,wired_laser_14,undergraduate,joint,5,Middle,5.667614248284714,1.3212132188774122,0.2335034880649387,0.7664965119350613,-0.5552104750824751,0.7776052375412376,0.4660832279131936,0.0815018202191844,0.5599999999999999,0.4847000112544822,1.1498562945770212,0.7427031991274257,0.6596275894755037,0.2032476807929729,1.1335228496569427,0.11678519310854032,0.10378106799678306,1.7717136723658968,5
laser,laser::wired_laser_14,wired_laser_14,undergraduate,partner,3,Beginning,3.735268087692549,1.0674673783451503,0.28578065972356353,0.7142193402764365,-0.44833046154981293,0.7241652307749065,0.3107954023108337,0.08320564816616059,0.6666666666666666,0.5382469069012076,1.225921308605965,0.75186532479828,0.6566797872085621,0.3282016925760406,1.245089362564183,0.10163539668496935,0.08162899767744997,1.6709650400009524,1
laser,laser::wired_laser_14,wired_laser_14,undergraduate,partner,3,End,4.1033181489577855,1.2625845178069817,0.30769842161219435,0.6923015783878057,-0.6186853276725601,0.8093426638362801,0.20136326593025822,0.049073276460759714,0.6666666666666666,0.493580168691542,1.2987295896894275,0.7958528941556089,0.6036347708408489,0.3165071638472137,1.367772716319262,0.05656558722466576,0.04135598447736719,1.8252892287250677,1
laser,laser::wired_laser_14,wired_laser_14,undergraduate,partner,3,Middle,3.8124699949219303,1.3994379924912796,0.3677548987337219,0.6322451012662782,-0.4381449396123001,0.7190724698061501,0.08096206692694674,0.020437332783673323,0.8333333333333333,0.4814696561278532,1.3139739607385068,0.8045227885406181,0.5912289641273318,0.34502545457564,1.2708233316406434,0.08430755168090565,0.06597076338051183,1.6927943145958078,2
laser,laser::wired_laser_14,wired_laser_14,undergraduate,partner,5,Middle,6.473934202115963,1.2880268281639122,0.19894366910096906,0.8010563308990309,-0.48582641711174335,0.7429132085558716,0.28844415290454317,0.04458226300688485,0.6,0.49560327418438893,1.2993671939501668,0.8387488155436778,0.5404261731179847,0.2007075222360424,1.2947868404231926,0.10820993123802555,0.08356779624023122,1.7153675929812962,2
laser,laser::wired_laser_15,wired_laser_15,graduate,expert,3,Beginning,2.838753167801894,1.3277332743715313,0.468918963759369,0.531081036240631,-0.2748781611370411,0.6374390805685205,0.0,0.0,1.0,0.5998732739747056,1.0843559848396658,0.6680829033494446,0.7301427565291999,0.38172996327768544,0.9462510559339647,0.22728853688973674,0.23902688134213537,1.6098585034220771,3
laser,laser::wired_laser_15,wired_laser_15,graduate,expert,3,End,3.576967689159358,1.2949071894880562,0.3622871179319974,0.6377128820680026,-0.45052688049007483,0.7252634402450373,0.05468525544827574,0.015048068969799391,0.6666666666666666,0.49767156653878664,1.2245050319610895,0.7494391414560045,0.6598703892898723,0.34237630990789014,1.1923225630531191,0.0838974215535175,0.07003661899475333,1.6843478517896284,2
laser,laser::wired_laser_15,wired_laser_15,graduate,expert,3,Middle,3.552431448206805,1.171668431486881,0.3329697925157471,0.6670302074842529,-0.4389998697320889,0.7194999348660445,0.10113883792345824,0.027267287443294548,0.5833333333333333,0.4840272395016722,1.2081933730960985,0.7403425842111676,0.669001460484992,0.3409861084118643,1.1841438160689348,0.08831946987228173,0.07763982723021695,1.7102854546803257,4
laser,laser::wired_laser_15,wired_laser_15,graduate,expert,5,Beginning,5.078076253596162,1.3700624637846892,0.2697199375590503,0.7302800624409497,-0.29700709013966786,0.648503545069834,0.03561562987217326,0.007079315893089863,0.8,0.5348507997224079,1.1886188136312568,0.769870617191059,0.6266824306861238,0.23408568310001704,1.0156152507192324,0.22303299217730246,0.21954238839697598,1.5621864384321418,2
laser,laser::wired_laser_15,wired_laser_15,graduate,expert,5,End,6.18049451373131,1.31861120350199,0.21335043669602954,0.7866495633039705,-0.4696630769501376,0.7348315384750688,0.22191370317603698,0.035905493109492696,0.4,0.5180873749305297,1.254974920590387,0.8101019804633677,0.5839058682711707,0.20305412743303758,1.236098902746262,0.09151845459429919,0.07403813270197965,1.683227592357092,1
laser,laser::wired_laser_15,wired_laser_15,graduate,expert,5,Middle,5.718494388392062,1.2159541125664641,0.21436408060901166,0.7856359193909883,-0.4277281244869917,0.7138640622434959,0.1661680475899186,0.02908778507848087,0.6,0.5028251675754438,1.1895249840369237,0.7682051291040866,0.6339289386334921,0.20871209230240145,1.1436988776784125,0.1357148022277728,0.12288210095241778,1.7163016008228107,4
laser,laser::wired_laser_15,wired_laser_15,graduate,joint,3,Beginning,3.200203370362935,1.1917582390747572,0.3781232454487009,0.6218767545512991,-0.44011832659933303,0.7200591632996665,0.18151754126040467,0.05501540021586295,0.8095238095238094,0.4981340691704598,1.106472214411084,0.6780343208714578,0.7207361083695077,0.34703201524911503,1.0667344567876451,0.15380828997961513,0.1480225513230385,1.7064618336131827,7
laser,laser::wired_laser_15,wired_laser_15,graduate,joint,3,End,3.362419946568829,1.2736934914685898,0.3787483571067269,0.6212516428932731,-0.44739910645900205,0.723699553229501,0.08709733153462662,0.026482848041484014,0.7142857142857143,0.5067001988756676,1.170038776661645,0.7181263490958752,0.6875291930645456,0.3477027940776426,1.1208066488562765,0.12745097132172686,0.11194283985759294,1.703891867307981,7
laser,laser::wired_laser_15,wired_laser_15,graduate,joint,3,Middle,3.5257780199961677,1.2737316933006209,0.3620142467516194,0.6379857532483806,-0.4083460078972321,0.7041730039486161,0.10948645565486051,0.031326829976520296,0.7142857142857143,0.5175051385749586,1.2259745048439872,0.7513749642013547,0.6546629753960893,0.3481743870937083,1.1752593399987226,0.09978774114755772,0.08655621422177491,1.67796519109035,7
laser,laser::wired_laser_15,wired_laser_15,graduate,joint,5,Beginning,5.226521903918651,1.2130569802628346,0.23284297046122582,0.7671570295387742,-0.4271001163632923,0.7135500581816462,0.2874103705829704,0.05471586420498081,0.6333333333333334,0.5062416964890385,1.1284201441133175,0.7291247497128662,0.6683926050404607,0.21618415795969326,1.0453043807837301,0.20417769628533858,0.19553385438248558,1.6972552256605826,6
laser,laser::wired_laser_15,wired_laser_15,graduate,joint,5,End,5.57213381900096,1.2985561591493255,0.23305904563438284,0.7669409543656172,-0.4566751157057065,0.7283375578528534,0.13081231190544604,0.02362223693230911,0.6333333333333333,0.5132764061570568,1.1876565059748223,0.7684145386284266,0.6334212381937944,0.21309180814864634,1.1144267638001921,0.13365108859152544,0.11938896885388849,1.7037374382254364,6
laser,laser::wired_laser_15,wired_laser_15,graduate,joint,5,Middle,5.906268472295673,1.25969669823246,0.2135719957336318,0.7864280042663682,-0.4223134772106114,0.7111567386053057,0.2125974788624379,0.03589814523347685,0.6285714285714287,0.5070391480841624,1.2415124336705508,0.8026071877684773,0.5916925926727956,0.21027129414135565,1.1812536944591343,0.11756936590754552,0.10004092782595975,1.6868115839821065,7
laser,laser::wired_laser_15,wired_laser_15,graduate,partner,3,Beginning,3.8683212410396743,1.3376464843042855,0.34615487207447937,0.6538451279255206,-0.4838069023442533,0.7419034511721266,0.24931978626052598,0.06358508676498607,0.5,0.44889160048853727,1.2983025596305147,0.7956931319564053,0.5989703589388088,0.33590257385266886,1.2894404136798916,0.18158389348600612,0.1407050526329628,1.7195849534353163,2
laser,laser::wired_laser_15,wired_laser_15,graduate,partner,3,End,3.474134410678333,1.3623006441614554,0.3920473115503135,0.6079526884496865,-0.421854695166578,0.710927347583289,0.053518890814087484,0.01576653179804961,0.7777777777777777,0.4976014632899651,1.2299414011528933,0.7548120745815826,0.6455249891206098,0.35400742704693977,1.1580448035594442,0.254280854232765,0.21932211083807193,1.6877256646332028,3
laser,laser::wired_laser_15,wired_laser_15,graduate,partner,3,Middle,4.021637649904576,1.252342233952524,0.31206194220257705,0.6879380577974229,-0.511683334783825,0.7558416673919125,0.14365703740044095,0.035524013438853086,0.49999999999999994,0.4974303308394652,1.3207749353614067,0.8100586837553438,0.5831034594058219,0.3290047099250753,1.3405458833015251,0.11094782507992015,0.08443782834793687,1.7470893332422257,4
laser,laser::wired_laser_15,wired_laser_15,graduate,partner,5,Beginning,6.632629139190286,1.3635453114276426,0.20558141919481793,0.794418580805182,-0.515601083619421,0.7578005418097105,0.3395302554227688,0.0511909000635333,0.4,0.5153681040027964,1.3008545244405978,0.840364516231889,0.5357584254570501,0.1961295433743197,1.3265258278380572,0.15642974327988896,0.11792438563735674,1.746325763407902,1
laser,laser::wired_laser_15,wired_laser_15,graduate,partner,5,End,6.0908582840582035,1.318511415075014,0.21652809032779063,0.7834719096722094,-0.437467663655937,0.7187338318279686,0.15177607922702918,0.025180669112227792,0.6,0.48000495361950524,1.2844224115629346,0.8306523229014344,0.5500987146080445,0.21090852468948162,1.2181716568116405,0.22473206770654858,0.18444440457702915,1.6705370446361998,2
laser,laser::wired_laser_15,wired_laser_15,graduate,partner,5,Middle,6.5181418639959094,1.3263270428183132,0.20422360907896162,0.7957763909210384,-0.4941687257811027,0.7470843628905514,0.16673172034667877,0.02535872547962055,0.65,0.5361803878857857,1.305045464896803,0.8446051407283415,0.5317973574768773,0.20057575039627687,1.303628372799182,0.1661589962425235,0.12932534067988494,1.7544247908766373,4
laser,laser::wired_laser_16,wired_laser_16,expert,expert,3,Beginning,3.846178387946673,1.2692023007853497,0.3295047858438588,0.6704952141561412,-0.513510838819902,0.7567554194099511,0.09799394977562943,0.025630813466820425,0.7333333333333333,0.5070412159731722,1.2734834855873742,0.7802477539219993,0.621486679636402,0.33125338791819964,1.282059462648891,0.07967585576941846,0.06190630585242385,1.745271787773433,5
laser,laser::wired_laser_16,wired_laser_16,expert,expert,3,End,3.4709729071473565,1.2783354324368457,0.37005336844878517,0.6299466315512149,-0.45852227585787525,0.7292611379289377,0.06594258499338339,0.018276854867594724,0.8888888888888888,0.5255892587569609,1.1955826322109364,0.733090880231785,0.6764582629590903,0.3452528136014039,1.1569909690491187,0.10522777316474079,0.0932439424139206,1.7208373054548556,6
laser,laser::wired_laser_16,wired_laser_16,expert,expert,3,Middle,3.6539279388122092,1.282956881383759,0.3524960029287638,0.6475039970712363,-0.45498055336708426,0.7274902766835422,0.042489867722809764,0.010955236552404277,0.8095238095238094,0.532166949944054,1.2468965377878338,0.7636674052932207,0.6422048379494896,0.34167317822600146,1.2179759796040697,0.08928758592666648,0.07499106839893514,1.7063058123596382,7
laser,laser::wired_laser_16,wired_laser_16,expert,expert,5,Beginning,6.312290019617301,1.247611865539077,0.1976711526355368,0.8023288473644632,-0.49357966308171125,0.7467898315408557,0.14824440990583182,0.02357537092994131,0.75,0.5413119087692959,1.2756044482082423,0.8239598425572117,0.5637186565030324,0.20216053221130773,1.26245800392346,0.10763713627432206,0.08554882303542682,1.7405464094591616,4
laser,laser::wired_laser_16,wired_laser_16,expert,expert,5,End,5.845483860217949,1.1344357237614002,0.1935834173650175,0.8064165826349825,-0.46928546647965774,0.7346427332398289,0.32696110239357673,0.056341256837662154,0.6799999999999999,0.5293517113321347,1.192962632178243,0.771065898324273,0.632674684316607,0.20416049003076187,1.1690967720435899,0.11999525355467791,0.10320849283355864,1.7223129538188746,5
laser,laser::wired_laser_16,wired_laser_16,expert,expert,5,Middle,6.094757635603853,1.1984143215400656,0.19643415879164877,0.8035658412083512,-0.45345405597559113,0.7267270279877955,0.1581359018277053,0.026098252528562793,0.6285714285714287,0.5210030587267319,1.2481045246457434,0.8063625623106497,0.5889966856721776,0.20483322864153664,1.2189515271207705,0.11143014905368487,0.09150183703982233,1.706781672735471,7
laser,laser::wired_laser_16,wired_laser_16,expert,joint,3,Beginning,3.363301222292207,1.2142999341903198,0.3708620053841811,0.629137994615819,-0.501648540635235,0.7508242703176174,0.1834508907647408,0.05466024867366765,0.6923076923076923,0.5189487190389787,1.1714090293175337,0.7312339183344595,0.668381815949885,0.35342552744875716,1.1211004074307358,0.276701179702029,0.2874344982932225,1.7816563713256457,13
laser,laser::wired_laser_16,wired_laser_16,expert,joint,3,End,3.507674963723932,1.1630609918477466,0.3337381587779975,0.6662618412220026,-0.535640686967642,0.7678203434838209,0.21288416433615,0.05920317235798473,0.6666666666666666,0.5148255789416564,1.1423478996941139,0.70090928574175,0.7038278077179277,0.32664974002708236,1.1692249879079775,0.08418545880680371,0.0738937265030824,1.7519743778706318,13
laser,laser::wired_laser_16,wired_laser_16,expert,joint,3,Middle,3.7486264502790143,1.2893948516068556,0.3445618356927656,0.6554381643072344,-0.5351337092671351,0.7675668546335677,0.1373802736379085,0.035785321241513915,0.6666666666666666,0.5134649396344588,1.2365684121199068,0.7583489824190146,0.6481308616368022,0.3304158780831369,1.2495421500930048,0.07992819490582459,0.06541145817257497,1.754279451394692,13
laser,laser::wired_laser_16,wired_laser_16,expert,joint,5,Beginning,5.651996719600844,1.2673930847463897,0.22879360047286593,0.771206399527134,-0.4810425123175674,0.7405212561587837,0.27267354879465094,0.04742513766065804,0.65,0.5270760253571118,1.201216455098952,0.7862065215555617,0.6073126320848613,0.2154109176774448,1.1303993439201687,0.2999624124485824,0.29362631529025546,1.7649123358317629,12
laser,laser::wired_laser_16,wired_laser_16,expert,joint,5,End,5.834274356678146,1.1989892356718268,0.207151123869268,0.7928488761307321,-0.5384663005532572,0.7692331502766286,0.35965190713848144,0.060171022943880555,0.65,0.539573917175809,1.1506486311631838,0.7443873284319441,0.6575846199211219,0.19774916290163314,1.166854871335629,0.11431914158178447,0.09960247688581829,1.7523749954519718,12
laser,laser::wired_laser_16,wired_laser_16,expert,joint,5,Middle,6.22865529158769,1.2180380741406138,0.19578123870194508,0.8042187612980549,-0.5393101125692854,0.7696550562846427,0.2864913480583187,0.045491369459475885,0.6,0.524942187272118,1.2302184774969795,0.795866316262692,0.6018679200396398,0.1977842718502557,1.245731058317538,0.09219604528320971,0.07483237411961309,1.7583543216182334,13
laser,laser::wired_laser_16,wired_laser_16,expert,partner,3,Beginning,3.5903678987949004,1.3078110300924417,0.3654730206424528,0.6345269793575472,-0.43131760092287097,0.7156588004614356,0.061016697573962074,0.01798683461250203,0.7777777777777778,0.5389675315099121,1.2432005094716871,0.7622798111418674,0.6409635894089329,0.3466849307567863,1.1967892995983,0.1621603211664338,0.13875418490931865,1.68881053036685,6
laser,laser::wired_laser_16,wired_laser_16,expert,partner,3,End,2.8514243037777876,1.203961657277038,0.42040358374343717,0.5795964162565628,-0.35944117654499974,0.6797205882724999,0.021084225519688405,0.007427243279102443,0.8,0.5251759054030989,1.0522866003571216,0.6490467568947824,0.7416383525884366,0.36843824146546417,0.9504747679259292,0.23713486497875155,0.23947791317399672,1.6816275974229609,5
laser,laser::wired_laser_16,wired_laser_16,expert,partner,3,Middle,3.4269977609506106,1.1617785261828375,0.338918053929222,0.6610819460707781,-0.47432910235689224,0.7371645511784461,0.19332493673856965,0.056461121546868165,0.6666666666666666,0.48749331625440945,1.1528130228220685,0.7075543927245039,0.7002104592986574,0.3371036591987216,1.142332586983537,0.14254683866246817,0.1283631083160566,1.7256681528960964,7
laser,laser::wired_laser_16,wired_laser_16,expert,partner,5,Beginning,5.950383827345648,1.3196612154552494,0.22252256099425435,0.7774774390057456,-0.43621391444034907,0.7181069572201746,0.17139683857560073,0.029265667896322095,0.64,0.51434585401593,1.2600269790838996,0.815155212097822,0.5734356520625303,0.21211623530086182,1.1900767654691298,0.17744191809693363,0.15132406036238358,1.700654130732484,5
laser,laser::wired_laser_16,wired_laser_16,expert,partner,5,End,4.815209149980442,1.2735670452065428,0.2655178371560286,0.7344821628439715,-0.35494725723908843,0.6774736286195442,0.11048170636349208,0.022482561493059255,0.75,0.5273869881349423,1.112942204481384,0.723783099692219,0.6745004222708941,0.23143936050488187,0.9630418299960882,0.28139539248746687,0.29235087577930163,1.6333837081286808,4
laser,laser::wired_laser_16,wired_laser_16,expert,partner,5,Middle,5.686173508281384,1.2273649921327172,0.2165076731282041,0.7834923268717959,-0.4691861699198852,0.7345930849599426,0.27087704664383017,0.04695313021122127,0.6,0.5146933169171559,1.1767743225073624,0.7623108881297826,0.642228511889884,0.20718944926437577,1.137234701656277,0.1815777551231676,0.1607836673619142,1.729180859910232,7
memory,memory::wired_memory_12,wired_memory_12,child,expert,3,Beginning,3.2536938399522035,1.180507646385247,0.36320191251607004,0.6367980874839301,-0.5373255125844256,0.7686627562922128,0.055189006522739115,0.01737198348395524,0.8333333333333333,0.55766255843909,1.0829317580174165,0.6630725103228567,0.7468443309914932,0.33294761606096346,1.0845646133174012,0.04947352363157218,0.0450506530290827,1.7434822156990826,2
memory,memory::wired_memory_12,wired_memory_12,child,expert,3,End,2.639303960339938,1.077138930235459,0.4051873692139241,0.5948126307860758,-0.41240983001032805,0.706204915005164,0.09482044106922355,0.03653609431811945,0.6666666666666666,0.4790176818202917,0.9331680145925138,0.570163375674114,0.8105577274060134,0.3526131772837725,0.8797679867799792,0.06245969746230632,0.07007411631789498,1.660409426615048,2
memory,memory::wired_memory_12,wired_memory_12,child,expert,3,Middle,2.796171724538708,1.0573742713209908,0.38133678901144474,0.6186632109885553,-0.366169134775365,0.6830845673876824,0.16405754651088666,0.05654697921949554,0.8333333333333333,0.5942201580880271,0.9908425791917967,0.6063893920034629,0.7891429259001426,0.35495912357788895,0.9320572415129027,0.11357345922832077,0.12210130347484904,1.655848702019476,2
memory,memory::wired_memory_12,wired_memory_12,child,expert,5,Beginning,5.200746650017128,0.7916990692562843,0.15222796312404047,0.8477720368759596,-0.4776815644747786,0.7388407822373892,0.7041458377336448,0.13539322045832128,0.6,0.5787829238918027,1.0297496382538212,0.6651886660849531,0.7413346857092276,0.19800034640226705,1.0401493300034255,0.13088823958284712,0.12583600816472773,1.7368420121915253,1
memory,memory::wired_memory_12,wired_memory_12,child,expert,5,End,4.6178468692202905,1.3820308085779331,0.29928034595293646,0.7007196540470635,-0.3151741854123628,0.6575870927061814,0.09726087879787437,0.021061954099464666,0.6,0.5535185509809023,1.0700222408543438,0.6870785979483091,0.7097083469343284,0.23171453518444926,0.9235693738440581,0.1032290190072029,0.11177180830233203,1.5582547923512131,1
memory,memory::wired_memory_12,wired_memory_12,child,expert,5,Middle,4.715000874275992,1.1013231505577692,0.23298628355311213,0.7670137164468878,-0.4446089311291711,0.7223044655645856,0.33009454970965185,0.07024040086061675,0.7,0.547589235980884,1.0026713588381861,0.6468000964214671,0.7554086782711887,0.212572054720588,0.9430001748551983,0.1123573938001585,0.11902294847477837,1.693924217655718,2
memory,memory::wired_memory_12,wired_memory_12,child,joint,3,Beginning,3.39531769866045,1.1378859302136997,0.33468391954007065,0.6653160804599293,-0.4573734979687358,0.7286867489843679,0.0502183161607937,0.014911738538697261,0.5833333333333333,0.5297436697394837,1.1474064409933147,0.7024462376076733,0.7092767558093258,0.3378845043468077,1.13177256622015,0.06286858275092606,0.0552935924214365,1.7045265831815635,4
memory,memory::wired_memory_12,wired_memory_12,child,joint,3,End,3.2381309667161338,1.0974598522771446,0.3423841193767404,0.6576158806232596,-0.5076487431759921,0.753824371587996,0.25961823551700675,0.07746489729974897,0.6666666666666666,0.4324717622649656,1.0766197851015784,0.658487520621488,0.741954124155001,0.3333910404889065,1.079376988905378,0.18228663775123616,0.17038685986974889,1.7287716764428926,4
memory,memory::wired_memory_12,wired_memory_12,child,joint,3,Middle,3.265737155340307,1.2188052922822523,0.37228422704563463,0.6277157729543653,-0.48390345663251183,0.741951728316256,0.1455462005689626,0.042298838747709004,0.7777777777777777,0.540939591065133,1.1156999054597112,0.6828303742030126,0.7150208927130492,0.34132614331241395,1.0885790517801022,0.11148519215843213,0.10176794430716636,1.7246270516928457,6
memory,memory::wired_memory_12,wired_memory_12,child,joint,5,Beginning,5.643750503753634,1.246933062069738,0.2209449333070336,0.7790550666929664,-0.4472312057044245,0.7236156028522123,0.07124452199553237,0.012607055842758995,0.6666666666666666,0.5417082856574655,1.1633743127248766,0.7500137236377901,0.6560976595332378,0.20613766573581901,1.1287501007507268,0.06327580510926255,0.056013659941924615,1.6954578861151663,3
memory,memory::wired_memory_12,wired_memory_12,child,joint,5,End,5.204296652650267,1.0783496755632087,0.2062373310060005,0.7937626689939995,-0.5071688765160292,0.7535844382580147,0.4061433188408337,0.0783700088289169,0.6,0.473986005395892,1.0371520801969807,0.6673775501560236,0.7319008722391045,0.19921525639141646,1.0408593305300535,0.19942788475973292,0.1915271857707516,1.7527920342531116,3
memory,memory::wired_memory_12,wired_memory_12,child,joint,5,Middle,5.455850139710211,1.2052462362363074,0.22255582751171696,0.7774441724882831,-0.4809442226158085,0.7404721113079042,0.3556465067920647,0.0637473072523949,0.6,0.5231815463164154,1.139892561831535,0.7346437487516503,0.6620670442450659,0.20898189983476315,1.0911700279420422,0.15507961416684077,0.14388193843365146,1.7187081082495832,6
memory,memory::wired_memory_12,wired_memory_12,child,partner,3,Beginning,3.8324627556356226,1.368623946251171,0.3571134368464806,0.6428865631535194,-0.47388959591058,0.73694479795529,0.046028397883104644,0.012010135732022458,0.6666666666666666,0.462034228352188,1.305435382975037,0.7992296537288149,0.5989265469868664,0.34062571933814595,1.277487585211874,0.05631754577051291,0.04408461297193156,1.7209208431454455,1
memory,memory::wired_memory_12,wired_memory_12,child,partner,3,End,3.431080201101487,1.0477852164905304,0.30538056678306663,0.6946194332169333,-0.5075528550505295,0.7537764275252647,0.33898449624077387,0.09879818493661237,0.6666666666666666,0.45974335192529403,1.1151018960231331,0.6816909974048029,0.7257336690781452,0.3250002421001845,1.1436934003671624,0.10244574351834206,0.08957448166217771,1.7504590713649426,1
memory,memory::wired_memory_12,wired_memory_12,child,partner,3,Middle,3.8723230136707456,1.3423768637670002,0.34791425896095474,0.6520857410390453,-0.4385298096758372,0.7192649048379186,0.09883771135829995,0.024775457728761524,0.6666666666666666,0.5455807133734756,1.3273622362586703,0.8133866133514173,0.5758450941505804,0.3432138506280229,1.2907743378902483,0.1615171269864175,0.12727907109785055,1.6982061822979817,3
memory,memory::wired_memory_12,wired_memory_12,child,partner,5,Middle,6.293503999249782,1.2574173119841348,0.19981755155874703,0.800182448441253,-0.4625031246251317,0.7312515623125658,0.28860058495946733,0.04595619011003246,0.6,0.5229448979588908,1.291139639356858,0.8334598447043886,0.5457152897183924,0.20515224261770185,1.2587007998499564,0.16069610384851443,0.12767373700557458,1.7321582646284979,3
memory,memory::wired_memory_13,wired_memory_13,teenager,expert,3,Beginning,2.8434262316873062,1.1934753251186092,0.41973141832147826,0.5802685816785218,-0.37928813945643747,0.6896440697282187,0.0,0.0,1.0,0.5617951952190361,1.0206956859099596,0.6243968718078317,0.7782897975826235,0.35896682478879455,0.9478087438957687,0.029175209755099626,0.03078174783995034,1.642991125322642,1
memory,memory::wired_memory_13,wired_memory_13,teenager,expert,3,End,2.806150239314787,0.8333103618832516,0.2969585698614382,0.7030414301385618,-0.47927040731403625,0.7396352036570182,0.24235035005359606,0.08636399671628908,0.6666666666666666,0.4917041027878473,0.9191908755011715,0.5623750666098338,0.8247205360376632,0.3275629588976041,0.9353834131049289,0.018795209260906647,0.020093588359149414,1.71061017056707,1
memory,memory::wired_memory_13,wired_memory_13,teenager,expert,3,Middle,2.7870652785885324,0.9949647266765579,0.3569936930865297,0.6430063069134704,-0.46923328972692036,0.7346166448634601,0.11824311036109958,0.04242566949166761,0.6666666666666666,0.5628602755935266,0.9481066434010845,0.5799160245714067,0.8121954062198821,0.34018099636375904,0.9290217595295108,0.023439036070693284,0.0252298031023123,1.7268483846432374,1
memory,memory::wired_memory_13,wired_memory_13,teenager,expert,5,Middle,4.688023447550654,0.9955759196962685,0.2123658148971985,0.7876341851028015,-0.4292792733852369,0.7146396366926184,0.24235035005359606,0.051695635221324795,0.8,0.5700905931140303,0.9794035376852804,0.6313425262443941,0.772193364115662,0.20891609196131225,0.9376046895101308,0.025949974766853484,0.02767688244009481,1.6837147733393802,1
memory,memory::wired_memory_13,wired_memory_13,teenager,joint,3,Beginning,3.3072068232595324,1.230798890748525,0.3721158663024081,0.6278841336975919,-0.6160407219186712,0.8080203609593356,0.19425328224893518,0.05876764032153936,0.6666666666666666,0.5071859349436284,1.075606655864142,0.6598837045895539,0.7489623848359692,0.3252223762373079,1.102402274419844,0.064402370446911,0.058418032728356786,1.7813462604700747,2
memory,memory::wired_memory_13,wired_memory_13,teenager,joint,3,End,3.3130505312827654,1.2180256879549165,0.36834553491523336,0.6316544650847666,-0.5102763875068177,0.7551381937534088,0.16752879006704985,0.048706102839604686,0.6666666666666666,0.45886413646214,1.1146396956547648,0.6820400457427562,0.7264249400862659,0.3367234155777078,1.1043501770942552,0.10241347030107127,0.09263270933465034,1.7351098527682092,2
memory,memory::wired_memory_13,wired_memory_13,teenager,joint,3,Middle,3.4799341929758465,1.232022743944813,0.354971644131925,0.6450283558680749,-0.5217824773498889,0.7608912386749445,0.15212551011327388,0.042833733500098475,0.6666666666666666,0.5203914854134218,1.160402190102693,0.7101756448794314,0.6979279523273693,0.33375681837983856,1.1599780643252822,0.0885821441086535,0.07776790220447279,1.7465187883190585,4
memory,memory::wired_memory_13,wired_memory_13,teenager,joint,5,Beginning,5.716183638342464,1.3736123026942173,0.24030233974297702,0.759697660257023,-0.5689998916657071,0.7844999458328535,0.04117561593076302,0.0072033402941377184,0.6,0.5231283965654292,1.1548033540198441,0.74507719045233,0.6594671133261588,0.20202348753699334,1.143236727668493,0.071452747098389,0.06250039503551387,1.7444230920858856,1
memory,memory::wired_memory_13,wired_memory_13,teenager,joint,5,End,5.710193909119054,1.325771814592752,0.23217632110102662,0.7678236788989734,-0.5072316178941425,0.7536158089470713,0.4609848973478513,0.08073016515457883,0.6,0.5240844584049218,1.1432835388337985,0.7410913459788113,0.6681767353929371,0.20021798857093098,1.142038781823811,0.12501654555193653,0.10946786356264351,1.6915566358417389,1
memory,memory::wired_memory_13,wired_memory_13,teenager,joint,5,Middle,5.725094429967085,1.1556470311072315,0.20184767850613541,0.7981523214938646,-0.5343038773162987,0.7671519386581493,0.3866636551263837,0.06759834125634194,0.6,0.523299779698711,1.1347615684792263,0.7327693514729281,0.674316250088476,0.19820084938091215,1.1450188859934172,0.10754084014289952,0.0940356108515598,1.7607803131128965,4
memory,memory::wired_memory_13,wired_memory_13,teenager,partner,3,Middle,3.731183738280059,1.1495249622182049,0.30808473414985216,0.691915265850148,-0.5733044933585438,0.7866522466792719,0.24321569085033756,0.06475271585084631,0.5,0.47280708481422434,1.199773892439649,0.7355075665018771,0.6739992945266381,0.3219517812278406,1.2437279127600198,0.09967386247730953,0.08193211877357612,1.8010267354605416,2
memory,memory::wired_memory_14,wired_memory_14,undergraduate,expert,3,Beginning,3.2492713414392136,0.940646778500419,0.28949468347071755,0.7105053165292825,-0.45891555046423793,0.729457775232119,0.27593729533415423,0.08492282310037307,0.6666666666666666,0.5538651652943708,1.0815303882359721,0.6624738342157374,0.7458149428973678,0.3328532075615837,1.0830904471464045,0.12085382133308276,0.11158239060412153,1.7524146890646652,1
memory,memory::wired_memory_14,wired_memory_14,undergraduate,expert,3,End,2.337583696394403,1.025082062858964,0.438522079205163,0.561477920794837,-0.2962229343526064,0.6481114671763032,0.0,0.0,1.0,0.5718904930258938,0.8598423115702195,0.5255584215202415,0.8471730983873847,0.3678338075750956,0.779194565464801,0.09633110730468139,0.12362908004526246,1.5471159293345844,1
memory,memory::wired_memory_14,wired_memory_14,undergraduate,expert,3,Middle,2.6749581719206166,0.9211084098472366,0.34305525802553494,0.6569447419744651,-0.5216172874129918,0.7608086437064959,0.10698707579569666,0.038761511759744696,0.6666666666666666,0.626654759585811,0.8888724425529075,0.5429977719036032,0.8310462278745437,0.3320511311161131,0.8916527239735388,0.12946679279886042,0.14506673103688328,1.7431009364109071,2
memory,memory::wired_memory_14,wired_memory_14,undergraduate,expert,5,Middle,4.58696743384048,1.109751600021882,0.2438023903128112,0.7561976096871887,-0.44959326491070695,0.7247966324553534,0.15334824017117138,0.032595275967467065,0.7,0.6220634658633014,0.9608484121094312,0.6164283322668376,0.7760635558737906,0.20972206337143573,0.9173934867680957,0.1868868924367933,0.20344231526354867,1.6887251201912234,2
memory,memory::wired_memory_14,wired_memory_14,undergraduate,joint,3,Beginning,2.984850223023431,1.144867807221403,0.38879391966501364,0.6112060803349865,-0.40183327881580294,0.7009166394079015,0.06986811290684454,0.021542523338662887,0.7777777777777777,0.578222815727769,1.0489480570973955,0.6427613210834998,0.7612414773456652,0.3527278988671425,0.9949500743411438,0.10806037471715368,0.11244572474704961,1.672200370042636,3
memory,memory::wired_memory_14,wired_memory_14,undergraduate,joint,3,End,2.820309966646763,1.0363571654394692,0.3668739141725201,0.63312608582748,-0.5350537337271085,0.7675268668635543,0.19279700070856912,0.06813969344742932,0.6666666666666666,0.49805998706100524,0.9398279768096285,0.575252459401031,0.8134276519761018,0.3331467374020976,0.9401033222155877,0.04623981163017924,0.048929770678893876,1.7364181004484631,3
memory,memory::wired_memory_14,wired_memory_14,undergraduate,joint,3,Middle,2.892822011167048,0.9458072194572991,0.3273767867433802,0.6726232132566198,-0.5778308327452004,0.7889154163726002,0.19953635429123412,0.06817267206636572,0.6666666666666666,0.47026266623084856,0.9325083001705431,0.571619076086547,0.8178634065374839,0.3231309546438038,0.9642740037223494,0.0875105401722639,0.09031578396202802,1.791781242406084,4
memory,memory::wired_memory_14,wired_memory_14,undergraduate,joint,5,Beginning,4.823876107019364,1.127664076593375,0.2340293670076926,0.7659706329923074,-0.409666424085348,0.704833212042674,0.18245080871454605,0.03762495206460329,0.6,0.539955906861072,1.06253075272626,0.6858699897357607,0.7206821459435985,0.22030442064653138,0.964775221403873,0.127653829965754,0.1322969032596793,1.677716131940671,2
memory,memory::wired_memory_14,wired_memory_14,undergraduate,joint,5,End,4.8467695332122185,1.092291125939889,0.22549792600543805,0.7745020739945621,-0.5384149449775038,0.7692074724887519,0.31764249940017136,0.06527884384041961,0.6,0.5299624210896707,0.9891159552779605,0.6363371778798297,0.7632831915930882,0.20412552555688857,0.9693539066424437,0.07986751087276711,0.08227515553731707,1.730021711729902,2
memory,memory::wired_memory_14,wired_memory_14,undergraduate,joint,5,Middle,4.805835948135551,1.0114947035653805,0.2104941888256635,0.7895058111743365,-0.5662879638493624,0.7831439819246812,0.40099731959754964,0.08340110403986045,0.65,0.5286009286171369,0.9491474489166629,0.613988210170954,0.7831717938572078,0.19754389875124,0.9611671896271101,0.11199411513798868,0.11669050589273525,1.7760335999517085,4
memory,memory::wired_memory_14,wired_memory_14,undergraduate,partner,3,End,2.88851054770799,1.169703455607851,0.4049503840434307,0.5950496159565692,-0.4271423476909909,0.7135711738454955,0.13686243216852612,0.047381662593243896,0.6666666666666666,0.34640666654135555,1.038853679389364,0.6370112039089117,0.7631036809458674,0.3596502980450204,0.9628368492359968,0.15520010250608587,0.16119044740470403,1.730147616970701,1
memory,memory::wired_memory_14,wired_memory_14,undergraduate,partner,3,Middle,2.728389487261917,1.1513057749501094,0.4227194682487236,0.5772805317512765,-0.23171276878170316,0.6158563843908516,0.10282436106042014,0.03730044465769719,0.8333333333333333,0.5756085882036316,1.0159492424660816,0.62412808317245,0.774436889888233,0.37262821184639333,0.9094631624206391,0.12552380168557004,0.13791797758213412,1.5431604972409718,2
memory,memory::wired_memory_14,wired_memory_14,undergraduate,partner,5,Middle,4.845280268623963,1.2031146954430336,0.24830652278959142,0.7516934772104086,-0.2748855487666873,0.6374427743833436,0.30441409638241335,0.06282693250041149,0.6,0.5269300839089665,1.0928433715057473,0.7065661600860644,0.7005384755069891,0.22554802011816538,0.9690560537247925,0.12296814641715606,0.1268947714061528,1.5657897142000827,1
memory,memory::wired_memory_15,wired_memory_15,graduate,expert,3,Beginning,3.1562136254324518,1.2497807638709022,0.3959747064648269,0.6040252935351731,-0.4899666659895018,0.7449833329947508,0.060945337669961464,0.019309636451370106,0.6666666666666666,0.5986084393506607,1.0843445103342197,0.6634451877503157,0.7410455721294668,0.3435586557249106,1.052071208477484,0.1781330630634644,0.16931654590305875,1.6587096733400972,1
memory,memory::wired_memory_15,wired_memory_15,graduate,expert,3,End,3.0702117466208345,1.2876630872697372,0.4194053028058984,0.5805946971941016,-0.36069577135376296,0.6803478856768814,0.06238212158077494,0.020318507884491858,0.3333333333333333,0.3853012078773148,1.1063671043614882,0.6766490608086457,0.7242180358947777,0.3603553095577816,1.023403915540278,0.2312115520258297,0.2259240447636629,1.590334545098077,1
memory,memory::wired_memory_15,wired_memory_15,graduate,expert,3,Middle,2.7374541816842757,1.0008800410910406,0.3669943838144396,0.6330056161855605,-0.4971852016582039,0.748592600829102,0.08981249824230353,0.03225692002617813,0.7777777777777777,0.5566750156147339,0.9251062406897174,0.5665278057486681,0.821942662996141,0.3384223608182915,0.9124847272280917,0.041572625603590686,0.04540139983702727,1.7375293670894818,3
memory,memory::wired_memory_15,wired_memory_15,graduate,expert,5,Middle,4.8129293057020375,1.239457089874991,0.2579564554050397,0.7420435445949604,-0.4790922302403257,0.7395461151201629,0.14665545848706238,0.0308104662364332,0.6666666666666666,0.5470303861358458,1.0213572637797037,0.6574642767702464,0.7435647806272252,0.21228383066035236,0.9625858611404076,0.13030488104281676,0.13285723474867214,1.6909777764236018,3
memory,memory::wired_memory_15,wired_memory_15,graduate,joint,3,Beginning,3.636103922429057,1.2059251084160867,0.33340800009520605,0.666591999904794,-0.551742855952363,0.7758714279761816,0.20090421842009334,0.054067511712755756,0.6666666666666666,0.5151046397499335,1.1830891911466936,0.7246048166202532,0.6815816611472009,0.32592026079488423,1.2120346408096858,0.1295737144240206,0.1074048823850108,1.7621974660491877,4
memory,memory::wired_memory_15,wired_memory_15,graduate,joint,3,End,2.973842013522464,1.094248485062474,0.3670665637034466,0.6329334362965534,-0.48416175869158307,0.7420808793457916,0.047179240730017113,0.015842287296441944,0.5833333333333333,0.4841192624217492,1.0139552547744923,0.6206471542305828,0.777294536434876,0.34049188524857077,0.9912806711741546,0.07944483028499855,0.07620888716654738,1.7127496918190854,4
memory,memory::wired_memory_15,wired_memory_15,graduate,joint,3,Middle,3.1526229403364416,1.062619478849224,0.3377210588919969,0.6622789411080031,-0.570126303695849,0.7850631518479245,0.0880317737781661,0.027611043258608005,0.75,0.5356928826380176,1.0269969015992118,0.6293364245817552,0.7761835038412618,0.3260632977897313,1.0508743134454805,0.04691779831749969,0.04476302592079846,1.7776559122582662,4
memory,memory::wired_memory_15,wired_memory_15,graduate,joint,5,Beginning,5.919877244361729,1.1097591032995278,0.18750239406907188,0.8124976059309281,-0.5786519514736835,0.7893259757368417,0.4197848222584774,0.07075231101994751,0.6666666666666666,0.5584976142892709,1.1336827443571147,0.7310900311556483,0.6737608256194769,0.1915232862823045,1.1839754488723457,0.139146613653307,0.11755866299126992,1.801889922808612,3
memory,memory::wired_memory_15,wired_memory_15,graduate,joint,5,End,4.964067149821464,1.1082507453003612,0.22302446936369202,0.776975530636308,-0.49191576161563516,0.7459578808078176,0.1269593368663814,0.025532454410028164,0.4666666666666666,0.5208214351194068,1.0308216419584857,0.6644309408801313,0.7410716945790146,0.20753666162161966,0.9928134299642929,0.09655872981110858,0.09560207057918257,1.701252634474212,3
memory,memory::wired_memory_15,wired_memory_15,graduate,joint,5,Middle,5.2751503020487425,1.132135626488144,0.21435378436412847,0.7856462156358714,-0.5632324923584788,0.7816162461792394,0.1877076554935421,0.03471845149550299,0.7,0.5709605821858873,1.037037226499353,0.6694566467621956,0.7387528837148163,0.19666599690134517,1.0550300604097487,0.0742801361345068,0.06969982321974408,1.7666783325489797,4
memory,memory::wired_memory_15,wired_memory_15,graduate,partner,3,Beginning,3.442675098064245,1.0862553006255957,0.31552652216190186,0.6844734778380981,-0.413092207257536,0.706546103628768,0.26136121195254325,0.07591805921491168,0.6666666666666666,0.5972651183848866,1.1624090660855357,0.711072857035576,0.6971207299304475,0.3376470427718078,1.147558366021415,0.15521029484180737,0.135252636761232,1.7004373005825877,1
memory,memory::wired_memory_15,wired_memory_15,graduate,partner,3,End,3.167589157488208,1.1247837037225628,0.3550914111015832,0.6449085888984167,-0.41228581214867277,0.7061429060743364,0.048444934386263405,0.015293945009168619,0.6666666666666666,0.5376353674879256,1.0928951969055696,0.6693076926759314,0.7423890632657132,0.3450242889997132,1.0558630524960693,0.03478719493773077,0.03294669214487006,1.6629099075908667,1
memory,memory::wired_memory_15,wired_memory_15,graduate,partner,3,Middle,3.1331122133052824,1.0876475309791018,0.3468464146144796,0.6531535853855204,-0.43234678461909204,0.716173392309546,0.08234440322550912,0.02618210524641733,0.6666666666666666,0.5188463371423181,1.0731840855515817,0.6570190360005463,0.7502723162918308,0.3423822771457118,1.0443707377684275,0.07873503794835437,0.07500588812807728,1.6840344190268772,2
memory,memory::wired_memory_15,wired_memory_15,graduate,partner,5,Middle,5.418397330218169,1.1644199487149927,0.21584808867230065,0.7841519113276993,-0.4225178971610982,0.7112589485805492,0.291905266327627,0.0531811436566835,0.6,0.5564176553973601,1.1248206831175174,0.7248555643779371,0.6825825152807805,0.20773799636264012,1.0836794660436337,0.10485995468610099,0.09622655767654437,1.6651436857067483,2
memory,memory::wired_memory_16,wired_memory_16,expert,expert,3,Beginning,3.2359388555075213,1.2421356130485557,0.38294247914836,0.61705752085164,-0.4397777505891205,0.7198888752945602,0.05805240833926173,0.01845761304266219,0.8333333333333333,0.5653496176221015,1.1220542517563845,0.6863367005663803,0.721873756462973,0.3465146976114175,1.0786462851691736,0.0916536198331592,0.08392481992630446,1.6740307893804942,2
memory,memory::wired_memory_16,wired_memory_16,expert,expert,3,End,2.643047463209829,1.1132750639403475,0.4212088808228737,0.5787911191771262,-0.37538228491156944,0.6876911424557848,0.06226545349841717,0.023558204824214304,0.6666666666666666,0.5371436183782899,0.9487538331500481,0.5798677605193373,0.8115640925963684,0.358962086892621,0.8810158210699429,0.054194255151161635,0.06151337337545861,1.6439553205826622,1
memory,memory::wired_memory_16,wired_memory_16,expert,expert,3,Middle,2.8243976538940694,1.004135358431971,0.35764676202684204,0.6423532379731579,-0.45308442048078085,0.7265422102403903,0.001540982799408545,0.0005086365250422665,0.8888888888888888,0.5844799617962219,0.9661382705068,0.5914508349825557,0.8042598591743625,0.3428194342010917,0.9414658846313565,0.07854656667003973,0.08173383814704052,1.7098763365197236,3
memory,memory::wired_memory_16,wired_memory_16,expert,expert,5,Beginning,5.345286903867613,1.307372114823181,0.24458408656740657,0.7554159134325934,-0.472204893989255,0.7361024469946276,0.004622948398225635,0.0008648644088459824,0.8,0.6105716074522983,1.1353808446761664,0.7312198647681233,0.6740549120683305,0.21240783985882122,1.0690573807735226,0.13379884376171106,0.12515590478866545,1.7053887019323086,1
memory,memory::wired_memory_16,wired_memory_16,expert,expert,5,Middle,4.753804875034391,1.0617661908968599,0.22357167058194372,0.7764283294180562,-0.4470976686083417,0.7235488343041708,0.0933734002296885,0.019923537451452786,0.7333333333333334,0.5812250766373349,0.9923552744125507,0.6398397001591962,0.7654545115100917,0.2088037865437031,0.9507609750068783,0.10202575893280473,0.10740801190442671,1.6980170480243377,3
memory,memory::wired_memory_16,wired_memory_16,expert,joint,3,Beginning,3.113198777954092,1.1149432891188993,0.35687238121593057,0.6431276187840693,-0.47432871756941236,0.7371643587847062,0.0541923882558288,0.017522909853333195,0.7333333333333333,0.5518646383459682,1.066524638036568,0.6541253528651024,0.7495367672757707,0.342050408944015,1.0377329259846975,0.11115806637410777,0.10688607275988386,1.7349686299970553,5
memory,memory::wired_memory_16,wired_memory_16,expert,joint,3,End,3.192715420781915,1.11589369372106,0.3548338016613132,0.6451661983386868,-0.4605510988836802,0.73027554944184,0.1733623057785787,0.05143874854453708,0.7333333333333333,0.4888655740846243,1.079177533046171,0.660431075598073,0.740276887695831,0.33958316301674524,1.0642384735939714,0.17566205389102285,0.16519862302145694,1.711835518891108,5
memory,memory::wired_memory_16,wired_memory_16,expert,joint,3,Middle,2.4894144027597016,0.96574587628309,0.38857989173150054,0.6114201082684995,-0.35403825605971245,0.6770191280298563,0.051046765049904866,0.020047630737656,0.7333333333333333,0.5811737537039415,0.8913064580686114,0.5467422515901794,0.8340266286524024,0.3583370101638185,0.8298048009199004,0.11192768667255289,0.1361172733603973,1.654717833640803,5
memory,memory::wired_memory_16,wired_memory_16,expert,joint,5,Beginning,5.078616217319711,1.146965426328297,0.22440937589209495,0.775590624107905,-0.47371076771655274,0.7368553838582763,0.15195154781767164,0.030399571735456307,0.65,0.5692305641260664,1.0539530311777363,0.6805817868343509,0.7240323771639288,0.2072519093058738,1.0157232434639423,0.11613957068849184,0.11447025638555307,1.7280667078916685,4
memory,memory::wired_memory_16,wired_memory_16,expert,joint,5,End,5.194418444794091,1.0677558708198938,0.20546297996458987,0.7945370200354102,-0.46674372508437173,0.7333718625421859,0.3199281702595209,0.06307424509227731,0.7,0.5118626929545727,1.0471860503735262,0.6746973452890821,0.7259021768157911,0.20191565637255268,1.0388836889588182,0.22550536280341713,0.22008160130499888,1.759555084048621,4
memory,memory::wired_memory_16,wired_memory_16,expert,joint,5,Middle,4.328385438528822,1.0380431730487802,0.238954610105438,0.7610453898945619,-0.37559566682086604,0.6877978334104331,0.14303931543225828,0.033228541133514956,0.6,0.562616112660774,0.9378885552083768,0.605323723729442,0.7892071749214726,0.21677202209024687,0.8656770877057646,0.14271235452686695,0.16478588147325857,1.643105146093859,5
memory,memory::wired_memory_16,wired_memory_16,expert,partner,3,Beginning,3.2061355428496023,1.285036928910591,0.40080555289576264,0.5991944471042374,-0.5252716185357578,0.7626358092678789,0.11000631894501522,0.034311187869257076,0.6666666666666666,0.6417422401446771,1.0953582668985806,0.6702435090588574,0.7294667791699442,0.3416444040681543,1.068711847616534,0.20735754856369126,0.19402568524541472,1.690655373238409,1
memory,memory::wired_memory_16,wired_memory_16,expert,partner,3,End,3.6770782584375254,1.1507575696271304,0.3119863875520371,0.6880136124479629,-0.6299216856017196,0.8149608428008598,0.21835247528810764,0.0606472914497669,0.6666666666666666,0.4913790664226735,1.1546010166652505,0.7085850605011941,0.6996397142304507,0.31402662241473994,1.2256927528125083,0.11083947301502226,0.09160286887206492,1.8380167611683145,2
memory,memory::wired_memory_16,wired_memory_16,expert,partner,3,Middle,2.87756463286254,1.0703335786815253,0.3698245500373658,0.6301754499626342,-0.5296902860771157,0.7648451430385578,0.07339764832220086,0.026102878157978893,0.6666666666666666,0.46285628000443807,0.9674805630502107,0.59221396224152,0.7979765057555269,0.33566553397683957,0.95918821095418,0.08906438108826185,0.08771055430263874,1.730296188509308,3
memory,memory::wired_memory_16,wired_memory_16,expert,partner,5,End,5.6193861759059,1.273351758691577,0.22659979557042995,0.77340020442957,-0.5897974899980075,0.7948987449990037,0.12597511451063115,0.022417949321719775,0.6,0.47845622718370673,1.1190814161372284,0.7240865568531148,0.6816595876761259,0.19914655820158536,1.12387723518118,0.17717687835950113,0.15764789321579104,1.8268300474832584,1
memory,memory::wired_memory_16,wired_memory_16,expert,partner,5,Middle,5.137246686749941,1.225007370144832,0.2397565868816136,0.7602434131183863,-0.5394536435316429,0.7697268217658215,0.25680021193637226,0.0492339933664722,0.6,0.5063848271509807,1.0445298026245415,0.6711485109218924,0.7278094096329237,0.20348068685635168,1.027449337349988,0.1798130931933055,0.17490014207173177,1.7118369897458265,3
moravec,moravec::wired_moravec_12,wired_moravec_12,child,expert,3,Beginning,2.9361215393356037,1.1906600080866416,0.40329719288172805,0.5967028071182718,-0.4354885176514306,0.7177442588257152,0.0766660560473709,0.028847258721006172,0.8333333333333333,0.6000545368729818,1.034220250810058,0.6352025393226546,0.7576029081736912,0.35083979185037795,0.9787071797785347,0.1358221880726602,0.1337874702879774,1.7029366654707958,4
moravec,moravec::wired_moravec_12,wired_moravec_12,child,expert,3,End,3.2483109797686485,1.2258152245415164,0.378204368293095,0.621795631706905,-0.3905728365667468,0.6952864182833735,0.0834610254067194,0.02535788143906714,0.6666666666666666,0.5528660500423175,1.1524876634436998,0.7091106591242944,0.7014975164681434,0.35501404128336095,1.0827703265895494,0.1688883194736985,0.15571533228474152,1.6864257543937224,4
moravec,moravec::wired_moravec_12,wired_moravec_12,child,expert,3,Middle,3.445169302078291,1.182511426976115,0.34456696615407767,0.6554330338459223,-0.5460167693629827,0.7730083846814914,0.21280289991867243,0.06155519155473496,0.5833333333333333,0.4418006510088164,1.1366395482649179,0.6958188150970712,0.7087391651360198,0.33022575683523003,1.1483897673594305,0.10957607835720481,0.09658388054555261,1.7569576334276613,4
moravec,moravec::wired_moravec_12,wired_moravec_12,child,expert,5,Beginning,4.905634833462226,1.2977844658559583,0.2645574155238679,0.735442584476132,-0.454923809122592,0.727461904561296,0.14290340063376183,0.028683777032143754,0.6666666666666666,0.5790488545074649,1.0748250956434433,0.6941055005870838,0.705817367958129,0.21898296553764815,0.9811269666924453,0.15896453056692303,0.16112567206772607,1.683461047353257,3
moravec,moravec::wired_moravec_12,wired_moravec_12,child,expert,5,End,5.587790928673873,1.1878740282558542,0.2126145130329964,0.7873854869670036,-0.4058179517722631,0.7029089758861317,0.20298144878717225,0.03623604440812276,0.5333333333333333,0.536748087235947,1.1820323730125242,0.7661683906144896,0.6392407466741804,0.21172552522853208,1.1175581857347747,0.1675379184127231,0.15006689817133892,1.6687095908363185,3
moravec,moravec::wired_moravec_12,wired_moravec_12,child,expert,5,Middle,5.582428383233797,1.196562226448307,0.21353211091407442,0.7864678890859256,-0.5525112523279299,0.7762556261639649,0.32023440375246337,0.05847625430821453,0.55,0.4788760381890815,1.1308036753660453,0.7298011210185333,0.6714652060504666,0.20235017741020983,1.1164856766467592,0.15784007232364677,0.14179463430509298,1.7821379807709912,4
moravec,moravec::wired_moravec_12,wired_moravec_12,child,joint,3,Beginning,3.5413079261347193,1.286210498149052,0.36380132687975436,0.6361986731202457,-0.5089014797769058,0.7544507398884529,0.1264153928328266,0.035638408007786504,0.7916666666666666,0.5083727193038946,1.1902974126752313,0.7296006876071253,0.6782249649166321,0.3362958565530525,1.1804359753782399,0.08778035906760889,0.07494907425521383,1.732432134476714,8
moravec,moravec::wired_moravec_12,wired_moravec_12,child,joint,3,End,3.4009415678809223,1.2745985403166706,0.379878309726698,0.620121690273302,-0.434114316376325,0.7170571581881625,0.12131306917554742,0.03421030474746495,0.7916666666666666,0.5273489318145153,1.166263938227737,0.7150277931820781,0.691518185343738,0.34569578845266896,1.1336471892936408,0.09890275438587973,0.08987004649970552,1.6911100338310807,8
moravec,moravec::wired_moravec_12,wired_moravec_12,child,joint,3,Middle,3.4914641068142727,1.231618212695253,0.3531094935568746,0.6468905064431254,-0.4997804862252204,0.7498902431126102,0.08542774738645548,0.024007201897610984,0.8,0.5194408967721176,1.1745998265185296,0.7205460805364533,0.6892147593817054,0.336813095909582,1.163821368938091,0.10257232373961392,0.09011091070152485,1.7333049452226117,10
moravec,moravec::wired_moravec_12,wired_moravec_12,child,joint,5,Beginning,5.881824424941665,1.2988671049774339,0.22120279765196255,0.7787972023480375,-0.520029496180093,0.7600147480900465,0.30439194514704726,0.05145601366462694,0.6857142857142857,0.526802638799634,1.1956837806648308,0.7743194142902272,0.6256669258902805,0.20352385546861104,1.176364884988333,0.089489598692864,0.07652957610697848,1.7464177094412483,7
moravec,moravec::wired_moravec_12,wired_moravec_12,child,joint,5,End,5.770292280495654,1.2274209581277018,0.21416892878277483,0.7858310712172252,-0.45454032991765075,0.7272701649588253,0.2336924036813516,0.040719476838168504,0.6571428571428571,0.540700873752403,1.2008134718456793,0.7780654925815883,0.624310712377073,0.2089855606919531,1.1540584560991307,0.1382408828356634,0.1221697072686974,1.7034530042502827,7
moravec,moravec::wired_moravec_12,wired_moravec_12,child,joint,5,Middle,5.836355329704223,1.25672808206507,0.21540957870638283,0.7845904212936172,-0.50343011936738,0.75171505968369,0.2505890668524501,0.04266143261311756,0.66,0.5270737652188654,1.1784091693535834,0.7626573147816782,0.6431966209527427,0.2020488051458687,1.1672710659408447,0.11841165271416583,0.1023819965412333,1.737195736301922,10
moravec,moravec::wired_moravec_12,wired_moravec_12,child,partner,3,Beginning,3.874409158891885,1.3150296576182277,0.339576794634805,0.6604232053651949,-0.5537786566059099,0.7768893283029549,0.11303417111824994,0.02944123545406845,0.6666666666666666,0.5310284102224051,1.2710988881302356,0.77871899760479,0.625007203831324,0.3280163092708852,1.2914697196306284,0.04338697076307794,0.03357589174428705,1.761818903456519,3
moravec,moravec::wired_moravec_12,wired_moravec_12,child,partner,3,End,3.7384464806315623,1.0316717995975488,0.27658834701237556,0.7234116529876244,-0.508598774609986,0.754299387304993,0.25272860367415634,0.06697487747216616,0.4444444444444444,0.4608635017282408,1.2068006858423543,0.7403712453193839,0.6690896327712537,0.3228731765736052,1.2461488268771872,0.0380451622483616,0.030452152978138358,1.73850681244273,3
moravec,moravec::wired_moravec_12,wired_moravec_12,child,partner,3,Middle,3.5740398476388173,1.175615761095084,0.3286637356478712,0.6713362643521288,-0.4978501789869426,0.7489250894934714,0.1397726354490647,0.03913534763061684,0.6,0.5071629953751701,1.1870146699895654,0.7267573315035666,0.6837028354630046,0.33223162066179435,1.1913466158796058,0.08324446808770314,0.07072962646660007,1.7329688913230956,5
moravec,moravec::wired_moravec_12,wired_moravec_12,child,partner,5,Beginning,6.341471406362771,1.2608448380858395,0.1989890089152715,0.8010109910847285,-0.5606837392761364,0.7803418696380682,0.20466375969826167,0.03189140030832683,0.6000000000000001,0.5582299111223396,1.254569354158917,0.8097771164499938,0.5827009371189815,0.19782672772672819,1.2682942812725542,0.07867793154935002,0.06257176143249289,1.7720455186457953,2
moravec,moravec::wired_moravec_12,wired_moravec_12,child,partner,5,End,6.265383427877022,1.0977384444349938,0.17522870076998176,0.8247712992300182,-0.5181578185053834,0.7590789092526917,0.526577364251243,0.0840092320151181,0.4,0.5232662750591734,1.2164279198561232,0.7867779346256906,0.6129280625880227,0.19415482329893233,1.2530766855754043,0.039234599970173895,0.03131012824832035,1.734333703569174,2
moravec,moravec::wired_moravec_12,wired_moravec_12,child,partner,5,Middle,5.982798015094869,0.764491001457857,0.12734442059983048,0.8726555794001696,-0.499803946771823,0.7499019733859115,0.6591597726853923,0.11065044782049416,0.5599999999999999,0.5092820325156203,1.1662305900301937,0.7606445684960876,0.642952165191022,0.1949040580258275,1.1965596030189738,0.08957370258943723,0.07496697338032886,1.7314221476320917,5
moravec,moravec::wired_moravec_13,wired_moravec_13,teenager,expert,3,Beginning,3.4005289714744698,1.3269182124559433,0.39052243276300097,0.6094775672369991,-0.4113609324087511,0.7056804662043755,0.0,0.0,1.0,0.5833662956277171,1.2047216244839853,0.7392048588228365,0.6659353481569514,0.35434193802232067,1.1335096571581567,0.17483132501995044,0.15258984474416187,1.6863176769815988,3
moravec,moravec::wired_moravec_13,wired_moravec_13,teenager,expert,3,End,3.2001629890886245,1.1052445331462535,0.34545170717416956,0.6545482928258305,-0.48039874296563756,0.7401993714828188,0.048866629645411074,0.015245313509382888,0.6666666666666666,0.5226181177628161,1.0814486350687227,0.662330540273409,0.7482791416581059,0.3379481963469173,1.0667209963628748,0.0647753991661147,0.060733427422815324,1.7243955385454441,3
moravec,moravec::wired_moravec_13,wired_moravec_13,teenager,expert,3,Middle,3.2980526992228505,1.1542184670598048,0.3496961808517149,0.6503038191482851,-0.531452172192219,0.7657260860961095,0.08191203773349372,0.024562652212589558,0.6666666666666666,0.5393279513663769,1.0948012371866136,0.6703429042555028,0.7385095735783878,0.331858843117459,1.0993508997409502,0.034782308166579026,0.03168709311253366,1.748207886365807,5
moravec,moravec::wired_moravec_13,wired_moravec_13,teenager,expert,5,Beginning,5.769100412744191,1.3328591760224677,0.23107249206056635,0.7689275079394337,-0.44471463531343436,0.7223573176567172,0.06997393702262766,0.01241683821389913,0.8,0.564470882908723,1.2319189607675436,0.7958762559917723,0.5990513857010734,0.21351579683463526,1.153820082548838,0.15901502038321458,0.13745091726043954,1.672820433459544,2
moravec,moravec::wired_moravec_13,wired_moravec_13,teenager,expert,5,End,5.275167268554317,0.8193735883648732,0.1555170487206503,0.8444829512793497,-0.49081955917319164,0.7454097795865958,0.40295011118572827,0.0762100074528625,0.6,0.5270338272140855,1.0534082272277774,0.680862241692409,0.7307261407310583,0.19973167870606476,1.0550334537108634,0.054951336054817924,0.05213474859782931,1.7350639312804157,2
moravec,moravec::wired_moravec_13,wired_moravec_13,teenager,expert,5,Middle,5.471437565262864,1.1331696669335818,0.20735788349902523,0.7926421165009747,-0.5106608898506619,0.755330444925331,0.1933949381699684,0.035248442868912135,0.52,0.5506701316158076,1.1087877042418772,0.7166725134001569,0.6944455648195725,0.20265127548592393,1.0942875130525729,0.06216312472170116,0.05694610555567485,1.7398899120850988,5
moravec,moravec::wired_moravec_13,wired_moravec_13,teenager,joint,3,Beginning,3.825152828021972,1.2928908207587075,0.33789475626185445,0.6621052437381455,-0.594497421005038,0.797248710502519,0.15194629128905512,0.03949978313505944,0.6666666666666666,0.5095489502940721,1.236494011939059,0.7598190692512683,0.6415671280654168,0.32310673808507917,1.2750509426739907,0.0734721487274209,0.05697927301856101,1.792313298255927,8
moravec,moravec::wired_moravec_13,wired_moravec_13,teenager,joint,3,End,3.095055244363242,1.139324683594067,0.3743944304267164,0.6256055695732836,-0.4405003077003169,0.7202501538501584,0.10075495350041909,0.029127292419543857,0.7916666666666666,0.5317687974908152,1.0695597964466683,0.6564453460239712,0.7437772600252613,0.34831165022139804,1.0316850814544138,0.14280893603185482,0.148254718991184,1.7027433972539288,8
moravec,moravec::wired_moravec_13,wired_moravec_13,teenager,joint,3,Middle,3.3622590130162617,1.156289548991567,0.3432558762569284,0.6567441237430716,-0.47837048465010157,0.7391852423250508,0.13768274227692576,0.04063281124836863,0.6666666666666666,0.4997843420670377,1.1358097206945685,0.6961435937750534,0.7116372122948248,0.3376184946740539,1.120753004338754,0.09699498339448775,0.0860485255962165,1.718925914833146,9
moravec,moravec::wired_moravec_13,wired_moravec_13,teenager,joint,5,Beginning,6.32373658820214,1.3098894439580668,0.20720756123143833,0.7927924387685616,-0.6033294804596828,0.8016647402298415,0.23839352394766686,0.03729397100216131,0.6285714285714287,0.5489278799591696,1.2280507570040875,0.795382633907051,0.5968429983268857,0.19413758665336983,1.264747317640428,0.08774726812797937,0.06894043553118497,1.7979951592017394,7
moravec,moravec::wired_moravec_13,wired_moravec_13,teenager,joint,5,End,5.234840376627206,1.1929409826753197,0.23204198138865578,0.7679580186113443,-0.4499672997887686,0.7249836498943844,0.17620739721747633,0.030673528987036243,0.7142857142857143,0.5469233041502982,1.0960051840169556,0.7081593900944007,0.6971499596637599,0.21073692411518516,1.0469680753254411,0.17074005157968955,0.16937689008250909,1.7057475212101687,7
moravec,moravec::wired_moravec_13,wired_moravec_13,teenager,joint,5,Middle,5.65778764473524,1.2225417572435116,0.21633590922044313,0.7836640907795568,-0.49058962544985085,0.7452948127249255,0.2751144902691042,0.04873095876980389,0.5777777777777778,0.5140189250959561,1.1517396323334612,0.7442154773710961,0.6606480268484577,0.203586930621953,1.1315575289470479,0.11981572333382287,0.10623683275127863,1.7222278279891137,9
moravec,moravec::wired_moravec_13,wired_moravec_13,teenager,partner,3,Beginning,3.25180793124994,1.2813825995007952,0.3962196408326378,0.6037803591673622,-0.43593386128172346,0.7179669306408618,0.03689265258932676,0.011583707344327473,0.6666666666666666,0.5784268821491603,1.1421682787693077,0.6992457027943436,0.7004334359330264,0.351431655553852,1.0839359770833132,0.184771715549269,0.1687059839192706,1.68144118610961,3
moravec,moravec::wired_moravec_13,wired_moravec_13,teenager,partner,3,End,3.407127072255075,1.1725088783923316,0.3478767474659761,0.6521232525340239,-0.45188273692253955,0.7259413684612698,0.19121825450416255,0.05330359778511533,0.75,0.5227954077033903,1.1534972147224578,0.7055341868403128,0.6996997238315464,0.33964591487852164,1.135709024085025,0.1731955708864599,0.15283193305914064,1.7118098396831485,4
moravec,moravec::wired_moravec_13,wired_moravec_13,teenager,partner,3,Middle,3.5943267719577006,1.334154680680395,0.37174107882806906,0.6282589211719309,-0.4011313150814548,0.7005656575407274,0.030996647462635696,0.008394436539841262,0.8333333333333333,0.5138350280411892,1.262531273823816,0.775124486317151,0.6268454627335225,0.3515383574785905,1.1981089239859002,0.17164048640721657,0.14432588417092365,1.6787044018019468,4
moravec,moravec::wired_moravec_13,wired_moravec_13,teenager,partner,5,Beginning,5.645926644158866,1.3351604932626975,0.23650126521674658,0.7634987347832534,-0.41839155299143166,0.7091957764957157,0.041305152383495414,0.007312596140952379,0.8,0.5346639252739929,1.2125888919450993,0.7828393654476986,0.6121912815186128,0.2147796087279062,1.129185328831773,0.20095131141798978,0.17787675710237236,1.62588414021221,2
moravec,moravec::wired_moravec_13,wired_moravec_13,teenager,partner,5,End,5.750123212605273,1.240037290041088,0.21506860931698804,0.784931390683012,-0.4491326582632882,0.7245663291316441,0.48432600170977436,0.08429382385146839,0.7333333333333334,0.5650727380795101,1.1455542403977883,0.7415926159792989,0.6612787059590143,0.19927128556081428,1.1500246425210545,0.19014638550422913,0.16557235033524456,1.7218100317913478,3
moravec,moravec::wired_moravec_13,wired_moravec_13,teenager,partner,5,Middle,5.892243519910316,0.9997915498295467,0.1716168662746902,0.8283831337253098,-0.42982200520589103,0.7149110026029455,0.4725181096968834,0.07794975242358436,0.6000000000000001,0.4831719526550898,1.2300273816170502,0.8024608233916259,0.5907423623562182,0.2091848503586738,1.1784487039820633,0.18692240447905478,0.15941246664579883,1.7108082800512325,4
moravec,moravec::wired_moravec_14,wired_moravec_14,undergraduate,expert,3,Beginning,3.3890707103491673,1.1846715135901333,0.35213545059150664,0.6478645494084934,-0.5119104366940952,0.7559552183470477,0.18433144853133832,0.05315544917662298,0.6666666666666666,0.5680636783071272,1.130347809908446,0.6913186674130181,0.7139341223812603,0.33414631312988874,1.129690236783056,0.1340933223373677,0.11906666587553166,1.7422706429595243,2
moravec,moravec::wired_moravec_14,wired_moravec_14,undergraduate,expert,3,End,3.1935598464333497,0.9707555575443283,0.3044244568499611,0.695575543150039,-0.5417699310482345,0.7708849655241172,0.17861663078550705,0.05564814377746396,0.6666666666666666,0.538613201125134,1.0222676867415568,0.6262721483108525,0.7756621278253872,0.3203444989095808,1.0645199488111166,0.0852161648745779,0.0797416759078332,1.7436438475618603,2
moravec,moravec::wired_moravec_14,wired_moravec_14,undergraduate,expert,3,Middle,2.9567506072498753,0.9594898885784394,0.3243272728529167,0.6756727271470834,-0.4059549011310484,0.7029774505655242,0.25891971835505795,0.0871947407917369,0.6666666666666666,0.5058870540602363,1.0035794671373583,0.614786696959953,0.7814070983717932,0.33961302469219246,0.9855835357499586,0.139313139110027,0.13992722024087542,1.6905654824750276,3
moravec,moravec::wired_moravec_14,wired_moravec_14,undergraduate,expert,5,Beginning,5.306841088065976,1.0171113317634342,0.19166040868469078,0.8083395913153092,-0.4882968480905864,0.7441484240452931,0.44699581060719584,0.08423011037816829,0.6,0.5662080922364672,1.0644382343057144,0.6854609932957811,0.7180263326238917,0.20057850171911554,1.0613682176131953,0.17989137664735913,0.16949007296628762,1.7488404193221518,1
moravec,moravec::wired_moravec_14,wired_moravec_14,undergraduate,expert,5,End,5.1291553963363326,1.1036188217314291,0.21516579952319734,0.7848342004768026,-0.5090424548289618,0.7545212274144809,0.13156642170463895,0.025650699099234658,0.8,0.5505085183261259,1.0230247601395515,0.6605530487393254,0.7450383604086916,0.1994528691546917,1.0258310792672665,0.137121323012127,0.1336685208543988,1.7829125765817528,1
moravec,moravec::wired_moravec_14,wired_moravec_14,undergraduate,expert,5,Middle,5.1280916173557864,1.0579490964486895,0.2059735872249877,0.7940264127750124,-0.42473525607197554,0.7123676280359877,0.35886941720742643,0.07047022074762026,0.7333333333333334,0.5446806982498188,1.049847894092823,0.6770398678262883,0.7259273604941473,0.2046367442246674,1.0256183234711573,0.1467880578577775,0.1428899642500954,1.673867178818191,3
moravec,moravec::wired_moravec_14,wired_moravec_14,undergraduate,joint,3,Beginning,3.1908207426473916,1.217964873879804,0.3864821782854458,0.6135178217145543,-0.39726564866551267,0.6986328243327563,0.045163184469214836,0.013361699930862878,0.6666666666666666,0.5361639020030432,1.1351540459577067,0.6983945473227977,0.705395389017049,0.35762757389618566,1.0636069142157971,0.17698892112507003,0.17119547485154488,1.711784212955476,5
moravec,moravec::wired_moravec_14,wired_moravec_14,undergraduate,joint,3,End,3.0675326975094888,1.1486670546908067,0.3758360421656154,0.6241639578343847,-0.38539234158399355,0.6926961707919967,0.0784669683857638,0.0244091209498084,0.8666666666666666,0.5843285927100945,1.0918844762703943,0.6720069101252788,0.734887409557823,0.35646722795033925,1.0225108991698295,0.1797270322599508,0.17565940515891762,1.6863857009153755,5
moravec,moravec::wired_moravec_14,wired_moravec_14,undergraduate,joint,3,Middle,3.355949586015561,1.1420532329517614,0.3449834998742049,0.6550165001257952,-0.45953474816418666,0.7297673740820932,0.17291497935103808,0.04885424389699509,0.7222222222222222,0.4718875245454841,1.1298460608484173,0.6926597389047012,0.7107390556207432,0.33842007487402587,1.118649862005187,0.09554313102771272,0.09315119214904409,1.7027957150123612,6
moravec,moravec::wired_moravec_14,wired_moravec_14,undergraduate,joint,5,Beginning,5.181387524166008,1.2513538721934558,0.24346886839768206,0.756531131602318,-0.37376274369789886,0.6868813718489495,0.16423470724267025,0.03112705989414638,0.65,0.534261651252333,1.151196962865271,0.7450848537159664,0.6557861645704302,0.22250465025583632,1.0362775048332016,0.2268134106952262,0.21948674945899796,1.6834118640913602,4
moravec,moravec::wired_moravec_14,wired_moravec_14,undergraduate,joint,5,End,5.252197080481584,1.1264977720368932,0.215547282242131,0.7844527177578691,-0.38383288813086414,0.6919164440654321,0.23361782614185117,0.04427191561083656,0.7,0.5618186007670524,1.0997824300082186,0.7123468330720435,0.6948705108967967,0.20970471115332384,1.0504394160963169,0.18861045976930274,0.17996605565469304,1.6662190213105617,4
moravec,moravec::wired_moravec_14,wired_moravec_14,undergraduate,joint,5,Middle,5.484555424029757,1.1099099971135715,0.2049134543841645,0.7950865456158356,-0.45608964780298283,0.7280448239014913,0.3877292158271282,0.06868326443790988,0.6,0.498549750786682,1.1297456507270722,0.7297360743443031,0.6724235885029576,0.2067770671151822,1.0969110848059516,0.15103997225708934,0.14210672477257957,1.7221244216599765,6
moravec,moravec::wired_moravec_14,wired_moravec_14,undergraduate,partner,3,Beginning,3.6295716250009598,1.2992696413474145,0.357967764679963,0.642032235320037,-0.4415107028338514,0.7207553514169257,0.028300313335318572,0.007797149707800872,0.6666666666666666,0.5734117987396253,1.2636531822386063,0.7755599094396848,0.6302381193332874,0.3481549099443029,1.2098572083336532,0.12385543731573402,0.10237194642690206,1.749804293530597,1
moravec,moravec::wired_moravec_14,wired_moravec_14,undergraduate,partner,3,End,3.962850302791393,1.3739626657451243,0.34687086484048646,0.6531291351595135,-0.646889609071134,0.823444804535567,0.24865130017152082,0.06304558359077495,0.6666666666666666,0.5238866256843012,1.2590700417773748,0.7742361168905123,0.6302491409827204,0.31770528003021065,1.3209501009304643,0.05462952199064185,0.04136241608709482,1.8150650440281253,2
moravec,moravec::wired_moravec_14,wired_moravec_14,undergraduate,partner,3,Middle,3.8072737492435884,1.249382289406317,0.3297615850767746,0.6702384149232254,-0.49627963496976446,0.7481398174848822,0.13261014936620708,0.033782359312688894,0.4444444444444444,0.4678372257009107,1.2657531125001455,0.7753936243767896,0.6286711264470966,0.3329354868135743,1.2690912497478628,0.09924093933026872,0.07979349108729566,1.7184701383757186,3
moravec,moravec::wired_moravec_14,wired_moravec_14,undergraduate,partner,5,End,6.581753667611352,1.0154258670157026,0.15427892295826692,0.845721077041733,-0.6206807344543736,0.8103403672271867,0.8911911436785593,0.135403296550597,0.4,0.5021736605622801,1.227378732960216,0.7942905344688166,0.6025919752577771,0.18648202210911,1.3163507335222704,0.044652737468439646,0.03392161095923012,1.8054435687469577,1
moravec,moravec::wired_moravec_14,wired_moravec_14,undergraduate,partner,5,Middle,6.346272224327727,1.2957561597683824,0.2041915336775819,0.7958084663224181,-0.5042588616689543,0.7521294308344771,0.24546425252295453,0.03840677007959988,0.4666666666666666,0.5001395150154835,1.252027606977009,0.8089042476351699,0.5834438065689395,0.19732718689668813,1.2692544448655454,0.11720217270788058,0.09231334873456731,1.7374536340924454,3
moravec,moravec::wired_moravec_15,wired_moravec_15,graduate,expert,3,Beginning,3.3459860826446173,1.2112350481737346,0.3620363059353898,0.6379636940646101,-0.41097431313273,0.705487156566365,0.1301899587647396,0.038877493850949074,0.8333333333333333,0.5013108206082104,1.1543529875189267,0.7061861826709936,0.7009221656356319,0.3450100679396609,1.1153286942148724,0.13875353835709675,0.12440520421052631,1.6524658796379952,2
moravec,moravec::wired_moravec_15,wired_moravec_15,graduate,expert,3,End,3.3283748946544676,1.1153661950103613,0.3351083427536044,0.6648916572463957,-0.5652206299521281,0.782610314976064,0.0,0.0,1.0,0.6109024288181635,1.0973050780170104,0.671843134065571,0.7381108284466258,0.329681935703618,1.1094582982181558,0.13570238360880862,0.12231409132434566,1.8104033304034781,1
moravec,moravec::wired_moravec_15,wired_moravec_15,graduate,expert,3,Middle,3.413938447424465,1.2225775498409175,0.35801954085195836,0.6419804591480417,-0.48690754684396303,0.7434537734219816,0.08285043282768252,0.02429736438508397,0.6666666666666666,0.5035330137001939,1.1613775426219535,0.7117960586109263,0.6993810445129848,0.3401478639360356,1.1379794824748217,0.12295138196574455,0.10799649301389058,1.7375964404710402,3
moravec,moravec::wired_moravec_15,wired_moravec_15,graduate,expert,5,Beginning,5.61357294856008,1.3767671440438205,0.24525683671697376,0.7547431632830263,-0.4123690771331552,0.7061845385665776,0.06685970769953342,0.011910365877882356,0.8,0.5721109053855256,1.2111364601607202,0.7817245863353562,0.6162575076188668,0.21575144230937357,1.1227145897120159,0.14610042377089102,0.13013140214768815,1.683207490183316,1
moravec,moravec::wired_moravec_15,wired_moravec_15,graduate,expert,5,Middle,5.639637753562437,1.1368274687261701,0.201939203625726,0.798060796374274,-0.49198902337600403,0.7459945116880021,0.18979054225245603,0.033403457184950726,0.7333333333333334,0.520223401447213,1.1563681700044464,0.7467349918975698,0.66186308731206,0.2051123317123219,1.1279275507124875,0.1277552173370781,0.11351522087028364,1.7372966802955156,3
moravec,moravec::wired_moravec_15,wired_moravec_15,graduate,joint,3,Beginning,3.6423626345028546,1.2368483576329288,0.3407681947965455,0.6592318052034545,-0.5083968995807151,0.7541984497903576,0.14211220698670068,0.0378338962132193,0.7333333333333333,0.4939751627066576,1.212258182218712,0.7417596584290218,0.6631946996873196,0.3332140391960496,1.214120878167618,0.10356477945564406,0.08579467195758354,1.7392914376878512,5
moravec,moravec::wired_moravec_15,wired_moravec_15,graduate,joint,3,End,2.883071274024492,1.1468260349489163,0.4035178406950197,0.5964821593049803,-0.38264756508145703,0.6913237825407286,0.053141728088264784,0.016715951482176465,0.6666666666666666,0.5292779006907625,1.031521075330986,0.633060027302692,0.7630242398592707,0.35928600406771616,0.9610237580081641,0.18507573812680556,0.1972578155072069,1.6660241261835982,5
moravec,moravec::wired_moravec_15,wired_moravec_15,graduate,joint,3,Middle,3.3491014622108346,1.172935090770841,0.3492626701054898,0.6507373298945103,-0.5049708909475589,0.7524854454737795,0.09265887880904888,0.02826670519807366,0.6666666666666666,0.5358045442905952,1.122812104314421,0.6876169303100901,0.7197455539356145,0.3348253007072088,1.1163671540702782,0.06005334575652095,0.05250614256475082,1.7309557266491697,5
moravec,moravec::wired_moravec_15,wired_moravec_15,graduate,joint,5,Beginning,6.051874943079766,1.2473426642413918,0.20668769665899966,0.7933123033410003,-0.4988724103976554,0.7494362051988277,0.3573321658705345,0.05838872129714478,0.7,0.5229900951610028,1.2265399708128686,0.7908130585332397,0.6038620375611855,0.20281133111563765,1.2103749886159534,0.12752564447286252,0.10551885980878507,1.7436020954241953,4
moravec,moravec::wired_moravec_15,wired_moravec_15,graduate,joint,5,End,4.914483161521267,1.157327868035694,0.23570365244378583,0.7642963475562141,-0.3963845869888142,0.698192293494407,0.08863948457872181,0.01783958342562809,0.7,0.55974000993136,1.06779775938186,0.6916687314060042,0.7155818282867463,0.21741957254436312,0.9828966323042535,0.23117613019843908,0.23596186083392026,1.672628283919332,4
moravec,moravec::wired_moravec_15,wired_moravec_15,graduate,joint,5,Middle,5.6939086842739695,1.2272367125091719,0.2157614931356106,0.7842385068643895,-0.5170722228075677,0.7585361114037839,0.19061614494268198,0.03340373935139992,0.52,0.5380967170220382,1.1412680021809476,0.7360202207235957,0.6699114196126108,0.200403508107195,1.1387817368547937,0.08950575419483295,0.07757474207847534,1.7293667512609983,5
moravec,moravec::wired_moravec_15,wired_moravec_15,graduate,partner,3,Beginning,3.9691973383867936,1.0276246213415272,0.25889985650327635,0.7411001434967237,-0.5124205467432849,0.7562102733716425,0.33872343685024897,0.08533801874106789,0.3333333333333333,0.4226218423015361,1.2714010899801396,0.7787905083790998,0.6235387164365117,0.32031692596490474,1.3230657794622644,0.05343842953557976,0.040389850878993196,1.7500760095693997,1
moravec,moravec::wired_moravec_15,wired_moravec_15,graduate,partner,3,End,3.1584037044321134,1.1692783377426554,0.3707083290812385,0.6292916709187615,-0.4757584613226965,0.7378792306613482,0.04476597855167552,0.013502195103696464,0.6666666666666666,0.5274207213027085,1.088944228849491,0.6689947133636197,0.7401225052353353,0.34495350572952277,1.0528012348107045,0.15597976999521976,0.14732211657961164,1.714097249651331,2
moravec,moravec::wired_moravec_15,wired_moravec_15,graduate,partner,3,Middle,3.4103520830923153,1.2189591167238787,0.3578570986522061,0.6421429013477938,-0.4839554484730595,0.7419777242365297,0.03724808193219394,0.011547471198023192,0.6666666666666666,0.5687647680247786,1.1594106783830316,0.7096945037243326,0.6957762216411574,0.3398756073543497,1.1367840276974386,0.14372964410948888,0.12534019391231283,1.7153076900453446,3
moravec,moravec::wired_moravec_15,wired_moravec_15,graduate,partner,5,End,5.29603781849433,1.3244171114748824,0.2500769739313183,0.7499230260686818,-0.46897693776098937,0.7344884688804947,0.08953195710335105,0.016905460302926063,0.6,0.48310320944501256,1.109299940419081,0.7162687757554673,0.6926953950434218,0.20945846280502134,1.059207563698866,0.15180815886298069,0.14332238936516878,1.683451600421761,1
moravec,moravec::wired_moravec_15,wired_moravec_15,graduate,partner,5,Middle,5.7338672266284805,1.2278575352160346,0.21524484694158316,0.7847551530584168,-0.4903447385539377,0.7451723692769688,0.19606743096077447,0.03414953978202354,0.6,0.5682208547347462,1.1762859218006712,0.7583716132430652,0.64322454781664,0.2053129757417506,1.1467734453256961,0.17066109917991634,0.14930047780867126,1.7234116812907667,3
moravec,moravec::wired_moravec_16,wired_moravec_16,expert,expert,3,Beginning,3.6573294607503932,1.306132869653877,0.3571274843218229,0.6428725156781772,-0.49106743604337166,0.7455337180216859,0.0035325994009227646,0.0009658958644097551,0.6666666666666666,0.6213392170353851,1.2431087755122183,0.7603716349755111,0.6433227775514054,0.3398952128466882,1.2191098202501311,0.10862658775737741,0.08910320133020495,1.7378477331982707,1
moravec,moravec::wired_moravec_16,wired_moravec_16,expert,expert,3,End,3.006401465415947,1.1281932949331672,0.375263685808867,0.6247363141911331,-0.38917689333007455,0.6945884466650373,0.02205499288221291,0.007336010554785144,0.6666666666666666,0.5622493950232214,1.0482704799473728,0.6414421654334175,0.7644071015679337,0.34867947345227246,1.0021338218053157,0.10427239097443534,0.10405036603453977,1.6133132687554879,1
moravec,moravec::wired_moravec_16,wired_moravec_16,expert,expert,3,Middle,3.2478696771280875,0.9963389704134686,0.3042598516317326,0.6957401483682675,-0.5280066055958892,0.7640033027979446,0.11543394595881873,0.03730845511544134,0.6666666666666666,0.5643747975467617,1.0612427190388032,0.6494559051386579,0.7556302171354934,0.3266394363601992,1.0826232257093624,0.09496860318990386,0.08887433927786106,1.7561563808247418,2
moravec,moravec::wired_moravec_16,wired_moravec_16,expert,expert,5,Middle,5.486526555883886,1.2940237947838158,0.235455736460004,0.7645442635399959,-0.4840643851413062,0.742032192570653,0.14307957070044908,0.0258011988335212,0.7,0.6144545054115254,1.1174860838669318,0.7207090021233746,0.6841040956202394,0.20361401234077417,1.0973053111767772,0.14476141995800845,0.13160846125305026,1.7158859673715077,2
moravec,moravec::wired_moravec_16,wired_moravec_16,expert,joint,3,Beginning,3.428293193208621,1.2698313873734917,0.3692483460889157,0.6307516539110843,-0.4242507756665408,0.7121253878332704,0.06007909705877031,0.01882326651339387,0.7777777777777777,0.5764621525816163,1.1951179204917894,0.7322944922312171,0.6713611705898627,0.3481831747926909,1.1427643977362072,0.12215192805338658,0.10570439866470217,1.695088900747501,3
moravec,moravec::wired_moravec_16,wired_moravec_16,expert,joint,3,End,3.057099631248293,1.077228767192708,0.3525685884727898,0.6474314115272102,-0.5492190879626527,0.7746095439813264,0.05301090535174813,0.01729884667087488,0.8888888888888888,0.5305557765717679,1.0106036441256718,0.6189292682257731,0.7838545602351531,0.330639105192188,1.0190332104160975,0.03117326999718249,0.030543593578215737,1.763174298283598,3
moravec,moravec::wired_moravec_16,wired_moravec_16,expert,joint,3,Middle,2.8810130318124534,1.0733547199727311,0.37208883524682546,0.6279111647531745,-0.4498120396223977,0.7249060198111988,0.07046096403392019,0.024546626445809253,0.6666666666666666,0.5232122265182771,0.995445628332655,0.6095598427977046,0.7904120425792963,0.34546455777420737,0.9603376772708178,0.07112683726617247,0.07431404608827584,1.70424515788806,4
moravec,moravec::wired_moravec_16,wired_moravec_16,expert,joint,5,Beginning,5.52767951558297,1.3005605448994513,0.23541204327579435,0.7645879567242058,-0.44291380715447115,0.7214569035772356,0.12412973614332218,0.022171070287652677,0.7,0.5841887669858083,1.1833376533363495,0.7632405266352311,0.6342175778031245,0.21402611396899388,1.105535903116594,0.16195153218024155,0.14707103545058828,1.70041950133567,2
moravec,moravec::wired_moravec_16,wired_moravec_16,expert,joint,5,End,5.043132393915363,0.983993560839551,0.19513952714858432,0.8048604728514157,-0.5192607653372123,0.7596303826686062,0.25560740890865785,0.050679144502106935,0.7,0.5433070437678886,1.0073969986419145,0.6498128336457405,0.7571609490095181,0.19975966209390036,1.0086264787830728,0.03655175974966912,0.03625298798621519,1.7532699904566749,2
moravec,moravec::wired_moravec_16,wired_moravec_16,expert,joint,5,Middle,4.888470662118185,1.0843264839296491,0.22170203127516883,0.7782979687248311,-0.4638459160888491,0.7319229580444245,0.18406703526299104,0.037617318423398216,0.6,0.5271739130190932,1.0153328414918938,0.6549241050729847,0.7521610412599145,0.20769516468500962,0.977694132423637,0.08120441583133953,0.08294292516294693,1.7005866482728762,4
moravec,moravec::wired_moravec_16,wired_moravec_16,expert,partner,3,End,2.919386053368853,0.9596934201897684,0.3287312478191506,0.6712687521808494,-0.45863950430202327,0.7293197521510116,0.1931479800754905,0.06616047913656557,0.6666666666666666,0.518934439019981,0.9783962769889215,0.5979803352281401,0.7979566137403922,0.3351376827534994,0.9731286844562844,0.05076567633221901,0.052167485290584445,1.7204266888621274,1
moravec,moravec::wired_moravec_16,wired_moravec_16,expert,partner,3,Middle,2.9669518878623715,1.2303267130183164,0.4140195083470299,0.5859804916529702,-0.411136897812227,0.7055684489061136,0.03433063414617027,0.011765142678445042,0.6666666666666666,0.5725022990293315,1.0536313350176982,0.6443894224179559,0.7546045968200801,0.35514208608858083,0.9889839626207906,0.1282259818728592,0.1255073763165151,1.641673076538118,2
moravec,moravec::wired_moravec_16,wired_moravec_16,expert,partner,5,Middle,5.152900093560088,1.333152022768149,0.2587187794372872,0.7412812205627128,-0.4468016221425073,0.7234008110712536,0.23943823579817158,0.0464666947642577,0.6,0.5779223067181335,1.0901278748721057,0.7009053959933959,0.6995235008552861,0.2115561829414292,1.0305800187120178,0.1618075046269272,0.1570062505472874,1.6414011861635085,1
nano,nano::wired_nano_12,wired_nano_12,child,expert,3,Beginning,3.247104752536864,1.339033181588527,0.4123289514962986,0.5876710485037014,-0.3257509303222985,0.6628754651611493,0.04150010622962863,0.012851703416979499,0.8333333333333333,0.5802304438812277,1.2027084568936854,0.741089798912454,0.6662413752394782,0.3704065037871166,1.0823682508456214,0.19720272651073464,0.1822366903831954,1.6826094534929128,2
nano,nano::wired_nano_12,wired_nano_12,child,expert,3,End,3.1329423057490535,1.0750198380477403,0.34393730118553434,0.6560626988144658,-0.5614334893740016,0.7807167446870008,0.18486811326235963,0.0585427816303935,0.6666666666666666,0.430879915698673,1.0290357087353934,0.6300587933563666,0.7725619822471994,0.32861754263215315,1.044314101916351,0.14610210827995945,0.13977036830733344,1.7583087134634638,2
nano,nano::wired_nano_12,wired_nano_12,child,expert,3,Middle,2.7216618285494865,1.130998906884159,0.4155016877362292,0.5844983122637708,-0.3173383069753613,0.6586691534876806,0.0020053989239879333,0.0007262515407720304,0.9166666666666666,0.591385141005256,0.9958731636910083,0.6106229136554648,0.7870506447719621,0.36583124770298936,0.9072206095164954,0.08612240210918465,0.09470312827007762,1.6247677893526014,4
nano,nano::wired_nano_12,wired_nano_12,child,expert,5,Beginning,5.024143097889065,1.338739364900064,0.2664612330533631,0.7335387669466369,-0.2621964503364009,0.6310982251682005,0.0,0.0,1.0,0.5508012322110099,1.2034378879481553,0.7845327787979924,0.6183720173026797,0.23953097364081638,1.004828619577813,0.1815667989785855,0.18069429496830242,1.651888424293502,1
nano,nano::wired_nano_12,wired_nano_12,child,expert,5,End,5.035344002647535,1.0997968265566733,0.21841543020266557,0.7815845697973345,-0.5008006736343634,0.7504003368171817,0.30547072105466055,0.060665313212770966,0.6,0.5105702950424136,1.0300962304831138,0.665716057278703,0.7424263263705075,0.2045731592402623,1.007068800529507,0.16158187845019384,0.16044770562372268,1.7517932690922593,1
nano,nano::wired_nano_12,wired_nano_12,child,expert,5,Middle,4.73408151314361,1.1886398584722992,0.2506287174598527,0.7493712825401473,-0.3483851309067453,0.6741925654533726,0.03791708359172641,0.007967127550362342,0.75,0.5646074163808453,1.0637843130591196,0.6879594240776072,0.7187700123244315,0.22468438039490915,0.946816302628722,0.129195601000894,0.13510430056056216,1.6174472299377407,4
nano,nano::wired_nano_12,wired_nano_12,child,joint,3,Beginning,3.750055844186983,1.3003194195104673,0.34681355509277917,0.6531864449072208,-0.5448365902144124,0.7724182951072063,0.1495412790246594,0.03925991454006675,0.7222222222222222,0.503788813243376,1.2339797609658563,0.7568118009306738,0.6500382537862331,0.32931283577013276,1.2500186147289944,0.06134244163869412,0.05030335042078449,1.7607285567736415,6
nano,nano::wired_nano_12,wired_nano_12,child,joint,3,End,3.4525774437735315,1.1594355234255629,0.3368542296216222,0.6631457703783777,-0.4458013826359408,0.7229006913179704,0.20104941006150492,0.05671996657081496,0.7222222222222222,0.507148882832741,1.1649101273874622,0.7141062441560414,0.6940302950459687,0.33820579855393,1.1508591479245103,0.12421880875579587,0.10836552232261305,1.7010774288718868,6
nano,nano::wired_nano_12,wired_nano_12,child,joint,3,Middle,3.3152533608010737,1.2162157174248889,0.36767934336408914,0.6323206566359109,-0.5142394637455509,0.7571197318727754,0.13422001407638756,0.041269334884661765,0.6666666666666666,0.520720574409335,1.1119900768508744,0.6804902270584428,0.7259595054193015,0.3359204013118736,1.105084453600358,0.0731861580192873,0.06662546843612822,1.734987112338008,7
nano,nano::wired_nano_12,wired_nano_12,child,joint,5,Beginning,6.278431158297971,1.3234664400300098,0.210791888941729,0.789208111058271,-0.5507421108479218,0.7753710554239609,0.33310007674719194,0.05307415969876832,0.64,0.5197763882468672,1.2406724978403578,0.8040515839027311,0.5915436665281849,0.19763302759166168,1.255686231659594,0.06824244612345029,0.05470894071546724,1.764583396828882,5
nano,nano::wired_nano_12,wired_nano_12,child,joint,5,End,5.702566224315584,1.2410571637781467,0.2178405494670545,0.7821594505329456,-0.4420913580375956,0.7210456790187978,0.2930418043468349,0.051221053868554745,0.64,0.5225003988774688,1.163179229307393,0.7506221226156224,0.6525478124547794,0.20407978064345667,1.1405132448631168,0.133684378256753,0.11729115959988994,1.704891122469169,5
nano,nano::wired_nano_12,wired_nano_12,child,joint,5,Middle,5.579327392117327,1.2527570497916556,0.22488077415645633,0.7751192258435436,-0.5256201827704918,0.7628100913852459,0.3318733070622172,0.059144469695277584,0.6,0.5343997097202512,1.1364203169460458,0.7336162874557411,0.6715944055826701,0.20388337013824523,1.1158654784234654,0.10845899121112201,0.09697641488284507,1.739943304399095,7
nano,nano::wired_nano_12,wired_nano_12,child,partner,3,Beginning,3.824123897633549,1.3610383649162134,0.3558588262953447,0.6441411737046553,-0.5498825888041381,0.774941294402069,0.03588346996699865,0.009389418433927585,0.6666666666666666,0.48435593983539604,1.2571839721172235,0.7714505202736184,0.6290409079310495,0.32870918586313563,1.2747079658778497,0.043509426529892245,0.0341246667645901,1.7505856931068746,2
nano,nano::wired_nano_12,wired_nano_12,child,partner,3,End,3.8499438663272465,1.1788977234067077,0.3087684601947914,0.6912315398052087,-0.4717459900519478,0.7358729950259738,0.23537838196522384,0.059674583507247775,0.5555555555555555,0.44757804261414597,1.2781339115850212,0.7839714248089864,0.6170020336690961,0.33249535927574686,1.2833146221090823,0.10228282149999447,0.0814379508703087,1.7097342214008255,3
nano,nano::wired_nano_12,wired_nano_12,child,partner,3,Middle,3.6952587119009492,1.3376920280891451,0.36231480635253605,0.637685193647464,-0.45881453021986207,0.729407265109931,0.02264843120175919,0.006333187185386363,0.7777777777777777,0.5523488601425278,1.2670281465977535,0.7760763812792444,0.6286836886881644,0.34306721716483674,1.231752903966983,0.0581347234564038,0.0475143007022665,1.7162982605559998,3
nano,nano::wired_nano_12,wired_nano_12,child,partner,5,Beginning,6.356297606088397,1.3323584593120328,0.20961234697944753,0.7903876530205525,-0.5555565474368009,0.7777782737184005,0.05818661086714805,0.00915416716980241,0.8,0.500933248929877,1.276360031282546,0.8265298689283069,0.5581588444950855,0.20080243411824852,1.2712595212176794,0.049234673796194325,0.03872905018562595,1.7654121939083989,1
nano,nano::wired_nano_12,wired_nano_12,child,partner,5,End,6.291638693106248,1.3284768489350007,0.21128854164443958,0.7887114583555604,-0.45656888490822856,0.7282844424541144,0.35128051117766546,0.055627489407934626,0.6,0.49885696607198804,1.2643422675897211,0.8177458460355939,0.5734327350759384,0.20100651302704975,1.2583277386212495,0.11525659736442115,0.09155127868892352,1.7019490718903896,2
nano,nano::wired_nano_12,wired_nano_12,child,partner,5,Middle,6.200523480081329,0.9024178941541937,0.14454461463011783,0.8554553853698822,-0.4590077752772929,0.7295038876386464,0.6189387091235247,0.1006326725754446,0.5333333333333333,0.5209229839137275,1.2495732690078902,0.8142620112922668,0.5749320647562227,0.20146502624802243,1.2401046960162656,0.08326995805781008,0.06724105520253874,1.7054443772269334,3
nano,nano::wired_nano_13,wired_nano_13,teenager,expert,3,Beginning,3.1358578575181095,1.269615318883303,0.4049673151607316,0.5950326848392684,-0.36055589318903564,0.6802779465945178,0.0,0.0,1.0,0.6642498290865604,1.1429487549446278,0.7022044012397648,0.7026486972246755,0.36427553060545725,1.0452859525060365,0.1772361404258858,0.17323188504625225,1.6833097157708972,2
nano,nano::wired_nano_13,wired_nano_13,teenager,expert,3,End,2.5848833908500035,1.0755623648895103,0.4127191682385797,0.5872808317614204,-0.365196786247986,0.682598393123993,0.09929983477622262,0.03914378427274158,0.6666666666666666,0.4779854146832284,0.9321785518337191,0.5699077679324169,0.814250729171595,0.3601797842878026,0.8616277969500011,0.10131065596012173,0.11280081030973481,1.6395242858471832,2
nano,nano::wired_nano_13,wired_nano_13,teenager,expert,3,Middle,2.7335639281527997,1.0634435224207113,0.3894195660011282,0.6105804339988717,-0.3449746262594403,0.6724873131297202,0.10262490221675413,0.03716147990813191,0.6666666666666666,0.5536609394491541,0.9788937449982538,0.600047078972924,0.7952929199668269,0.35817093456257215,0.9111879760509332,0.1496833538150277,0.164108835645927,1.6355659448873974,4
nano,nano::wired_nano_13,wired_nano_13,teenager,expert,5,Beginning,5.0045993100337185,1.3382729574645105,0.2674086124700149,0.7325913875299851,-0.29582166506952395,0.647910832534762,0.0800168884834358,0.01598867032631563,0.8,0.5919895721089798,1.147212856354966,0.7427985865980533,0.6617608785716698,0.22923170973047122,1.0009198620067437,0.18313465363868744,0.1829663498449525,1.609802851874557,1
nano,nano::wired_nano_13,wired_nano_13,teenager,expert,5,End,4.63448038102192,1.2491683859095002,0.2695379596437204,0.7304620403562796,-0.3698364586359935,0.6849182293179967,0.12201957805031638,0.026328642699618165,0.6,0.506768061959447,1.0378167569966066,0.668045353878652,0.7335069774993646,0.22393379012811016,0.926896076204384,0.16981759747855185,0.18321104365221894,1.571137963408482,1
nano,nano::wired_nano_13,wired_nano_13,teenager,expert,5,Middle,4.584294837859672,1.1135582942593247,0.24274823061392484,0.7572517693860752,-0.3599982651923163,0.6799991325961582,0.19690851281712837,0.04358440284103282,0.65,0.5528050122920785,1.011633724919138,0.6539500458717693,0.7505657889285364,0.22076791975155002,0.9168589675719345,0.15491066190060043,0.1684704316184573,1.6583284669398857,4
nano,nano::wired_nano_13,wired_nano_13,teenager,joint,3,Beginning,3.2331207289295296,1.2426748008238988,0.384894261347363,0.615105738652637,-0.47051197116735705,0.7352559855836786,0.13784500324818463,0.04121489484943767,0.6666666666666666,0.4990733182571155,1.1270404148952582,0.6934807932511354,0.7135437657364972,0.3493340878471214,1.0777069096431766,0.1808107556713345,0.16780640084519502,1.7337286192630845,6
nano,nano::wired_nano_13,wired_nano_13,teenager,joint,3,End,3.578711778257691,1.2010678887309896,0.33587770807686795,0.6641222919231321,-0.6480594866958541,0.8240297433479271,0.18680949765750277,0.05266219841248423,0.611111111111111,0.5135455191890573,1.1254107346818902,0.6920620806778627,0.7163608979226567,0.3145406623610379,1.192903926085897,0.05760676806531265,0.04824206550924328,1.811162596753426,6
nano,nano::wired_nano_13,wired_nano_13,teenager,joint,3,Middle,3.666306846355073,1.2797969801437048,0.3502038991516336,0.6497961008483665,-0.5565771775264293,0.7782885887632146,0.1975653558880166,0.05226841814655223,0.6666666666666666,0.48354205860866645,1.1994734056373038,0.7355441663860964,0.6701506917387818,0.32779702724507825,1.2221022821183578,0.0800378572636977,0.06810928042800808,1.7612929890784104,6
nano,nano::wired_nano_13,wired_nano_13,teenager,joint,5,Beginning,5.427519217731199,1.3298517536827708,0.24544434779128504,0.7545556522087149,-0.47347491338740194,0.7367374566937009,0.24010820754531675,0.04374427012610462,0.6,0.4755481467780771,1.1755975339903917,0.7629866839436414,0.6395233180890679,0.21684920655795442,1.0855038435462396,0.1908396775846913,0.17593933748589027,1.7315605206865334,5
nano,nano::wired_nano_13,wired_nano_13,teenager,joint,5,End,6.023395977132003,1.1923219463641215,0.19801135220915017,0.8019886477908498,-0.6630674336414116,0.8315337168207059,0.4766476794194885,0.07839384015815179,0.5599999999999999,0.5647691056962177,1.129576347669316,0.7309606620292618,0.6744845123562525,0.18761419522019074,1.2046791954264005,0.07647539671123879,0.06332465125749913,1.8176630914476792,5
nano,nano::wired_nano_13,wired_nano_13,teenager,joint,5,Middle,6.110509212166683,1.28284533960216,0.21036143086305384,0.7896385691369462,-0.5645045409878707,0.7822522704939353,0.30128290992299805,0.04876066094226967,0.6333333333333333,0.5180982149950766,1.2066147942638272,0.779854011693811,0.6186020179258266,0.1977041400706142,1.2221018424333365,0.09576422269530749,0.07988841565409745,1.768787321047921,6
nano,nano::wired_nano_13,wired_nano_13,teenager,partner,3,Beginning,3.845991007718282,1.3722134813665154,0.35703139375272663,0.6429686062472733,-0.470389368763206,0.7351946843816031,0.01253194769945365,0.003157855833675155,0.6666666666666666,0.5031396157116446,1.312552958479046,0.8045352640541997,0.5922065974528148,0.34135522065522966,1.2819970025727607,0.09093171452432516,0.07091868643266777,1.7168055482353712,2
nano,nano::wired_nano_13,wired_nano_13,teenager,partner,3,End,3.4142173688220847,1.3663584813569667,0.400596496557419,0.5994035034425811,-0.32775185320442773,0.6638759266022138,0.020670781602006194,0.005913940166673934,0.8333333333333333,0.6143720896536647,1.2392149111384674,0.7605563932378994,0.643723510397094,0.3630227042273646,1.138072456274028,0.16073711901938406,0.14123242264497057,1.632770530099505,2
nano,nano::wired_nano_13,wired_nano_13,teenager,partner,3,Middle,3.9032405407993664,1.3048256328798509,0.33411840318705116,0.6658815968129489,-0.4858580214869856,0.7429290107434928,0.04679322011288911,0.012119441772331624,0.7777777777777777,0.5141230599357529,1.3098193895106929,0.8023056274566814,0.5957537824323375,0.3355594489769425,1.3010801802664556,0.06373849796645838,0.04887389944902377,1.7301316078760458,3
nano,nano::wired_nano_13,wired_nano_13,teenager,partner,5,Beginning,6.432512090359783,1.305746429607659,0.2029916790307387,0.7970083209692613,-0.487376160728081,0.7436880803640404,0.019876446824074412,0.0030899975849035186,0.6,0.4965274826119741,1.3133809427993848,0.8482767218266166,0.5286398763837578,0.20417854243409977,1.2865024180719566,0.0949016821810382,0.07376720078246302,1.744642935295978,1
nano,nano::wired_nano_13,wired_nano_13,teenager,partner,5,End,5.873175843102754,1.3148671141364392,0.2238766809069018,0.7761233190930982,-0.37528842805527846,0.6876442140276392,0.07652873501975743,0.01303021347634773,0.6,0.5455972116913599,1.2667848790916676,0.8192160312139839,0.5707041901181176,0.21568992874261278,1.1746351686205507,0.1452463819249815,0.12365233546987496,1.660900524908681,1
nano,nano::wired_nano_13,wired_nano_13,teenager,partner,5,Middle,6.391161507228198,1.294238686384457,0.20253936537039274,0.7974606346296073,-0.46435023254841035,0.7321751162742052,0.14284889617144905,0.02230970588216073,0.6,0.5363324211496834,1.3116411527605887,0.8475605693150725,0.5293821591232928,0.20528489401959812,1.2782323014456398,0.10506369675808487,0.08288567146069546,1.7256763120427552,3
nano,nano::wired_nano_14,wired_nano_14,undergraduate,expert,3,Beginning,3.1790155221702725,1.3398488055374287,0.4246968417287606,0.5753031582712395,-0.2963391250400189,0.6481695625200095,0.030565387688646584,0.010135845579165073,0.7777777777777777,0.6219092968163656,1.163451721915222,0.7123586344014646,0.6891222766519615,0.3671797548513689,1.0596718407234242,0.15563069079139133,0.1450082291801392,1.6109928121729151,3
nano,nano::wired_nano_14,wired_nano_14,undergraduate,expert,3,End,3.4966815134383045,1.1180161618957796,0.32238226493500133,0.6776177350649988,-0.44636602861838726,0.7231830143091936,0.16816544065011152,0.045770359351850594,0.8333333333333333,0.5896440753629646,1.174495678980573,0.7186373899417575,0.6879133974255367,0.33682085199538375,1.1655605044794348,0.16934993802645698,0.14635097488532886,1.714513058398052,2
nano,nano::wired_nano_14,wired_nano_14,undergraduate,expert,3,Middle,3.2713042044298675,1.0357507084658013,0.3157180277782816,0.6842819722217184,-0.5157288475490802,0.7578644237745401,0.22257656197216344,0.0685027991744963,0.49999999999999994,0.4278808764444515,1.0758600156803737,0.657790390039278,0.7430984648944874,0.3286273428156193,1.090434734809956,0.12602457193405103,0.1144257277100093,1.7503543825217582,4
nano,nano::wired_nano_14,wired_nano_14,undergraduate,expert,5,Beginning,5.349054927184472,1.3852557307834554,0.2590069981713298,0.7409930018286701,-0.36267903109933475,0.6813395155496673,0.16213995981207824,0.03051921638613369,0.6,0.5566519052676775,1.1878695263390089,0.7668105220095727,0.6282863032146436,0.22203064254761745,1.0698109854368947,0.1870783562105451,0.17481129383858396,1.614858148558545,2
nano,nano::wired_nano_14,wired_nano_14,undergraduate,expert,5,End,5.585093440900225,1.1684661355732606,0.209211564307315,0.790788435692685,-0.442824979014555,0.7214124895072775,0.09023906551992056,0.016157127266500218,0.8,0.5555991426620137,1.1380260333416414,0.7341324535722507,0.6726944822874114,0.2037613238496168,1.117018688180045,0.17786224385367633,0.15922942537646054,1.7717579535918868,1
nano,nano::wired_nano_14,wired_nano_14,undergraduate,expert,5,Middle,5.4142286123636545,1.1481367797309,0.21452191630224715,0.7854780836977528,-0.47603529683675194,0.738017648418376,0.31277495574482744,0.056876924011197344,0.6,0.5002418777772537,1.0934497337088032,0.7032382288651972,0.6996178269405121,0.20242868035299263,1.0828457224727308,0.1426218352868513,0.13101236769265426,1.7267647279991367,4
nano,nano::wired_nano_14,wired_nano_14,undergraduate,joint,3,Beginning,3.7121828506661885,1.1854382464286004,0.3198887441080695,0.6801112558919306,-0.5754269590575787,0.7877134795287893,0.2948175611858507,0.07767596445248219,0.6666666666666666,0.4815332042073615,1.1834779909779678,0.7260756546406999,0.6801525937097426,0.3196313063169267,1.2373942835553962,0.08860961987467539,0.07179246802971752,1.7839015066193542,7
nano,nano::wired_nano_14,wired_nano_14,undergraduate,joint,3,End,3.1910899176146077,1.1837885448514516,0.37833171936971566,0.6216682806302843,-0.42186986972826573,0.7109349348641328,0.10900916455122625,0.030364363640313845,0.7142857142857143,0.5260976004257205,1.1127846232026004,0.6829419702988037,0.7169668278738477,0.3502934042977351,1.0636966392048692,0.13858076823801152,0.1359759330279033,1.6893367980044576,7
nano,nano::wired_nano_14,wired_nano_14,undergraduate,joint,3,Middle,3.517003865304452,1.2524274321428879,0.3563007993755109,0.643699200624489,-0.4590497376044939,0.729524868802247,0.09592661187407307,0.027742923475631703,0.7142857142857143,0.5179309502955322,1.198151317710894,0.7335608578968106,0.6714691599064164,0.3410116043742569,1.1723346217681507,0.09291614563438323,0.07982721629225584,1.7038355945377213,7
nano,nano::wired_nano_14,wired_nano_14,undergraduate,joint,5,Beginning,6.16268361957894,1.2574931586201834,0.20442311227878987,0.7955768877212103,-0.5636830436088204,0.7818415218044102,0.4129881541261134,0.06615772643468286,0.5666666666666667,0.517428814365986,1.2089432207307587,0.7823537808231791,0.616824718068928,0.19635285371614927,1.232536723915788,0.11548830222418842,0.09315410179411715,1.7778546182859054,6
nano,nano::wired_nano_14,wired_nano_14,undergraduate,joint,5,End,5.291109331520558,1.1389792843984508,0.21683148717048542,0.7831685128295146,-0.41063680590861473,0.7053184029543074,0.27471402931421895,0.05048974370587481,0.6,0.5192300611659042,1.143039076737306,0.7390759146641434,0.659917619620349,0.2164561936049404,1.0582218663041116,0.21003864844952255,0.1968223869293311,1.6873526898350912,6
nano,nano::wired_nano_14,wired_nano_14,undergraduate,joint,5,Middle,5.933385193829231,1.153601347608421,0.19588312648448006,0.80411687351552,-0.4708009693409623,0.7354004846704811,0.389891821869014,0.06433995344401881,0.6285714285714287,0.5077050350033007,1.196835702913639,0.7719972791234598,0.6253091010910085,0.20201657109186485,1.1866770387658463,0.12032025758114702,0.1018813597764936,1.7091266294541065,7
nano,nano::wired_nano_14,wired_nano_14,undergraduate,partner,3,Beginning,3.5296014523877193,1.25858942643908,0.3612210287985468,0.6387789712014532,-0.3498323405267354,0.6749161702633677,0.10875026067132021,0.02869007172533772,0.6666666666666666,0.4769790649068254,1.2523023754459444,0.7713033450352539,0.634246098284463,0.3563515616209265,1.176533817462573,0.13909830722244135,0.12322738970209046,1.6707451846587056,2
nano,nano::wired_nano_14,wired_nano_14,undergraduate,partner,3,End,3.475411779058747,1.2537570715028015,0.36161706146877864,0.6383829385312213,-0.4314261814461419,0.7157130907230709,0.1013688257727523,0.02849689065710659,0.7777777777777777,0.514902517755019,1.209065397246602,0.742995835379303,0.6617939324659076,0.34806801056992404,1.1584705930195824,0.2395752132574762,0.20625186802033293,1.706871397587576,3
nano,nano::wired_nano_14,wired_nano_14,undergraduate,partner,3,Middle,3.9883092444130708,1.2925349996038102,0.3252165041614291,0.6747834958385709,-0.5020232021354616,0.7510116010677308,0.14551589746313998,0.035839253870084596,0.5,0.48259791902193033,1.3232871361155913,0.8104419099462439,0.5829511675411249,0.3321723070605341,1.329436414804357,0.055783607926419065,0.04231552987139813,1.739621086245381,4
nano,nano::wired_nano_14,wired_nano_14,undergraduate,partner,5,Beginning,5.873564313780369,1.2963532958028747,0.22070981546271862,0.7792901845372814,-0.3611586493091871,0.6805793246545936,0.11918951658110766,0.020292536220548232,0.4,0.4691723357133354,1.2739118345388076,0.8248631182110397,0.5611069327820393,0.21688905858236648,1.1747128627560737,0.19493690058944274,0.16594429734266128,1.7100249137383254,1
nano,nano::wired_nano_14,wired_nano_14,undergraduate,partner,5,End,6.189805054023749,1.2577699433466143,0.20341480503848708,0.7965851949615129,-0.46192570674901834,0.7309628533745092,0.20221900545527982,0.032511600281068774,0.7,0.5152668218940766,1.2455814708585005,0.8051236461505475,0.5864886094966613,0.20126309001096915,1.2379610108047499,0.2161970974656849,0.17463317916147988,1.6942595593789238,2
nano,nano::wired_nano_14,wired_nano_14,undergraduate,partner,5,Middle,6.4981856458397935,1.2421648692775509,0.19098394851091216,0.8090160514890878,-0.48676043834473726,0.7433802191723686,0.3845989214286283,0.058969322378342834,0.45,0.5212578459929931,1.2755244389974207,0.8262535633744797,0.5571238010023697,0.19641686020489504,1.2996371291679587,0.10692121895436824,0.08362860794696955,1.7430932183569645,4
nano,nano::wired_nano_15,wired_nano_15,graduate,expert,3,Middle,2.8607577945276987,1.1990126757474013,0.41942754058359344,0.5805724594164066,-0.45212667657469796,0.7260633382873489,0.04775048809769922,0.0155900540140466,0.8333333333333333,0.586728787926942,1.0045746918178362,0.6140389283080355,0.7776450721998891,0.35140773746051435,0.953585931509233,0.12473286136313903,0.12444614956312672,1.6626512342558706,2
nano,nano::wired_nano_15,wired_nano_15,graduate,joint,3,Beginning,2.6749159943393903,1.119434501009131,0.4151856655332689,0.5848143344667311,-0.3836006009356553,0.6918003004678277,0.0,0.0,1.0,0.6232315370901373,0.9607506689710953,0.5882086362595358,0.7980112553867289,0.35822808003715,0.8916386647797968,0.1168017004335038,0.12632877352622035,1.6296305341069348,2
nano,nano::wired_nano_15,wired_nano_15,graduate,joint,3,End,2.3748478136384596,0.9265247774702337,0.390254723118656,0.6097452768813441,-0.4340856524697764,0.7170428262348882,0.0050157330413414525,0.002093768583706878,0.8333333333333333,0.5404363485918477,0.8296202806450959,0.5079846117503843,0.8603655129593728,0.34938687029987375,0.7916159378794865,0.04240907640202189,0.05349057123994169,1.6805213303046216,2
nano,nano::wired_nano_15,wired_nano_15,graduate,joint,3,Middle,2.472332049386945,0.7513525558287811,0.3039693998175719,0.6960306001824281,-0.5236258260170299,0.761812913008515,0.1046474064417216,0.042264976038257185,0.5,0.5230631166152586,0.8069063037810762,0.4938911330703406,0.8687049899573193,0.32638345309333644,0.8241106831289816,0.050161155340152655,0.06092709684331557,1.766059061062765,2
nano,nano::wired_nano_15,wired_nano_15,graduate,joint,5,Beginning,4.5691047125322495,1.278702755569319,0.27985849220353004,0.7201415077964699,-0.4253850889737816,0.7126925444868908,0.19880726272001503,0.04351120738702305,0.4,0.6200248742287381,0.9739150929971806,0.6248974072327519,0.7629571141568059,0.21315228130489175,0.9138209425064499,0.15204680772739831,0.16638577718558376,1.6283151045070596,1
nano,nano::wired_nano_15,wired_nano_15,graduate,joint,5,End,4.073295287116506,1.0698659276790072,0.2626536630091377,0.7373463369908624,-0.46964660358335486,0.7348233017916774,0.05117549677662758,0.012563659928729308,0.8,0.5411715380980082,0.8700606320182348,0.5605523269169634,0.8245252334810874,0.21360116826544942,0.8146590574233011,0.04541563250986987,0.05574802378496318,1.702695692042977,1
nano,nano::wired_nano_15,wired_nano_15,graduate,joint,5,Middle,4.0604720511836145,0.8629737945852716,0.21260033057956795,0.7873996694204319,-0.4849531064411775,0.7424765532205888,0.08177971873824225,0.02011112253818107,0.6,0.573958502617516,0.8102358031487188,0.522596639727858,0.8513350348753315,0.19956439496219852,0.8120944102367229,0.052021117065324605,0.06402632737817093,1.7345066890123069,2
nano,nano::wired_nano_15,wired_nano_15,graduate,partner,3,Middle,2.4034980341829635,0.8646454046089351,0.3597445857295488,0.6402554142704512,-0.5349860220989336,0.7674930110494669,0.0,0.0,1.0,0.5533340744902948,0.7958861835800581,0.4870914053411407,0.8720459679831318,0.33113660683754575,0.8011660113943212,0.047159163433291976,0.05886316039695421,1.7255847772830266,1
nano,nano::wired_nano_16,wired_nano_16,expert,expert,3,Beginning,3.0012058614895114,0.8179907791795487,0.2725540389200681,0.727445961079932,-0.6233021507653344,0.8116510753826671,0.16333700128290818,0.05442379124297835,0.3333333333333333,0.5285318244528208,0.9228223684223241,0.5665095338923678,0.8232530061431819,0.30748386182490106,1.0004019538298372,0.04086732381800073,0.04085090364082999,1.785381413017492,1
nano,nano::wired_nano_16,wired_nano_16,expert,expert,3,End,3.32394866344021,1.346348747581184,0.4050449883265478,0.5949550116734522,-0.3630597773688541,0.681529888684427,0.0,0.0,1.0,0.5086956285968399,1.195916059095977,0.7328201078110675,0.6775815446369561,0.35978776454935724,1.1079828878134033,0.05990943729686061,0.054070724336809456,1.6507923392214703,1
nano,nano::wired_nano_16,wired_nano_16,expert,expert,3,Middle,3.2182254259377188,1.0922197400782947,0.33989059765970797,0.660109402340292,-0.4426605566550119,0.721330278327506,0.09034924090906356,0.028010397533236097,0.7777777777777777,0.4966225764675194,1.0966933048625025,0.6715952051090147,0.7373322513609853,0.3408883210627271,1.0727418086459062,0.08234213185579596,0.07719068569961444,1.6962585518536433,3
nano,nano::wired_nano_16,wired_nano_16,expert,expert,5,Middle,5.326610267580958,1.17131401061231,0.21925544884500012,0.7807445511549999,-0.45642149645291347,0.7282107482264567,0.21731705636134382,0.0412800239663847,0.6666666666666666,0.5159129551775218,1.1043209356113473,0.713626498404408,0.6940320086602934,0.2072056795842626,1.0653220535161918,0.0801056893874037,0.07522317191061056,1.7099054135077267,3
nano,nano::wired_nano_16,wired_nano_16,expert,joint,3,Beginning,2.820037756114557,1.008775412330167,0.3578762410389841,0.6421237589610159,-0.5762051634882316,0.7881025817441157,0.14063729772037623,0.05021432309918255,0.6666666666666666,0.5197242601413893,0.9224045609406311,0.5658937002998498,0.8221034518716149,0.3271641742119814,0.9400125853715189,0.028633622937185195,0.030324246863209732,1.7707375998015866,4
nano,nano::wired_nano_16,wired_nano_16,expert,joint,3,End,3.2162558121192317,1.1846413431788418,0.3689189683043306,0.6310810316956694,-0.44200429664434043,0.7210021483221702,0.055992880773031384,0.01701659188880104,0.6666666666666666,0.5240596571985685,1.108864521243321,0.6798876595156167,0.7316205391234871,0.3449107007162068,1.0720852707064106,0.08426703517524178,0.07811139296794622,1.6860321384928207,4
nano,nano::wired_nano_16,wired_nano_16,expert,joint,3,Middle,3.347645984300753,1.1114996972071691,0.33153723725104395,0.6684627627489561,-0.553122009266745,0.7765610046333725,0.06897117844218273,0.021632279727665623,0.6666666666666666,0.48886944221418455,1.097689955394486,0.6720657256032755,0.7366525798716725,0.32778860341029337,1.1158819947669176,0.08182002969969286,0.0737642098824366,1.7718087237792945,4
nano,nano::wired_nano_16,wired_nano_16,expert,joint,5,Beginning,4.772483334062052,0.9528703495792189,0.19959235141040124,0.8004076485895988,-0.5807477984741016,0.7903738992370508,0.2951503808909496,0.06240507738319013,0.4666666666666666,0.5438075095830638,0.9239861882313276,0.598134816195154,0.7994921002128336,0.19364374171872714,0.9544966668124104,0.04887237656982049,0.05071985733697687,1.7691115011415885,3
nano,nano::wired_nano_16,wired_nano_16,expert,joint,5,End,5.437051244714958,1.2487629403231677,0.2299991318824152,0.7700008681175848,-0.4701057611753828,0.7350528805876914,0.09787270901831928,0.018105336514530643,0.6,0.5334473497932167,1.1361181579174244,0.7341274796537517,0.6770245833527886,0.20911094103185066,1.0874102489429918,0.0945825936016748,0.08706463008423043,1.6990814776917098,3
nano,nano::wired_nano_16,wired_nano_16,expert,joint,5,Middle,5.460394398924274,1.1007846696892156,0.20235674734435014,0.7976432526556498,-0.5582598988657401,0.7791299494328701,0.13904142892093968,0.025361897770705227,0.6,0.5130513704045683,1.088735165193566,0.7027917762526706,0.7066252867238243,0.19940954568484542,1.0920788797848546,0.10300773030864355,0.09481282379097962,1.778662704510733,4
nano,nano::wired_nano_16,wired_nano_16,expert,partner,3,Beginning,2.3730694462597652,0.9197881687759335,0.38759429068779555,0.6124057093122044,-0.3790902183175868,0.6895451091587934,0.054068939200617616,0.022784389763998093,0.6666666666666666,0.47197821483073626,0.835904757734026,0.5122852736746208,0.8564857119672808,0.3522462265280561,0.7910231487532551,0.1347961733713111,0.17040736871451315,1.5805706414519378,1
nano,nano::wired_nano_16,wired_nano_16,expert,partner,3,End,3.4068307124202484,1.3006364486284667,0.38177313709388305,0.618226862906117,-0.5023838943983825,0.7511919471991912,0.05303684402015163,0.015567795554617887,0.6666666666666666,0.4784007363960413,1.1569955688272242,0.7081342150857517,0.7030167709152503,0.33961052558589927,1.135610237473416,0.08692150971152683,0.07654167498957723,1.6973033293819435,1
nano,nano::wired_nano_16,wired_nano_16,expert,partner,3,Middle,2.889371011817575,1.0600450709192455,0.3713522457970833,0.6286477542029167,-0.45112369941939146,0.7255618497096957,0.04078681668189704,0.013270670895535498,0.5,0.4312874461689945,1.0044561886610597,0.6159904723599186,0.7834180041565539,0.34871545204902904,0.9631236706058584,0.13975218201900177,0.1511175224073792,1.7384709770234454,2
nano,nano::wired_nano_16,wired_nano_16,expert,partner,5,Middle,4.748347271884602,1.134296960137227,0.2374928504843256,0.7625071495156743,-0.44593037788868806,0.722965188944344,0.11475382663437811,0.024407118510178974,0.5,0.45603394780670864,1.0173185484630687,0.65740856968989,0.7451100146048464,0.21408630614996627,0.9496694543769204,0.1954042209901809,0.2053090633751078,1.7177456019287494,2
nuclear,nuclear::wired_nuclear_12,wired_nuclear_12,child,expert,3,Beginning,2.844297949396491,1.0959638420079036,0.3848527963569619,0.6151472036430381,-0.3908967996184644,0.6954483998092322,0.05561074406101979,0.019509693724817936,0.8333333333333333,0.555760532056921,1.0008273223516693,0.6126197764339945,0.7835144219383249,0.35172194723018424,0.9480993164654969,0.07242305002409968,0.07553427201781046,1.6550112326619129,4
nuclear,nuclear::wired_nuclear_12,wired_nuclear_12,child,expert,3,End,3.417582426000968,1.229400281603671,0.3617151983301375,0.6382848016698625,-0.34569801267621025,0.6728490063381052,0.10755626145675184,0.030524275257817503,0.5833333333333333,0.5221351203819848,1.2082999980201503,0.7417671093581151,0.6640643906002404,0.3543338320748364,1.1391941420003229,0.18244959860837928,0.16160749283303386,1.6596432541120296,4
nuclear,nuclear::wired_nuclear_12,wired_nuclear_12,child,expert,3,Middle,3.4245514925861733,1.0842768420301143,0.31701764780732145,0.6829823521926786,-0.49671869733755464,0.7483593486687774,0.21745995580315264,0.06352842988838163,0.6,0.45842442532494887,1.1312388664894595,0.6922839943917115,0.7157778753916496,0.3303895525592705,1.1415171641953912,0.1284175368293391,0.11249220516652776,1.7325495725120006,5
nuclear,nuclear::wired_nuclear_12,wired_nuclear_12,child,expert,5,Beginning,4.859716574148519,1.2338239852142319,0.2534477000970893,0.7465522999029108,-0.41665912635305347,0.7083295631765267,0.15160347599185417,0.031070627999591868,0.7333333333333334,0.5322605913597445,1.0511139328673016,0.6770932795726808,0.7258835580749036,0.2162876517340411,0.9719433148297038,0.10874777208595154,0.11109652671932306,1.6609530438630953,3
nuclear,nuclear::wired_nuclear_12,wired_nuclear_12,child,expert,5,End,5.732885585095365,1.2641781359594584,0.2206979973544485,0.7793020026455514,-0.35820780095022425,0.6791039004751122,0.13936432532712204,0.02430487463925324,0.6,0.5201766565555759,1.216345982064837,0.7874029615335104,0.6118183869312522,0.21224891052112602,1.146577117019073,0.1837016885978633,0.1600335163701816,1.6573415959072653,3
nuclear,nuclear::wired_nuclear_12,wired_nuclear_12,child,expert,5,Middle,5.672532872114143,1.1587943769120366,0.203986305065385,0.7960136949346149,-0.4926802364820052,0.7463401182410025,0.29480553068507315,0.052308751302508984,0.64,0.51430256827722,1.1285294572510485,0.727520811484231,0.6780063598354313,0.19895924095891837,1.1345065744228287,0.12567425270403773,0.11116554463139369,1.736070493229351,5
nuclear,nuclear::wired_nuclear_12,wired_nuclear_12,child,joint,3,Beginning,3.610503383265017,1.2559659957778786,0.3491499719143596,0.6508500280856404,-0.7176722424223314,0.8588361212111657,0.49169949176055927,0.13561232002361057,0.6666666666666666,0.5654716579242899,1.0719912259143622,0.6831125240768504,0.7228663521825401,0.29771326304277146,1.2035011277550056,0.08195446353556166,0.06898786970507073,1.8510916413280114,9
nuclear,nuclear::wired_nuclear_12,wired_nuclear_12,child,joint,3,End,3.6685112136107745,1.2396938296185438,0.33868369038131063,0.6613163096186894,-0.474312895470826,0.737156447735413,0.13620372525264046,0.037069768495047846,0.7037037037037037,0.5151363014909838,1.2365287873650341,0.7575596276431396,0.6473099926731869,0.3371067970392524,1.2228370712035916,0.10884437008783902,0.08893809747652018,1.7231730629722146,9
nuclear,nuclear::wired_nuclear_12,wired_nuclear_12,child,joint,3,Middle,3.6502089810248712,1.1487506785850152,0.31619058703929337,0.6838094129607066,-0.5632282548201126,0.7816141274100563,0.29523651043435484,0.079306377213495,0.6,0.5215245830907049,1.1552098564881663,0.7176303523698826,0.6897771688014022,0.31707126243230943,1.2167363270082903,0.05469670811433369,0.04573550165181139,1.762716986800712,10
nuclear,nuclear::wired_nuclear_12,wired_nuclear_12,child,joint,5,Beginning,6.0397780047997,1.2355531908966244,0.2049487332447455,0.7950512667552545,-0.7508485766801426,0.8754242883400712,0.8215420776387196,0.13589449449588242,0.6,0.5893417239161552,1.069138377177021,0.7184143921493095,0.6889565823008134,0.17736179876112176,1.2079556009599401,0.10215963776337472,0.08483304769404844,1.8699755339071962,8
nuclear,nuclear::wired_nuclear_12,wired_nuclear_12,child,joint,5,End,6.1030209974776986,1.2609935690504532,0.20662535459902454,0.7933746454009755,-0.47378026601328,0.73689013300664,0.2677622984549143,0.0438331698606022,0.6,0.5152176514270955,1.234867827531833,0.7990038979494563,0.5963982892573074,0.2023705526319004,1.2206041994955397,0.11302718191497471,0.09259696438273239,1.7182463282006495,8
nuclear,nuclear::wired_nuclear_12,wired_nuclear_12,child,joint,5,Middle,6.0668575286924655,1.0864595346263362,0.17935901835467663,0.8206409816453235,-0.5642628409889869,0.7821314204944935,0.49932898257565383,0.08140332762386976,0.54,0.5331908863243946,1.1533210228774542,0.7560111419422371,0.6500738218977876,0.19040127037030466,1.213371505738493,0.07607274655054289,0.06359820732817455,1.7698787619828118,10
nuclear,nuclear::wired_nuclear_12,wired_nuclear_12,child,partner,3,Beginning,1.6398164764673744,1.1400134874716852,0.7611174893628383,0.2388825106371617,,,0.011196088791155967,0.005373309703962708,0.8888888888888888,0.864653787083193,0.7774095563176635,0.5221396940065622,0.8217979302756667,0.5157418037826952,0.5466054921557915,0.48543915014901234,1.0019126484925065,2.0,3
nuclear,nuclear::wired_nuclear_12,wired_nuclear_12,child,partner,3,End,3.721312625549471,1.183397922277879,0.3139656820825654,0.6860343179174346,-0.6747174975987105,0.8373587487993552,0.22774453492367097,0.07502040046483203,0.5833333333333333,0.43323748193183853,1.1970838571483977,0.744533001752841,0.6469698845227156,0.32310891972025424,1.2404375418498237,0.18641508275958293,0.19496889541127024,1.8977641203816942,4
nuclear,nuclear::wired_nuclear_12,wired_nuclear_12,child,partner,3,Middle,2.975389701383502,1.3157518848988834,0.4540917329936242,0.5459082670063757,-0.4628828720422178,0.7314414360211089,0.03452091500303696,0.01221115045513814,0.8,0.6422200018595257,1.146894082666503,0.734378635398069,0.6697615016939034,0.39259238722283024,0.991796567127834,0.40841185490729365,0.4645098240740217,1.814741578614227,5
nuclear,nuclear::wired_nuclear_12,wired_nuclear_12,child,partner,5,Beginning,3.357135013048592,1.2741086100580534,0.38001890783918973,0.6199810921608102,-0.48675656163079584,0.7433782808153979,0.049725814062533846,0.014410839852796788,0.8,0.6678575118250918,0.987148566969809,0.6722426719910086,0.7103456601447409,0.29417128568289885,0.6714270026097184,0.5886647130985436,0.8766234994648375,1.7156234715252188,2
nuclear,nuclear::wired_nuclear_12,wired_nuclear_12,child,partner,5,End,5.8664214793844955,1.299200322632169,0.22315980287079382,0.7768401971292062,-0.682137586902035,0.8410687934510174,0.15087899773576954,0.02731271884325678,0.6,0.5377492841651933,1.2022478557422884,0.7955884665519494,0.5940338734775208,0.20609800864234648,1.173284295876899,0.3737464659957175,0.3423093374131127,1.877604148423152,3
nuclear,nuclear::wired_nuclear_12,wired_nuclear_12,child,partner,5,Middle,4.877949455189421,0.7900672423139566,0.16473241628550014,0.8352675837144998,-0.49794952010486854,0.7489747600524342,0.7293884006792581,0.1460889024856583,0.6799999999999999,0.5488180833716841,1.1031622951942353,0.7540401378014769,0.6436380882165709,0.22698913456729747,0.9755898910378844,0.5054542279909755,0.5189736913536473,1.8115048070889586,5
nuclear,nuclear::wired_nuclear_13,wired_nuclear_13,teenager,expert,3,Beginning,3.0882845886516055,0.9925869701324704,0.3214039838750255,0.6785960161249744,-0.5086891545432819,0.754344577271641,0.14755759202887742,0.04777979094643717,0.6666666666666666,0.587571385542613,1.0272661575099005,0.6289714321970082,0.7735497405025734,0.3326332557837299,1.0294281962172018,0.15614995368040296,0.1516861052127782,1.7959524885142493,1
nuclear,nuclear::wired_nuclear_13,wired_nuclear_13,teenager,expert,3,End,3.2192852638060874,1.1401997332598435,0.3524230571435288,0.6475769428564713,-0.48534728296237806,0.742673641481189,0.14483062876174918,0.04628152015036766,0.6666666666666666,0.6101169117067105,1.0844897300027863,0.6634143714844765,0.73953424440459,0.33700446553711,1.0730950879353625,0.12819265758121767,0.11965639770316003,1.7240155394024377,2
nuclear,nuclear::wired_nuclear_13,wired_nuclear_13,teenager,expert,3,Middle,3.3759250180531812,1.0860573772761082,0.3240323282841457,0.6759676717158544,-0.47793044539829593,0.738965222699148,0.24034802192179808,0.07015709313159148,0.7777777777777777,0.4381936496258188,1.1131214753189635,0.6811703873684379,0.722629922354427,0.3308228518460254,1.1253083393510603,0.16273172797385094,0.1470119994745138,1.7232371863053935,3
nuclear,nuclear::wired_nuclear_13,wired_nuclear_13,teenager,expert,5,End,5.4915652206597505,0.8748441817323298,0.15930689094633516,0.8406931090536649,-0.5228285843641737,0.7614142921820868,0.6090958934938456,0.11091480643849469,0.6,0.5328619587404566,1.0751070800497626,0.6913431590756279,0.7105512072902924,0.19577425321384065,1.0983130441319502,0.17228423820634445,0.15686259862506596,1.7903601239112912,1
nuclear,nuclear::wired_nuclear_13,wired_nuclear_13,teenager,expert,5,Middle,5.564488972285917,1.0464717935489463,0.18783986050598045,0.8121601394940196,-0.5000997585946118,0.7500498792973058,0.47139470304697734,0.084794459684072,0.6,0.5050792259456478,1.0972348519220894,0.7062609282531699,0.6969437502599215,0.19716626900692133,1.1128977944571836,0.17546717479952678,0.15770643558337266,1.7524436312890135,3
nuclear,nuclear::wired_nuclear_13,wired_nuclear_13,teenager,joint,3,Beginning,3.6707193653752332,1.260201686651414,0.34357418767319003,0.65642581232681,-0.47746758710629306,0.7387337935531465,0.18444674608201397,0.05026037076632774,0.6666666666666666,0.5117436471661851,1.2358781996058155,0.7564383950649323,0.6475323353934774,0.33677168691140147,1.2235731217917443,0.10547229459428305,0.08583305436858589,1.7288019632715692,5
nuclear,nuclear::wired_nuclear_13,wired_nuclear_13,teenager,joint,3,End,3.504701498620091,1.24957867857098,0.3603760251440578,0.6396239748559422,-0.5049141863965988,0.7524570931982993,0.12851920616305798,0.03660558695637117,0.6666666666666666,0.5455075190827106,1.175879034531432,0.7204473769409685,0.6859189861757369,0.3370003985005249,1.1682338328733635,0.12078028208690342,0.10910178471714618,1.7399693173127537,5
nuclear,nuclear::wired_nuclear_13,wired_nuclear_13,teenager,joint,3,Middle,3.6663825765954683,1.2187598227450134,0.33283663554217646,0.6671633644578235,-0.4766898680778646,0.7383449340389323,0.08694055052534888,0.023385415541125228,0.8,0.5048740094940853,1.2272133802620258,0.7529289516319465,0.6560569729108301,0.3349233138189231,1.222127525531823,0.059412771228468345,0.04859357584746215,1.711778204601483,5
nuclear,nuclear::wired_nuclear_13,wired_nuclear_13,teenager,joint,5,Beginning,6.0916727226871075,1.2747023239159947,0.20927788831539812,0.7907221116846019,-0.4823352514897677,0.7411676257448838,0.25216141251927315,0.04122797107001359,0.65,0.5248094425810792,1.2250852492438833,0.7909081743389985,0.6053429729963447,0.20116234351315873,1.2183345445374214,0.10038212038461554,0.08249440145873116,1.7253339648601365,4
nuclear,nuclear::wired_nuclear_13,wired_nuclear_13,teenager,joint,5,End,5.936663048753953,1.1564791863480859,0.19607843484229814,0.8039215651577019,-0.5141967988390332,0.7570983994195166,0.3884580189475585,0.06499021981087201,0.6,0.5488950272900601,1.1940083823106817,0.7722891164205428,0.6297029324816964,0.20156069405931765,1.1873326097507908,0.13803704511510204,0.11869980688154731,1.7586453292959328,4
nuclear,nuclear::wired_nuclear_13,wired_nuclear_13,teenager,joint,5,Middle,6.115257919050682,1.2629337425034102,0.20661702631516476,0.7933829736848352,-0.48299585302843184,0.741497926514216,0.48384655673419735,0.07891304083898514,0.64,0.5256021245441667,1.1877108856875362,0.7785835248529512,0.624065043996943,0.1942958031860103,1.2230515838101366,0.0671188929604288,0.05478374331615012,1.722091040969651,5
nuclear,nuclear::wired_nuclear_13,wired_nuclear_13,teenager,partner,3,Beginning,4.167321152917072,1.383272288255272,0.3319471379963147,0.6680528620036853,-0.5712439979170867,0.7856219989585433,0.12732391394963882,0.030270187207636346,0.6666666666666666,0.505480719628821,1.3542623959281856,0.829703800588355,0.5565707549607299,0.32499593318876907,1.3891070509723575,0.04257116575576739,0.030841333429346016,1.7827232552170373,2
nuclear,nuclear::wired_nuclear_13,wired_nuclear_13,teenager,partner,3,End,3.8644647419011693,1.3302085858910075,0.34421547995197793,0.6557845200480221,-0.4640975681829258,0.7320487840914629,0.0662032686668832,0.017131290641382257,0.6666666666666666,0.4935349397668163,1.3037828023340863,0.7983213632983864,0.6007368702807737,0.33737733150922083,1.2881549139670565,0.06198385563260046,0.04811832409326636,1.6827232139762236,1
nuclear,nuclear::wired_nuclear_13,wired_nuclear_13,teenager,partner,3,Middle,3.928968447213151,1.2956003022012355,0.32947105238471003,0.6705289476152899,-0.6854164331520991,0.8427082165760496,0.48213234388201864,0.12281587680121657,0.6666666666666666,0.6146418378382446,1.152728128767411,0.738528122004421,0.6585947976001835,0.29289453754638295,1.3096561490710503,0.04495239766366491,0.0342895099539988,1.8332216795784433,3
nuclear,nuclear::wired_nuclear_13,wired_nuclear_13,teenager,partner,5,Beginning,6.816564833348518,1.3427220426190183,0.19697928141900026,0.8030207185809998,-0.5492589988843612,0.7746294994421806,0.23074327470889777,0.03385037483690288,0.6,0.529584066667189,1.3490677264707396,0.8708574375398532,0.4892850863506165,0.1979102024924237,1.3633129666697035,0.055078490110004145,0.040400474033889446,1.7652750765303475,1
nuclear,nuclear::wired_nuclear_13,wired_nuclear_13,teenager,partner,5,Middle,6.590036376215664,1.3833697690980042,0.21001537207396292,0.7899846279260371,-0.6429135231872394,0.8214567615936197,0.48167293512267545,0.07147462507472475,0.6666666666666666,0.5886451138561576,1.223917838749741,0.8131580950031593,0.5734017192202446,0.18574431545227355,1.3180072752431327,0.05959302970065625,0.04522114800417724,1.80556943437083,3
nuclear,nuclear::wired_nuclear_14,wired_nuclear_14,undergraduate,expert,3,Beginning,2.5669109123239107,1.165564131655561,0.4571258618870337,0.5428741381129663,-0.2073348121013753,0.6036674060506876,0.014349484658487658,0.005349284508829779,0.8888888888888888,0.6127202520893085,0.9853501727238125,0.6071031513344005,0.7897129768854083,0.38490702633888413,0.8556369707746369,0.1394364181485133,0.16076614630596506,1.5726426957398625,3
nuclear,nuclear::wired_nuclear_14,wired_nuclear_14,undergraduate,expert,3,End,2.668900376146477,0.9444394644435068,0.35025865234493136,0.6497413476550685,-0.4639194418706342,0.7319597209353171,0.11811436316996245,0.04428356317668314,0.5555555555555555,0.4841351799390056,0.9058757544188468,0.5536743876697504,0.8256916540133264,0.3385421260122006,0.8896334587154925,0.06811016046566441,0.07099978851551009,1.695977632839723,3
nuclear,nuclear::wired_nuclear_14,wired_nuclear_14,undergraduate,expert,3,Middle,2.9099287510855496,0.9387309038430006,0.3227681778372537,0.6772318221627464,-0.3838264070267181,0.691913203513359,0.3167867820956608,0.1087281020497845,0.6666666666666666,0.4773313668971724,1.0003865972835644,0.6154295019705335,0.7796233574338477,0.3438135192551223,0.9699762503618498,0.17219030672896415,0.17752270643990095,1.6733686357684316,3
nuclear,nuclear::wired_nuclear_14,wired_nuclear_14,undergraduate,expert,5,Beginning,4.544647940980255,1.2002290028478093,0.2653453378454631,0.7346546621545369,-0.23004776042988315,0.6150238802149416,0.3452841882138278,0.07336639535402185,0.8,0.5343395892446992,1.036634397553418,0.6719420501103164,0.7304306823508164,0.22865426976116504,0.9089295881960511,0.161815365002221,0.1771385830468372,1.5362499921577535,2
nuclear,nuclear::wired_nuclear_14,wired_nuclear_14,undergraduate,expert,5,End,4.612141845798536,1.202604623872066,0.26075302422030916,0.7392469757796909,-0.4374204660796207,0.7187102330398103,0.13735860721483484,0.02976822196360297,0.5,0.5359830295593071,0.9736812329411634,0.6246717541235985,0.7684278358515706,0.2111164777637951,0.9224283691597072,0.1501889491667164,0.16281277976334324,1.6438070419109856,2
nuclear,nuclear::wired_nuclear_14,wired_nuclear_14,undergraduate,expert,5,Middle,4.546788270945793,0.9395342144407924,0.20678680882988212,0.7932131911701178,-0.36423575453277274,0.6821178772663864,0.4245799426495602,0.09346400886264679,0.5333333333333333,0.4905756180589654,0.9602570012375269,0.6210678496637475,0.7733195631597303,0.21119353721710468,0.9093576541891587,0.15589312758272522,0.17172035649463366,1.7007071294519571,3
nuclear,nuclear::wired_nuclear_14,wired_nuclear_14,undergraduate,joint,3,Beginning,3.259883938710999,1.1470464719335796,0.3517077130030723,0.6482922869969278,-0.47782066008181273,0.7389103300409063,0.19459882520848085,0.059787540874064876,0.7777777777777777,0.522118890094143,1.0942309379317334,0.6692736797355506,0.7355867628057945,0.33565304407316493,1.086627979570333,0.06150837492715535,0.0565860725678786,1.7130245134902105,6
nuclear,nuclear::wired_nuclear_14,wired_nuclear_14,undergraduate,joint,3,End,3.762114998438655,1.205463864054236,0.31993175390464335,0.6800682460953565,-0.634327063162384,0.8171635315811919,0.2710135199944295,0.0718757022214546,0.6666666666666666,0.49985361014506396,1.1783889938099632,0.725089603241392,0.6854193981889228,0.3136046425641748,1.254038332812885,0.04736376531063749,0.038002287185210454,1.8113579928910912,6
nuclear,nuclear::wired_nuclear_14,wired_nuclear_14,undergraduate,joint,3,Middle,3.507003755730517,1.0836896200752946,0.3095741898626756,0.6904258101373244,-0.6327542206202159,0.816377110310108,0.4053609987659704,0.1147203076486041,0.6666666666666666,0.45901853228036354,1.0917395877844855,0.6716945951459514,0.7341180837289896,0.3117664411529286,1.1690012519101722,0.10654673593469577,0.08951522239740715,1.8070903641243052,8
nuclear,nuclear::wired_nuclear_14,wired_nuclear_14,undergraduate,joint,5,Beginning,5.434648844431848,1.162728180164922,0.2139133841579631,0.7860866158420369,-0.48667586746758273,0.7433379337337913,0.42189060626949015,0.07773695210364322,0.6,0.5289740431370141,1.097594502700621,0.7068014375621555,0.6974749793361585,0.2019472091595967,1.0869297688863697,0.0659032866944284,0.06064909559413647,1.7208565580059507,5
nuclear,nuclear::wired_nuclear_14,wired_nuclear_14,undergraduate,joint,5,End,6.252802836175315,1.180810199561924,0.18887073380856473,0.8111292661914353,-0.6694307799887558,0.8347153899943779,0.6609464341022336,0.10501264621197907,0.64,0.5526827780852737,1.1348180766545561,0.7402086527764624,0.667974215143457,0.1816450978164303,1.250560567235063,0.06625150029470281,0.05317508271907909,1.8374590785048184,5
nuclear,nuclear::wired_nuclear_14,wired_nuclear_14,undergraduate,joint,5,Middle,5.885210678400832,1.0735696741902185,0.18269508358718664,0.8173049164128133,-0.6200569146607708,0.8100284573303854,0.6310257115034157,0.10756679860228315,0.625,0.5212397060307683,1.107140574376383,0.7180977392350606,0.6889994293792396,0.18825202036739178,1.1770421356801664,0.13007345161664977,0.11046812704852213,1.7969271236879316,8
nuclear,nuclear::wired_nuclear_14,wired_nuclear_14,undergraduate,partner,3,Beginning,3.792313726606489,1.1938703447135444,0.31479373945058164,0.6852062605494182,-0.5722979659988842,0.7861489829994421,0.10215220351645637,0.026840979796200707,0.6666666666666666,0.5098622872216565,1.2259473963953984,0.7506190547264655,0.6588726390520088,0.32327799982591937,1.2641045755354963,0.09068540262098505,0.07181510631395313,1.797164819833021,2
nuclear,nuclear::wired_nuclear_14,wired_nuclear_14,undergraduate,partner,3,End,3.2884367891267976,1.0483559956472377,0.3141845045507847,0.6858154954492153,-0.6410103441638073,0.8205051720819037,0.2987598045903733,0.09851041797759703,0.6666666666666666,0.43702619731192915,1.0124735682182422,0.6246041020812743,0.7631821655922946,0.3074306529722395,1.096145596375599,0.13457196123885498,0.12588767954401225,1.827010479534814,2
nuclear,nuclear::wired_nuclear_14,wired_nuclear_14,undergraduate,partner,3,Middle,3.2051344177150556,1.3376159464595356,0.41801494180568743,0.5819850581943126,-0.3237657660155608,0.6618828830077804,0.033893486843305176,0.010821847636406748,0.75,0.5603805086662061,1.1806689010356282,0.7275504212996197,0.6790418248384394,0.36891431418192744,1.0683781392383518,0.22664332878631263,0.21330531030500832,1.6333432930542913,4
nuclear,nuclear::wired_nuclear_14,wired_nuclear_14,undergraduate,partner,5,Beginning,5.7668648205162665,1.2498280095178178,0.21672573372474674,0.7832742662752532,-0.48041031523578975,0.7402051576178948,0.033685127720468167,0.0058411509145540495,0.6,0.5868731313671278,1.190597387536154,0.7691206819459658,0.6355897604244781,0.20645488052719227,1.1533729641032533,0.18069081808715262,0.1566629561389447,1.7878095011286275,1
nuclear,nuclear::wired_nuclear_14,wired_nuclear_14,undergraduate,partner,5,End,5.698952948247484,1.181495579022542,0.2073180090714506,0.7926819909285494,-0.4754357686130932,0.7377178843065466,0.1612570751865814,0.028295912714311918,0.4,0.5256347244889094,1.1574151639962622,0.7531300382998153,0.6432763250034037,0.20309259867677715,1.1397905896494969,0.20942539284791087,0.18374023680289586,1.6515087691854577,1
nuclear,nuclear::wired_nuclear_14,wired_nuclear_14,undergraduate,partner,5,Middle,5.4476080127098365,1.3457995643129967,0.24795077306311142,0.7520492269368886,-0.3881313225940129,0.6940656612970064,0.23173204747055803,0.04366758628650996,0.6,0.5151858156744605,1.208053020138621,0.7867528093568753,0.6116573507708694,0.2222119951813987,1.0895216025419674,0.21547189617163004,0.19868899714722277,1.6727567702110027,4
nuclear,nuclear::wired_nuclear_15,wired_nuclear_15,graduate,expert,3,Beginning,2.485923316113875,1.068324081763397,0.4297494113508927,0.5702505886491074,-0.36252742375544705,0.6812637118777235,0.0,0.0,1.0,0.6801611825943207,0.9067723580788348,0.5551775401946388,0.8261914767263969,0.36476280350286455,0.8286411053712918,0.10999411404154115,0.13274035445327775,1.6412465080116856,1
nuclear,nuclear::wired_nuclear_15,wired_nuclear_15,graduate,expert,3,End,3.0184051912150736,1.0460492127081984,0.3466182485045813,0.6533817514954187,-0.46466271645064455,0.7323313582253222,0.06425395415855384,0.021259631397137824,0.6666666666666666,0.5138210129855256,1.0239687421647015,0.627298345863615,0.7773475258309024,0.3392573458189875,1.006135063738358,0.02311965767117148,0.022978687629886276,1.7107393773568322,2
nuclear,nuclear::wired_nuclear_15,wired_nuclear_15,graduate,expert,3,Middle,2.610323987003305,1.0094355044302437,0.3888452953411207,0.6111547046588793,-0.42358969532750773,0.7117948476637538,0.04935615180047781,0.019132332318048152,0.8888888888888888,0.4891214514805658,0.9101449349277537,0.5566022298790044,0.8274219903126375,0.3494443626782837,0.8701079956677683,0.08689451090885202,0.10104482652366915,1.683519071391639,3
nuclear,nuclear::wired_nuclear_15,wired_nuclear_15,graduate,expert,5,End,4.896823755316822,1.055359240715343,0.21551913923172467,0.7844808607682754,-0.48050853971390634,0.7402542698569532,0.1501294684402401,0.03065854029915496,0.8,0.5045771498107261,0.9859236777066743,0.6358407389859627,0.7669657932421704,0.20133942469058408,0.9793647510633644,0.05670875428709547,0.05790360968732317,1.7375266870095172,1
nuclear,nuclear::wired_nuclear_15,wired_nuclear_15,graduate,expert,5,Middle,4.446413637432694,1.085032055838788,0.24501556964859952,0.7549844303514005,-0.42061665562000733,0.7103083278100036,0.1806656328656351,0.03989688929756985,0.7333333333333334,0.530398906310121,0.958935006469825,0.6179500250394375,0.7803517224902187,0.21587563237900195,0.8892827274865387,0.1155617328051584,0.12987095987214473,1.6761746891500537,3
nuclear,nuclear::wired_nuclear_15,wired_nuclear_15,graduate,joint,3,Beginning,3.386817080357889,1.167869600787665,0.3468829981614142,0.6531170018385858,-0.5399621774017859,0.7699810887008929,0.2324820961790861,0.06662438372280136,0.7333333333333333,0.5017173830354027,1.1142662461550543,0.6820220900189341,0.7215833351632972,0.3297130703737266,1.1289390267859631,0.10623048946210242,0.09481112011824386,1.7581528953606724,5
nuclear,nuclear::wired_nuclear_15,wired_nuclear_15,graduate,joint,3,End,3.495119129095566,1.1672209653626857,0.3355282084816945,0.6644717915183055,-0.504580802815281,0.7522904014076405,0.11803188471361699,0.03227035899774897,0.6666666666666666,0.5377878987052661,1.1587535527984665,0.7090421047421396,0.6984173005999401,0.3322209081043813,1.1650397096985219,0.0665939601375864,0.05714746870110689,1.7359968879559087,5
nuclear,nuclear::wired_nuclear_15,wired_nuclear_15,graduate,joint,3,Middle,3.586958780124861,1.2195258385783705,0.3410180390918755,0.6589819609081244,-0.5845241625292166,0.7922620812646083,0.14431338845713948,0.04017733159085583,0.6666666666666666,0.47463557667398326,1.1591042269893257,0.7104817846986669,0.6961416156026471,0.32341732927535977,1.1956529267082867,0.10955920985113166,0.09313613539169828,1.773303321064421,5
nuclear,nuclear::wired_nuclear_15,wired_nuclear_15,graduate,joint,5,Beginning,5.705899141952058,1.2008188325440075,0.21014027359233023,0.7898597264076698,-0.5538027930416725,0.7769013965208362,0.455823097302725,0.08047661414014656,0.55,0.5168715439582333,1.1250221663054385,0.7257182666933217,0.6762827320587129,0.19722964878302704,1.1411798283904115,0.14038811890405845,0.12310824895528172,1.7760416129284355,4
nuclear,nuclear::wired_nuclear_15,wired_nuclear_15,graduate,joint,5,End,5.89765882304315,1.0758882566357761,0.18281654455415566,0.8171834554458444,-0.5109817933068836,0.7554908966534418,0.28393339794372685,0.047474646177087965,0.55,0.5494741877975445,1.1715466573157785,0.754758103294147,0.6482532851077748,0.1988184359361697,1.17953176460863,0.09715712558166878,0.08306841297347929,1.7483327576198562,4
nuclear,nuclear::wired_nuclear_15,wired_nuclear_15,graduate,joint,5,Middle,6.018730659476587,1.2742191989156508,0.21176938957157798,0.788230610428422,-0.5888355995632659,0.794417799781633,0.33831086747308997,0.05628939408155468,0.6799999999999999,0.5305683642285743,1.1550703524996249,0.7468940778967241,0.6570631214719581,0.19196301861066395,1.2037461318953173,0.11858036851354928,0.09952556142990351,1.7802385285844555,5
nuclear,nuclear::wired_nuclear_15,wired_nuclear_15,graduate,partner,3,Beginning,3.8451889804196933,1.220878111600245,0.3171254294315944,0.6828745705684056,-0.5336818477897509,0.7668409238948755,0.19566605504906287,0.05124694107670718,0.5,0.45440178482191623,1.260117278168897,0.7718485491898398,0.6328174823576704,0.3279420347861599,1.2817296601398978,0.08702906163325237,0.06991985732826543,1.7738609511810952,2
nuclear,nuclear::wired_nuclear_15,wired_nuclear_15,graduate,partner,3,End,3.8165235445068273,1.1735071470213865,0.3074806517859508,0.6925193482140493,-0.5060471789484474,0.7530235894742237,0.17448092883326316,0.04571724156776023,0.6666666666666666,0.49004424885952036,1.2727463558226229,0.7796769424586278,0.6235995152143593,0.33348316628479957,1.2721745148356092,0.1190332158917534,0.09356673514807433,1.7951866902660256,1
nuclear,nuclear::wired_nuclear_15,wired_nuclear_15,graduate,partner,3,Middle,3.837199954707813,1.3031667393494926,0.33990893842350306,0.6600910615764969,-0.5463715543296124,0.7731857771648062,0.09190192526138825,0.023844084906706225,0.6666666666666666,0.5042853414975484,1.2607633159068499,0.7720822797801659,0.6333610901248677,0.3286423563140067,1.2790666515692708,0.06861339826813817,0.05346694071059006,1.7484016505169615,3
nuclear,nuclear::wired_nuclear_15,wired_nuclear_15,graduate,partner,5,Beginning,6.234870643715302,1.2639843632743344,0.202728241771691,0.797271758228309,-0.5224021988927301,0.761201099446365,0.10082485152714438,0.01617112163004937,0.6,0.5077826465492278,1.2474093485442566,0.8069240655636034,0.59019831292204,0.200069804142871,1.2469741287430605,0.12204647031884353,0.09787409979537054,1.7919987303858627,1
nuclear,nuclear::wired_nuclear_15,wired_nuclear_15,graduate,partner,5,Middle,6.439576718398109,1.2585326732276918,0.19520961370331866,0.8047903862966814,-0.5445725525117512,0.7722862762558756,0.4481998502956189,0.06951834666228358,0.6,0.5265505350550314,1.2471433194292654,0.8071092017585034,0.5887012264150615,0.19369569292413846,1.2879153436796218,0.08010119416294438,0.06222415531213036,1.7540303742186294,3
nuclear,nuclear::wired_nuclear_16,wired_nuclear_16,expert,expert,3,Middle,3.8018099369748932,1.2352446183830437,0.3247920016147315,0.6752079983852686,-0.49336374360479623,0.7466818718023981,0.1755388289070522,0.04631608498744594,0.6666666666666666,0.5045900191980306,1.2613325255582553,0.7720082405985038,0.6296027908235264,0.3317180090635493,1.267269978991631,0.08490648707188173,0.06700091761099243,1.7295090352233717,2
nuclear,nuclear::wired_nuclear_16,wired_nuclear_16,expert,joint,3,Beginning,3.3221467202451818,1.0902576153991232,0.3318734828029889,0.6681265171970111,-0.4938809209028944,0.7469404604514472,0.19713038623925272,0.056571676215958,0.8333333333333333,0.5727256152791224,1.1009333657021256,0.6739803781941046,0.7323649157213008,0.3323616988853907,1.1073822400817273,0.08766383404588549,0.07972836058925406,1.7297727064237312,2
nuclear,nuclear::wired_nuclear_16,wired_nuclear_16,expert,joint,3,End,2.741202235075919,1.0648743265101022,0.3930450096705018,0.6069549903294982,-0.30151949189837973,0.6507597459491898,0.16256751285308702,0.05590712958086979,0.8333333333333333,0.6224802751886728,0.9868170241765777,0.603948471250179,0.7885587559323809,0.3612371819424315,0.9137340783586396,0.1562503018235683,0.17155608643784992,1.6188413393614913,2
nuclear,nuclear::wired_nuclear_16,wired_nuclear_16,expert,joint,3,Middle,3.095980378197102,1.1726258593538252,0.3786887281432162,0.6213112718567838,-0.35433481446762793,0.677167407233814,0.07319871967643332,0.023548385432901234,0.75,0.5418103474112118,1.098205109701142,0.6724840145125011,0.7343819691267235,0.3547218713117029,1.0319934593990339,0.06638107148624867,0.06446335735603835,1.6412954000039928,4
nuclear,nuclear::wired_nuclear_16,wired_nuclear_16,expert,joint,5,Beginning,5.521606433620777,0.9366108881672056,0.16962652072850215,0.8303734792714978,-0.49944161473881865,0.7497208073694093,0.41136687191348886,0.07450130262973782,0.6,0.5118920188430284,1.0799073907784513,0.6949569070275993,0.7099614653887272,0.19557847951693025,1.1043212867241554,0.108266726066676,0.09803915524243587,1.7041051485697363,1
nuclear,nuclear::wired_nuclear_16,wired_nuclear_16,expert,joint,5,End,4.623940232279926,1.1264875506384566,0.24362069880886403,0.7563793011911359,-0.304389394299983,0.6521946971499915,0.1982724477145701,0.042879543799122136,0.8,0.5904851719864928,1.0140847106674677,0.6521120888409687,0.7478912213027671,0.21931181194516716,0.9247880464559852,0.14990226426318073,0.16209364387617575,1.6489771553129315,1
nuclear,nuclear::wired_nuclear_16,wired_nuclear_16,expert,joint,5,Middle,5.130714707382644,1.2055504265642423,0.23494818175318738,0.7650518182468126,-0.35222716540824606,0.676113582704123,0.1746345573991111,0.034358194401380056,0.75,0.5544123971381915,1.1249836921357332,0.7258127524884251,0.6800343349395448,0.21925092088458403,1.0261429414765288,0.08997849891431245,0.0881020880368411,1.6487482954396262,4
nuclear,nuclear::wired_nuclear_16,wired_nuclear_16,expert,partner,3,Beginning,3.0157338940661242,1.145958554869015,0.37999326038807596,0.620006739611924,-0.5038436057013436,0.7519218028506718,0.08760345420033211,0.029048801146780254,0.6666666666666666,0.3964274119679733,1.0269559092396334,0.628069518135133,0.7732193852743517,0.34053266810454064,1.0052446313553747,0.14383163679513855,0.1430812284977935,1.7085740125498141,1
nuclear,nuclear::wired_nuclear_16,wired_nuclear_16,expert,partner,3,End,2.9355638037021996,1.2082476466431868,0.41158963914168717,0.5884103608583129,-0.4168613967856616,0.7084306983928308,0.0,0.0,1.0,0.6495527443366448,1.0360128280754275,0.6326436739013188,0.7682133442118511,0.3529178370331639,0.9785212679007332,0.1595947359094134,0.16309787139506873,1.642328524900753,1
nuclear,nuclear::wired_nuclear_16,wired_nuclear_16,expert,partner,3,Middle,3.0112504018316493,0.9645809305046017,0.3203257125072951,0.6796742874927049,-0.49588405416513837,0.7479420270825692,0.10022677945160485,0.033284106625818974,0.6666666666666666,0.5347158241985027,1.0262091784281842,0.6298714307941721,0.7747216310312347,0.34079171157734783,1.003750133943883,0.14525395134056998,0.14471126471470114,1.8221379035338932,1
nuclear,nuclear::wired_nuclear_16,wired_nuclear_16,expert,partner,5,Middle,4.747078215291344,1.1593475709521186,0.24422339771390633,0.7557766022860937,-0.46035250124350263,0.7301762506217513,0.1865337678356649,0.039294437415166264,0.8,0.5353105046060794,1.0167012207325397,0.6578260455236369,0.7504216130451772,0.21417410344273027,0.9494156430582688,0.13072191999218968,0.1376867138728689,1.7508602624111156,1
sensing,sensing::wired_sensing_12,wired_sensing_12,child,expert,3,Beginning,3.672395518621916,1.2692158527490132,0.34616336394429975,0.6538366360557002,-0.5464929480462846,0.7732464740231423,0.2041728457012688,0.05407601747593189,0.75,0.532517365345261,1.1979363190378176,0.7372268112802697,0.6718932759175359,0.32720879305420664,1.2241318395406386,0.09156956680714393,0.07669609087049475,1.7470579802378934,4
sensing,sensing::wired_sensing_12,wired_sensing_12,child,expert,3,End,2.647946895525308,1.2033777977200533,0.46880130910210194,0.5311986908978981,-0.49551619554704196,0.747758097773521,0.14374584234169613,0.0523489813837819,0.75,0.6712707186862874,1.0383072040657215,0.6771016826511901,0.7290950104652086,0.40193831549805403,0.8826489651751026,0.45101209991551294,0.561646760974347,1.8758858628194044,4
sensing,sensing::wired_sensing_12,wired_sensing_12,child,expert,3,Middle,3.556726709913191,1.2057255187805274,0.340314303591026,0.659685696408974,-0.5368076972698003,0.7684038486349001,0.1452509852715575,0.041202930450222934,0.6,0.5225187380163246,1.177970245646478,0.7230125364154516,0.6870944818981318,0.3314903800096688,1.1855755699710637,0.11014482976115898,0.092755735159213,1.766199532086728,5
sensing,sensing::wired_sensing_12,wired_sensing_12,child,expert,5,Beginning,6.034860752905852,1.281408985306023,0.2125529041416997,0.7874470958583002,-0.5049043027160148,0.7524521513580075,0.25385537519168805,0.04194431942620679,0.6,0.5487722105215899,1.2237194125667983,0.7928506868519483,0.6059463495533648,0.20287190965787202,1.2069721505811704,0.13236752569027754,0.10972740208073588,1.7320343014293575,3
sensing,sensing::wired_sensing_12,wired_sensing_12,child,expert,5,End,4.658477580690744,1.1463552236923082,0.2461128807847952,0.7538871192152049,-0.552692214475212,0.776346107237606,0.2436441313963733,0.05229469515014498,0.6666666666666666,0.6219317388517286,1.0973240854808721,0.7359348976819207,0.6753769329084339,0.2356369044255359,0.9316955161381487,0.4777633613551222,0.5129117847105138,1.837268610688145,3
sensing,sensing::wired_sensing_12,wired_sensing_12,child,expert,5,Middle,5.946494190824355,1.2213493158045305,0.2052989208747686,0.7947010791252314,-0.5376511418270675,0.7688255709135338,0.2894302095139961,0.049222857257211025,0.6,0.5250028034824716,1.1723842982165045,0.7583227030887489,0.6482605385460759,0.19716065010460476,1.1892988381648713,0.12241051360873582,0.10291313842868133,1.7543270036545517,5
sensing,sensing::wired_sensing_12,wired_sensing_12,child,joint,3,Beginning,3.6426746084152057,1.2595734416567779,0.3457783722340742,0.6542216277659257,-0.47983888355404,0.73991944177702,0.11673923319029372,0.031547881597073654,0.6296296296296295,0.5111750272864656,1.2313009063667726,0.7544195116790644,0.6521224249140316,0.3381174909665035,1.2142248694717355,0.11489170634647111,0.09481175848136787,1.7277608357210112,9
sensing,sensing::wired_sensing_12,wired_sensing_12,child,joint,3,End,3.778061441798575,0.870366205614,0.23040110847965348,0.7695988915203466,-0.5758409115411498,0.7879204557705749,0.6465676800935811,0.1701056758255241,0.5185185185185185,0.4896916262881603,1.1337253932079328,0.7178964295757618,0.6879544341128384,0.3008475554914515,1.2593538139328584,0.05644040040149818,0.04665156216809455,1.7753638784287225,9
sensing,sensing::wired_sensing_12,wired_sensing_12,child,joint,3,Middle,3.464213321505754,1.2815714193393162,0.3730017724900351,0.6269982275099649,-0.4053618328356424,0.7026809164178212,0.0454459805400387,0.012400177458891628,0.8,0.5515507231202423,1.2062454795168738,0.7392790715799035,0.6673836102599787,0.34949491610050326,1.1547377738352513,0.06683817125494092,0.05859688579235125,1.6717339758291483,10
sensing,sensing::wired_sensing_12,wired_sensing_12,child,joint,5,Beginning,6.090064561846343,1.1505082426022997,0.18835357193540492,0.8116464280645951,-0.47693228468446475,0.7384661423422324,0.3648554166397128,0.06075048241516787,0.6,0.5142102401912247,1.2303145356604053,0.7977748822998711,0.5964107284482332,0.20195568195515487,1.2180129123692685,0.11550661114266472,0.09517850458716924,1.7209860688133816,8
sensing,sensing::wired_sensing_12,wired_sensing_12,child,joint,5,End,6.231360865410409,0.8549907694215081,0.13956663455232377,0.8604333654476762,-0.5712762482852882,0.7856381241426441,1.1124006469182321,0.1767310907239978,0.5,0.5396771099484876,1.0974061726881512,0.7417618227656606,0.6636210738192632,0.17671455607298367,1.2462721730820816,0.07069102900048668,0.0587642689456716,1.7770734767073342,8
sensing,sensing::wired_sensing_12,wired_sensing_12,child,joint,5,Middle,5.802290261967619,1.2154778484573021,0.2105605149592241,0.7894394850407759,-0.4189153112690369,0.7094576556345185,0.21164269128979676,0.036719930548707355,0.6599999999999999,0.5402698886973875,1.2113797195947267,0.7836402094463557,0.6163852522477333,0.20946030170674296,1.160458052393524,0.08691227994827358,0.07588681381498245,1.6818239164662558,10
sensing,sensing::wired_sensing_12,wired_sensing_12,child,partner,3,Beginning,3.80540791610893,1.3778482587102783,0.36216621315097625,0.6378337868490237,-0.4289063576567109,0.7144531788283555,0.05300793288693395,0.014056710122116864,0.6666666666666666,0.49408764151673373,1.313376741372078,0.8041533803764276,0.5913592174321867,0.3452412423916849,1.2684693053696432,0.06513627337402883,0.05094539810910331,1.6856049698737021,3
sensing,sensing::wired_sensing_12,wired_sensing_12,child,partner,3,End,3.741439754650394,1.185730672702854,0.3184742955690521,0.681525704430948,-0.5040072149354171,0.7520036074677086,0.19883969598193416,0.05159200008421901,0.75,0.5146713890654872,1.2316703895292354,0.7547731082588479,0.6513795176768471,0.3297064262370567,1.2471465848834646,0.07602482910610196,0.06170502084118093,1.7306442602562573,4
sensing,sensing::wired_sensing_12,wired_sensing_12,child,partner,3,Middle,3.8693037547481124,1.2194611725697744,0.3160716103591683,0.6839283896408317,-0.5059476437679282,0.7529738218839641,0.13429147459627658,0.033988722445435784,0.6666666666666666,0.5150221725729687,1.2719339357450405,0.7790846602923558,0.6240389249979248,0.32918316499638395,1.2897679182493706,0.06268302429235759,0.04870326721059123,1.7347878096434446,5
sensing,sensing::wired_sensing_12,wired_sensing_12,child,partner,5,Beginning,6.507208292957918,1.3749934983494545,0.21132913264475311,0.7886708673552469,-0.46278634990752077,0.7313931749537603,0.2602079667967716,0.039850861836842555,0.6,0.49020078206813444,1.3201292170587917,0.8523728652432636,0.5199569404312292,0.20290169995767826,1.3014416585915836,0.08867367488195477,0.06810630986594945,1.7060915509239012,2
sensing,sensing::wired_sensing_12,wired_sensing_12,child,partner,5,End,6.253626896062752,1.26926070847041,0.20286430155557733,0.7971356984444227,-0.5085660761077422,0.7542830380538711,0.7002559298879941,0.11162950770289093,0.7333333333333334,0.5543791615277589,1.1876705159360443,0.7779802396844678,0.6243590632683813,0.1899303439411155,1.2507253792125503,0.08293770195135858,0.06638661780869386,1.7445162033856558,3
sensing,sensing::wired_sensing_12,wired_sensing_12,child,partner,5,Middle,6.435052925502205,1.3477639942556965,0.20951393421105977,0.7904860657889403,-0.5078962412352126,0.7539481206176063,0.3792515988744078,0.05942864966452312,0.64,0.5311407889911999,1.247712771017289,0.815524157372,0.5739999289896398,0.19383442859770675,1.2870105851004412,0.08870074394580645,0.06877990442532607,1.7396867153897069,5
sensing,sensing::wired_sensing_13,wired_sensing_13,teenager,expert,3,Beginning,3.5641051633397334,1.2317442200497444,0.3488875809021394,0.6511124190978606,-0.398609017982748,0.699304508991374,0.1208231027237285,0.031853706421975415,0.6666666666666666,0.5180418803755612,1.2351688433057268,0.7591048904970312,0.6478018070632998,0.3476009957286223,1.1880350544465776,0.1408115277283078,0.12025130371494534,1.673972782464093,10
sensing,sensing::wired_sensing_13,wired_sensing_13,teenager,expert,3,End,3.480657906646109,1.2995815353004558,0.3788721545120358,0.6211278454879642,-0.4683682646701871,0.7341841323350935,0.10024282765543299,0.028933930498346316,0.7333333333333333,0.4994327179606052,1.1948250498172583,0.73293801652326,0.6670154163573108,0.34507032161677165,1.1602193022153697,0.15152767301230968,0.1380451569155706,1.7147077953446908,10
sensing,sensing::wired_sensing_13,wired_sensing_13,teenager,expert,3,Middle,3.381371925292858,1.2064187205482289,0.35924910393445175,0.6407508960655482,-0.43973860198727605,0.719869300993638,0.0863280394439193,0.02463733748944699,0.6969696969696969,0.5280364319272134,1.1658203430745628,0.7146288859233922,0.6938510286199923,0.34530135260061595,1.1271239750976194,0.12388867660724817,0.1124711315183138,1.7038595622802732,11
sensing,sensing::wired_sensing_13,wired_sensing_13,teenager,expert,5,Beginning,5.960632960969081,1.2383651162658724,0.20799858037652186,0.7920014196234781,-0.40877811689279747,0.7043890584463988,0.2253097916340547,0.037480593278895045,0.6222222222222222,0.5154347843268943,1.2376945042414425,0.8017176831550478,0.5949210492153214,0.20808517108064326,1.192126592193816,0.1482370717070597,0.12519115368792716,1.682960020565158,9
sensing,sensing::wired_sensing_13,wired_sensing_13,teenager,expert,5,End,5.706665002066542,1.2397241627187952,0.21745318089442417,0.7825468191055758,-0.46315887316126897,0.7315794365806344,0.2934156912788172,0.05167496460806156,0.6444444444444444,0.5008630216004115,1.2016979156772891,0.7796656278435908,0.6157647515659583,0.21123386903524155,1.1413330004133084,0.19724886473858627,0.17637599933026613,1.716328897478219,9
sensing,sensing::wired_sensing_13,wired_sensing_13,teenager,expert,5,Middle,5.65678900937586,1.2458074902057583,0.2199218682253189,0.7800781317746811,-0.43877575628930665,0.7193878781446533,0.20339081551627733,0.03590512693867311,0.6,0.5273837182131133,1.1830853858370363,0.7645282036611405,0.6376297349565822,0.209340973739182,1.1313578018751722,0.14862815640470053,0.13219894478292513,1.6985438331098708,11
sensing,sensing::wired_sensing_13,wired_sensing_13,teenager,joint,3,Beginning,3.4827152183364967,1.144931984465624,0.33458777047324745,0.6654122295267525,-0.405971668779618,0.702985834389809,0.22527801491771568,0.06252004061052344,0.6349206349206349,0.5033539497717039,1.1875235915028224,0.7311022208680702,0.6721463855056427,0.34331948428564085,1.1609050727788321,0.18028596874974218,0.1653088426911861,1.6916516328377005,21
sensing,sensing::wired_sensing_13,wired_sensing_13,teenager,joint,3,End,3.902699620202913,1.2338658583269997,0.3181416647741169,0.6818583352258832,-0.5964534096818398,0.79822670484092,0.35345082785195747,0.08778528247131186,0.6666666666666666,0.5090083235078621,1.2216317690266514,0.7595115189999173,0.6428721753013793,0.31514521526760764,1.300899873400971,0.0693419431751642,0.06021962619307943,1.7891202428589092,21
sensing,sensing::wired_sensing_13,wired_sensing_13,teenager,joint,3,Middle,3.8514165712291843,1.2988519154902862,0.3379062322136634,0.6620937677863367,-0.5975909467388921,0.7987954733694461,0.2990928823589385,0.075677479346055,0.6666666666666666,0.5320158161863598,1.2140529677000753,0.756357488129564,0.6486309010396193,0.31632207730064127,1.2838055237430614,0.06484218501912334,0.05199036320099527,1.784176782249157,22
sensing,sensing::wired_sensing_13,wired_sensing_13,teenager,joint,5,Beginning,5.800803812225937,1.2737914116797369,0.22128519891752113,0.7787148010824789,-0.40560258954707507,0.7028012947735375,0.33805369716718936,0.056787159158987945,0.62,0.5254885903840232,1.2008727273786106,0.782866514254709,0.6144200942280251,0.2079878417370618,1.1601607624451875,0.21723692346866857,0.1917178532263147,1.7006144437002255,20
sensing,sensing::wired_sensing_13,wired_sensing_13,teenager,joint,5,End,6.515443106475283,1.2520213157363558,0.1931837182893917,0.8068162817106084,-0.5990073419474792,0.7995036709737395,0.7182503466016897,0.10768325201906956,0.59,0.5300940110704351,1.208852922137493,0.7968563048673297,0.5967969817603543,0.1868076540791925,1.3030886212950565,0.08746555625647534,0.0730864771356817,1.791135287109153,20
sensing,sensing::wired_sensing_13,wired_sensing_13,teenager,joint,5,Middle,6.419582738794634,1.2856063210368986,0.20052279471277626,0.7994772052872237,-0.6015402136859853,0.8007701068429927,0.5619672199253833,0.08612446802700313,0.6090909090909091,0.5474300816005626,1.2047815804904112,0.7923650233291039,0.6037831059722978,0.18815032841272927,1.2839165477589267,0.08126291231250614,0.06460778704047349,1.7901656064383218,22
sensing,sensing::wired_sensing_13,wired_sensing_13,teenager,partner,3,Beginning,3.9722397277768886,1.2303369592422777,0.30992658683893576,0.6900734131610643,-0.5844696290633229,0.7922348145316614,0.34343604270263406,0.0860131898728492,0.5925925925925926,0.5222853683098214,1.2397958895440275,0.7728924126384801,0.6271089084146634,0.3123604018683605,1.324079909258963,0.04029480828894852,0.030507740769572442,1.7767564532891365,9
sensing,sensing::wired_sensing_13,wired_sensing_13,teenager,partner,3,End,3.124655290212767,0.9915281978898575,0.3034989354989096,0.6965010645010904,-0.6046100415076521,0.8023050207538261,0.3729205107750698,0.1444771176689944,0.7666666666666666,0.641590544017923,1.0196242150062882,0.6506446632500265,0.7212011293650047,0.32358046283492586,1.0415517634042555,0.2503593252878265,0.2963879130857332,1.805644236182932,10
sensing,sensing::wired_sensing_13,wired_sensing_13,teenager,partner,3,Middle,2.984984847502268,0.9907541433431301,0.427516362000614,0.572483637999386,-0.5622709396712601,0.7811354698356301,0.32859273126866917,0.09775066683524208,0.7272727272727273,0.5236099238365995,1.0069336782804112,0.6388735893783362,0.7283732611337616,0.3626938687870145,0.9949949491674226,0.2883851294811293,0.47531847672071575,1.7720367951072262,11
sensing,sensing::wired_sensing_13,wired_sensing_13,teenager,partner,5,Beginning,6.623715994453011,1.2101296751764135,0.18299920719898036,0.8170007928010197,-0.6004272621594078,0.8002136310797039,0.5951637557645576,0.08954319830973162,0.6,0.5450303498230638,1.2295543701900704,0.8092946337630834,0.5810669773209931,0.1857058748848599,1.3247431988906022,0.044104799716042135,0.033359560295346764,1.7880072389968769,8
sensing,sensing::wired_sensing_13,wired_sensing_13,teenager,partner,5,End,5.406359669416007,0.8990115888025678,0.1640530390290033,0.8359469609709966,-0.5775194905202623,0.7887597452601312,0.8554715798235186,0.17033283408611308,0.7111111111111111,0.6049040567136466,1.0637883434751854,0.7158899717141582,0.6583388879775692,0.19579383041039244,1.0812719338832013,0.2836012727094105,0.29704663507978396,1.765551566543285,9
sensing,sensing::wired_sensing_13,wired_sensing_13,teenager,partner,5,Middle,4.942463186239778,1.0394217984462533,0.21783689787212027,0.7821631021278798,-0.5549894856741076,0.7774947428370538,0.57803817280964,0.1214088685924398,0.6909090909090909,0.5539542421631211,1.0105136241685644,0.6783403361284099,0.6924611704889206,0.21055041459724777,0.9884926372479558,0.39250178560074894,0.4810321963384378,1.7909038230880738,11
sensing,sensing::wired_sensing_14,wired_sensing_14,undergraduate,expert,3,Beginning,3.304598060432391,1.3054007291952727,0.399036731506642,0.600963268493358,-0.3716016623012728,0.6858008311506364,0.05066681925588625,0.014132014527152995,0.7333333333333333,0.5472617140771717,1.1813136375159332,0.7239537738123947,0.6787712495315013,0.3584143872378734,1.1015326868107969,0.21338987362683012,0.19694730304359584,1.6497278798287205,5
sensing,sensing::wired_sensing_14,wired_sensing_14,undergraduate,expert,3,End,3.1800242517997277,1.179969504857198,0.371699350931587,0.628300649068413,-0.4411264412904107,0.7205632206452053,0.1378473965771292,0.04073661313346196,0.8,0.502432695003662,1.0965422896571957,0.6717277329109916,0.7279403253455788,0.34542551440659897,1.0600080839332424,0.13733887697744046,0.1288457374425952,1.7234074121807494,5
sensing,sensing::wired_sensing_14,wired_sensing_14,undergraduate,expert,3,Middle,3.1301560613933646,1.1613642482645405,0.37798074105746166,0.6220192589425384,-0.42348695658150576,0.7117434782907528,0.1324922779086401,0.04032638702692636,0.6666666666666666,0.5135896715036354,1.088337948957869,0.6660746425990149,0.729435831121682,0.34937687520133165,1.0433853537977882,0.22063743337757016,0.20966685585413503,1.7009122268204517,5
sensing,sensing::wired_sensing_14,wired_sensing_14,undergraduate,expert,5,Beginning,5.558033456253156,1.2854159589530616,0.2312343366195807,0.7687656633804193,-0.3876043512254454,0.6938021756127227,0.13201445250157146,0.02366920362802857,0.55,0.5181528901341852,1.209818988648926,0.782656679197269,0.6132054117178027,0.21783710391052288,1.1116066912506313,0.23744299886039472,0.21455135892140254,1.6847816178588044,4
sensing,sensing::wired_sensing_14,wired_sensing_14,undergraduate,expert,5,End,5.105493889269999,1.252000649585987,0.24679949762375702,0.7532005023762429,-0.4128970067746283,0.7064485033873141,0.20484087829777126,0.0389291900669776,0.65,0.4827407906425759,1.1150848169141938,0.7203671675620221,0.6814937829833967,0.2186333772622171,1.0210987778539997,0.17996389881930416,0.17553691450478748,1.7035318003942281,4
sensing,sensing::wired_sensing_14,wired_sensing_14,undergraduate,expert,5,Middle,5.209502430394009,1.181931563860517,0.22785303100810475,0.7721469689918952,-0.42737120164044295,0.7136856008202215,0.2852347903489115,0.0535939782488157,0.6,0.543151385882134,1.1033175293315398,0.7104132402271899,0.6877224941398797,0.21207063196045411,1.0419004860788017,0.2561091650540288,0.24561135314503324,1.7110897356194266,5
sensing,sensing::wired_sensing_14,wired_sensing_14,undergraduate,joint,3,Beginning,3.2076314990612618,1.2657985135850085,0.40266452009297626,0.5973354799070237,-0.4810142734359036,0.7405071367179519,0.15944437359644276,0.04591904758592809,0.7666666666666666,0.5664129133282795,1.1474056794491725,0.7189813747071352,0.6822606018307884,0.3628094808767487,1.069210499687087,0.2571807538638101,0.2720039091791979,1.765653445119634,10
sensing,sensing::wired_sensing_14,wired_sensing_14,undergraduate,joint,3,End,3.304298008670137,1.17380116923316,0.35944883668022015,0.6405511633197799,-0.43379010362030684,0.7168950518101534,0.17999144539522868,0.054524738376307,0.7333333333333333,0.5028677061678978,1.133370811661016,0.7012892979076881,0.7038339731685048,0.3459848393124093,1.1014326695567123,0.2150829767939187,0.21439406341152764,1.7268354278764277,10
sensing,sensing::wired_sensing_14,wired_sensing_14,undergraduate,joint,3,Middle,3.4015649511663923,1.1531707047261766,0.343696472095583,0.656303527904417,-0.4980532699081666,0.7490266349540833,0.21106612920684045,0.05790760609036063,0.6666666666666666,0.5164389676209702,1.1318479490218734,0.6938220303025006,0.7064827236372319,0.3343688676755068,1.1338549837221308,0.1536969753777034,0.13863335201562563,1.7381464401109783,12
sensing,sensing::wired_sensing_14,wired_sensing_14,undergraduate,joint,5,Beginning,5.329984524106722,1.3288753358025616,0.25054520190815766,0.7494547980918423,-0.48792230857857416,0.7439611542892871,0.257316056311971,0.04725845879084213,0.6888888888888889,0.5510585378142574,1.1860501190206991,0.781561471700175,0.614256005209715,0.22380421801555261,1.0659969048213445,0.35268517402253896,0.3402785447367315,1.7672523509585705,9
sensing,sensing::wired_sensing_14,wired_sensing_14,undergraduate,joint,5,End,5.439870244951938,1.1692649405198932,0.21520890328057363,0.7847910967194264,-0.4254804654408823,0.7127402327204411,0.3044948612750014,0.05526357194801332,0.6222222222222222,0.5201764958039123,1.1445063785752683,0.7465217859976477,0.6579432405565748,0.21102951984992158,1.0879740489903877,0.2719356830150302,0.2575215876756805,1.740385865577155,9
sensing,sensing::wired_sensing_14,wired_sensing_14,undergraduate,joint,5,Middle,5.718267065088685,1.2093273781602771,0.21301255080301026,0.7869874491969897,-0.49606599585320904,0.7480329979266046,0.3922130204973962,0.06771698281397237,0.6333333333333333,0.5221911816983512,1.1574409946799897,0.7479897316657219,0.6497277027636689,0.20289598910479822,1.143653413017737,0.19043228407444654,0.1692224772689566,1.7322228970090734,12
sensing,sensing::wired_sensing_14,wired_sensing_14,undergraduate,partner,3,Beginning,3.9670507261582943,1.1978082548325224,0.30273255908439906,0.697267440915601,-0.52970707811606,0.76485353905803,0.229687383650614,0.057306437055368725,0.6666666666666666,0.4809212769906816,1.2885930977176314,0.789776566977113,0.6084302189431844,0.32499466263242344,1.3223502420527649,0.06385757875957981,0.04844784839601515,1.7506393866145522,4
sensing,sensing::wired_sensing_14,wired_sensing_14,undergraduate,partner,3,End,3.719370499712494,1.0387779796167136,0.28092165084814785,0.7190783491518522,-0.47552481787178535,0.7377624089358926,0.23128614051854884,0.061202481152968995,0.5833333333333333,0.5125023354579219,1.2200571863223018,0.7482313022903373,0.6577740863447974,0.32840132111583703,1.2397901665708315,0.08778855504333377,0.07071648719157425,1.7310248441287102,4
sensing,sensing::wired_sensing_14,wired_sensing_14,undergraduate,partner,3,Middle,3.7141550687450198,1.289097288131476,0.34760199972343475,0.6523980002765652,-0.42372683609236583,0.711863418046183,0.09156930029459087,0.024219971630637178,0.611111111111111,0.5204604751538296,1.277249265138663,0.7832425283794796,0.6193595520888396,0.3440232364606482,1.238051689581673,0.10931552839693308,0.08820198460165102,1.685390488412877,6
sensing,sensing::wired_sensing_14,wired_sensing_14,undergraduate,partner,5,Beginning,6.5570796468657795,1.2097436944093574,0.18459817424999,0.8154018257500101,-0.5232513565152658,0.7616256782576328,0.4252822751844314,0.0650508523613261,0.4666666666666666,0.5101932171438734,1.2634906800611836,0.8189162099621982,0.5690947700035344,0.19269612723001436,1.3114159293731558,0.06616484949304706,0.05051685893688824,1.7587089148830346,3
sensing,sensing::wired_sensing_14,wired_sensing_14,undergraduate,partner,5,End,6.243995365189171,1.2630688535694754,0.20225537303236216,0.7977446269676379,-0.468241341854663,0.7341206709273315,0.3580575592881421,0.05749135798910762,0.6,0.5609286396490295,1.2064180513576084,0.7822264076734081,0.6185080269213924,0.19318812088761517,1.2487990730378342,0.1228834256913491,0.09837822017991636,1.7258811633557964,3
sensing,sensing::wired_sensing_14,wired_sensing_14,undergraduate,partner,5,Middle,6.215967665996555,1.314222985154131,0.21143082242871866,0.7885691775712814,-0.431950353550076,0.715975176775038,0.21518758246792447,0.03471774528597254,0.6333333333333333,0.5217372611271341,1.2794596530576985,0.8274844527128701,0.5597909975668592,0.20588343140467802,1.243193533199311,0.11774204469692014,0.09473194224030879,1.6932411418869224,6
sensing,sensing::wired_sensing_15,wired_sensing_15,graduate,expert,3,Beginning,3.4810240743239773,1.2499059123485163,0.3616915930754608,0.6383084069245393,-0.4883474208272687,0.7441737104136343,0.03165432014741071,0.008377197941210926,0.8333333333333333,0.5509424035296557,1.1735819517189752,0.7185611932958196,0.6896715976286779,0.3382970625222332,1.1603413581079924,0.1068232699418279,0.09396936029304255,1.7169746064589848,4
sensing,sensing::wired_sensing_15,wired_sensing_15,graduate,expert,3,End,3.4377527590821444,1.09774672440666,0.3189454622862846,0.6810545377137154,-0.4625771127925553,0.7312885563962777,0.2346031524329161,0.06873795285836212,0.5833333333333333,0.4614206735739782,1.153771343106344,0.7071020834498121,0.6999832872043978,0.335548315478574,1.145917586360715,0.15947200809473092,0.13929624962485868,1.7221610314181155,4
sensing,sensing::wired_sensing_15,wired_sensing_15,graduate,expert,3,Middle,3.7581487111669265,1.1384885536427385,0.30460105528330483,0.6953989447166952,-0.5064787611808573,0.7532393805904286,0.2541033576179687,0.06676711832979584,0.611111111111111,0.4931230911346806,1.2281290471348318,0.753402206201427,0.6502331946187583,0.3273085872143869,1.2527162370556422,0.09653975780744412,0.07831669596000929,1.7433239076414218,6
sensing,sensing::wired_sensing_15,wired_sensing_15,graduate,expert,5,Beginning,5.796460803224728,1.09778071259511,0.18936837007297247,0.8106316299270274,-0.487867381877882,0.7439336909389409,0.2157442695726791,0.0373270873798849,0.6666666666666666,0.5464526803423589,1.1750986909277543,0.759224517520911,0.6467899420511641,0.20272616554697717,1.1592921606449458,0.1465161293566358,0.1262522974967219,1.7038896570881288,3
sensing,sensing::wired_sensing_15,wired_sensing_15,graduate,expert,5,End,5.747430842729879,1.27261737371415,0.22152104576250323,0.7784789542374968,-0.43876324801668926,0.7193816240083447,0.3198308765330177,0.05551777115786425,0.6666666666666666,0.4976659432960791,1.17906251516107,0.7608366949315021,0.6410219592766949,0.20516129767529223,1.1494861685459759,0.15681112706202419,0.13642846412576362,1.7019333928526663,3
sensing,sensing::wired_sensing_15,wired_sensing_15,graduate,expert,5,Middle,6.201610195900533,1.2764888980041829,0.2064945838309766,0.7935054161690234,-0.5071133836444398,0.75355669182222,0.3847120131219501,0.06157304474406986,0.6,0.5184496368164258,1.21150250753621,0.7842584557953264,0.6127366413480805,0.1954819761259773,1.2403220391801066,0.12531859190301162,0.10175035595569375,1.7454122540906056,6
sensing,sensing::wired_sensing_15,wired_sensing_15,graduate,joint,3,Beginning,3.3701105281459363,1.2009522223901772,0.35874394231094503,0.6412560576890549,-0.4401711375931622,0.7200855687965811,0.15529011705167498,0.04462977140778651,0.7,0.5081597737843535,1.1582842181837125,0.7092786158237339,0.6975614032192798,0.3443461960597271,1.1233701760486452,0.133810079918882,0.11960567238111561,1.706294613644807,10
sensing,sensing::wired_sensing_15,wired_sensing_15,graduate,joint,3,End,3.5872357617121695,1.0529582227354655,0.2950012193235708,0.7049987806764292,-0.5228191156775177,0.7614095578387589,0.3109453263821096,0.08456303832470663,0.6666666666666666,0.4890917714533608,1.1572774877631162,0.7103106196127531,0.6976665233164798,0.32325013643599065,1.1957452539040565,0.11511891707032876,0.09728297505673754,1.7528769791489456,10
sensing,sensing::wired_sensing_15,wired_sensing_15,graduate,joint,3,Middle,3.5561360907808583,1.3371484976361347,0.37667270285193644,0.6233272971480636,-0.4132093134417844,0.7066046567208922,0.06441620600582423,0.01790067984741761,0.7666666666666666,0.5370520581267704,1.2454323350130472,0.7640855791204628,0.6406048649470766,0.350309445695811,1.1853786969269526,0.11447005275321465,0.09679648926443099,1.6813786490538516,10
sensing,sensing::wired_sensing_15,wired_sensing_15,graduate,joint,5,Beginning,5.609674436338571,1.2302025861959816,0.21945658611418198,0.780543413885818,-0.43322292028403375,0.7166114601420168,0.23032112322921947,0.04107827999111343,0.6222222222222222,0.5003103695291854,1.1815948884895133,0.76260160721092,0.6389418767244235,0.21075087510282842,1.1219348872677142,0.14572349371819446,0.12998572447581966,1.6917116552054827,9
sensing,sensing::wired_sensing_15,wired_sensing_15,graduate,joint,5,End,6.02415907303592,1.1747829801112326,0.19578086904261197,0.8042191309573881,-0.5311635878426048,0.7655817939213024,0.4735912649769871,0.07766094538877502,0.6888888888888889,0.5357477497899032,1.1625361580859652,0.7537519029273586,0.6513609033834904,0.1932798396066877,1.204831814607184,0.12653006436994663,0.10573886409944934,1.7523631514860118,9
sensing,sensing::wired_sensing_15,wired_sensing_15,graduate,joint,5,Middle,5.889443204619944,1.1613816162832553,0.19740432335262398,0.802595676647376,-0.40853557313239436,0.7042677865661972,0.26564726905012553,0.044939984746319654,0.62,0.5257841879715789,1.2518772461708412,0.8106489173670282,0.5816169135422091,0.21258570562884604,1.1778886409239888,0.121403646614118,0.10329492599323989,1.6853496511593349,10
sensing,sensing::wired_sensing_15,wired_sensing_15,graduate,partner,3,Beginning,3.7719896321809467,1.3073161307819856,0.3496755455267376,0.6503244544732625,-0.48711678648405865,0.7435583932420293,0.12662849771958606,0.032886866221739586,0.75,0.46808960474950617,1.2649067469958797,0.7746921161828675,0.6268368534804661,0.3367175566875181,1.2573298773936488,0.08394305191535031,0.06793315692638303,1.725252481386773,4
sensing,sensing::wired_sensing_15,wired_sensing_15,graduate,partner,3,End,3.424603178139602,1.125797562082015,0.3332921162637227,0.6667078837362774,-0.44271560421812883,0.7213578021090644,0.21587143926399074,0.06009099474037505,0.6666666666666666,0.48017550854880237,1.159564879106794,0.7106468390505156,0.6956045415276406,0.3401237630677736,1.1415343927132007,0.16394704670730467,0.14359251184938865,1.7200900296694015,4
sensing,sensing::wired_sensing_15,wired_sensing_15,graduate,partner,3,Middle,3.88131830185011,1.179867103535959,0.3058784499395381,0.6941215500604618,-0.46390108806725844,0.7319505440336292,0.21194958486136964,0.053228810888657864,0.6,0.5172672203854087,1.2905309448672837,0.7916522132619768,0.6064687790146527,0.3329425776921839,1.2937727672833699,0.11617013822169212,0.09136112783864059,1.7117134201721274,5
sensing,sensing::wired_sensing_15,wired_sensing_15,graduate,partner,5,Beginning,6.350768424696729,1.156887577149816,0.18278390534293432,0.8172160946570656,-0.5121555820116864,0.7560777910058433,0.2871312270088972,0.044690853206416935,0.5333333333333333,0.47738218176367125,1.256337084462616,0.8106976808783793,0.5792032106703533,0.19804810357846558,1.2701536849393458,0.12319214534576363,0.09772854414649836,1.7626750608208812,3
sensing,sensing::wired_sensing_15,wired_sensing_15,graduate,partner,5,End,5.761302884420879,1.1049700931660078,0.19187189707414032,0.8081281029258597,-0.4171673075295394,0.7085836537647697,0.4359297676463974,0.0756683047249005,0.6,0.5090410931711918,1.1831134844913327,0.7643311656934143,0.6349294379140041,0.20532365654443444,1.152260576884176,0.1867287826076657,0.16199386224432202,1.671184943505242,3
sensing,sensing::wired_sensing_15,wired_sensing_15,graduate,partner,5,Middle,6.403626116595186,1.284175952752835,0.20083861345366935,0.7991613865463305,-0.46011072913392337,0.7300553645669616,0.29865709849163424,0.045674281203413165,0.64,0.5408451637416095,1.2744589867256626,0.8252598662573305,0.5605118814828894,0.19945374515316114,1.280725223319037,0.12978191066478925,0.10401511095839885,1.7200560296310425,5
sensing,sensing::wired_sensing_16,wired_sensing_16,expert,expert,3,Beginning,3.981841360365067,1.315034060530019,0.3302040628299944,0.6697959371700056,-0.6905008939373224,0.8452504469686613,0.265567823673685,0.06650530732063072,0.6666666666666666,0.47160549745136676,1.2248529544428763,0.7555847170077321,0.6516341880510784,0.30761588932799916,1.3272804534550222,0.026400757418320795,0.019906908487422048,1.8413533614450006,3
sensing,sensing::wired_sensing_16,wired_sensing_16,expert,expert,3,End,3.7544167531347132,1.2585647065777374,0.33524225501933214,0.664757744980668,-0.5334752054840183,0.7667376027420092,0.012146580085286759,0.003199259448773537,0.8888888888888888,0.537188061928436,1.2393505428150309,0.7590269027401635,0.649487265927891,0.33020879956387544,1.2514722510449046,0.05800432380205217,0.04635928020157048,1.757084757198273,3
sensing,sensing::wired_sensing_16,wired_sensing_16,expert,expert,3,Middle,3.0266526930264313,1.292694738991166,0.4372958314418833,0.5627041685581167,-0.4650903483668251,0.7325451741834126,0.07694985046361538,0.028228759121412338,0.7333333333333333,0.6161902067435444,1.1604465930338044,0.7429042554477506,0.6579378500600145,0.38973022570784843,1.0088842310088104,0.43262608043462975,0.47863718995460547,1.8106561762380569,5
sensing,sensing::wired_sensing_16,wired_sensing_16,expert,expert,5,Beginning,6.450915339411299,1.340501418589041,0.20797797642647187,0.7920220235735281,-0.6262338379891226,0.8131169189945613,0.11964711165284947,0.018536320223250764,0.7,0.5441885007094713,1.2377593009626153,0.8028553153256273,0.5911965286798397,0.19207208433412168,1.29018306788226,0.08036897328422014,0.06319295271631606,1.8245849244602586,2
sensing,sensing::wired_sensing_16,wired_sensing_16,expert,expert,5,End,5.701940046314322,0.8848553500322285,0.15628110209325902,0.843718897906741,-0.5493475978580624,0.7746737989290313,0.4439445074740544,0.07949969049026628,0.7,0.5189893207005656,1.1571117665764263,0.7567982063226767,0.6435533238387583,0.20428167419350007,1.1403880092628644,0.30091584505215685,0.2851672539242329,1.8702332181325874,2
sensing,sensing::wired_sensing_16,wired_sensing_16,expert,expert,5,Middle,5.353586933645999,1.0722973703899155,0.19946554307480172,0.8005344569251983,-0.48245884651588405,0.7412294232579419,0.6260569384035288,0.11266611530370474,0.76,0.5783321487145018,1.1753930953516272,0.7939815480531603,0.6000026581102522,0.2211949839531117,1.0707173867291997,0.4456887671817292,0.4316990051629058,1.7526344260670714,5
sensing,sensing::wired_sensing_16,wired_sensing_16,expert,joint,3,Beginning,3.6973641433137514,1.233606025891473,0.33482264005128026,0.6651773599487197,-0.48941808223935407,0.7447090411196771,0.08165565711755972,0.02182511304239975,0.7916666666666666,0.52207943855147,1.2349459167040608,0.7560257891797524,0.6496567376620158,0.33421122117878543,1.232454714437917,0.06959833481881963,0.056714012361391085,1.7213761863437862,8
sensing,sensing::wired_sensing_16,wired_sensing_16,expert,joint,3,End,3.5560485166019937,1.2237908534421351,0.35046725559105846,0.6495327444089416,-0.5433315121639476,0.7716657560819737,0.16398965265992707,0.04401704270756783,0.6666666666666666,0.5051128932971377,1.1912663485488884,0.736583533416955,0.6716093260737712,0.3385536721363998,1.185349505533998,0.1555620641559864,0.15373411772910828,1.8040657285599706,8
sensing,sensing::wired_sensing_16,wired_sensing_16,expert,joint,3,Middle,3.369615893454947,1.0584525092841524,0.31006047228324474,0.6899395277167553,-0.6367482636787682,0.8183741318393841,0.4503601887058951,0.13526708864542097,0.7083333333333333,0.6436455860871032,1.0804945303519413,0.6878638758343147,0.7090486972550947,0.3225578667332524,1.1232052978183156,0.22492358818016653,0.2303822355652777,1.8029763102795007,8
sensing,sensing::wired_sensing_16,wired_sensing_16,expert,joint,5,Beginning,6.1206158619513165,1.1579090637966463,0.1893686941680517,0.8106313058319483,-0.4933930956893245,0.7466965478446622,0.2769010187100297,0.045334118996599275,0.6571428571428571,0.5400261814070891,1.2081205063883222,0.7801330518269832,0.6197394558530759,0.19753957057050292,1.2241231723902632,0.07767929023819779,0.0639207135872317,1.727720145277066,7
sensing,sensing::wired_sensing_16,wired_sensing_16,expert,joint,5,End,5.858983108310134,1.3156595301206282,0.2269977074511432,0.7730022925488568,-0.5279870727531539,0.763993536376577,0.23552299621860587,0.0402429420966331,0.6857142857142857,0.5353015002897126,1.207857885162168,0.7874544886386289,0.6126375819411719,0.20781978819164731,1.1717966216620268,0.2127476457658437,0.19984598426413067,1.7797604990959142,7
sensing,sensing::wired_sensing_16,wired_sensing_16,expert,joint,5,Middle,5.646025361518038,1.2807157508214577,0.22806908482415414,0.7719309151758459,-0.6305497291720821,0.815274864586041,0.508039069599481,0.08972862950897681,0.7,0.5954130710851874,1.1156442339457189,0.7491496976753992,0.6536745903993441,0.19786411885537755,1.1292050723036076,0.26667884281673226,0.2459509270987787,1.8172730098295446,8
sensing,sensing::wired_sensing_16,wired_sensing_16,expert,partner,3,Beginning,3.3227061488225904,1.1824341091621244,0.35748554646282954,0.6425144535371704,-0.44000779611970325,0.7200038980598515,0.02609347494499718,0.00816000238016186,0.7777777777777777,0.5829889244558983,1.1383046215482768,0.6964562829292693,0.7133717556892177,0.34301589174081015,1.1075687162741967,0.08410678043233306,0.07419005542107412,1.686753456134375,3
sensing,sensing::wired_sensing_16,wired_sensing_16,expert,partner,3,End,3.4662201957429075,1.1437551910415733,0.3370414117419687,0.6629585882580313,-0.411801197174923,0.7059005985874615,0.14305030056555101,0.037561740304597,0.7777777777777777,0.5922383772969043,1.1823014031022794,0.7240053671003874,0.6843659963390794,0.34288230358669897,1.1554067319143024,0.10101815948261188,0.08669642820794272,1.6791449687573996,3
sensing,sensing::wired_sensing_16,wired_sensing_16,expert,partner,3,Middle,3.348473604668834,1.1722741737795845,0.35074085293319324,0.6492591470668068,-0.4464747494504377,0.7232373747252188,0.07075423731712871,0.020546271595022952,0.5833333333333333,0.4745643858569745,1.1466293202230657,0.7022827427933301,0.7058077137100159,0.3425600878234342,1.1161578682229445,0.09416096996460152,0.08101455353808437,1.7075710287239798,4
sensing,sensing::wired_sensing_16,wired_sensing_16,expert,partner,5,Beginning,5.50686491961236,1.2500602926977176,0.2275808176171722,0.7724191823828278,-0.4532445859479583,0.7266222929739792,0.0554102306329719,0.009751217343793759,0.8,0.5709100295931653,1.156470381383458,0.7453092748962511,0.6616591876393279,0.21012360685631137,1.101372983922472,0.10224099003375589,0.09201303379104646,1.681973704416629,2
sensing,sensing::wired_sensing_16,wired_sensing_16,expert,partner,5,End,5.843595785275914,1.0924600287463773,0.18703252716602148,0.8129674728339785,-0.43377258460875784,0.716886292304379,0.1903644205049413,0.032552496942444234,0.5,0.5701917922610256,1.1651035372562415,0.7509053638654114,0.6519543561063423,0.19939533247623542,1.168719157055183,0.1563871862531977,0.13382645399665538,1.7240628095859067,2
sensing,sensing::wired_sensing_16,wired_sensing_16,expert,partner,5,Middle,5.599532204135702,1.2264270263541586,0.2204279583443269,0.7795720416556731,-0.439366056580762,0.719683028290381,0.21001100550424331,0.03659112625361541,0.55,0.5056677802515439,1.159457621537495,0.7477052906957297,0.6579767227191511,0.20738939577148707,1.1199064408271404,0.11787408791518295,0.10337425104154536,1.6972344864305193,4
sleep,sleep::wired_sleep_12,wired_sleep_12,child,expert,3,Beginning,3.4402301146048484,1.2743179702517775,0.37097328469604685,0.6290267153039532,-0.40370991893497044,0.7018549594674851,0.042994216814757714,0.012095285655255226,0.8095238095238094,0.5345359709851466,1.204232205191421,0.7380295454245462,0.6715799250347535,0.3501884816059026,1.1467433715349495,0.07880182194092163,0.06954698164219086,1.6744534054293427,7
sleep,sleep::wired_sleep_12,wired_sleep_12,child,expert,3,End,3.4512240569564128,1.1448047848497018,0.3340753538725818,0.6659246461274181,-0.43701779833418847,0.7185088991670943,0.1417284867441741,0.03930860225554384,0.7142857142857143,0.5049013148945535,1.1726505388426307,0.7185772857035321,0.688890211870645,0.3403866612081578,1.150408018985471,0.15733412500030042,0.13763618479181725,1.6995368263087796,7
sleep,sleep::wired_sleep_12,wired_sleep_12,child,expert,3,Middle,3.660109473405606,1.2625187354588538,0.3451784603849484,0.6548215396150516,-0.44813455648077505,0.7240672782403875,0.07278267520914139,0.019625748657880818,0.75,0.5242231849404447,1.2479051397309664,0.7649575800054247,0.6425969679548644,0.3410308956831209,1.220036491135202,0.06252835152536357,0.05119711637399797,1.704908687502434,8
sleep,sleep::wired_sleep_12,wired_sleep_12,child,expert,5,Beginning,5.749375678655002,1.2877606798173815,0.22418993641187113,0.7758100635881289,-0.40643386456849334,0.7032169322842466,0.10354575397807853,0.017778831014334067,0.7000000000000001,0.531350327815918,1.2231246669665679,0.7903383283325413,0.6093312012447473,0.21277813607050944,1.1498751357310004,0.0949450362032989,0.08298391653947398,1.672478572644106,6
sleep,sleep::wired_sleep_12,wired_sleep_12,child,expert,5,End,5.838073070716793,1.2203806109370392,0.20886728295566978,0.7911327170443303,-0.4440646929916267,0.7220323464958134,0.33777448726578957,0.05818932137940395,0.6666666666666666,0.5187060360956872,1.171265015942552,0.7559033749958671,0.6442331307678982,0.20063294001483264,1.1676146141433588,0.16072179468058378,0.1376124347128649,1.698211624357368,6
sleep,sleep::wired_sleep_12,wired_sleep_12,child,expert,5,Middle,6.023262341638726,1.2027687032553345,0.2000475093723276,0.7999524906276724,-0.44530335183995645,0.7226516759199783,0.19686824827566582,0.03236241814369462,0.675,0.530108326356037,1.2368939103097325,0.7996231347287653,0.5979849936183241,0.20547932904228225,1.2046524683277453,0.08282641267492678,0.06924101178197262,1.7096687503510837,8
sleep,sleep::wired_sleep_12,wired_sleep_12,child,joint,3,Beginning,3.441365774997341,1.2870328933896014,0.3752830245787644,0.6247169754212356,-0.43167512085432796,0.715837560427164,0.040143850261895084,0.011938060975135953,0.7916666666666666,0.5360032960073965,1.1927640061363125,0.7307444811529451,0.6783832753051581,0.347346595903883,1.1471219249991138,0.0841044322875128,0.07499531850649674,1.6933942210318504,16
sleep,sleep::wired_sleep_12,wired_sleep_12,child,joint,3,End,3.579985831311976,1.2688555370194334,0.3565554563001074,0.6434445436998927,-0.4576287295165524,0.7288143647582762,0.09821603204340307,0.027279059576711083,0.7291666666666666,0.5370222073652672,1.216418215641015,0.7455477474302964,0.661030947534654,0.34082967521035923,1.1933286104373253,0.09177599735202999,0.07946534869670849,1.7096255456952933,16
sleep,sleep::wired_sleep_12,wired_sleep_12,child,joint,3,Middle,3.534984273987014,1.2835931205474713,0.3652518314689092,0.6347481685310907,-0.44147447545004503,0.7207372377250225,0.06122388636400472,0.01694776568923711,0.75,0.5232781652077618,1.2219752243571294,0.7504434446303977,0.6555092192443301,0.34675263643565013,1.1783280913290046,0.13619381277741222,0.12275496249055184,1.7081895581873523,16
sleep,sleep::wired_sleep_12,wired_sleep_12,child,joint,5,Beginning,5.704828499300188,1.2963272456272399,0.227991487113058,0.7720085128869419,-0.430899044363733,0.7154495221818665,0.10289823567888828,0.018059354317046836,0.6933333333333334,0.5371389856167558,1.2156769306157498,0.7861305563706146,0.6147004804385343,0.21352015299015575,1.1409656998600375,0.102192611080501,0.09145061255208227,1.7004787891418356,15
sleep,sleep::wired_sleep_12,wired_sleep_12,child,joint,5,End,6.024658082045327,1.2443327287998758,0.20674126163775844,0.7932587383622416,-0.46916498675044416,0.7345824933752222,0.23234443712411465,0.03848771559700701,0.64,0.5335141925660412,1.2330884699521734,0.7969326430529333,0.5993157927784261,0.2048241363982451,1.2049316164090655,0.12098905595205288,0.1014721445662219,1.7198996964373505,15
sleep,sleep::wired_sleep_12,wired_sleep_12,child,joint,5,Middle,5.9108980610378605,1.2550438687756387,0.21257615473601366,0.7874238452639863,-0.4443049937919022,0.7221524968959511,0.16977088848182825,0.029099204277120264,0.6125,0.5204857958443786,1.2408934203309376,0.8037656483996004,0.5914276854459253,0.21012618374265224,1.182179612207572,0.16478453182108588,0.14196400403456108,1.7067149984749426,16
sleep,sleep::wired_sleep_12,wired_sleep_12,child,partner,3,Beginning,3.8199910180562293,1.282416149173729,0.33603359808532524,0.6639664019146748,-0.48676398617404093,0.7433819930870204,0.07095984069006886,0.018455257105985452,0.5714285714285714,0.5020622315479952,1.2805820481209929,0.7844061309785598,0.619083714858454,0.3353431721829345,1.2733303393520765,0.05716324636152509,0.04497397831491619,1.724670745080305,7
sleep,sleep::wired_sleep_12,wired_sleep_12,child,partner,3,End,3.858406277707803,1.2929150643585194,0.3357953719684796,0.6642046280315205,-0.47606486862404224,0.7380324343120211,0.06234923535889255,0.015960797527738265,0.6666666666666666,0.5206694979462917,1.2972227508844143,0.7946159775027548,0.6052694367883101,0.33645793403302193,1.2861354259026008,0.06392247803158323,0.0504296709073212,1.7210015279120643,7
sleep,sleep::wired_sleep_12,wired_sleep_12,child,partner,3,Middle,3.881270436927089,1.296792182803114,0.3341049299172388,0.6658950700827613,-0.4937341098477435,0.7468670549238718,0.09625015223709779,0.024841848331729297,0.7037037037037037,0.5048714693177666,1.2950450864083398,0.7934420167229974,0.6057768481668185,0.33378631720369795,1.2937568123090297,0.06659559686689925,0.0524083963038803,1.7304463533826524,9
sleep,sleep::wired_sleep_12,wired_sleep_12,child,partner,5,Beginning,6.382284789899832,1.3237869020963073,0.20755869142343608,0.7924413085765639,-0.49818290636844154,0.7490914531842208,0.17133755053571453,0.026513776945844423,0.6,0.5165070513504867,1.2788746851418227,0.8260675591859346,0.5623222865066109,0.20044279019760647,1.2764569579799665,0.06171049744899567,0.04841993316036844,1.7316897662943356,6
sleep,sleep::wired_sleep_12,wired_sleep_12,child,partner,5,End,6.444172997368046,1.2095012270163592,0.18789630618239897,0.8121036938176011,-0.4804921989914958,0.7402460994957479,0.45108210835753876,0.06972287810339496,0.5666666666666667,0.5173746571698027,1.259728942199254,0.8217775956223513,0.5635447476912702,0.19548706388828918,1.2888345994736092,0.08200174362695777,0.06364236036837966,1.7263816959864038,6
sleep,sleep::wired_sleep_12,wired_sleep_12,child,partner,5,Middle,6.4565448658562845,1.1813063417089227,0.18264771055623008,0.8173522894437699,-0.4868404638570454,0.7434202319285227,0.27476451246934097,0.042932714116381776,0.6222222222222222,0.5089453616017607,1.2898881388591663,0.8340577318131696,0.5481128816313636,0.19977109914442248,1.291308973171257,0.08022814056198296,0.06249712897401015,1.7278660567121762,9
sleep,sleep::wired_sleep_13,wired_sleep_13,teenager,expert,3,Beginning,3.250227475321401,1.247971351953926,0.3865266647707736,0.6134733352292263,-0.3500539635946019,0.6750269817973009,0.014073001631946669,0.004254488003902687,0.8,0.6006501353566921,1.1614576907319563,0.7119071083282132,0.6942023098049895,0.35797518217351393,1.083409158440467,0.1252943035034557,0.11861635712171474,1.6448557859318598,5
sleep,sleep::wired_sleep_13,wired_sleep_13,teenager,expert,3,End,2.998331845968702,1.120902431079101,0.37316097554836203,0.626839024451638,-0.5427082131292436,0.7713541065646218,0.05817903898088399,0.020472730185040974,0.8666666666666666,0.5419535554817954,1.0018081372064755,0.613915268445464,0.7841743885321719,0.33413007498518693,0.9994439486562339,0.07008001883781013,0.06826073097904879,1.7446060408207402,5
sleep,sleep::wired_sleep_13,wired_sleep_13,teenager,expert,3,Middle,2.9039451911815273,0.9059150023395093,0.3154650118633067,0.6845349881366932,-0.476949558369783,0.7384747791848915,0.19573693389385424,0.06710915496346874,0.611111111111111,0.48561196422380354,0.9557675831040139,0.5858761133412465,0.8030796758932444,0.33127404188217996,0.9679817303938424,0.1580313022907696,0.16144124397690496,1.7354417350625673,6
sleep,sleep::wired_sleep_13,wired_sleep_13,teenager,expert,5,Beginning,5.2951658570216225,1.2791970814918046,0.24270703824557688,0.7572929617544231,-0.35191496605491124,0.6759574830274556,0.0511660784782369,0.009791399715530842,0.8500000000000001,0.5856594399437862,1.170265984677067,0.7561921340644037,0.6459927163017536,0.22123026662190665,1.0590331714043244,0.15783987280377307,0.15210133016676025,1.6551636415365159,4
sleep,sleep::wired_sleep_13,wired_sleep_13,teenager,expert,5,End,5.122892959839106,1.0700168070469378,0.20868755315556126,0.7913124468444388,-0.5598088553530207,0.7799044276765104,0.16057565057213102,0.031605994131968344,0.8500000000000001,0.5788940570925047,1.021611978419714,0.6600200903928266,0.7459914337982549,0.19960085377881223,1.0245785919678212,0.1038803743852009,0.10037331832047136,1.7563783955486472,4
sleep,sleep::wired_sleep_13,wired_sleep_13,teenager,expert,5,Middle,4.827364834648204,1.0332719246324003,0.21589640793607814,0.7841035920639219,-0.4642131794574364,0.7321065897287182,0.2564458610629815,0.05235967601342472,0.6666666666666666,0.5269366793733822,0.9748126041337558,0.6288056232021395,0.7692586013504686,0.20260303190279086,0.9654729669296408,0.17682055852945588,0.18123072915737284,1.7280457096878818,6
sleep,sleep::wired_sleep_13,wired_sleep_13,teenager,joint,3,Beginning,3.5352428187549942,1.2959709616856943,0.369571687537888,0.630428312462112,-0.4664177331684833,0.7332088665842417,0.11111385880721922,0.03043197547113122,0.8181818181818182,0.502727657815534,1.1998119734273969,0.7361650237194094,0.6722087629200983,0.3412643465716391,1.1784142729183313,0.08195662365248572,0.07283584923226129,1.7147107549046263,11
sleep,sleep::wired_sleep_13,wired_sleep_13,teenager,joint,3,End,3.125994592103496,1.184616026122446,0.3869961564583614,0.6130038435416386,-0.42251147860755667,0.7112557393037784,0.1158370698291728,0.03391571629676222,0.8181818181818182,0.5533923191647578,1.0735389064284844,0.658416979346637,0.7427210048201989,0.34806993025033467,1.041998197367832,0.0839000778216845,0.08394154726636084,1.6790166402977962,11
sleep,sleep::wired_sleep_13,wired_sleep_13,teenager,joint,3,Middle,3.4792030559015332,1.1586422611744027,0.33491203050658214,0.665087969493418,-0.5415136035725551,0.7707568017862776,0.2480596640730974,0.0698981163284874,0.641025641025641,0.5025110793029685,1.1398075516338362,0.7004317699641298,0.706094428556647,0.32784459570840635,1.1597343519671777,0.10823354503616968,0.09426361505389098,1.7568004450828172,13
sleep,sleep::wired_sleep_13,wired_sleep_13,teenager,joint,5,Beginning,5.96386424549761,1.321814023233662,0.2228025075181276,0.7771974924818724,-0.49551389328221906,0.7477569466411096,0.23926231304815962,0.03956059185586297,0.7,0.514892310115915,1.2279972452999206,0.794703989159393,0.603209026425243,0.2066707145239523,1.192772849099522,0.0898776854683983,0.0778878197649849,1.7376102449303805,10
sleep,sleep::wired_sleep_13,wired_sleep_13,teenager,joint,5,End,5.257731770047771,1.180332346892409,0.2301229857688026,0.7698770142311975,-0.42512421019802005,0.71256210509901,0.3028710969079402,0.05671308565451284,0.7,0.5578401675220525,1.100277469282998,0.71105261912146,0.6922811616769284,0.21208841527768635,1.0515463540095542,0.12603885644112106,0.12410673515490638,1.6860193848598375,10
sleep,sleep::wired_sleep_13,wired_sleep_13,teenager,joint,5,Middle,5.824192445035523,1.1683405220089598,0.200518266035369,0.799481733964631,-0.5482978365997189,0.7741489182998594,0.48552984712174313,0.08352725218718113,0.5846153846153845,0.5303313164366933,1.132443287519151,0.7348554156528776,0.6711739112993852,0.19444178678487137,1.1648384890071048,0.11743054499899246,0.10078235894358871,1.757060194935304,13
sleep,sleep::wired_sleep_13,wired_sleep_13,teenager,partner,3,Beginning,3.806184511501942,1.3569082430335964,0.35683652023069107,0.6431634797693089,-0.47350689323531514,0.7367534466176575,0.00419525538509542,0.0010869541067629277,0.8666666666666666,0.5239820241267614,1.2946943917784055,0.7928643518012553,0.607575697899666,0.3402759627107594,1.2687281705006472,0.06343868075589594,0.05065597328303799,1.7150040187375049,5
sleep,sleep::wired_sleep_13,wired_sleep_13,teenager,partner,3,End,3.5436528808299856,1.347210083589379,0.38090803221412595,0.619091967785874,-0.4216427294378159,0.7108213647189079,0.036946885520984504,0.010552919487848438,0.7333333333333333,0.5200804951478881,1.2389522181072259,0.7590023636504888,0.6453873965935559,0.3498165458987915,1.1812176269433283,0.14727255029114317,0.12548052195413228,1.6738225488662437,5
sleep,sleep::wired_sleep_13,wired_sleep_13,teenager,partner,3,Middle,3.570121393736826,0.9744520574785033,0.2778888638935863,0.7221111361064138,-0.5244446633679649,0.7622223316839825,0.4409815595275321,0.1208164812637117,0.6666666666666666,0.5025694643342192,1.1415756613360317,0.706616714959906,0.6937553445144254,0.3213977877610837,1.190040464578942,0.20208095655897837,0.17598027917337714,1.7738494955618946,6
sleep,sleep::wired_sleep_13,wired_sleep_13,teenager,partner,5,Beginning,6.353171115579402,1.3017801111879928,0.2049060952998671,0.7950939047001329,-0.4815688680454331,0.7407844340227165,0.2162109670331173,0.0340066313234014,0.7,0.5302275321180396,1.2903619490053055,0.8333461650393126,0.5497420892572057,0.2031227163711493,1.2706342231158803,0.0814394202768908,0.0641062323892303,1.7169743493971659,4
sleep,sleep::wired_sleep_13,wired_sleep_13,teenager,partner,5,End,5.9850596206601265,1.220999067311891,0.2041376634035619,0.7958623365964381,-0.4513946219543052,0.7256973109771526,0.1669094745991203,0.027650039926193925,0.55,0.5078477972793355,1.2309961451804639,0.8020489403511983,0.5918018319914917,0.20601044454271572,1.1970119241320252,0.16271288795476535,0.13610100021907373,1.7095799377000007,4
sleep,sleep::wired_sleep_13,wired_sleep_13,teenager,partner,5,Middle,5.863498233998496,1.1773149233514362,0.20082546176320185,0.7991745382367981,-0.5035924280460516,0.7517962140230258,0.6107345889006326,0.10569766602604862,0.6,0.5395177192493832,1.14391905250841,0.7475511268351164,0.6539837906360254,0.19512215498736585,1.172699646799699,0.23058286171610864,0.19723166832042302,1.7647520344293517,6
sleep,sleep::wired_sleep_14,wired_sleep_14,undergraduate,expert,3,Beginning,3.4012923786877702,1.2977537052336536,0.38150159273879236,0.6184984072612076,-0.34550452648046803,0.6727522632402341,0.07861989312655482,0.023167527061912406,0.8333333333333333,0.5663541560883354,1.216712428766281,0.7463193542683957,0.6615337357645872,0.3577169589608933,1.1337641262292566,0.13405658962597006,0.11823918510799664,1.639085540565959,2
sleep,sleep::wired_sleep_14,wired_sleep_14,undergraduate,expert,3,End,2.8618549281737278,1.1677760901473317,0.4066688943010901,0.5933311056989099,-0.423408552849339,0.7117042764246695,0.0,0.0,1.0,0.6304256325173911,1.0150519782783092,0.6222528607202604,0.7752447740294439,0.3542715720593901,0.9539516427245759,0.14170716110561749,0.14759851417231903,1.6605176726226558,2
sleep,sleep::wired_sleep_14,wired_sleep_14,undergraduate,expert,3,Middle,3.634794393378015,1.2223589247929845,0.33815235381890063,0.6618476461810994,-0.42295343589495865,0.7114767179474794,0.11925549562084331,0.031755519169770395,0.6666666666666666,0.5070269238801355,1.245673224942939,0.7632414211387571,0.6431774456228634,0.3432230617481917,1.211598131126005,0.09661789105762639,0.08118138859132995,1.6998126942099474,4
sleep,sleep::wired_sleep_14,wired_sleep_14,undergraduate,expert,5,Beginning,5.857127995317087,1.3119817340102151,0.22399744978412214,0.7760025502158778,-0.3797323554322187,0.6898661777161094,0.05707198799396296,0.009744022674524677,0.6,0.4936947425419645,1.2622853846054984,0.8161336654737594,0.5756159086007621,0.21551268567371681,1.1714255990634173,0.11801464902217557,0.10074446820739712,1.6467614396321135,1
sleep,sleep::wired_sleep_14,wired_sleep_14,undergraduate,expert,5,End,5.263959116005636,1.3079488037380704,0.2484724472424398,0.7515275527575602,-0.3999760954849438,0.6999880477424719,0.053886892141583376,0.010236951114938272,0.8,0.5984296680140498,1.1679422585812547,0.7536984167590557,0.6448350991614913,0.22187525260787078,1.0527918232011273,0.19308614320028586,0.1834039160877851,1.636926472845148,1
sleep,sleep::wired_sleep_14,wired_sleep_14,undergraduate,expert,5,Middle,5.882235360030183,1.1736030759471765,0.19973770562939913,0.8002622943706008,-0.4202545929981198,0.7101272964990599,0.3006877300852746,0.050874236858158936,0.65,0.540675377432272,1.2113819351061248,0.7828363935328388,0.613984416587043,0.20607660884547105,1.1764470720060367,0.14316997330778464,0.12274374587707963,1.707950635249795,4
sleep,sleep::wired_sleep_14,wired_sleep_14,undergraduate,joint,3,Beginning,3.255013606219654,1.2654347054855464,0.3938320699618327,0.6061679300381674,-0.388351197221908,0.694175598610954,0.08486563498006983,0.023881759843298215,0.8333333333333334,0.5376946969037072,1.1501640132703688,0.7110932793379584,0.6946366049554348,0.35676519097042064,1.0850045354065514,0.23953000098917773,0.23764616165150865,1.7192008191225565,6
sleep,sleep::wired_sleep_14,wired_sleep_14,undergraduate,joint,3,End,3.2326020171232117,1.0829336703373367,0.33827079809304844,0.6617292019069515,-0.47294236394184597,0.736471181970923,0.19763730004209165,0.05705095774704876,0.7777777777777777,0.49705230962115093,1.0840026824122404,0.6635210278063539,0.7366888258642321,0.3365197886159193,1.0775340057077374,0.1368892949937184,0.12481987811735366,1.724500983553102,6
sleep,sleep::wired_sleep_14,wired_sleep_14,undergraduate,joint,3,Middle,3.538718860719342,1.2766434072385877,0.3615733675299734,0.6384266324700266,-0.4423210277306811,0.7211605138653405,0.07731262924599396,0.02221353465507644,0.7619047619047619,0.504675367552812,1.2191861148769882,0.7470937069257013,0.659836310000557,0.34464534875973946,1.1795729535731139,0.10414685516393504,0.0893894394401584,1.6958035425138713,7
sleep,sleep::wired_sleep_14,wired_sleep_14,undergraduate,joint,5,Beginning,5.566159999666111,1.306448474124096,0.23498659709785516,0.7650134029021449,-0.4324104208701147,0.7162052104350574,0.16708172402511381,0.029795837897700943,0.72,0.5049614334422198,1.194006760287171,0.776995516684386,0.6250553910777045,0.21488707475468566,1.113231999933222,0.2554023252051284,0.23224838163229222,1.732314115292354,5
sleep,sleep::wired_sleep_14,wired_sleep_14,undergraduate,joint,5,End,5.3148723024628435,1.1664859563577152,0.221635479815761,0.778364520184239,-0.46034796265327343,0.7301739813266367,0.3290066136601031,0.06013731792913189,0.6799999999999999,0.5258597998601435,1.0975821568634057,0.7061400570090647,0.6941271994439253,0.20697384621589573,1.0629744604925686,0.15644199942470388,0.145929914278516,1.69747396755375,5
sleep,sleep::wired_sleep_14,wired_sleep_14,undergraduate,joint,5,Middle,5.866723874223483,1.2698694643536903,0.21672598181017277,0.7832740181898272,-0.43911684482344365,0.7195584224117219,0.17472420364451643,0.029513044421728946,0.6857142857142857,0.5280193539328957,1.2354801109188698,0.7991289462890158,0.5973517870428536,0.21081909887410794,1.1733447748446968,0.1263872834204345,0.10855605169516072,1.702010956883899,7
sleep,sleep::wired_sleep_14,wired_sleep_14,undergraduate,partner,3,Beginning,3.6014212748664542,1.3042758770025547,0.3624671777037726,0.6375328222962273,-0.4166511771291205,0.7083255885645602,0.01886259239336352,0.0054476366510326935,0.8333333333333333,0.577401862973685,1.2504951710464998,0.7661503622945192,0.6408091985373954,0.34743651409229437,1.200473758288818,0.07113228755227288,0.06017334565217946,1.691742852189092,2
sleep,sleep::wired_sleep_14,wired_sleep_14,undergraduate,partner,3,End,3.809297952960943,1.2051496629269605,0.31655315183897464,0.6834468481610253,-0.4490755078535749,0.7245377539267874,0.18463675007024372,0.04827343640084333,0.5555555555555555,0.5041544991034406,1.2796121119435773,0.7841045737723403,0.6149125574926678,0.3359633204061226,1.2697659843203144,0.14658952094572675,0.11542761980453202,1.7057896153000531,3
sleep,sleep::wired_sleep_14,wired_sleep_14,undergraduate,partner,3,Middle,3.7450466943226783,1.209590736434789,0.3214088909284848,0.6785911090715152,-0.5085214140207822,0.754260707010391,0.2217430562254988,0.061812891825978496,0.5555555555555555,0.4532433868561483,1.2333807794024212,0.7573489019349241,0.6479038053952938,0.3294506737535534,1.2483488981075594,0.09928481159187391,0.081594090989164,1.7300149933330113,3
sleep,sleep::wired_sleep_14,wired_sleep_14,undergraduate,partner,5,Beginning,6.071819008812543,1.4180924798317671,0.2335531539681222,0.7664468460318778,-0.42119682141849724,0.7105984107092487,0.41075386370014133,0.06764922720917399,0.6,0.5371721762319754,1.2417458830958306,0.8037887048262217,0.5924447320140788,0.20450969985989043,1.2143638017625087,0.10529353514818585,0.08670674718347537,1.6573894777769211,1
sleep,sleep::wired_sleep_14,wired_sleep_14,undergraduate,partner,5,End,6.503173037849251,1.3737202654020328,0.21116405782172515,0.7888359421782749,-0.4800883463734719,0.740044173186736,0.5074207428414615,0.07811634632051753,0.6,0.5068608363236893,1.2749075690852685,0.828233729213155,0.5588970623020733,0.1960643619626029,1.30063460756985,0.1215887077181102,0.09343267979493639,1.7077233609427342,2
sleep,sleep::wired_sleep_14,wired_sleep_14,undergraduate,partner,5,Middle,6.167433626005163,1.2892538546420127,0.20897015050648995,0.7910298494935101,-0.4914723774751952,0.7457361887375976,0.15995618140889278,0.02605378821342171,0.5333333333333333,0.5039622741589294,1.2527465435564955,0.8109732067311507,0.581975067781005,0.2031258773935084,1.2334867252010329,0.13260640129304493,0.10748829834538755,1.7395825638876767,3
sleep,sleep::wired_sleep_15,wired_sleep_15,graduate,expert,3,Beginning,3.5459208140122858,1.3124464887625802,0.37008619727578723,0.6299138027242127,-0.4194946100982886,0.7097473050491443,0.003992314307576332,0.0011258648480583183,0.8888888888888888,0.545736522070354,1.2355506390081208,0.7569423340377283,0.6517669964127077,0.34842006232467254,1.1819736046707618,0.06583869703470553,0.055785137791273816,1.685482276957779,3
sleep,sleep::wired_sleep_15,wired_sleep_15,graduate,expert,3,End,2.886312047018181,1.039218661669996,0.3615142049605731,0.6384857950394269,-0.48889543242288536,0.7444477162114427,0.11640253289581604,0.03867188433075938,0.6666666666666666,0.4269040700140793,0.9840700764326807,0.6023011228225487,0.7924425631336991,0.34093878825703944,0.9621040156727271,0.11180787372024824,0.11532910550725912,1.739360258355805,3
sleep,sleep::wired_sleep_15,wired_sleep_15,graduate,expert,3,Middle,2.656371370364895,1.0796808317117048,0.40728821806916954,0.5927117819308304,-0.383136037816705,0.6915680189083525,0.05010674842209236,0.021250409037865098,0.8888888888888888,0.6213967434066374,0.9496746709228324,0.5810036620676944,0.805772570933274,0.3573889890338342,0.885457123454965,0.12346031929272583,0.13545213418039448,1.6603317415656276,3
sleep,sleep::wired_sleep_15,wired_sleep_15,graduate,expert,5,Beginning,5.6177392695798405,1.3419729387389112,0.2392114026378087,0.7607885973621913,-0.4216444394150619,0.7108222197075309,0.014114163013370318,0.0024261510158868098,0.9,0.576446479866415,1.2231513451908618,0.791473662071818,0.6080088726628081,0.21781894613099412,1.123547853915968,0.11423848538829229,0.1035424942335262,1.7173246788016296,2
sleep,sleep::wired_sleep_15,wired_sleep_15,graduate,expert,5,End,4.616151677672871,1.0394948640239061,0.22514015638286938,0.7748598436171306,-0.47108172606625043,0.7355408630331253,0.2426802011354826,0.05278552390873545,0.6,0.4595614837138694,0.9788985570515504,0.6308773444872023,0.7693440984937645,0.21205117460354717,0.9232303355345741,0.15831679532987264,0.17175216571993251,1.7127773020952617,2
sleep,sleep::wired_sleep_15,wired_sleep_15,graduate,expert,5,Middle,4.6667009046243955,1.1909364066288848,0.25427298326196934,0.7457270167380307,-0.4003984035393697,0.7001992017696849,0.05890662769231499,0.012929187785791114,0.8666666666666667,0.5972812125918185,1.033198202527067,0.6659945441233767,0.733780195429464,0.22114506518251353,0.9333401809248792,0.16819860131085276,0.17889846061769318,1.6455728116940467,3
sleep,sleep::wired_sleep_15,wired_sleep_15,graduate,joint,3,Beginning,3.1949993642679497,1.2501867332466556,0.3963960716336376,0.6036039283663625,-0.30682376222465413,0.6534118811123272,0.10010984099934206,0.030925367736960224,0.611111111111111,0.5439751541300734,1.1671202301900179,0.7225187123297235,0.6848052805876762,0.3677214575630657,1.0649997880893165,0.21608795231434133,0.2165025747864244,1.6447028465242328,6
sleep,sleep::wired_sleep_15,wired_sleep_15,graduate,joint,3,End,3.1482110227516658,1.0944294562008245,0.3476478959644249,0.652352104035575,-0.4974018411862308,0.7487009205931154,0.08491407554646102,0.02618609048920223,0.5555555555555555,0.4869432479740398,1.058095923737631,0.6481958351925682,0.7574246365967237,0.33624388934952015,1.0494036742505555,0.09107488669137682,0.08769227820152807,1.7326555045532628,6
sleep,sleep::wired_sleep_15,wired_sleep_15,graduate,joint,3,Middle,3.084554975419753,1.1491848455428473,0.37969389487047445,0.6203061051295256,-0.4728687613923418,0.736434380696171,0.15662822082397235,0.04529844182973652,0.7083333333333333,0.5041658294609886,1.0562064110986102,0.6511162518963185,0.7476265120670875,0.34632016446755987,1.0281849918065844,0.15511637581259757,0.15958304412982832,1.744210391929681,8
sleep,sleep::wired_sleep_15,wired_sleep_15,graduate,joint,5,Beginning,5.154044917141215,1.2643162660434204,0.24724757146696005,0.7527524285330399,-0.29868568976286597,0.6493428448814329,0.15078626277567486,0.0288135383520731,0.5599999999999999,0.5251893184564708,1.184964591778098,0.7736770179892849,0.6298463151931526,0.23130375821565607,1.030808983428243,0.2527947924644607,0.2541733593647986,1.6607280805583895,5
sleep,sleep::wired_sleep_15,wired_sleep_15,graduate,joint,5,End,5.157624105228001,1.0544768419759145,0.20440201491519142,0.7955979850848086,-0.4978773413013192,0.7489386706506596,0.2217882907903123,0.04236041271481797,0.52,0.5079446618592991,1.0440419335415574,0.673950711405306,0.7341879298294562,0.20236840978320053,1.0315248210456,0.10440365418723481,0.10098973749236864,1.7292997407823631,5
sleep,sleep::wired_sleep_15,wired_sleep_15,graduate,joint,5,Middle,5.1995727657592195,1.1969850907354225,0.2319904189760653,0.7680095810239347,-0.4658419672501343,0.7329209836250672,0.34082612392174816,0.06258721985323348,0.625,0.5069852415482696,1.0912692266140842,0.706723885544695,0.6937904557495375,0.2107232183342464,1.039914553151844,0.2100718679741311,0.20512101775478694,1.7206948596258365,8
sleep,sleep::wired_sleep_15,wired_sleep_15,graduate,partner,3,Beginning,3.9855037612280038,1.194715474898337,0.2991538047598728,0.7008461952401273,-0.5443603309961568,0.7721801654980784,0.19698619099464587,0.049888403196316065,0.6666666666666666,0.5097056443482606,1.2866837943221592,0.7880216352304339,0.6125583243434243,0.32284049551554694,1.328501253742668,0.05828007708805581,0.04414648728938957,1.7610816356574852,2
sleep,sleep::wired_sleep_15,wired_sleep_15,graduate,partner,3,End,3.1454587441220787,0.9447987337914208,0.3015109523140861,0.6984890476859138,-0.5085644198609198,0.7542822099304599,0.20954704588027806,0.06546702834498706,0.6666666666666666,0.4513181354768176,1.0288904540065666,0.6299669722285164,0.7747307251103999,0.32727036418114613,1.048486248040693,0.0516103511716301,0.04981688920144043,1.7423490574044842,2
sleep,sleep::wired_sleep_15,wired_sleep_15,graduate,partner,3,Middle,3.6836524961954042,1.257997126893183,0.34477462129489583,0.6552253787051041,-0.4527067394751123,0.7263533697375562,0.11779207516656331,0.03095119298714207,0.5833333333333333,0.5446669353956929,1.252614429740067,0.7678507130787704,0.6347102394034384,0.3408020065081828,1.2278841653984682,0.13428926139490274,0.11253101280231483,1.699447000200632,4
sleep,sleep::wired_sleep_15,wired_sleep_15,graduate,partner,5,Beginning,6.640847039115056,1.2165842249814984,0.1831971460591897,0.8168028539408103,-0.5168260714671252,0.7584130357335626,0.39099367832978804,0.0588770793886394,0.4,0.5468227512853047,1.2749918032692478,0.8251108505082924,0.5638749709188862,0.1919923461208271,1.3281694078230113,0.07706299752615099,0.05802196396953921,1.7236879534173382,1
sleep,sleep::wired_sleep_15,wired_sleep_15,graduate,partner,5,End,5.529667637444872,1.4068731117842832,0.2544227255644547,0.7455772744355453,-0.4498097301924312,0.7249048650962155,0.3220450639389726,0.058239497390078575,0.8,0.575651125823863,1.151770665675017,0.7404829466799151,0.6580213892693624,0.20828931161714864,1.1059335274889743,0.1448290389978372,0.1309563688937725,1.6509549390853546,1
sleep,sleep::wired_sleep_15,wired_sleep_15,graduate,partner,5,Middle,6.085153182529277,1.3380987403262319,0.22066880831551744,0.7793311916844825,-0.4742789767744923,0.7371394883872462,0.1360459367361577,0.022684981161910613,0.65,0.5412471619225299,1.2522985057854195,0.8098063039760002,0.5814562978206828,0.20618021264131725,1.2170306365058554,0.1438624767114724,0.12027399335250528,1.7268018772307303,4
sleep,sleep::wired_sleep_16,wired_sleep_16,expert,expert,3,Beginning,3.8743421967389606,1.4384799816887182,0.3712836679474231,0.6287163320525768,-0.5844928023344638,0.7922464011672319,0.3383756639118032,0.08733757802721052,0.6666666666666666,0.5135053247520815,1.2706107046556667,0.779030087576609,0.6224720219853314,0.3279552089449253,1.2914473989129869,0.03190895056441131,0.024707897968797736,1.76532592240832,1
sleep,sleep::wired_sleep_16,wired_sleep_16,expert,expert,3,End,2.548828957190757,0.847847656928983,0.33264203725284697,0.6673579627471531,-0.32140632701650307,0.6607031635082515,0.33058971082197885,0.12970258749192215,0.6666666666666666,0.5118839873113163,0.8876479598621793,0.5418619654544667,0.8344504375013019,0.3482571701635555,0.8496096523969191,0.08631000244753463,0.10158783178137962,1.6583895015775274,1
sleep,sleep::wired_sleep_16,wired_sleep_16,expert,expert,3,Middle,3.3177277800101903,1.2513591013615404,0.3795371810221419,0.620462818977858,-0.4889194014395841,0.7444597007197921,0.1868315331073569,0.05610341542007181,0.6666666666666666,0.5877480421732955,1.1349758844508655,0.6949028985616315,0.7064532045813795,0.3424726096945936,1.1059092600033966,0.19011100834240086,0.17266362070183855,1.7307127263108284,2
sleep,sleep::wired_sleep_16,wired_sleep_16,expert,expert,5,Middle,5.4117061059443365,1.1181163750127467,0.2046237328014036,0.7953762671985964,-0.47093448305753377,0.7354672415287669,0.6968788182434155,0.13012949477384073,0.6,0.5578157341529046,1.120643307562422,0.7226648453166176,0.6729889883213513,0.2070333957494772,1.0823412211888672,0.20760269858852315,0.193279743059333,1.7368167806095964,2
sleep,sleep::wired_sleep_16,wired_sleep_16,expert,joint,3,Beginning,3.4869138022486386,1.276292730297566,0.3691785419764713,0.6308214580235286,-0.4164089030404002,0.7082044515202002,0.18557132097498388,0.05097771424984809,0.7777777777777777,0.5022573789398405,1.2083691354069366,0.7421735393432577,0.6635654933442067,0.34790772674756304,1.1623046007495461,0.13919810668036006,0.11899109304794975,1.6997765523585144,3
sleep,sleep::wired_sleep_16,wired_sleep_16,expert,joint,3,End,2.56891749213737,1.006076061158044,0.39244183720823683,0.6075581627917631,-0.4339597419628014,0.7169798709814007,0.03235056202133394,0.012513885502359141,0.7777777777777777,0.5775539076731397,0.8968197960553965,0.5488386527215555,0.832672456478183,0.3494240928510082,0.8563058307124566,0.027587671345270667,0.03271671352542857,1.6935964384012918,3
sleep,sleep::wired_sleep_16,wired_sleep_16,expert,joint,3,Middle,2.732922261366025,1.0176088338787488,0.38054971881546384,0.6194502811845362,-0.3736292716810527,0.6868146358405264,0.16683506744191737,0.053888270284547166,0.8333333333333333,0.5832096809840437,0.957092155092599,0.586843837291724,0.7951362662361747,0.3523434299034614,0.9109740871220083,0.19724042847060605,0.2075652726777004,1.6795075155591253,4
sleep,sleep::wired_sleep_16,wired_sleep_16,expert,joint,5,Beginning,5.691799807780107,1.4034374404262762,0.24676641381687264,0.7532335861831274,-0.43588984272576237,0.7179449213628812,0.48336415278411765,0.08523479170826384,0.8,0.5763403196971588,1.1980614849167628,0.7772026643424759,0.6179504350201357,0.21046667587528406,1.1383599615560214,0.21180210541318778,0.18814479216134827,1.7511348908824005,2
sleep,sleep::wired_sleep_16,wired_sleep_16,expert,joint,5,End,4.275813421718768,0.8814473365716089,0.20625065328327152,0.7937493467167285,-0.462921076762722,0.731460538381361,0.3141732795610772,0.07340621162948492,0.6,0.5373339346258921,0.9068703142700186,0.5859583458317269,0.8067419892691912,0.2121212435559881,0.8551626843437534,0.04227183170812499,0.04948901890928635,1.723652733437014,2
sleep,sleep::wired_sleep_16,wired_sleep_16,expert,joint,5,Middle,4.6676685673551574,1.1228872162063128,0.2416576321544946,0.7583423678455055,-0.39192468283908116,0.6959623414195406,0.2516156832569888,0.052670331925667405,0.75,0.5741651259943633,0.9971768206450523,0.6419394055410104,0.7501798264085905,0.21391802731356366,0.9335337134710315,0.22596872203939614,0.2369715831631199,1.6832029558163928,4
sleep,sleep::wired_sleep_16,wired_sleep_16,expert,partner,3,End,2.752204301889429,0.9735059631771651,0.3537186401855556,0.6462813598144443,-0.405309790840888,0.702654895420444,0.08611546235685552,0.03128963293086054,0.3333333333333333,0.4755487275815826,0.9468760378612752,0.5808956868311964,0.8125204033929571,0.3440427867986511,0.917401433963143,0.13176528601170015,0.14362882063796062,1.6045505820030725,1
sleep,sleep::wired_sleep_16,wired_sleep_16,expert,partner,3,Middle,2.878595927153442,1.20140849080202,0.41560514821195815,0.5843948517880418,-0.3889877417809283,0.6944938708904642,0.0,0.0,1.0,0.620193607820918,1.0371268675552332,0.6359082173941732,0.7580179581244377,0.36025525619823084,0.959531975717814,0.16266336314218993,0.16238354905177002,1.6567023997785135,2
sleep,sleep::wired_sleep_16,wired_sleep_16,expert,partner,5,Middle,5.011737819075879,1.4113842609577036,0.28161574126755706,0.7183842587324429,-0.3922248537489793,0.6961124268744896,0.20396022379677936,0.04069650711185603,0.4,0.5715790304502866,1.0838803521027949,0.6975965441564601,0.7001991386732835,0.21626836662869428,1.0023475638151758,0.22704121690333703,0.22650947146433278,1.5812942073561436,1
time,time::wired_time_12,wired_time_12,child,expert,3,Beginning,3.363968644712837,1.3017166052023117,0.3874563758245695,0.6125436241754305,-0.3803248648102888,0.6901624324051444,0.0,0.0,1.0,0.5672820360325547,1.195366904483651,0.7328159880434224,0.6781536749450849,0.3555280301712881,1.1213228815709457,0.05379102797610687,0.04815778698934443,1.6679092527480064,4
time,time::wired_time_12,wired_time_12,child,expert,3,End,3.1118181554415103,1.11849748266849,0.36237579581149304,0.637624204188507,-0.500674047206612,0.750337023603306,0.1321401841185511,0.04127009325556267,0.6666666666666666,0.48615612839452416,1.0456037283916584,0.6397586991221151,0.7623996723131636,0.33708105041787256,1.0372727184805035,0.1126535408304361,0.1084522387427475,1.7245599416006698,4
time,time::wired_time_12,wired_time_12,child,expert,3,Middle,3.3892553683616344,1.1072746277099816,0.327456398433571,0.672543601566429,-0.4406710161253543,0.7203355080626772,0.1808906208546495,0.0533803508494575,0.49999999999999994,0.5001564118372794,1.146720679954732,0.7025353815294678,0.7058888795530404,0.338553380911924,1.129751789453878,0.09946894277869017,0.08952642161213734,1.7072580716155477,4
time,time::wired_time_12,wired_time_12,child,expert,5,Beginning,5.5623916086516045,1.2905366852246238,0.23217188901760344,0.7678281109823967,-0.386231312803521,0.6931156564017605,0.13592386125357434,0.024479067202252913,0.7333333333333334,0.5516191716392029,1.2103987547945245,0.7825595883323745,0.6198891828254527,0.2176043050806942,1.112478321730321,0.07604888041924562,0.06854871358706348,1.6611388713652098,3
time,time::wired_time_12,wired_time_12,child,expert,5,End,5.254970881958667,1.1615410421739583,0.22081202194241956,0.7791879780575804,-0.47802516266153255,0.7390125813307663,0.23906346523391112,0.045322506545673456,0.6,0.510569834397565,1.0702677067882782,0.6898164527394304,0.7151201124998958,0.20360008008415165,1.0509941763917334,0.14604887516283604,0.13888888847041456,1.697943486620659,3
time,time::wired_time_12,wired_time_12,child,expert,5,Middle,5.527843925347862,1.0986053595115255,0.19870058812513855,0.8012994118748614,-0.4253107100365794,0.7126553550182897,0.347651985018546,0.06317324037587564,0.5,0.524319331444594,1.1316515132288685,0.7290621888117765,0.6743664969560417,0.20474061676055177,1.1055687850695723,0.12421188802331157,0.11273789624944974,1.7041898620806681,4
time,time::wired_time_12,wired_time_12,child,joint,3,Beginning,3.0767013000102477,1.2424886935950414,0.40724039557761327,0.5927596044223867,-0.40196270912214443,0.7009813545610721,0.022359229719101453,0.007608366519110446,0.875,0.5455125234605823,1.1130331527619566,0.6882279874342352,0.7197972638606818,0.36379806951861676,1.0255671000034159,0.18249058770570445,0.19805169927252797,1.7224945005974703,8
time,time::wired_time_12,wired_time_12,child,joint,3,End,3.2058990117993407,1.1467266836759402,0.3576069598425064,0.6423930401574935,-0.4310426093892602,0.7155213046946302,0.14822952731015082,0.04585536079281948,0.6666666666666666,0.5138574197567413,1.1064023823480034,0.6781906387864196,0.7283820595869948,0.34507089527033386,1.0686330039331136,0.1537638144196394,0.14408210198456559,1.7038597406775795,8
time,time::wired_time_12,wired_time_12,child,joint,3,Middle,3.5994707827088277,1.2607088498815602,0.35166154154788254,0.6483384584521175,-0.597150325168181,0.7985751625840904,0.20264539917526186,0.05602482202015835,0.6666666666666666,0.520356232800144,1.1591194968070384,0.7140516927856637,0.6926623346380383,0.32259626800932184,1.199823594236276,0.054061867909710105,0.04594166318937502,1.785386744023938,10
time,time::wired_time_12,wired_time_12,child,joint,5,Beginning,5.2331652716749995,1.296755900298287,0.24951335717050332,0.7504866428294967,-0.4053775556644262,0.7026887778322131,0.12953864806889642,0.02430860753937451,0.7714285714285715,0.5327782577273282,1.1668042801794325,0.7597743492164,0.6470301967479605,0.22407173391153892,1.046633054335,0.17320590003817732,0.17658775859176098,1.7061763154554013,7
time,time::wired_time_12,wired_time_12,child,joint,5,End,5.3574220745873955,1.1753272124486727,0.21949026396269097,0.780509736037309,-0.44164707897613115,0.7208235394880657,0.3333756922385685,0.06181702469413541,0.6,0.5242724626758404,1.119644788908308,0.7225897820573343,0.6829464822065512,0.20906634014894793,1.0714844149174791,0.15743945121803254,0.14726577994482684,1.7069226317116726,7
time,time::wired_time_12,wired_time_12,child,joint,5,Middle,5.975535603853877,1.254055880798519,0.21033091729161185,0.7896690827083882,-0.5818591465461637,0.7909295732730819,0.3217658767919639,0.05394834748025801,0.6,0.5402791385312923,1.1697503033760193,0.7595411587512022,0.6415974725839327,0.19615802320112335,1.1951071207707753,0.08676613411792997,0.0735398522494312,1.7790270079896804,10
time,time::wired_time_12,wired_time_12,child,partner,3,Beginning,3.4420901567367532,1.2637921267296826,0.3737083529666432,0.6262916470333568,-0.41556097882709175,0.7077804894135458,0.05158236962948163,0.013778944179859842,0.7777777777777777,0.5775054533426398,1.2130437562521783,0.7486103095931383,0.6598288482690122,0.35501372521121216,1.1473633855789176,0.17154182944007576,0.16148053547821972,1.7438002299472666,3
time,time::wired_time_12,wired_time_12,child,partner,3,End,3.765488967520455,1.3138790032149148,0.3492656164385348,0.6507343835614652,-0.4666061312825971,0.7333030656412985,0.01081127344355326,0.00301604667216952,0.7777777777777778,0.5628085026506818,1.2797999599240544,0.7838326575097266,0.6136990720883367,0.34000391970470395,1.255162989173485,0.1279502435352816,0.10456798940387306,1.6991115073136225,3
time,time::wired_time_12,wired_time_12,child,partner,3,Middle,3.072125369639352,1.1727596990441802,0.38679227132534766,0.6132077286746525,-0.4337492455734324,0.7168746227867162,0.08604491877687429,0.030276087364334632,0.6666666666666666,0.4662693492543492,1.0722071255748562,0.658918214148194,0.7198303621386903,0.3501269459539115,1.024041789879784,0.20887732736350376,0.21737816575230312,1.692013693133383,5
time,time::wired_time_12,wired_time_12,child,partner,5,Beginning,5.29136251289743,1.1934671487435575,0.22572415971430843,0.7742758402856915,-0.3668169250595784,0.6834084625297892,0.13109799746868334,0.024532729690006107,0.7,0.5776476333687827,1.1759006349249073,0.7650165476280837,0.6373188214690346,0.22227013535091536,1.0582725025794861,0.2932400027000154,0.27734084910985335,1.7207211424905318,2
time,time::wired_time_12,wired_time_12,child,partner,5,End,6.381925458801622,1.3514877019917624,0.2117674306818558,0.7882325693181442,-0.4769845869144591,0.7384922934572296,0.06804033421133016,0.01066645470381965,0.7,0.5599557561104229,1.3037669106898544,0.8421696621302406,0.5352714327894237,0.20429005094256608,1.2763850917603246,0.1587819926882785,0.12439971734370249,1.7262868527095876,2
time,time::wired_time_12,wired_time_12,child,partner,5,Middle,5.213254177394896,1.3340544749146235,0.25948791216057715,0.7405120878394229,-0.4392321088607627,0.7196160544303813,0.11009699021220527,0.0216109891059193,0.6799999999999999,0.474027406482057,1.1454279247474104,0.7420073365428619,0.6438692779282871,0.2205703742745282,1.0426508354789792,0.2915192765270003,0.2849405011302537,1.694311484524907,5
time,time::wired_time_13,wired_time_13,teenager,expert,3,Beginning,3.179253934326568,1.1099894109071893,0.3491351851208161,0.6508648148791839,-0.3654631099025064,0.6827315549512532,0.12460640847040994,0.0391936004623689,0.6666666666666666,0.5642835454955535,1.1012074794072628,0.6748449848511454,0.7355887842822998,0.3463729233822656,1.0597513114421895,0.12007838373006953,0.11330807750231307,1.597168491833322,1
time,time::wired_time_13,wired_time_13,teenager,expert,3,End,3.1537965943434223,1.2179157831559697,0.3861744873909737,0.6138255126090263,-0.4692784063669363,0.7346392031834681,0.11792761252531503,0.03739226960192275,0.6666666666666666,0.43953655238288003,1.0838280955727377,0.6629998173305256,0.7441445988135763,0.3436582110325907,1.0512655314478074,0.1436743816707013,0.13666802284750296,1.6601464621628939,1
time,time::wired_time_13,wired_time_13,teenager,expert,3,Middle,2.9818346875194237,1.090812636820425,0.3658240544961966,0.6341759455038034,-0.5030521765151307,0.7515260882575654,0.07300186829639,0.02449005524781789,0.8333333333333333,0.5703818688993552,1.0073890375511567,0.6167089344522831,0.7839927611229291,0.3378449071418891,0.9939448958398079,0.06961338434597547,0.07003760565690353,1.7534561702329214,2
time,time::wired_time_13,wired_time_13,teenager,expert,5,Middle,5.110474207710805,1.1986987718579667,0.23463839164278152,0.7653616083572186,-0.460211467324926,0.730105733662463,0.18465025380456213,0.03595764681960182,0.8,0.5570987783824376,1.0736154608075634,0.6928645523559058,0.7165057642782708,0.21008982470645568,1.0220948415421611,0.11892432865287011,0.11631673162595874,1.6934851391932293,2
time,time::wired_time_13,wired_time_13,teenager,joint,3,Beginning,3.38370233388792,1.0791704895877625,0.3171452511365007,0.6828547488634994,-0.515500744696673,0.7577503723483364,0.12294916499904063,0.037530137977570745,0.4444444444444444,0.48362767297488674,1.1102650495529118,0.6796616956002118,0.7268013214038961,0.32784701340463257,1.1279007779626398,0.09396137326635075,0.08371193511805375,1.726628903733982,3
time,time::wired_time_13,wired_time_13,teenager,joint,3,End,3.4516523187549932,1.2879134326388073,0.3731879523599932,0.6268120476400069,-0.46500093803347314,0.7325004690167366,0.10926903177905574,0.03122076973890661,0.7777777777777777,0.5440255464390759,1.1838398741565133,0.7253363451620367,0.6840516378043299,0.3431901105009166,1.150550772918331,0.045899423269252775,0.04017197849242845,1.7140087689983254,3
time,time::wired_time_13,wired_time_13,teenager,joint,3,Middle,3.5694581925146442,1.2431909824522835,0.34833686736745745,0.6516631326325426,-0.50165562309126,0.7508278115456299,0.12230310812758197,0.03421574101512372,0.6666666666666666,0.507403506169889,1.1966990710720933,0.7325359353498303,0.677398408787316,0.33526741249358055,1.1898193975048814,0.0664256618669172,0.0556776797355064,1.7398860786656691,4
time,time::wired_time_13,wired_time_13,teenager,joint,5,Beginning,5.732291438455641,1.265517725957906,0.22086928729748911,0.7791307127025109,-0.5119380785467187,0.7559690392733593,0.1441874776303418,0.025057968256337756,0.6,0.49707574328753923,1.147574441764011,0.739364757959021,0.6644173178502111,0.20020107997990422,1.1464582876911282,0.1095921405454862,0.09556947455778092,1.7321408117904529,2
time,time::wired_time_13,wired_time_13,teenager,joint,5,End,5.774625338966848,1.2292894443856892,0.2129049750223357,0.7870950249776643,-0.4761663705850409,0.7380831852925205,0.18295932665229397,0.03164113440456119,0.7,0.524067707225579,1.1968434790083982,0.7726781550847226,0.6296735130597088,0.20727903022652577,1.1549250677933696,0.05344525498384063,0.04633584772788063,1.7221212859169774,2
time,time::wired_time_13,wired_time_13,teenager,joint,5,Middle,5.921607338257433,1.227276733866772,0.20732767729221535,0.7926723227077846,-0.50870697524956,0.7543534876247799,0.3790776537398544,0.06410016862096216,0.6,0.5274571222300541,1.1986466025306655,0.7730024289900767,0.6272572394319244,0.20243648293185518,1.1843214676514864,0.06698651612628141,0.05657719758226365,1.7393524727691425,4
time,time::wired_time_13,wired_time_13,teenager,partner,3,End,4.011892963294902,1.3683223124836368,0.3410665052638533,0.6589334947361467,-0.4727416555022327,0.7363708277511163,0.03410504174540563,0.008500984960824009,0.6666666666666666,0.5136748046605735,1.3524848934633669,0.8281728267372332,0.5600457038610714,0.33711888772640464,1.337297654431634,0.015711938756079093,0.011749021397002927,1.709825433868682,1
time,time::wired_time_13,wired_time_13,teenager,partner,3,Middle,3.8873239061471168,1.2534369869468063,0.3231742684280151,0.676825731571985,-0.4554694877255132,0.7277347438627566,0.1471037301894501,0.03723829959149544,0.6666666666666666,0.4685153190635232,1.3116592424139206,0.8037005034713507,0.5934705326710222,0.3375346271432218,1.2957746353823723,0.051489817810408706,0.040543427338787394,1.718391790414882,2
time,time::wired_time_13,wired_time_13,teenager,partner,5,Middle,6.467902746301061,1.0641887332692386,0.16453381799499675,0.8354661820050032,-0.4692056908937299,0.7346028454468649,0.33823862095980406,0.05229494539837351,0.4,0.4682808594463202,1.2936471080851113,0.835495126825525,0.5466974620418167,0.20001029063477138,1.2935805492602124,0.0818195869231667,0.06325047711173348,1.7309737887875147,1
time,time::wired_time_14,wired_time_14,undergraduate,expert,3,Beginning,3.3754538205934335,1.3826603572114737,0.40962206289890535,0.5903779371010947,-0.36326111683300877,0.6816305584165043,0.0,0.0,1.0,0.6337800354566715,1.214582643309168,0.7436194324087511,0.6627117144670899,0.3598279543624845,1.1251512735311444,0.1078707378511172,0.09587220882093354,1.635695226516817,1
time,time::wired_time_14,wired_time_14,undergraduate,expert,3,End,2.847670469154131,1.1517391103806,0.4044495747861976,0.5955504252138024,-0.30469446231510267,0.6523472311575513,0.021380388235036518,0.007508027514639826,0.6666666666666666,0.5312404806424731,1.042402439374364,0.6398153114577957,0.7672342658216567,0.36605444719311153,0.9492234897180437,0.0422725445151734,0.04453381629623387,1.6251119618088106,1
time,time::wired_time_14,wired_time_14,undergraduate,expert,3,Middle,2.936646626735282,1.055171108679917,0.35917529257623393,0.6408247074237661,-0.39123209001069725,0.6956160450053486,0.0339100384137605,0.011770421897542124,0.8333333333333333,0.5808999829075892,1.023911329896204,0.6273989354961058,0.7776159938678748,0.3486551210335899,0.9788822089117606,0.06688137899461297,0.0680853110300787,1.658454062073685,2
time,time::wired_time_14,wired_time_14,undergraduate,expert,5,Middle,5.0938179138983255,1.2718021854595336,0.24954854639396426,0.7504514536060357,-0.36260493979237646,0.6813024698961883,0.1359059508204381,0.027079339448540525,0.7,0.5873558614054339,1.0980375720814397,0.7083218709282247,0.6997648951488338,0.21551245778992792,1.018763582779665,0.09618319178904211,0.09357091301496162,1.6273201754061843,2
time,time::wired_time_14,wired_time_14,undergraduate,joint,3,Beginning,3.367796285191643,1.2617703365924724,0.37435964876674865,0.6256403512332515,-0.4698379463869348,0.7349189731934674,0.004138150398007061,0.0012572353293299956,0.8888888888888888,0.54386591446322,1.1616908179310113,0.7121420802545723,0.699770860071227,0.34492395965377104,1.1225987617305477,0.09314338945609095,0.08255366809875045,1.7265144097432712,3
time,time::wired_time_14,wired_time_14,undergraduate,joint,3,End,2.9372014752482922,1.1548703104050817,0.3928661877274049,0.6071338122725951,-0.43268393822867174,0.7163419691143359,0.0021756729574648284,0.0007540591666670275,0.8888888888888888,0.5537487710627977,1.031621087721445,0.6318552572815608,0.7730424620987569,0.35116889819552943,0.9790671584160974,0.03654827379460996,0.037418036797221894,1.7020218326602912,3
time,time::wired_time_14,wired_time_14,undergraduate,joint,3,Middle,3.038289660342225,1.1120413184287994,0.36741928382916683,0.6325807161708332,-0.461167809448453,0.7305839047242264,0.06873153187069009,0.02158481898482323,0.6666666666666666,0.5420854553412779,1.0421414356181764,0.6380672219302658,0.7655832148755354,0.3434588443946888,1.012763220114075,0.10069765897791559,0.10007036502581511,1.712317572490241,4
time,time::wired_time_14,wired_time_14,undergraduate,joint,5,Beginning,5.649522084092015,1.3335016782624463,0.2362634841134492,0.7637365158865508,-0.4809111396049822,0.740455569802491,0.07951485591933649,0.013867782164399373,0.8,0.5461997496059368,1.1908425792805886,0.7698597787035,0.6355028420316973,0.21090822015212196,1.1299044168184031,0.095786466141836,0.08501518669606054,1.7190474713329305,2
time,time::wired_time_14,wired_time_14,undergraduate,joint,5,End,4.793989690076543,1.2276716286644125,0.2562028390364025,0.7437971609635975,-0.43577991702831487,0.7178899585141574,0.017371987225123342,0.00363003958218055,0.8,0.5281470939395904,1.0675222796199448,0.690485395182883,0.7197429618480194,0.22268181291565353,0.9587979380153088,0.05832582893318217,0.06091526189686926,1.7088203773471338,2
time,time::wired_time_14,wired_time_14,undergraduate,joint,5,Middle,5.08302444762969,1.1206752882591533,0.22073493128496363,0.7792650687150364,-0.4554112961084089,0.7277056480542045,0.13839918015135072,0.027042960793415324,0.6,0.5587020660682509,1.0690309636070963,0.6898357387940994,0.7202137240800395,0.21039501629662935,1.0166048895259379,0.11976200932739775,0.11781059720142467,1.7067718642997618,4
time,time::wired_time_14,wired_time_14,undergraduate,partner,3,End,3.3881966432793584,1.2612763117025547,0.37225593567727344,0.6277440643227266,-0.33045893953362176,0.6652294697668109,0.05569142146088013,0.016436891752238343,0.6666666666666666,0.5480986765557699,1.2035487600695494,0.7376127725052752,0.6737245743750593,0.3552180958731669,1.1293988810931195,0.060614910946351505,0.05367006463445732,1.6019846196618714,1
time,time::wired_time_14,wired_time_14,undergraduate,partner,3,Middle,3.486438680661718,1.1847888660573838,0.3396029630275227,0.6603970369724774,-0.5029691140713977,0.7514845570356989,0.13741973264931828,0.039397741005963646,0.6666666666666666,0.5350887917654736,1.163776071874558,0.7123549651786867,0.6995636475370244,0.3338021144939003,1.1621462268872391,0.03696478909395968,0.0323548407477449,1.741380153696457,2
time,time::wired_time_14,wired_time_14,undergraduate,partner,5,Middle,5.768566895693614,1.2815893838394352,0.22216772501956683,0.7778322749804332,-0.42230296091639186,0.711151480458196,0.06618253742685143,0.011472960030377462,0.6,0.5536776940675839,1.2147869411920977,0.7844098689115522,0.6176636800476807,0.2105873023850981,1.1537133791387228,0.05603349102304095,0.04856794766900546,1.6779514738966887,1
time,time::wired_time_15,wired_time_15,graduate,expert,3,Beginning,3.498146408658876,1.235683175400861,0.3531279793872725,0.6468720206127275,-0.46093747440295196,0.730468737201476,0.053320953924836365,0.015228935958061665,0.6666666666666666,0.5323694480307807,1.1921521222482028,0.7300673831463281,0.6782312568021794,0.34093040528428087,1.166048802886292,0.06559402329196469,0.0561304314865501,1.7090901752132102,7
time,time::wired_time_15,wired_time_15,graduate,expert,3,End,3.344708889985051,1.2423139329565305,0.3827368113017894,0.6172631886982105,-0.49743550150513677,0.7487177507525683,0.08189809501497052,0.022961081648935337,0.6666666666666666,0.5945605554870682,1.1794418955560158,0.7348679752875249,0.669283379545596,0.3578225064384086,1.1149029633283503,0.23619937334977165,0.2538475698788292,1.7419678696305017,7
time,time::wired_time_15,wired_time_15,graduate,expert,3,Middle,3.1697870208619374,1.1886246851692526,0.3883181666631853,0.6116818333368147,-0.4945777111404104,0.7472888555702052,0.12152675475524541,0.03588763745390411,0.7407407407407407,0.5718988415972298,1.1230814330557954,0.7051220109553823,0.7024392191950434,0.3611331614377338,1.0565956736206457,0.22510624049105207,0.261020151223363,1.7808426440784895,9
time,time::wired_time_15,wired_time_15,graduate,expert,5,Beginning,5.757308631484079,1.2244700972636926,0.21274193450806453,0.7872580654919354,-0.4602065662059456,0.7301032831029728,0.1870834807787561,0.03249439440525466,0.6333333333333333,0.5433778490686517,1.1796987901311782,0.7611735496481451,0.6428235048070938,0.20487929941695335,1.1514617262968159,0.08426753933474072,0.07256399495356446,1.70623112928995,6
time,time::wired_time_15,wired_time_15,graduate,expert,5,End,5.701002458995223,1.2377923515447653,0.21949142351364337,0.7805085764863566,-0.47817002656641594,0.739085013283208,0.19606883390516813,0.03431392985438525,0.6333333333333333,0.5597630718474219,1.2051817363686141,0.7865512916507806,0.613412990440043,0.21326015848731947,1.1402004917990445,0.22296101329542897,0.2163841099001326,1.7592315039689321,6
time,time::wired_time_15,wired_time_15,graduate,expert,5,Middle,5.282133317714825,1.1669893018410216,0.22237572645663503,0.7776242735433649,-0.49782514923690485,0.7489125746184524,0.28102530504543594,0.05270472211773368,0.6444444444444444,0.5571533664318145,1.1344543095018558,0.746319967203921,0.6601775743367546,0.2163063810490157,1.056426663542965,0.2954531960548401,0.2981978621805209,1.7738216282352617,9
time,time::wired_time_15,wired_time_15,graduate,joint,3,Beginning,3.4817480530402496,1.222306554726396,0.3547447263224613,0.6452552736775388,-0.45020356133581346,0.7251017806679068,0.07909857436058026,0.02202630227869244,0.6666666666666666,0.5152059575518272,1.1873247601080843,0.7278650132126733,0.6786487805404349,0.3424734109003174,1.16058268434675,0.12197476441794758,0.11270976868509858,1.708934951784761,16
time,time::wired_time_15,wired_time_15,graduate,joint,3,End,3.5851772800958,1.2440345227990735,0.34787557700543925,0.6521244229945607,-0.5041734639247106,0.7520867319623553,0.13890976859586857,0.03705861185595518,0.6875,0.5537325557259454,1.1859675378664627,0.7325647468264448,0.672823715754069,0.33156249999523657,1.1950590933652667,0.10410232924763725,0.09195669476564884,1.7375060154662345,16
time,time::wired_time_15,wired_time_15,graduate,joint,3,Middle,3.6668012200722084,1.163207550805094,0.3181253949688192,0.6818746050311808,-0.517302735484292,0.758651367742146,0.24543375343579207,0.06470319065628613,0.6458333333333333,0.5165535712142957,1.1887507028311066,0.7352746871479077,0.6732503688204433,0.3253122095383232,1.2222670733574028,0.09851826103052669,0.08136239588699964,1.7441246937211305,16
time,time::wired_time_15,wired_time_15,graduate,joint,5,Beginning,5.770969436095963,1.2350667357771572,0.2144931976809828,0.7855068023190172,-0.45242709363002537,0.7262135468150127,0.1314730817445452,0.023241613576232303,0.64,0.5276025277892457,1.193085185992493,0.771327278768095,0.6300598790148191,0.20713993082959645,1.1541938872191926,0.1468090137798102,0.13267355007418122,1.7175349046819688,15
time,time::wired_time_15,wired_time_15,graduate,joint,5,End,5.984402095166377,1.279079438470042,0.2141623862485259,0.7858376137514741,-0.4956781684852741,0.747839084242637,0.21222185974043986,0.03519822333831848,0.5866666666666667,0.5483539665723228,1.215491424023282,0.7908854724881329,0.6077362239634281,0.20325757021758548,1.1968804190332754,0.13185131666539232,0.11238844011918826,1.7414536714245066,15
time,time::wired_time_15,wired_time_15,graduate,joint,5,Middle,6.1279296494931526,1.1992244786726698,0.19625431404092047,0.8037456859590795,-0.5203315138686025,0.7601657569343012,0.3912530644290095,0.06290230485356202,0.575,0.5333095721750257,1.1894492302965187,0.7756637698515487,0.6275601693153828,0.19445328033554632,1.2255859298986307,0.10745394701678455,0.0878260103213554,1.7449445328891136,16
time,time::wired_time_15,wired_time_15,graduate,partner,3,Beginning,3.717741388612675,1.2345924929864045,0.33230783017225524,0.6676921698277447,-0.5104579484728415,0.7552289742364209,0.09772867134345074,0.026153988021232123,0.7142857142857143,0.513659772296639,1.2319039565648737,0.7544632143501321,0.6537509461972926,0.33148360790039655,1.2392471295375584,0.05251991231256369,0.04236047106797985,1.733049946703394,7
time,time::wired_time_15,wired_time_15,graduate,partner,3,End,3.6744153723859534,1.2837279348708435,0.34943959259702423,0.6505604074029757,-0.4510000540480737,0.7255000270240368,0.04109082417952403,0.0111264966448562,0.8095238095238094,0.5331267546283469,1.2566142138127476,0.7702089017147371,0.6365111480332265,0.34209496823906166,1.224805124128651,0.07576725824469276,0.06266825550479212,1.7099493632394753,7
time,time::wired_time_15,wired_time_15,graduate,partner,3,Middle,3.768426059140624,1.2624869391559057,0.3352329687925798,0.6647670312074202,-0.5031559403585345,0.7515779701792673,0.11311439240514007,0.02996941101169582,0.75,0.5008105372870972,1.2547138934924864,0.7683676161213231,0.6369691893352232,0.33311284883947834,1.2561420197135413,0.0696108120472967,0.05605192919722272,1.7368737036322306,8
time,time::wired_time_15,wired_time_15,graduate,partner,5,Beginning,6.235950769723608,1.1601139653194155,0.18610568347271017,0.8138943165272899,-0.5262409602786531,0.7631204801393267,0.3356448735395543,0.053849400528809356,0.6666666666666666,0.5195888003512577,1.2294596679686915,0.7938182012611805,0.604027149144418,0.19715672073271187,1.2471901539447217,0.06300621753349238,0.05056673414959636,1.743521708630765,6
time,time::wired_time_15,wired_time_15,graduate,partner,5,End,6.137874220552754,1.2856167776377836,0.2094304551352808,0.7905695448647192,-0.450624710235048,0.725312355117524,0.09373236430539589,0.015242088147951282,0.7333333333333334,0.5353056293393025,1.2731610253415873,0.8226292573544894,0.5675663943717821,0.20744599394832455,1.227574844110551,0.089790982427733,0.07318768779390832,1.7088327313876264,6
time,time::wired_time_15,wired_time_15,graduate,partner,5,Middle,6.276722201557576,1.2580515318650016,0.2004664292123233,0.7995335707876767,-0.499407244290545,0.7497036221452725,0.2622112115942404,0.04168771790140433,0.55,0.5150564621701,1.2529113465715223,0.8102846379447952,0.583648376653333,0.19967139636690778,1.2553444403115153,0.08433149053751478,0.06731396935552933,1.7336941785574478,8
time,time::wired_time_16,wired_time_16,expert,expert,3,Beginning,3.625580877248988,1.1404107125898737,0.31590406979236496,0.684095930207635,-0.5128544015482631,0.7564272007741316,0.16542902429415865,0.04516256612542502,0.6666666666666666,0.46676633984488536,1.189882167061693,0.7279985338790338,0.6817940291277022,0.32858046122606743,1.208526959082996,0.07380071105877921,0.061069802645514,1.7448378402857265,3
time,time::wired_time_16,wired_time_16,expert,expert,3,End,3.624505494669915,1.2043480862314302,0.3318087525079929,0.6681912474920071,-0.4828469415929048,0.7414234707964523,0.11141137633877807,0.031193507037105928,0.6666666666666666,0.49016030541099836,1.2152542076262136,0.7441069935323052,0.6655013221065929,0.33525145255351047,1.208168498223305,0.06389338140154321,0.05241498724682756,1.7254217062191877,3
time,time::wired_time_16,wired_time_16,expert,expert,3,Middle,3.4489397533334576,1.2626104862044005,0.36631446237830784,0.6336855376216922,-0.4902247867356084,0.7451123933678042,0.01184904943157313,0.0034862122244497975,0.7777777777777777,0.5400767223177825,1.1719500637487978,0.7174054180119596,0.6946044386764648,0.3398700616056221,1.1496465844444859,0.0880291834235038,0.07620306345837047,1.7210086353909715,3
time,time::wired_time_16,wired_time_16,expert,expert,5,Beginning,5.924128000134881,1.1843563047977619,0.1999391815551515,0.8000608184448486,-0.513582090084723,0.7567910450423615,0.28321415573412084,0.04783663485162811,0.7,0.5425690397074121,1.1663403306559226,0.7520621043286553,0.6546728730677573,0.1968837871208592,1.1848256000269761,0.09533969698914047,0.08051848342209016,1.770680317959984,2
time,time::wired_time_16,wired_time_16,expert,expert,5,End,5.979657608983575,1.3051868684640158,0.21861520264229806,0.7813847973577019,-0.48269019120117473,0.7413450956005874,0.08459254153619,0.014139354948315955,0.6,0.49471136133786786,1.2198487574141939,0.7871444209109877,0.6132930664300076,0.2040664898877917,1.195931521796715,0.08179012001388787,0.06862615049003037,1.720585657384011,2
time,time::wired_time_16,wired_time_16,expert,expert,5,Middle,5.8677783679082935,1.2710333702637593,0.21643835867578085,0.7835616413242192,-0.5010714045195881,0.750535702259794,0.1182609268764893,0.020388980993844175,0.6,0.5372102256507615,1.1845189558637326,0.764235341644731,0.6415112697930448,0.20190907989741305,1.1735556735816586,0.08366386323193774,0.07104656243370815,1.721283468114055,3
time,time::wired_time_16,wired_time_16,expert,joint,3,Beginning,3.253611779417439,1.0842618618538309,0.33450508540711327,0.6654949145928867,-0.4718771249701101,0.735938562485055,0.16928123649827456,0.0515774536130264,0.6666666666666666,0.4969021672647626,1.0936278906977495,0.6711630659537917,0.7372857309135704,0.33666663844305095,1.0845372598058132,0.12521693904142223,0.11789721512373053,1.7365521735961413,6
time,time::wired_time_16,wired_time_16,expert,joint,3,End,3.330359521322782,1.1633551028965736,0.35271425698243114,0.6472857430175688,-0.48701908000267297,0.7435095400013365,0.08090996093044713,0.022624922559048816,0.7222222222222222,0.500282518463972,1.1255545117718715,0.6892821202589094,0.7186847088426181,0.33900618529739995,1.1101198404409274,0.12114476859847532,0.11099162422154511,1.741136659658504,6
time,time::wired_time_16,wired_time_16,expert,joint,3,Middle,3.354051399794354,1.1686958409960853,0.3494804821209167,0.6505195178790834,-0.4632976255409481,0.7316488127704741,0.09683157702714305,0.02837896936008904,0.6666666666666666,0.5241333747165453,1.1401911066240569,0.6988015649874858,0.7107295735775226,0.3406253563099917,1.1180171332647846,0.11278389925146379,0.10399839810986787,1.7066183681704201,8
time,time::wired_time_16,wired_time_16,expert,joint,5,Beginning,5.414516655109049,1.1925576746450846,0.2203486459983211,0.7796513540016788,-0.446742148495729,0.7233710742478645,0.2669471711794949,0.04914271903056957,0.64,0.5211736127150441,1.1176512133697882,0.7228188550444574,0.6863354346992173,0.206514877079674,1.0829033310218097,0.1445961202778058,0.13412903397872925,1.7194469216646933,5
time,time::wired_time_16,wired_time_16,expert,joint,5,End,5.423514711162233,1.1899582545600638,0.21923669524487627,0.7807633047551237,-0.46826161093075963,0.7341308054653798,0.17035186746225506,0.031246980794136618,0.72,0.5141183094481414,1.1275952536333422,0.7280721722295435,0.6797969779390732,0.20813844142504526,1.0847029422324466,0.1589599859745539,0.14708390965948587,1.7166866508138043,5
time,time::wired_time_16,wired_time_16,expert,joint,5,Middle,5.593932620973391,1.1391269115214964,0.2035123188885178,0.7964876811114822,-0.4751475090282382,0.7375737545141191,0.2221285988742316,0.04006365391638677,0.625,0.5343362769219695,1.1437727116745888,0.7383869690534104,0.6689608195974759,0.2046963407254213,1.1187865241946782,0.12669405050248864,0.11559551995629289,1.7229207178191146,8
time,time::wired_time_16,wired_time_16,expert,partner,3,Beginning,3.1699047019592985,1.1725435588596311,0.36989214668298265,0.6301078533170174,-0.3899120933560526,0.6949560466780262,0.052839816835720366,0.01694300479964496,0.6666666666666666,0.5474720934459175,1.1183850195542273,0.6870028556014236,0.7244579055346381,0.35284433517293573,1.0566349006530995,0.14565621188707245,0.13783819824291543,1.672736885827387,2
time,time::wired_time_16,wired_time_16,expert,partner,3,End,3.082976965391544,1.1024899421383454,0.35749261417153233,0.6425073858284677,-0.44538831670932455,0.7226941583546622,0.13599769450861926,0.044187526987281844,0.6666666666666666,0.521269103002175,1.0524238627287934,0.6435487531548543,0.7619262490718485,0.3413345164568953,1.027658988463848,0.03308550444507209,0.032182678720049936,1.691971466964837,2
time,time::wired_time_16,wired_time_16,expert,partner,3,Middle,3.390537362930916,1.1242081895491884,0.3314898718840247,0.6685101281159753,-0.4792772069074424,0.7396386034537212,0.1614076067654859,0.04821532749908018,0.5833333333333333,0.4975514996883813,1.1370742901929092,0.6957905334745682,0.7136820948884743,0.3354969407002872,1.130179120976972,0.0835157491219444,0.07531034367937547,1.7291260685724374,4
time,time::wired_time_16,wired_time_16,expert,partner,5,Beginning,5.4613675165852555,1.2638012296675076,0.23140746815327035,0.7685925318467297,-0.4270103511499961,0.713505175574998,0.302894268145913,0.05546124981079813,0.4,0.4673272766559261,1.1474920447367778,0.7417668326101312,0.6677506800214718,0.21011075362572418,1.0922735033170512,0.1313815210422017,0.12028262211178617,1.6865133539227386,1
time,time::wired_time_16,wired_time_16,expert,partner,5,End,5.358962918093202,1.2389298068164039,0.23118835225253495,0.768811647747465,-0.450126242618949,0.7250631213094745,0.31325188328625586,0.058453825502064766,0.6,0.5572742858709931,1.1040421859027587,0.7103150302788714,0.6965508778290233,0.206017881216389,1.0717925836186404,0.07638959762791755,0.07127274324851841,1.6719413498156408,1
time,time::wired_time_16,wired_time_16,expert,partner,5,Middle,5.571750845212884,1.074420116259748,0.19303732911179527,0.8069626708882047,-0.46881816098155044,0.7344090804907752,0.2666276529932423,0.04780517881969121,0.45,0.5248905164291952,1.1302844363135596,0.7291631275997487,0.6798294367882789,0.2028952283004849,1.1143501690425768,0.10753408751827513,0.09656959862579059,1.7253877853254045,4
zero,zero::wired_zero_12,wired_zero_12,child,expert,3,Beginning,3.070519339658967,1.3409050869852888,0.43670302598850225,0.5632969740114977,-0.3643839281541121,0.6821919640770561,0.0,0.0,1.0,0.6867882308582729,1.1190197722066382,0.6848509495579089,0.7194384512921127,0.36443990361934153,1.023506446552989,0.17800450087849884,0.173916345596054,1.6323238007087668,1
zero,zero::wired_zero_12,wired_zero_12,child,expert,3,End,3.36696823126773,1.2225940895612646,0.36311423381055596,0.636885766189444,-0.4641176641607092,0.7320588320803546,0.0,0.0,1.0,0.5747222730695833,1.1576465802808449,0.7093210331515256,0.7043209983455017,0.3438246222611278,1.12232274375591,0.06317772202498698,0.05629193774828043,1.731427547883611,1
zero,zero::wired_zero_12,wired_zero_12,child,expert,3,Middle,2.9513673663577245,1.1054209852269332,0.3767345629035301,0.62326543709647,-0.3806675636180034,0.6903337818090017,0.062185378706078355,0.02010288452992258,0.7777777777777777,0.48020005244183966,1.04113858020652,0.637618529818241,0.7659526406876626,0.3531405022782473,0.9837891221192416,0.10360416924772708,0.10380718419995379,1.6565692921878192,3
zero,zero::wired_zero_12,wired_zero_12,child,expert,5,Middle,5.097196556666623,1.1971096725962973,0.2346136965746988,0.7653863034253012,-0.3890567615515322,0.6945283807757661,0.14939181620162664,0.029446830596698958,0.7333333333333334,0.5131924429764279,1.1020311496261426,0.7117877538487187,0.6969913173168658,0.21617118087100273,1.0194393113333247,0.14254075204640893,0.13977196301803718,1.6493730292965731,3
zero,zero::wired_zero_12,wired_zero_12,child,joint,3,Beginning,3.125091799581261,1.2319029736917304,0.39390024074811025,0.6060997592518897,-0.6164976395383035,0.8082488197691517,0.320907680563398,0.10698037511923794,0.8333333333333333,0.615802046807304,0.9988743645944356,0.6333579637913009,0.7622019596255782,0.3182534103381909,1.0416972665270872,0.09318244814978284,0.09089049353025568,1.7755656881083084,4
zero,zero::wired_zero_12,wired_zero_12,child,joint,3,End,3.7678094442528867,1.1478301741694104,0.30411807719993816,0.6958819228000619,-0.6669435517396094,0.8334717758698047,0.5150836934279089,0.13751418419500366,0.5833333333333333,0.5702144717459496,1.1129391673645255,0.7075647485078963,0.6986426460803118,0.2956640541523432,1.255936481417629,0.06461402666237609,0.051745115854206,1.8285096683477187,4
zero,zero::wired_zero_12,wired_zero_12,child,joint,3,Middle,3.295446275266504,1.1790959051393126,0.35936674771042226,0.6406332522895777,-0.4410910588382791,0.7205455294191395,0.13911334534567327,0.042207731090693715,0.6,0.47871306114768364,1.134575520233911,0.6942083645556094,0.7106930472764861,0.3445752665741856,1.0984820917555012,0.12208503663988764,0.11296212884017924,1.7086011214264964,5
zero,zero::wired_zero_12,wired_zero_12,child,joint,5,Beginning,5.200576541049539,1.2886056512384059,0.24778791209399623,0.7522120879060038,-0.6307680885407045,0.8153840442703523,0.5747631654886836,0.11044789298373353,0.6666666666666666,0.5894025134933542,1.0418643053709076,0.6945773610912435,0.711855863603172,0.20034529751190142,1.0401153082099077,0.11225475847502715,0.10792775205700468,1.7786705723656995,3
zero,zero::wired_zero_12,wired_zero_12,child,joint,5,End,6.258407585062764,1.0852596338838154,0.1737225259704854,0.8262774740295146,-0.6534295729075065,0.8267147864537533,0.8688987595201979,0.13850969972072638,0.5333333333333333,0.5858747473197305,1.1316862449236575,0.7581829736247427,0.6503673791572159,0.18084799627706502,1.2516815170125526,0.06688323621559102,0.053595972365634036,1.8232470044221796,3
zero,zero::wired_zero_12,wired_zero_12,child,joint,5,Middle,5.460957810978529,1.2530571308834177,0.23028376671956646,0.7697162332804335,-0.47218273595840377,0.7360913679792018,0.21604165267104217,0.04005053867563305,0.5599999999999999,0.48491316579602034,1.1391783735146463,0.7404429384557301,0.6630779289982996,0.2085325724125479,1.092191562195706,0.13865617337888833,0.12680917141210604,1.719419787032408,5
zero,zero::wired_zero_12,wired_zero_12,child,partner,3,Beginning,2.5258428793278442,1.302887544285057,0.5158228783540845,0.48417712164591553,,,0.0,0.0,1.0,0.8536430339712425,1.059095550490124,0.6938731975160098,0.7036687555364822,0.419303813059014,0.8419476264426148,0.5953757542679181,0.7071410804772873,1.5,1
zero,zero::wired_zero_12,wired_zero_12,child,partner,3,End,2.6994562477178605,1.1531253574068996,0.4263719535734711,0.5736280464265289,-0.5779096097798694,0.7889548048899346,0.16402486738088273,0.061318009605934753,0.6666666666666666,0.8044113038649805,1.0821272390284697,0.7148403085869934,0.6850615988643407,0.40082192375302084,0.8998187492392868,0.6372052185303139,0.7081736225772748,1.789453730513416,2
zero,zero::wired_zero_12,wired_zero_12,child,partner,3,Middle,3.3467353689392496,0.687979961812486,0.2587601552096005,0.7412398447903995,-0.49492429134758864,0.7474621456737943,0.6943260611175923,0.1729019866861203,0.5,0.4060247006550927,1.113463089878048,0.728608302583009,0.6642095467538315,0.3473808824014145,1.1155784563130833,0.34084339559758076,0.3743644702351373,1.8808405540107063,2
zero,zero::wired_zero_12,wired_zero_12,child,partner,5,End,5.2930558567023285,1.2583405259505929,0.23773422386185855,0.7622657761381415,-0.5225860641583489,0.7612930320791744,0.24393509386405987,0.046085871841910986,0.6,0.5702503442697454,1.0278728852896744,0.7212538140292494,0.6685366624261062,0.19419271459002854,1.0586111713404658,0.5319615777700775,0.5025089401772338,1.7400223968578055,1
zero,zero::wired_zero_12,wired_zero_12,child,partner,5,Middle,4.662585127969868,0.6278697972181323,0.1186797366383044,0.8813202633616957,-0.5225860641583489,0.7612930320791744,1.3759599236249718,0.30055685788329445,0.6,0.5412502852259575,0.9179095958436537,0.6578851536156787,0.703943187885127,0.19698154796740047,0.9325170255939736,0.5959591641899586,0.6603305601029499,2.000797044801694,2
zero,zero::wired_zero_13,wired_zero_13,teenager,expert,3,Beginning,2.9930889992573566,1.225926379646316,0.409585675517999,0.590414324482001,-0.4688124193465635,0.7344062096732817,0.11966518733124243,0.039980497526446314,0.6666666666666666,0.6398521295187163,1.043210554670836,0.6378791597029996,0.7608986851970002,0.34853977109590684,0.9976963330857855,0.10989730478057944,0.11015105612413839,1.6894782319310686,1
zero,zero::wired_zero_13,wired_zero_13,teenager,expert,3,End,3.25519058500573,1.017852329439199,0.31268594045697246,0.6873140595430276,-0.43655967434106785,0.7182798371705339,0.13731133579766364,0.04218227234686535,0.6666666666666666,0.4927339495972597,1.0937179624288327,0.6693431752766899,0.7399487283526194,0.33599198998264107,1.0850635283352432,0.07244951904666434,0.0667698408016901,1.7114934471141072,1
zero,zero::wired_zero_13,wired_zero_13,teenager,expert,3,Middle,3.1308478030864015,1.0442603914589927,0.3351508215600729,0.6648491784399271,-0.4324853015857479,0.716242650792874,0.15993852137265996,0.04941501984706503,0.5555555555555555,0.48024393946511434,1.0685488908193805,0.6562282318741939,0.7511435512462207,0.34144842471375253,1.0436159343621336,0.11435358254780714,0.11043015737561622,1.6850807135692554,3
zero,zero::wired_zero_13,wired_zero_13,teenager,expert,5,Middle,5.213607664507429,1.047801330872587,0.2009694765177069,0.7990305234822931,-0.4365560927318776,0.7182780463659388,0.2824876388134718,0.05436382605353976,0.6666666666666666,0.5240169446554629,1.074488841618593,0.695884041936139,0.7145127740485312,0.2061423068112925,1.042721532901486,0.1138377061454004,0.1091950254599977,1.6951922232630199,3
zero,zero::wired_zero_13,wired_zero_13,teenager,joint,3,Beginning,3.135856593165822,1.1389201835986018,0.36387511589179256,0.6361248841082074,-0.5533733472377462,0.7766866736188731,0.1352949705055417,0.04286071892518917,0.75,0.5224908527972749,1.0380029753179407,0.6358197526176267,0.7686046597842363,0.33136450609222423,1.0452855310552742,0.07748397644682986,0.0745201755436023,1.752765635480706,4
zero,zero::wired_zero_13,wired_zero_13,teenager,joint,3,End,3.697572226991957,1.3026702595453845,0.3524314114809354,0.6475685885190646,-0.5479731027773158,0.7739865513886579,0.13473551920424487,0.03648598293738296,0.6666666666666666,0.5154009918967688,1.2260354474512987,0.7518684424037939,0.6579051464510767,0.3318988321033922,1.2325240756639855,0.08220252751709292,0.06779952540530927,1.776856861683518,4
zero,zero::wired_zero_13,wired_zero_13,teenager,joint,3,Middle,3.3890263033201506,1.2216474305131189,0.3608357050107653,0.6391642949892347,-0.5139266795014621,0.756963339750731,0.044978153452557824,0.013124947857579639,0.8,0.5117951721634598,1.1370923876176409,0.6965986887507776,0.7148228763199878,0.3357342209955075,1.1296754344400501,0.05436512097466607,0.04770116130245862,1.7369044531032027,5
zero,zero::wired_zero_13,wired_zero_13,teenager,joint,5,Beginning,5.28457579119522,1.12039088775895,0.21196350103224146,0.7880364989677586,-0.5670407803541898,0.7835203901770948,0.4321833549269692,0.08191279209786366,0.6,0.5413076687303718,1.0178801913650422,0.6591164846655465,0.74715766170792,0.19256918038028256,1.056915158239044,0.08848626520542148,0.0835877887896163,1.7634415089798827,3
zero,zero::wired_zero_13,wired_zero_13,teenager,joint,5,End,6.141199965226779,1.1847858851918207,0.1928898846591067,0.8071101153408934,-0.5605796972274794,0.7802898486137396,0.354575022615925,0.05768321173996308,0.6,0.5276712459338865,1.217485738268855,0.7875859498354947,0.61460395189207,0.1982656347819118,1.2282399930453558,0.08985153455053056,0.0733077316955132,1.7835276375039089,3
zero,zero::wired_zero_13,wired_zero_13,teenager,joint,5,Middle,5.670878770965699,1.2372848649720645,0.21865978016707546,0.7813402198329246,-0.5203653529499406,0.7601826764749703,0.1563872065960082,0.0272641830156313,0.5599999999999999,0.5138956178608394,1.157346304015761,0.7475475232080564,0.6608786982277126,0.20412380193543286,1.1341757541931399,0.06884095658354969,0.06004468649055925,1.7421011968734654,5
zero,zero::wired_zero_13,wired_zero_13,teenager,partner,3,Beginning,3.0383176098597957,1.1498613896164902,0.3784533209711249,0.6215466790288751,-0.6876332398278107,0.8438166199139053,0.16876954793581012,0.05554703938394316,0.6666666666666666,0.4631963852970605,0.9594555289661996,0.5922566540882467,0.8024156221626149,0.31578513248668366,1.0127725366199318,0.08138474159607434,0.08035836148133625,1.7897477510193467,1
zero,zero::wired_zero_13,wired_zero_13,teenager,partner,3,End,3.652832260554154,1.2802443154422634,0.35047720154789974,0.6495227984521001,-0.45488421454421674,0.7274421072721083,0.030605445844126056,0.008163739091204679,0.6666666666666666,0.5059737106766089,1.2453540072148135,0.7628345916551379,0.6448747554902312,0.34094954886096496,1.2176107535180511,0.07212169909121068,0.05867958445377171,1.69681472413144,2
zero,zero::wired_zero_13,wired_zero_13,teenager,partner,3,Middle,3.368116680566391,1.2342934492940967,0.36815779355269207,0.6318422064473079,-0.4654563360899468,0.7327281680449734,0.04187231092038912,0.011849149431353024,0.8333333333333333,0.453163848834962,1.158274640145784,0.709652503929808,0.7007530312149435,0.34406417056459676,1.122705560188797,0.08474899051025296,0.07701379066351702,1.7202987345408278,2
zero,zero::wired_zero_13,wired_zero_13,teenager,partner,5,End,6.041339307679789,1.3472068139703388,0.22299803824257328,0.7770019617574268,-0.4405456981405529,0.7202728490702764,0.4105067302649301,0.06794962331334235,0.4,0.4928612345659431,1.2223971002807232,0.7904613670211238,0.6105560661869822,0.2023387593421221,1.2082678615359579,0.09522370533513483,0.07881009531618746,1.686563903247385,1
zero,zero::wired_zero_13,wired_zero_13,teenager,partner,5,Middle,5.519438092210548,1.1628031434285175,0.21057815388644632,0.7894218461135536,-0.5204530804391185,0.7602265402195592,0.19595734137357868,0.035684692202071176,0.7,0.48593406916415927,1.1486846370769244,0.7432911430511737,0.663664062172115,0.20808653902173246,1.1038876184421098,0.11499366068724268,0.10420815866539279,1.7494982026776857,2
zero,zero::wired_zero_14,wired_zero_14,undergraduate,expert,3,Beginning,3.199014814284848,1.1007094465201592,0.34430429741137153,0.6556957025886285,-0.4399451226509788,0.7199725613254894,0.19566362314570848,0.06232898217960986,0.7333333333333333,0.5272406306624733,1.0732309011956735,0.6589044420952945,0.7405198649572202,0.3357497291310489,1.0663382714282827,0.16686706263613366,0.1568548898221818,1.6956897360383583,5
zero,zero::wired_zero_14,wired_zero_14,undergraduate,expert,3,End,2.775407186887916,0.9848302893128285,0.3562560981734912,0.6437439018265089,-0.46583813194815454,0.7329190659740773,0.09275254972361513,0.03395772506294562,0.7333333333333333,0.5232285719853718,0.9425096142818115,0.5765410694865679,0.814411756004945,0.3400632289125314,0.9251357289626387,0.07021600196658065,0.07523355472256159,1.7098036954000164,5
zero,zero::wired_zero_14,wired_zero_14,undergraduate,expert,3,Middle,3.2374381054191153,1.127223186504444,0.3477104631129606,0.6522895368870394,-0.4961512595816474,0.7480756297908238,0.17130093370955657,0.05186353115688218,0.6,0.5368199988460958,1.0837639265426395,0.6631486666095269,0.737116093906534,0.33478822818773873,1.0791460351397053,0.09846610551991526,0.09173280747448302,1.7247633430391356,5
zero,zero::wired_zero_14,wired_zero_14,undergraduate,expert,5,Beginning,5.399162218168182,1.2508632531042387,0.23218757734354067,0.7678124226564593,-0.467834404989161,0.7339172024945805,0.2265462273027367,0.04126490633025178,0.7,0.5487677331765868,1.1072814839425447,0.7165492882630269,0.686284549093741,0.20512967493829132,1.0798324436336364,0.16274203116390495,0.15208524068539941,1.7188504296932043,4
zero,zero::wired_zero_14,wired_zero_14,undergraduate,expert,5,End,4.652642672764738,1.0212398158348657,0.21968451210824577,0.7803154878917542,-0.4751638444794533,0.7375819222397266,0.14920998075603042,0.032194926000976475,0.65,0.5542655906692507,0.9506658002185734,0.6130746879208518,0.7866545262932468,0.20438948464048878,0.9305285345529476,0.08179843075644405,0.08796745327677026,1.7161357561100354,4
zero,zero::wired_zero_14,wired_zero_14,undergraduate,expert,5,Middle,5.34637406367361,1.1234274302006695,0.2104903996573381,0.7895096003426619,-0.4949269693563648,0.7474634846781825,0.40138998455060654,0.07474949576050843,0.5599999999999999,0.5639401318743624,1.078280190598138,0.6941928126140151,0.7077671961891595,0.20158007493638325,1.069274812734722,0.12308698831955675,0.11511555704107149,1.7339647377830858,5
zero,zero::wired_zero_14,wired_zero_14,undergraduate,joint,3,Beginning,3.6330883972366883,1.2167075156225748,0.3362287994964967,0.6637712005035032,-0.5189443718050332,0.7594721859025165,0.20433258933501586,0.05472191194925631,0.6333333333333333,0.4985911669268848,1.1968859046635403,0.7357215721897707,0.6714668931780082,0.33067560855866596,1.2110294657455627,0.1276308381106798,0.10945377056916543,1.7483498908045345,10
zero,zero::wired_zero_14,wired_zero_14,undergraduate,joint,3,End,3.281421022730315,1.0816409219760756,0.3316174139563334,0.6683825860436666,-0.5363904497624484,0.7681952248812243,0.14032180995171464,0.041845658965841366,0.6333333333333333,0.5185318861266623,1.0755038351022996,0.6578542165438142,0.745248004873489,0.3283439960508444,1.0938070075767716,0.10579615912146326,0.10115489208446346,1.7506735044070574,10
zero,zero::wired_zero_14,wired_zero_14,undergraduate,joint,3,Middle,3.4648395667118645,1.1724201956522702,0.3399687567353713,0.6600312432646287,-0.49159697219096693,0.7457984860954835,0.14598602149796389,0.04157697474842192,0.75,0.5105854933708637,1.1607587703251565,0.7121844927996137,0.6958058965996163,0.33567817944205136,1.154946522237288,0.10425295863889165,0.09237480341988101,1.73286815570511,12
zero,zero::wired_zero_14,wired_zero_14,undergraduate,joint,5,Beginning,6.013939393546835,1.2320935139638418,0.205859683136827,0.7941403168631731,-0.5141512854355323,0.7570756427177662,0.3858895119680499,0.06342903615473205,0.6000000000000001,0.521556122883235,1.188631071517292,0.7715199136986374,0.6299284844327823,0.19790852718847202,1.2027878787093669,0.15715341378398381,0.13262919353567745,1.7515000006354855,9
zero,zero::wired_zero_14,wired_zero_14,undergraduate,joint,5,End,5.475721979010222,1.1203387837848862,0.20509118116858832,0.7949088188314116,-0.5305857878594549,0.7652928939297274,0.2535707855724414,0.04552309342676603,0.5777777777777778,0.5440651357066887,1.0754977085474478,0.6924583940917484,0.7116196879448721,0.19657104174580936,1.0951443958020444,0.12250808460067056,0.11532971190595658,1.7572514845047131,9
zero,zero::wired_zero_14,wired_zero_14,undergraduate,joint,5,Middle,5.779913828871926,1.2546829191359274,0.2175273721268821,0.7824726278731179,-0.49418376022071403,0.7470918801103571,0.33151430741861465,0.05811578372632415,0.65,0.5337243546674312,1.1599360923382285,0.7532949086901503,0.6476064791360461,0.2008285766370872,1.1559827657743853,0.11627704338139928,0.1018131455950097,1.7318642730611842,12
zero,zero::wired_zero_14,wired_zero_14,undergraduate,partner,3,Beginning,3.8626570229537744,1.320376126815909,0.3417997197500151,0.6582002802499849,-0.5422358753157213,0.7711179376578606,0.1530168919152753,0.039967766756082684,0.6666666666666666,0.5098385989069265,1.269366482967147,0.7775057961105313,0.6226611130441608,0.3285610777192187,1.2875523409845915,0.04831971956461802,0.03763794022801942,1.745372023473565,4
zero,zero::wired_zero_14,wired_zero_14,undergraduate,partner,3,End,3.6040309780854756,1.2253493260957602,0.3411832758387642,0.6588167241612358,-0.5191612731154461,0.7595806365577231,0.07195071023459046,0.019079699281498486,0.6666666666666666,0.547908790744677,1.1966708919025297,0.7323573003870505,0.6754630138883413,0.3326215027609364,1.2013436593618252,0.07220606910310451,0.06152830914404869,1.7489002854249476,4
zero,zero::wired_zero_14,wired_zero_14,undergraduate,partner,3,Middle,3.7504890599589547,0.8654269047776767,0.23412632265784258,0.7658736773421574,-0.5582098433989945,0.7791049216994973,0.6528995390427396,0.17344356359832078,0.611111111111111,0.5196082880395009,1.1353761722470346,0.7245118035914048,0.6690514680504706,0.30219768656459967,1.250163019986318,0.07265751989848461,0.058531971346035716,1.7639896182131503,6
zero,zero::wired_zero_14,wired_zero_14,undergraduate,partner,5,Beginning,6.461432912617454,1.3717138833022873,0.21230164566031773,0.7876983543396823,-0.5369705797053891,0.7684852898526945,0.3073329122810022,0.04767938851810577,0.5333333333333333,0.529061122494846,1.2695407528128106,0.821934629461674,0.5660557824543101,0.1964842641950717,1.2922865825234908,0.06767113123322004,0.05234089453660103,1.7435610013723333,3
zero,zero::wired_zero_14,wired_zero_14,undergraduate,partner,5,End,6.000590563647942,1.2601096880100224,0.21013078457595014,0.78986921542405,-0.5308298128891548,0.7654149064445773,0.14378550108927793,0.02364338982331986,0.7333333333333334,0.5457719691822233,1.1767427905817938,0.7673185896963934,0.6337155417008572,0.1962855103006135,1.2001181127295883,0.08624200986823287,0.0724931756980547,1.7724471366933614,3
zero,zero::wired_zero_14,wired_zero_14,undergraduate,partner,5,Middle,6.261343641799919,0.9821083620074768,0.1578969468101278,0.8421030531898722,-0.5743711431125621,0.7871855715562811,1.0511516744972809,0.16645357112255155,0.6,0.5427037417482027,1.1180066666103705,0.7543825936395526,0.637732569026425,0.1785241120179987,1.252268728359984,0.09584960246044545,0.07653300592091632,1.766435648770431,6
zero,zero::wired_zero_15,wired_zero_15,graduate,expert,3,Beginning,3.6126246560041464,1.217212647101347,0.3377898218964128,0.6622101781035872,-0.540940636221123,0.7704703181105614,0.434537335295424,0.11310675111638235,0.6666666666666666,0.5867445259995594,1.1538747548120796,0.7212369589518972,0.6884114044040037,0.32132972234154833,1.204208218668049,0.08798462356633645,0.07498831139856521,1.7529504552224755,4
zero,zero::wired_zero_15,wired_zero_15,graduate,expert,3,End,3.5397815477523884,0.7746598306502543,0.22541997603768996,0.7745800239623101,-0.444230939989965,0.7221154699949826,0.45376878880065863,0.12222341570245411,0.5833333333333333,0.5325782808337811,1.1296456480067625,0.7041499977147537,0.7010008270356538,0.3205769441136059,1.1799271825841295,0.07606083092196639,0.06550385107579554,1.695144048065485,4
zero,zero::wired_zero_15,wired_zero_15,graduate,expert,3,Middle,3.6175689256744925,1.1442075754149654,0.31905918924012405,0.6809408107598759,-0.5986677465194992,0.7993338732597496,0.27823876486031635,0.07745608486778434,0.7222222222222222,0.4502098732553999,1.1261799651347184,0.6973089944225638,0.697021717254701,0.3123919578161987,1.205856308558164,0.14292305660157065,0.12516557592478325,1.7888058426671563,6
zero,zero::wired_zero_15,wired_zero_15,graduate,expert,5,Beginning,5.976412915469247,1.2560185495174605,0.2103273481176793,0.7896726518823206,-0.5634814805514,0.7817407402757,0.7622627779404341,0.12666713983431332,0.6,0.5674766919924853,1.1516150319264205,0.7622665974227311,0.6435665855740234,0.192691699845748,1.1952825830938494,0.14079917460322194,0.11845611626116404,1.7950893342610872,3
zero,zero::wired_zero_15,wired_zero_15,graduate,expert,5,End,6.085975124634262,1.2962650630399455,0.21345582393580087,0.7865441760641992,-0.4759480918689578,0.7379740459344789,0.23411327964247064,0.03968170099046534,0.6666666666666666,0.5856120480093815,1.1488779535834894,0.7596121729166362,0.6448801076032756,0.18905186637890045,1.2171950249268526,0.11569068319574671,0.09569871856641333,1.719178326530532,3
zero,zero::wired_zero_15,wired_zero_15,graduate,expert,5,Middle,6.069186668080936,1.201826321131388,0.19994287115579332,0.8000571288442067,-0.6071204737476142,0.8035602368738072,0.7946836312947921,0.12802389762782374,0.6333333333333333,0.48998678563152925,1.0986963938670997,0.7254234290057475,0.665973642515138,0.18110245169177086,1.2138373336161872,0.1721851571264976,0.14423419357639747,1.7916874341112716,6
zero,zero::wired_zero_15,wired_zero_15,graduate,joint,3,Beginning,3.270685876054454,1.1240331413608646,0.34295082625024254,0.6570491737497575,-0.45464052467866656,0.7273202623393333,0.1278566872242127,0.039653197969248065,0.7,0.5356930821496271,1.1151693888671708,0.6838273678313638,0.7226826362154325,0.34088128394049544,1.0902286253514846,0.14064154449208593,0.13066503868024043,1.7063084613444164,10
zero,zero::wired_zero_15,wired_zero_15,graduate,joint,3,End,3.596322244787365,1.1064435622951916,0.30719338875612945,0.6928066112438706,-0.5434451198423748,0.7717225599211874,0.25640739407222435,0.07181179657387735,0.6666666666666666,0.510337535945047,1.1558751387065667,0.7115722744870434,0.6967558133772376,0.32160423994669984,1.1987740815957881,0.10604110097905725,0.08930883216668306,1.7609035538452624,10
zero,zero::wired_zero_15,wired_zero_15,graduate,joint,3,Middle,3.6763279522098986,1.205428280568587,0.32894249263479014,0.6710575073652099,-0.5226382176865733,0.7613191088432867,0.18488953186275603,0.04996140195504762,0.6666666666666666,0.4955455248936211,1.2026313211849091,0.7365829830872258,0.6698342823037847,0.32790617554313034,1.225442650736633,0.09219539325300215,0.07659497212989513,1.7458658115282988,11
zero,zero::wired_zero_15,wired_zero_15,graduate,joint,5,Beginning,5.438563865810207,1.1952716679873663,0.21984923460137076,0.7801507653986293,-0.4451882045249433,0.7225941022624717,0.30911627655763774,0.057674147368565326,0.5777777777777778,0.5349589532085224,1.1192303494340845,0.7297584774194442,0.677403563796099,0.2057646253785596,1.0877127731620415,0.15987969086323825,0.14705217376459453,1.7025041860268015,9
zero,zero::wired_zero_15,wired_zero_15,graduate,joint,5,End,6.02857487790401,1.166403302114063,0.1935399060289321,0.8064600939710679,-0.5383321816954607,0.7691660908477304,0.40571925561181227,0.06729796185381101,0.6444444444444444,0.5455139818164234,1.173307777721279,0.7618627497870584,0.6431105367314333,0.1945387221454856,1.2057149755808017,0.11227527452853502,0.0931971954218653,1.7593553902311294,9
zero,zero::wired_zero_15,wired_zero_15,graduate,joint,5,Middle,6.101844556242455,1.2006125337384699,0.19674026010726325,0.8032597398927368,-0.5280940525522472,0.7640470262761236,0.37724111390863796,0.06238719505511058,0.6727272727272727,0.5307359278098926,1.187755753742858,0.7680535889324781,0.6317198336360401,0.194732862104102,1.2203689112484908,0.12026158908050441,0.0986785069758111,1.7544454578890525,11
zero,zero::wired_zero_15,wired_zero_15,graduate,partner,3,Beginning,3.2947731122183033,1.3197358815198157,0.4017007319789988,0.5982992680210011,-0.3577801258122353,0.6788900629061176,0.0,0.0,1.0,0.5673765601274883,1.1827398522949129,0.7248542429992513,0.6822619601705161,0.3595666484729141,1.0982577040727677,0.13343744747534245,0.12295411761401367,1.6431568223692428,4
zero,zero::wired_zero_15,wired_zero_15,graduate,partner,3,End,3.3336034744786973,1.1771340618018606,0.357787555863169,0.642212444136831,-0.35133573281561026,0.6756678664078051,0.12272954049535771,0.03613242101816244,0.6,0.5298919513228718,1.1819948283016402,0.7320942263331769,0.6777748464557357,0.3565808733242775,1.1112011581595658,0.21212575169282327,0.20234533685929418,1.6651423517362574,5
zero,zero::wired_zero_15,wired_zero_15,graduate,partner,3,Middle,3.3757524999951967,1.2722891695788858,0.37866211901766467,0.6213378809823353,-0.4508335938261382,0.7254167969130692,0.08963747367642567,0.027011517832078002,0.6666666666666666,0.5279113146139924,1.162715586566895,0.7115660759060906,0.6966880712721953,0.34518018953093066,1.1252508333317324,0.12273782340343656,0.11100308351573199,1.7055023680656674,5
zero,zero::wired_zero_15,wired_zero_15,graduate,partner,5,Beginning,5.491205533593704,1.1997194293553437,0.21851036046754682,0.7814896395324532,-0.3687857644146086,0.6843928822073043,0.3033370580468554,0.05502760715383659,0.6,0.5503435543693835,1.1907757282314553,0.7708470877896195,0.6324533393168532,0.21687714165780814,1.098241106718741,0.156356084588403,0.14231710813838072,1.64628588183725,3
zero,zero::wired_zero_15,wired_zero_15,graduate,partner,5,End,5.55255905398748,1.2321901724958342,0.22202759292834107,0.7779724070716589,-0.36928561295850526,0.6846428064792527,0.24012668905110313,0.04326589024698424,0.65,0.5230097902574076,1.1824749821746299,0.768500902740025,0.6365220745629492,0.2130881710295304,1.110511810797496,0.2209399037682146,0.2009825999485425,1.6902611735844753,4
zero,zero::wired_zero_15,wired_zero_15,graduate,partner,5,Middle,5.631834425806863,1.2797805025786306,0.2273497483340882,0.7726502516659118,-0.43590834190188354,0.7179541709509418,0.12988607662569557,0.02294961659572572,0.5599999999999999,0.5342898146377814,1.1922420739141741,0.7703612789522177,0.63257572523662,0.21173696505433304,1.1263668851613726,0.1470533433118962,0.1306222645243491,1.7016492559558531,5
zero,zero::wired_zero_16,wired_zero_16,expert,expert,3,Beginning,3.455592848769853,0.9345149448061053,0.2673869033434707,0.7326130966565293,-0.5554540613064858,0.7777270306532429,0.3941209516496088,0.117050205323544,0.619047619047619,0.4835526284000301,1.0897988601848347,0.6751296015398499,0.7264334221412497,0.314899985798304,1.1518642829232844,0.11718203111090393,0.10326561677551656,1.7677329579748264,7
zero,zero::wired_zero_16,wired_zero_16,expert,expert,3,End,3.38557653132759,1.1259047430453102,0.33289525740892073,0.6671047425910792,-0.4976359807924141,0.748817990396207,0.14284967060443363,0.041719710191654526,0.6666666666666666,0.5109662145367894,1.1290237167947983,0.6908583365596016,0.7180979418547012,0.3335932141144969,1.12852551044253,0.06728504232605327,0.06125448051618592,1.7346919624309067,7
zero,zero::wired_zero_16,wired_zero_16,expert,expert,3,Middle,3.6862451325343937,1.2439308299700558,0.3378705852778627,0.6621294147221374,-0.5659022276516086,0.7829511138258043,0.1014882903625116,0.027684827945494817,0.75,0.49951881856672536,1.2019404843655805,0.7366459220720396,0.6719396891396515,0.3260835056172763,1.2287483775114645,0.09338362231983266,0.07628506601091797,1.7679915671586928,8
zero,zero::wired_zero_16,wired_zero_16,expert,expert,5,Beginning,5.702540847645966,1.1060907087433482,0.19324586424642576,0.8067541357535742,-0.5569733824181654,0.7784866912090828,0.5490710610058084,0.0968186972578687,0.4666666666666666,0.521800534270738,1.0715718145348505,0.7031788792564088,0.6991103961499984,0.1877551518964363,1.140508169529193,0.14136719747187235,0.1241297522725784,1.7698164577239588,6
zero,zero::wired_zero_16,wired_zero_16,expert,expert,5,End,5.725325976833074,1.195633974835083,0.20884163337770664,0.7911583666222933,-0.4991765999533146,0.7495882999766573,0.23100474995171416,0.04001186804763492,0.6666666666666666,0.5466616105389523,1.1468524198986276,0.7394260836391465,0.6672088167078556,0.20034141989258272,1.1450651953666147,0.08076459941257323,0.07157694173563871,1.7278362399626381,6
zero,zero::wired_zero_16,wired_zero_16,expert,expert,5,Middle,6.116952048779774,1.2079775569154418,0.1973893471371385,0.8026106528628615,-0.5707510567280256,0.7853755283640128,0.22295309193298524,0.03642743256236282,0.65,0.5212595571592676,1.1892592323370572,0.7684360210112351,0.6341773959092374,0.19439787722622198,1.223390409755955,0.09870811814734973,0.08073414524850075,1.7763274340022488,8
zero,zero::wired_zero_16,wired_zero_16,expert,joint,3,Beginning,3.424481037464766,1.1843507546133332,0.34677004839504166,0.6532299516049583,-0.5449096429933097,0.7724548214966549,0.18266438218315423,0.05314383397613694,0.6888888888888888,0.5318298663158921,1.1227560076403686,0.6940859282078488,0.7107653477354569,0.32845100010533085,1.141493679154922,0.13711521816798986,0.12345621689871257,1.7642135022966132,15
zero,zero::wired_zero_16,wired_zero_16,expert,joint,3,End,3.513076354264568,1.1568512643699256,0.3315299235945298,0.6684700764054701,-0.4464270876951065,0.7232135438475532,0.16155283334289236,0.044969981886896424,0.6,0.5007863239191729,1.189259131184207,0.7290294204183653,0.6788641371899059,0.3391779085981975,1.1710254514215228,0.11476631274891105,0.10041959045627467,1.7057393639865441,15
zero,zero::wired_zero_16,wired_zero_16,expert,joint,3,Middle,3.550374827256917,1.2477817646815808,0.3545574237349292,0.6454425762650707,-0.4808030181273717,0.7404015090636858,0.18263631938593877,0.04853480510586769,0.6666666666666666,0.5303142640511403,1.1832993109065297,0.7319139253924207,0.6723686116780956,0.3353778411994259,1.1834582757523056,0.15081257159141506,0.13408753100605753,1.7215695530323976,16
zero,zero::wired_zero_16,wired_zero_16,expert,joint,5,Beginning,5.643566133299644,1.1742923647294634,0.20828711657550564,0.7917128834244943,-0.5421589911010606,0.7710794955505301,0.34987881262491854,0.06161363660909073,0.6,0.5479661420926233,1.119821044331594,0.7314150634812017,0.6746492578410536,0.19849065649769165,1.128713226659929,0.16905873535915858,0.1501817415019782,1.7638662620338104,14
zero,zero::wired_zero_16,wired_zero_16,expert,joint,5,End,5.869454158201961,1.2400505871013787,0.21137062576141283,0.7886293742385871,-0.447722925241802,0.723861462620901,0.32489708977419735,0.05591933727809454,0.5857142857142856,0.524832412242364,1.1769318386399394,0.7636851097990277,0.6386896747992685,0.2005954859093732,1.1738908316403922,0.13551256955117494,0.11673038355304406,1.7070206408766047,14
zero,zero::wired_zero_16,wired_zero_16,expert,joint,5,Middle,5.948959516289775,1.217793829011869,0.20509250902737966,0.7949074909726204,-0.4862275750353473,0.7431137875176737,0.47084451418039497,0.07885564172752989,0.5625,0.5255030890590235,1.1709980595271592,0.7699638231128837,0.6316325937345248,0.19724189637949813,1.189791903257955,0.17885946384342857,0.15302293938417513,1.7323183122952581,16
zero,zero::wired_zero_16,wired_zero_16,expert,partner,3,Beginning,2.930163912595481,1.1069169474696139,0.3816963180759185,0.6183036819240816,-0.47343033746851726,0.7367151687342586,0.11215321951593027,0.045069383651049115,0.7222222222222222,0.6287322295153079,1.0525831148467863,0.6645849386358985,0.7401909081916336,0.36437751104941984,0.9767213041984938,0.2559776754997403,0.30681849830620994,1.7447900028158116,6
zero,zero::wired_zero_16,wired_zero_16,expert,partner,3,End,3.986491098604516,1.3474483012746876,0.33819822415670886,0.6618017758432911,-0.6393699613261726,0.8196849806630863,0.33548290025906163,0.08449582393692724,0.6666666666666666,0.5401161266533391,1.2514556840279412,0.7755481986219631,0.6274380686703751,0.31396671548163774,1.3288303662015053,0.031969525821130905,0.02466600239728013,1.8114429297174557,7
zero,zero::wired_zero_16,wired_zero_16,expert,partner,3,Middle,3.0874065355518634,0.9711379605285495,0.3070311143893788,0.6929688856106212,-0.6938349807160391,0.8469174903580196,0.5216521460779006,0.1790572502471973,0.7916666666666666,0.6723999262114024,0.9878467965962686,0.6512821346467779,0.7285730442221443,0.32351648171289166,1.0291355118506211,0.33030718541848164,0.3819011571042404,1.8961745160318857,8
zero,zero::wired_zero_16,wired_zero_16,expert,partner,5,Beginning,4.794724138219826,1.2243477761054389,0.2563605903603935,0.7436394096396065,-0.535165754420667,0.7675828772103335,0.41188419680816557,0.09126557471719654,0.64,0.6167602229380797,1.0478202931137448,0.7022411400874821,0.7042933889077653,0.21969478897612413,0.9589448276439653,0.3241745246742962,0.35873907264215055,1.7772892088821493,5
zero,zero::wired_zero_16,wired_zero_16,expert,partner,5,End,6.6161912582293425,1.3306830401790233,0.20126496048745637,0.7987350395125437,-0.6215395604263332,0.8107697802131666,0.5294859208718028,0.07952834431319634,0.5666666666666667,0.5352215421715598,1.2590528438039805,0.8184462684611126,0.5723025703512156,0.1904021231659705,1.3232382516458685,0.052486589912013076,0.040244084790598995,1.8048178462168656,6
zero,zero::wired_zero_16,wired_zero_16,expert,partner,5,Middle,5.136429141618356,0.9367506461733414,0.18263538772399387,0.8173646122760061,-0.6644913333661338,0.8322456666830669,0.7654528237311636,0.15124823922205533,0.7,0.6039654287479584,1.0134426000846262,0.7033925646705209,0.678911758653074,0.19751912352790713,1.0272858283236712,0.451077376751193,0.4500666412416032,1.861842114667879,8
