video_uid,conversation_uid,conversation_id,level_label,_role,_turn_order,_conversation_time,_embedding_row
astro,astro::wired_astro_12,wired_astro_12,child,partner,218,0.0,0
astro,astro::wired_astro_12,wired_astro_12,child,expert,219,0.045454545454545456,1
astro,astro::wired_astro_12,wired_astro_12,child,partner,221,0.09090909090909091,2
astro,astro::wired_astro_12,wired_astro_12,child,expert,222,0.13636363636363635,3
astro,astro::wired_astro_12,wired_astro_12,child,partner,223,0.18181818181818182,4
astro,astro::wired_astro_12,wired_astro_12,child,expert,226,0.22727272727272727,5
astro,astro::wired_astro_12,wired_astro_12,child,partner,230,0.2727272727272727,6
astro,astro::wired_astro_12,wired_astro_12,child,expert,231,0.3181818181818182,7
astro,astro::wired_astro_12,wired_astro_12,child,partner,238,0.36363636363636365,8
astro,astro::wired_astro_12,wired_astro_12,child,expert,239,0.4090909090909091,9
astro,astro::wired_astro_12,wired_astro_12,child,partner,244,0.45454545454545453,10
astro,astro::wired_astro_12,wired_astro_12,child,expert,245,0.5,11
astro,astro::wired_astro_12,wired_astro_12,child,partner,250,0.5454545454545454,12
astro,astro::wired_astro_12,wired_astro_12,child,expert,251,0.5909090909090909,13
astro,astro::wired_astro_12,wired_astro_12,child,partner,256,0.6363636363636364,14
astro,astro::wired_astro_12,wired_astro_12,child,expert,257,0.6818181818181818,15
astro,astro::wired_astro_12,wired_astro_12,child,partner,260,0.7272727272727273,16
astro,astro::wired_astro_12,wired_astro_12,child,expert,261,0.7727272727272727,17
astro,astro::wired_astro_12,wired_astro_12,child,partner,264,0.8181818181818182,18
astro,astro::wired_astro_12,wired_astro_12,child,expert,265,0.8636363636363636,19
astro,astro::wired_astro_12,wired_astro_12,child,partner,268,0.9090909090909091,20
astro,astro::wired_astro_12,wired_astro_12,child,expert,270,0.9545454545454546,21
astro,astro::wired_astro_12,wired_astro_12,child,partner,273,1.0,22
astro,astro::wired_astro_13,wired_astro_13,teenager,expert,274,0.0,23
astro,astro::wired_astro_13,wired_astro_13,teenager,partner,275,0.08333333333333333,24
astro,astro::wired_astro_13,wired_astro_13,teenager,expert,277,0.16666666666666666,25
astro,astro::wired_astro_13,wired_astro_13,teenager,partner,296,0.25,26
astro,astro::wired_astro_13,wired_astro_13,teenager,expert,297,0.3333333333333333,27
astro,astro::wired_astro_13,wired_astro_13,teenager,partner,310,0.4166666666666667,28
astro,astro::wired_astro_13,wired_astro_13,teenager,expert,311,0.5,29
astro,astro::wired_astro_13,wired_astro_13,teenager,partner,313,0.5833333333333334,30
astro,astro::wired_astro_13,wired_astro_13,teenager,expert,314,0.6666666666666666,31
astro,astro::wired_astro_13,wired_astro_13,teenager,partner,319,0.75,32
astro,astro::wired_astro_13,wired_astro_13,teenager,expert,320,0.8333333333333334,33
astro,astro::wired_astro_13,wired_astro_13,teenager,partner,324,0.9166666666666666,34
astro,astro::wired_astro_13,wired_astro_13,teenager,expert,326,1.0,35
astro,astro::wired_astro_14,wired_astro_14,undergraduate,partner,327,0.0,36
astro,astro::wired_astro_14,wired_astro_14,undergraduate,expert,328,0.0625,37
astro,astro::wired_astro_14,wired_astro_14,undergraduate,partner,329,0.125,38
astro,astro::wired_astro_14,wired_astro_14,undergraduate,expert,331,0.1875,39
astro,astro::wired_astro_14,wired_astro_14,undergraduate,partner,332,0.25,40
astro,astro::wired_astro_14,wired_astro_14,undergraduate,expert,335,0.3125,41
astro,astro::wired_astro_14,wired_astro_14,undergraduate,partner,344,0.375,42
astro,astro::wired_astro_14,wired_astro_14,undergraduate,expert,346,0.4375,43
astro,astro::wired_astro_14,wired_astro_14,undergraduate,partner,353,0.5,44
astro,astro::wired_astro_14,wired_astro_14,undergraduate,expert,354,0.5625,45
astro,astro::wired_astro_14,wired_astro_14,undergraduate,partner,360,0.625,46
astro,astro::wired_astro_14,wired_astro_14,undergraduate,expert,363,0.6875,47
astro,astro::wired_astro_14,wired_astro_14,undergraduate,partner,368,0.75,48
astro,astro::wired_astro_14,wired_astro_14,undergraduate,expert,370,0.8125,49
astro,astro::wired_astro_14,wired_astro_14,undergraduate,partner,374,0.875,50
astro,astro::wired_astro_14,wired_astro_14,undergraduate,expert,376,0.9375,51
astro,astro::wired_astro_14,wired_astro_14,undergraduate,partner,378,1.0,52
astro,astro::wired_astro_15,wired_astro_15,graduate,partner,379,0.0,53
astro,astro::wired_astro_15,wired_astro_15,graduate,expert,380,0.03571428571428571,54
astro,astro::wired_astro_15,wired_astro_15,graduate,partner,382,0.07142857142857142,55
astro,astro::wired_astro_15,wired_astro_15,graduate,expert,384,0.10714285714285714,56
astro,astro::wired_astro_15,wired_astro_15,graduate,partner,385,0.14285714285714285,57
astro,astro::wired_astro_15,wired_astro_15,graduate,expert,386,0.17857142857142858,58
astro,astro::wired_astro_15,wired_astro_15,graduate,partner,388,0.21428571428571427,59
astro,astro::wired_astro_15,wired_astro_15,graduate,expert,392,0.25,60
astro,astro::wired_astro_15,wired_astro_15,graduate,partner,397,0.2857142857142857,61
astro,astro::wired_astro_15,wired_astro_15,graduate,expert,398,0.32142857142857145,62
astro,astro::wired_astro_15,wired_astro_15,graduate,partner,404,0.35714285714285715,63
astro,astro::wired_astro_15,wired_astro_15,graduate,expert,407,0.39285714285714285,64
astro,astro::wired_astro_15,wired_astro_15,graduate,partner,412,0.42857142857142855,65
astro,astro::wired_astro_15,wired_astro_15,graduate,expert,416,0.4642857142857143,66
astro,astro::wired_astro_15,wired_astro_15,graduate,partner,417,0.5,67
astro,astro::wired_astro_15,wired_astro_15,graduate,expert,418,0.5357142857142857,68
astro,astro::wired_astro_15,wired_astro_15,graduate,partner,419,0.5714285714285714,69
astro,astro::wired_astro_15,wired_astro_15,graduate,expert,420,0.6071428571428571,70
astro,astro::wired_astro_15,wired_astro_15,graduate,partner,421,0.6428571428571429,71
astro,astro::wired_astro_15,wired_astro_15,graduate,expert,424,0.6785714285714286,72
astro,astro::wired_astro_15,wired_astro_15,graduate,partner,426,0.7142857142857143,73
astro,astro::wired_astro_15,wired_astro_15,graduate,expert,427,0.75,74
astro,astro::wired_astro_15,wired_astro_15,graduate,partner,429,0.7857142857142857,75
astro,astro::wired_astro_15,wired_astro_15,graduate,expert,431,0.8214285714285714,76
astro,astro::wired_astro_15,wired_astro_15,graduate,partner,434,0.8571428571428571,77
astro,astro::wired_astro_15,wired_astro_15,graduate,expert,436,0.8928571428571429,78
astro,astro::wired_astro_15,wired_astro_15,graduate,partner,440,0.9285714285714286,79
astro,astro::wired_astro_15,wired_astro_15,graduate,expert,441,0.9642857142857143,80
astro,astro::wired_astro_15,wired_astro_15,graduate,partner,443,1.0,81
astro,astro::wired_astro_16,wired_astro_16,expert,expert,446,0.0,82
astro,astro::wired_astro_16,wired_astro_16,expert,partner,448,0.07692307692307693,83
astro,astro::wired_astro_16,wired_astro_16,expert,expert,451,0.15384615384615385,84
astro,astro::wired_astro_16,wired_astro_16,expert,partner,452,0.23076923076923078,85
astro,astro::wired_astro_16,wired_astro_16,expert,expert,455,0.3076923076923077,86
astro,astro::wired_astro_16,wired_astro_16,expert,partner,458,0.38461538461538464,87
astro,astro::wired_astro_16,wired_astro_16,expert,expert,462,0.46153846153846156,88
astro,astro::wired_astro_16,wired_astro_16,expert,partner,464,0.5384615384615384,89
astro,astro::wired_astro_16,wired_astro_16,expert,expert,467,0.6153846153846154,90
astro,astro::wired_astro_16,wired_astro_16,expert,partner,475,0.6923076923076923,91
astro,astro::wired_astro_16,wired_astro_16,expert,expert,477,0.7692307692307693,92
astro,astro::wired_astro_16,wired_astro_16,expert,partner,478,0.8461538461538461,93
astro,astro::wired_astro_16,wired_astro_16,expert,expert,481,0.9230769230769231,94
astro,astro::wired_astro_16,wired_astro_16,expert,partner,487,1.0,95
dimension,dimension::wired_dimension_12,wired_dimension_12,child,expert,880,0.0,96
dimension,dimension::wired_dimension_12,wired_dimension_12,child,partner,882,0.02040816326530612,97
dimension,dimension::wired_dimension_12,wired_dimension_12,child,expert,883,0.04081632653061224,98
dimension,dimension::wired_dimension_12,wired_dimension_12,child,partner,888,0.061224489795918366,99
dimension,dimension::wired_dimension_12,wired_dimension_12,child,expert,889,0.08163265306122448,100
dimension,dimension::wired_dimension_12,wired_dimension_12,child,partner,890,0.10204081632653061,101
dimension,dimension::wired_dimension_12,wired_dimension_12,child,expert,891,0.12244897959183673,102
dimension,dimension::wired_dimension_12,wired_dimension_12,child,partner,896,0.14285714285714285,103
dimension,dimension::wired_dimension_12,wired_dimension_12,child,expert,897,0.16326530612244897,104
dimension,dimension::wired_dimension_12,wired_dimension_12,child,partner,898,0.1836734693877551,105
dimension,dimension::wired_dimension_12,wired_dimension_12,child,expert,899,0.20408163265306123,106
dimension,dimension::wired_dimension_12,wired_dimension_12,child,partner,900,0.22448979591836735,107
dimension,dimension::wired_dimension_12,wired_dimension_12,child,expert,901,0.24489795918367346,108
dimension,dimension::wired_dimension_12,wired_dimension_12,child,partner,902,0.2653061224489796,109
dimension,dimension::wired_dimension_12,wired_dimension_12,child,expert,903,0.2857142857142857,110
dimension,dimension::wired_dimension_12,wired_dimension_12,child,partner,905,0.30612244897959184,111
dimension,dimension::wired_dimension_12,wired_dimension_12,child,expert,906,0.32653061224489793,112
dimension,dimension::wired_dimension_12,wired_dimension_12,child,partner,907,0.3469387755102041,113
dimension,dimension::wired_dimension_12,wired_dimension_12,child,expert,908,0.3673469387755102,114
dimension,dimension::wired_dimension_12,wired_dimension_12,child,partner,909,0.3877551020408163,115
dimension,dimension::wired_dimension_12,wired_dimension_12,child,expert,910,0.40816326530612246,116
dimension,dimension::wired_dimension_12,wired_dimension_12,child,partner,913,0.42857142857142855,117
dimension,dimension::wired_dimension_12,wired_dimension_12,child,expert,914,0.4489795918367347,118
dimension,dimension::wired_dimension_12,wired_dimension_12,child,partner,916,0.46938775510204084,119
dimension,dimension::wired_dimension_12,wired_dimension_12,child,expert,917,0.4897959183673469,120
dimension,dimension::wired_dimension_12,wired_dimension_12,child,partner,918,0.5102040816326531,121
dimension,dimension::wired_dimension_12,wired_dimension_12,child,expert,919,0.5306122448979592,122
dimension,dimension::wired_dimension_12,wired_dimension_12,child,partner,923,0.5510204081632653,123
dimension,dimension::wired_dimension_12,wired_dimension_12,child,expert,924,0.5714285714285714,124
dimension,dimension::wired_dimension_12,wired_dimension_12,child,partner,925,0.5918367346938775,125
dimension,dimension::wired_dimension_12,wired_dimension_12,child,expert,926,0.6122448979591837,126
dimension,dimension::wired_dimension_12,wired_dimension_12,child,partner,930,0.6326530612244898,127
dimension,dimension::wired_dimension_12,wired_dimension_12,child,expert,931,0.6530612244897959,128
dimension,dimension::wired_dimension_12,wired_dimension_12,child,partner,937,0.673469387755102,129
dimension,dimension::wired_dimension_12,wired_dimension_12,child,expert,938,0.6938775510204082,130
dimension,dimension::wired_dimension_12,wired_dimension_12,child,partner,939,0.7142857142857143,131
dimension,dimension::wired_dimension_12,wired_dimension_12,child,expert,940,0.7346938775510204,132
dimension,dimension::wired_dimension_12,wired_dimension_12,child,partner,942,0.7551020408163265,133
dimension,dimension::wired_dimension_12,wired_dimension_12,child,expert,943,0.7755102040816326,134
dimension,dimension::wired_dimension_12,wired_dimension_12,child,partner,946,0.7959183673469388,135
dimension,dimension::wired_dimension_12,wired_dimension_12,child,expert,947,0.8163265306122449,136
dimension,dimension::wired_dimension_12,wired_dimension_12,child,partner,949,0.8367346938775511,137
dimension,dimension::wired_dimension_12,wired_dimension_12,child,expert,950,0.8571428571428571,138
dimension,dimension::wired_dimension_12,wired_dimension_12,child,partner,951,0.8775510204081632,139
dimension,dimension::wired_dimension_12,wired_dimension_12,child,expert,952,0.8979591836734694,140
dimension,dimension::wired_dimension_12,wired_dimension_12,child,partner,960,0.9183673469387755,141
dimension,dimension::wired_dimension_12,wired_dimension_12,child,expert,961,0.9387755102040817,142
dimension,dimension::wired_dimension_12,wired_dimension_12,child,partner,962,0.9591836734693877,143
dimension,dimension::wired_dimension_12,wired_dimension_12,child,expert,964,0.9795918367346939,144
dimension,dimension::wired_dimension_12,wired_dimension_12,child,partner,968,1.0,145
dimension,dimension::wired_dimension_13,wired_dimension_13,teenager,expert,969,0.0,146
dimension,dimension::wired_dimension_13,wired_dimension_13,teenager,partner,971,0.024390243902439025,147
dimension,dimension::wired_dimension_13,wired_dimension_13,teenager,expert,972,0.04878048780487805,148
dimension,dimension::wired_dimension_13,wired_dimension_13,teenager,partner,973,0.07317073170731707,149
dimension,dimension::wired_dimension_13,wired_dimension_13,teenager,expert,974,0.0975609756097561,150
dimension,dimension::wired_dimension_13,wired_dimension_13,teenager,partner,979,0.12195121951219512,151
dimension,dimension::wired_dimension_13,wired_dimension_13,teenager,expert,980,0.14634146341463414,152
dimension,dimension::wired_dimension_13,wired_dimension_13,teenager,partner,994,0.17073170731707318,153
dimension,dimension::wired_dimension_13,wired_dimension_13,teenager,expert,995,0.1951219512195122,154
dimension,dimension::wired_dimension_13,wired_dimension_13,teenager,partner,999,0.21951219512195122,155
dimension,dimension::wired_dimension_13,wired_dimension_13,teenager,expert,1000,0.24390243902439024,156
dimension,dimension::wired_dimension_13,wired_dimension_13,teenager,partner,1007,0.2682926829268293,157
dimension,dimension::wired_dimension_13,wired_dimension_13,teenager,expert,1008,0.2926829268292683,158
dimension,dimension::wired_dimension_13,wired_dimension_13,teenager,partner,1012,0.3170731707317073,159
dimension,dimension::wired_dimension_13,wired_dimension_13,teenager,expert,1013,0.34146341463414637,160
dimension,dimension::wired_dimension_13,wired_dimension_13,teenager,partner,1014,0.36585365853658536,161
dimension,dimension::wired_dimension_13,wired_dimension_13,teenager,expert,1015,0.3902439024390244,162
dimension,dimension::wired_dimension_13,wired_dimension_13,teenager,partner,1018,0.4146341463414634,163
dimension,dimension::wired_dimension_13,wired_dimension_13,teenager,expert,1019,0.43902439024390244,164
dimension,dimension::wired_dimension_13,wired_dimension_13,teenager,partner,1026,0.4634146341463415,165
dimension,dimension::wired_dimension_13,wired_dimension_13,teenager,expert,1027,0.4878048780487805,166
dimension,dimension::wired_dimension_13,wired_dimension_13,teenager,partner,1032,0.5121951219512195,167
dimension,dimension::wired_dimension_13,wired_dimension_13,teenager,expert,1033,0.5365853658536586,168
dimension,dimension::wired_dimension_13,wired_dimension_13,teenager,partner,1034,0.5609756097560976,169
dimension,dimension::wired_dimension_13,wired_dimension_13,teenager,expert,1035,0.5853658536585366,170
dimension,dimension::wired_dimension_13,wired_dimension_13,teenager,partner,1036,0.6097560975609756,171
dimension,dimension::wired_dimension_13,wired_dimension_13,teenager,expert,1037,0.6341463414634146,172
dimension,dimension::wired_dimension_13,wired_dimension_13,teenager,partner,1038,0.6585365853658537,173
dimension,dimension::wired_dimension_13,wired_dimension_13,teenager,expert,1039,0.6829268292682927,174
dimension,dimension::wired_dimension_13,wired_dimension_13,teenager,partner,1040,0.7073170731707317,175
dimension,dimension::wired_dimension_13,wired_dimension_13,teenager,expert,1041,0.7317073170731707,176
dimension,dimension::wired_dimension_13,wired_dimension_13,teenager,partner,1043,0.7560975609756098,177
dimension,dimension::wired_dimension_13,wired_dimension_13,teenager,expert,1044,0.7804878048780488,178
dimension,dimension::wired_dimension_13,wired_dimension_13,teenager,partner,1045,0.8048780487804879,179
dimension,dimension::wired_dimension_13,wired_dimension_13,teenager,expert,1047,0.8292682926829268,180
dimension,dimension::wired_dimension_13,wired_dimension_13,teenager,partner,1049,0.8536585365853658,181
dimension,dimension::wired_dimension_13,wired_dimension_13,teenager,expert,1050,0.8780487804878049,182
dimension,dimension::wired_dimension_13,wired_dimension_13,teenager,partner,1057,0.9024390243902439,183
dimension,dimension::wired_dimension_13,wired_dimension_13,teenager,expert,1060,0.926829268292683,184
dimension,dimension::wired_dimension_13,wired_dimension_13,teenager,partner,1061,0.9512195121951219,185
dimension,dimension::wired_dimension_13,wired_dimension_13,teenager,expert,1062,0.975609756097561,186
dimension,dimension::wired_dimension_13,wired_dimension_13,teenager,partner,1063,1.0,187
dimension,dimension::wired_dimension_14,wired_dimension_14,undergraduate,expert,1065,0.0,188
dimension,dimension::wired_dimension_14,wired_dimension_14,undergraduate,partner,1066,0.022727272727272728,189
dimension,dimension::wired_dimension_14,wired_dimension_14,undergraduate,expert,1067,0.045454545454545456,190
dimension,dimension::wired_dimension_14,wired_dimension_14,undergraduate,partner,1070,0.06818181818181818,191
dimension,dimension::wired_dimension_14,wired_dimension_14,undergraduate,expert,1072,0.09090909090909091,192
dimension,dimension::wired_dimension_14,wired_dimension_14,undergraduate,partner,1073,0.11363636363636363,193
dimension,dimension::wired_dimension_14,wired_dimension_14,undergraduate,expert,1074,0.13636363636363635,194
dimension,dimension::wired_dimension_14,wired_dimension_14,undergraduate,partner,1079,0.1590909090909091,195
dimension,dimension::wired_dimension_14,wired_dimension_14,undergraduate,expert,1082,0.18181818181818182,196
dimension,dimension::wired_dimension_14,wired_dimension_14,undergraduate,partner,1083,0.20454545454545456,197
dimension,dimension::wired_dimension_14,wired_dimension_14,undergraduate,expert,1084,0.22727272727272727,198
dimension,dimension::wired_dimension_14,wired_dimension_14,undergraduate,partner,1085,0.25,199
dimension,dimension::wired_dimension_14,wired_dimension_14,undergraduate,expert,1086,0.2727272727272727,200
dimension,dimension::wired_dimension_14,wired_dimension_14,undergraduate,partner,1091,0.29545454545454547,201
dimension,dimension::wired_dimension_14,wired_dimension_14,undergraduate,expert,1092,0.3181818181818182,202
dimension,dimension::wired_dimension_14,wired_dimension_14,undergraduate,partner,1093,0.3409090909090909,203
dimension,dimension::wired_dimension_14,wired_dimension_14,undergraduate,expert,1094,0.36363636363636365,204
dimension,dimension::wired_dimension_14,wired_dimension_14,undergraduate,partner,1097,0.38636363636363635,205
dimension,dimension::wired_dimension_14,wired_dimension_14,undergraduate,expert,1098,0.4090909090909091,206
dimension,dimension::wired_dimension_14,wired_dimension_14,undergraduate,partner,1113,0.4318181818181818,207
dimension,dimension::wired_dimension_14,wired_dimension_14,undergraduate,expert,1114,0.45454545454545453,208
dimension,dimension::wired_dimension_14,wired_dimension_14,undergraduate,partner,1118,0.4772727272727273,209
dimension,dimension::wired_dimension_14,wired_dimension_14,undergraduate,expert,1119,0.5,210
dimension,dimension::wired_dimension_14,wired_dimension_14,undergraduate,partner,1125,0.5227272727272727,211
dimension,dimension::wired_dimension_14,wired_dimension_14,undergraduate,expert,1126,0.5454545454545454,212
dimension,dimension::wired_dimension_14,wired_dimension_14,undergraduate,partner,1130,0.5681818181818182,213
dimension,dimension::wired_dimension_14,wired_dimension_14,undergraduate,expert,1132,0.5909090909090909,214
dimension,dimension::wired_dimension_14,wired_dimension_14,undergraduate,partner,1134,0.6136363636363636,215
dimension,dimension::wired_dimension_14,wired_dimension_14,undergraduate,expert,1135,0.6363636363636364,216
dimension,dimension::wired_dimension_14,wired_dimension_14,undergraduate,partner,1136,0.6590909090909091,217
dimension,dimension::wired_dimension_14,wired_dimension_14,undergraduate,expert,1137,0.6818181818181818,218
dimension,dimension::wired_dimension_14,wired_dimension_14,undergraduate,partner,1139,0.7045454545454546,219
dimension,dimension::wired_dimension_14,wired_dimension_14,undergraduate,expert,1141,0.7272727272727273,220
dimension,dimension::wired_dimension_14,wired_dimension_14,undergraduate,partner,1142,0.75,221
dimension,dimension::wired_dimension_14,wired_dimension_14,undergraduate,expert,1143,0.7727272727272727,222
dimension,dimension::wired_dimension_14,wired_dimension_14,undergraduate,partner,1146,0.7954545454545454,223
dimension,dimension::wired_dimension_14,wired_dimension_14,undergraduate,expert,1147,0.8181818181818182,224
dimension,dimension::wired_dimension_14,wired_dimension_14,undergraduate,partner,1149,0.8409090909090909,225
dimension,dimension::wired_dimension_14,wired_dimension_14,undergraduate,expert,1150,0.8636363636363636,226
dimension,dimension::wired_dimension_14,wired_dimension_14,undergraduate,partner,1151,0.8863636363636364,227
dimension,dimension::wired_dimension_14,wired_dimension_14,undergraduate,expert,1152,0.9090909090909091,228
dimension,dimension::wired_dimension_14,wired_dimension_14,undergraduate,partner,1154,0.9318181818181818,229
dimension,dimension::wired_dimension_14,wired_dimension_14,undergraduate,expert,1158,0.9545454545454546,230
dimension,dimension::wired_dimension_14,wired_dimension_14,undergraduate,partner,1160,0.9772727272727273,231
dimension,dimension::wired_dimension_14,wired_dimension_14,undergraduate,expert,1163,1.0,232
dimension,dimension::wired_dimension_15,wired_dimension_15,graduate,expert,1164,0.0,233
dimension,dimension::wired_dimension_15,wired_dimension_15,graduate,partner,1165,0.02857142857142857,234
dimension,dimension::wired_dimension_15,wired_dimension_15,graduate,expert,1166,0.05714285714285714,235
dimension,dimension::wired_dimension_15,wired_dimension_15,graduate,partner,1167,0.08571428571428572,236
dimension,dimension::wired_dimension_15,wired_dimension_15,graduate,expert,1168,0.11428571428571428,237
dimension,dimension::wired_dimension_15,wired_dimension_15,graduate,partner,1170,0.14285714285714285,238
dimension,dimension::wired_dimension_15,wired_dimension_15,graduate,expert,1171,0.17142857142857143,239
dimension,dimension::wired_dimension_15,wired_dimension_15,graduate,partner,1172,0.2,240
dimension,dimension::wired_dimension_15,wired_dimension_15,graduate,expert,1173,0.22857142857142856,241
dimension,dimension::wired_dimension_15,wired_dimension_15,graduate,partner,1174,0.2571428571428571,242
dimension,dimension::wired_dimension_15,wired_dimension_15,graduate,expert,1176,0.2857142857142857,243
dimension,dimension::wired_dimension_15,wired_dimension_15,graduate,partner,1179,0.3142857142857143,244
dimension,dimension::wired_dimension_15,wired_dimension_15,graduate,expert,1180,0.34285714285714286,245
dimension,dimension::wired_dimension_15,wired_dimension_15,graduate,partner,1181,0.37142857142857144,246
dimension,dimension::wired_dimension_15,wired_dimension_15,graduate,expert,1182,0.4,247
dimension,dimension::wired_dimension_15,wired_dimension_15,graduate,partner,1185,0.42857142857142855,248
dimension,dimension::wired_dimension_15,wired_dimension_15,graduate,expert,1186,0.45714285714285713,249
dimension,dimension::wired_dimension_15,wired_dimension_15,graduate,partner,1188,0.4857142857142857,250
dimension,dimension::wired_dimension_15,wired_dimension_15,graduate,expert,1190,0.5142857142857142,251
dimension,dimension::wired_dimension_15,wired_dimension_15,graduate,partner,1194,0.5428571428571428,252
dimension,dimension::wired_dimension_15,wired_dimension_15,graduate,expert,1195,0.5714285714285714,253
dimension,dimension::wired_dimension_15,wired_dimension_15,graduate,partner,1222,0.6,254
dimension,dimension::wired_dimension_15,wired_dimension_15,graduate,expert,1223,0.6285714285714286,255
dimension,dimension::wired_dimension_15,wired_dimension_15,graduate,partner,1224,0.6571428571428571,256
dimension,dimension::wired_dimension_15,wired_dimension_15,graduate,expert,1225,0.6857142857142857,257
dimension,dimension::wired_dimension_15,wired_dimension_15,graduate,partner,1229,0.7142857142857143,258
dimension,dimension::wired_dimension_15,wired_dimension_15,graduate,expert,1230,0.7428571428571429,259
dimension,dimension::wired_dimension_15,wired_dimension_15,graduate,partner,1233,0.7714285714285715,260
dimension,dimension::wired_dimension_15,wired_dimension_15,graduate,expert,1234,0.8,261
dimension,dimension::wired_dimension_15,wired_dimension_15,graduate,partner,1240,0.8285714285714286,262
dimension,dimension::wired_dimension_15,wired_dimension_15,graduate,expert,1242,0.8571428571428571,263
dimension,dimension::wired_dimension_15,wired_dimension_15,graduate,partner,1245,0.8857142857142857,264
dimension,dimension::wired_dimension_15,wired_dimension_15,graduate,expert,1246,0.9142857142857143,265
dimension,dimension::wired_dimension_15,wired_dimension_15,graduate,partner,1249,0.9428571428571428,266
dimension,dimension::wired_dimension_15,wired_dimension_15,graduate,expert,1252,0.9714285714285714,267
dimension,dimension::wired_dimension_15,wired_dimension_15,graduate,partner,1255,1.0,268
dimension,dimension::wired_dimension_16,wired_dimension_16,expert,expert,1256,0.0,269
dimension,dimension::wired_dimension_16,wired_dimension_16,expert,partner,1257,0.02040816326530612,270
dimension,dimension::wired_dimension_16,wired_dimension_16,expert,expert,1259,0.04081632653061224,271
dimension,dimension::wired_dimension_16,wired_dimension_16,expert,partner,1260,0.061224489795918366,272
dimension,dimension::wired_dimension_16,wired_dimension_16,expert,expert,1261,0.08163265306122448,273
dimension,dimension::wired_dimension_16,wired_dimension_16,expert,partner,1262,0.10204081632653061,274
dimension,dimension::wired_dimension_16,wired_dimension_16,expert,expert,1263,0.12244897959183673,275
dimension,dimension::wired_dimension_16,wired_dimension_16,expert,partner,1267,0.14285714285714285,276
dimension,dimension::wired_dimension_16,wired_dimension_16,expert,expert,1269,0.16326530612244897,277
dimension,dimension::wired_dimension_16,wired_dimension_16,expert,partner,1271,0.1836734693877551,278
dimension,dimension::wired_dimension_16,wired_dimension_16,expert,expert,1272,0.20408163265306123,279
dimension,dimension::wired_dimension_16,wired_dimension_16,expert,partner,1274,0.22448979591836735,280
dimension,dimension::wired_dimension_16,wired_dimension_16,expert,expert,1276,0.24489795918367346,281
dimension,dimension::wired_dimension_16,wired_dimension_16,expert,partner,1277,0.2653061224489796,282
dimension,dimension::wired_dimension_16,wired_dimension_16,expert,expert,1280,0.2857142857142857,283
dimension,dimension::wired_dimension_16,wired_dimension_16,expert,partner,1284,0.30612244897959184,284
dimension,dimension::wired_dimension_16,wired_dimension_16,expert,expert,1285,0.32653061224489793,285
dimension,dimension::wired_dimension_16,wired_dimension_16,expert,partner,1286,0.3469387755102041,286
dimension,dimension::wired_dimension_16,wired_dimension_16,expert,expert,1287,0.3673469387755102,287
dimension,dimension::wired_dimension_16,wired_dimension_16,expert,partner,1288,0.3877551020408163,288
dimension,dimension::wired_dimension_16,wired_dimension_16,expert,expert,1289,0.40816326530612246,289
dimension,dimension::wired_dimension_16,wired_dimension_16,expert,partner,1290,0.42857142857142855,290
dimension,dimension::wired_dimension_16,wired_dimension_16,expert,expert,1291,0.4489795918367347,291
dimension,dimension::wired_dimension_16,wired_dimension_16,expert,partner,1292,0.46938775510204084,292
dimension,dimension::wired_dimension_16,wired_dimension_16,expert,expert,1295,0.4897959183673469,293
dimension,dimension::wired_dimension_16,wired_dimension_16,expert,partner,1298,0.5102040816326531,294
dimension,dimension::wired_dimension_16,wired_dimension_16,expert,expert,1299,0.5306122448979592,295
dimension,dimension::wired_dimension_16,wired_dimension_16,expert,partner,1300,0.5510204081632653,296
dimension,dimension::wired_dimension_16,wired_dimension_16,expert,expert,1301,0.5714285714285714,297
dimension,dimension::wired_dimension_16,wired_dimension_16,expert,partner,1302,0.5918367346938775,298
dimension,dimension::wired_dimension_16,wired_dimension_16,expert,expert,1306,0.6122448979591837,299
dimension,dimension::wired_dimension_16,wired_dimension_16,expert,partner,1312,0.6326530612244898,300
dimension,dimension::wired_dimension_16,wired_dimension_16,expert,expert,1315,0.6530612244897959,301
dimension,dimension::wired_dimension_16,wired_dimension_16,expert,partner,1319,0.673469387755102,302
dimension,dimension::wired_dimension_16,wired_dimension_16,expert,expert,1321,0.6938775510204082,303
dimension,dimension::wired_dimension_16,wired_dimension_16,expert,partner,1324,0.7142857142857143,304
dimension,dimension::wired_dimension_16,wired_dimension_16,expert,expert,1325,0.7346938775510204,305
dimension,dimension::wired_dimension_16,wired_dimension_16,expert,partner,1328,0.7551020408163265,306
dimension,dimension::wired_dimension_16,wired_dimension_16,expert,expert,1329,0.7755102040816326,307
dimension,dimension::wired_dimension_16,wired_dimension_16,expert,partner,1330,0.7959183673469388,308
dimension,dimension::wired_dimension_16,wired_dimension_16,expert,expert,1331,0.8163265306122449,309
dimension,dimension::wired_dimension_16,wired_dimension_16,expert,partner,1333,0.8367346938775511,310
dimension,dimension::wired_dimension_16,wired_dimension_16,expert,expert,1334,0.8571428571428571,311
dimension,dimension::wired_dimension_16,wired_dimension_16,expert,partner,1338,0.8775510204081632,312
dimension,dimension::wired_dimension_16,wired_dimension_16,expert,expert,1341,0.8979591836734694,313
dimension,dimension::wired_dimension_16,wired_dimension_16,expert,partner,1342,0.9183673469387755,314
dimension,dimension::wired_dimension_16,wired_dimension_16,expert,expert,1343,0.9387755102040817,315
dimension,dimension::wired_dimension_16,wired_dimension_16,expert,partner,1344,0.9591836734693877,316
dimension,dimension::wired_dimension_16,wired_dimension_16,expert,expert,1346,0.9795918367346939,317
dimension,dimension::wired_dimension_16,wired_dimension_16,expert,partner,1347,1.0,318
fractal,fractal::wired_fractal_12,wired_fractal_12,child,expert,1351,0.0,319
fractal,fractal::wired_fractal_12,wired_fractal_12,child,partner,1352,0.034482758620689655,320
fractal,fractal::wired_fractal_12,wired_fractal_12,child,expert,1353,0.06896551724137931,321
fractal,fractal::wired_fractal_12,wired_fractal_12,child,partner,1354,0.10344827586206896,322
fractal,fractal::wired_fractal_12,wired_fractal_12,child,expert,1355,0.13793103448275862,323
fractal,fractal::wired_fractal_12,wired_fractal_12,child,partner,1358,0.1724137931034483,324
fractal,fractal::wired_fractal_12,wired_fractal_12,child,expert,1359,0.20689655172413793,325
fractal,fractal::wired_fractal_12,wired_fractal_12,child,partner,1362,0.2413793103448276,326
fractal,fractal::wired_fractal_12,wired_fractal_12,child,expert,1363,0.27586206896551724,327
fractal,fractal::wired_fractal_12,wired_fractal_12,child,partner,1365,0.3103448275862069,328
fractal,fractal::wired_fractal_12,wired_fractal_12,child,expert,1366,0.3448275862068966,329
fractal,fractal::wired_fractal_12,wired_fractal_12,child,partner,1369,0.3793103448275862,330
fractal,fractal::wired_fractal_12,wired_fractal_12,child,expert,1370,0.41379310344827586,331
fractal,fractal::wired_fractal_12,wired_fractal_12,child,partner,1371,0.4482758620689655,332
fractal,fractal::wired_fractal_12,wired_fractal_12,child,expert,1372,0.4827586206896552,333
fractal,fractal::wired_fractal_12,wired_fractal_12,child,partner,1375,0.5172413793103449,334
fractal,fractal::wired_fractal_12,wired_fractal_12,child,expert,1376,0.5517241379310345,335
fractal,fractal::wired_fractal_12,wired_fractal_12,child,partner,1378,0.5862068965517241,336
fractal,fractal::wired_fractal_12,wired_fractal_12,child,expert,1379,0.6206896551724138,337
fractal,fractal::wired_fractal_12,wired_fractal_12,child,partner,1381,0.6551724137931034,338
fractal,fractal::wired_fractal_12,wired_fractal_12,child,expert,1382,0.6896551724137931,339
fractal,fractal::wired_fractal_12,wired_fractal_12,child,partner,1385,0.7241379310344828,340
fractal,fractal::wired_fractal_12,wired_fractal_12,child,expert,1386,0.7586206896551724,341
fractal,fractal::wired_fractal_12,wired_fractal_12,child,partner,1387,0.7931034482758621,342
fractal,fractal::wired_fractal_12,wired_fractal_12,child,expert,1388,0.8275862068965517,343
fractal,fractal::wired_fractal_12,wired_fractal_12,child,partner,1389,0.8620689655172413,344
fractal,fractal::wired_fractal_12,wired_fractal_12,child,expert,1390,0.896551724137931,345
fractal,fractal::wired_fractal_12,wired_fractal_12,child,partner,1393,0.9310344827586207,346
fractal,fractal::wired_fractal_12,wired_fractal_12,child,expert,1395,0.9655172413793104,347
fractal,fractal::wired_fractal_12,wired_fractal_12,child,partner,1396,1.0,348
fractal,fractal::wired_fractal_13,wired_fractal_13,teenager,expert,1397,0.0,349
fractal,fractal::wired_fractal_13,wired_fractal_13,teenager,partner,1398,0.08333333333333333,350
fractal,fractal::wired_fractal_13,wired_fractal_13,teenager,expert,1399,0.16666666666666666,351
fractal,fractal::wired_fractal_13,wired_fractal_13,teenager,partner,1400,0.25,352
fractal,fractal::wired_fractal_13,wired_fractal_13,teenager,expert,1401,0.3333333333333333,353
fractal,fractal::wired_fractal_13,wired_fractal_13,teenager,partner,1404,0.4166666666666667,354
fractal,fractal::wired_fractal_13,wired_fractal_13,teenager,expert,1405,0.5,355
fractal,fractal::wired_fractal_13,wired_fractal_13,teenager,partner,1409,0.5833333333333334,356
fractal,fractal::wired_fractal_13,wired_fractal_13,teenager,expert,1410,0.6666666666666666,357
fractal,fractal::wired_fractal_13,wired_fractal_13,teenager,partner,1420,0.75,358
fractal,fractal::wired_fractal_13,wired_fractal_13,teenager,expert,1422,0.8333333333333334,359
fractal,fractal::wired_fractal_13,wired_fractal_13,teenager,partner,1434,0.9166666666666666,360
fractal,fractal::wired_fractal_13,wired_fractal_13,teenager,expert,1435,1.0,361
fractal,fractal::wired_fractal_14,wired_fractal_14,undergraduate,expert,1437,0.0,362
fractal,fractal::wired_fractal_14,wired_fractal_14,undergraduate,partner,1438,0.06666666666666667,363
fractal,fractal::wired_fractal_14,wired_fractal_14,undergraduate,expert,1439,0.13333333333333333,364
fractal,fractal::wired_fractal_14,wired_fractal_14,undergraduate,partner,1440,0.2,365
fractal,fractal::wired_fractal_14,wired_fractal_14,undergraduate,expert,1441,0.26666666666666666,366
fractal,fractal::wired_fractal_14,wired_fractal_14,undergraduate,partner,1449,0.3333333333333333,367
fractal,fractal::wired_fractal_14,wired_fractal_14,undergraduate,expert,1452,0.4,368
fractal,fractal::wired_fractal_14,wired_fractal_14,undergraduate,partner,1457,0.4666666666666667,369
fractal,fractal::wired_fractal_14,wired_fractal_14,undergraduate,expert,1458,0.5333333333333333,370
fractal,fractal::wired_fractal_14,wired_fractal_14,undergraduate,partner,1463,0.6,371
fractal,fractal::wired_fractal_14,wired_fractal_14,undergraduate,expert,1464,0.6666666666666666,372
fractal,fractal::wired_fractal_14,wired_fractal_14,undergraduate,partner,1471,0.7333333333333333,373
fractal,fractal::wired_fractal_14,wired_fractal_14,undergraduate,expert,1472,0.8,374
fractal,fractal::wired_fractal_14,wired_fractal_14,undergraduate,partner,1476,0.8666666666666667,375
fractal,fractal::wired_fractal_14,wired_fractal_14,undergraduate,expert,1477,0.9333333333333333,376
fractal,fractal::wired_fractal_14,wired_fractal_14,undergraduate,partner,1483,1.0,377
fractal,fractal::wired_fractal_15,wired_fractal_15,graduate,expert,1484,0.0,378
fractal,fractal::wired_fractal_15,wired_fractal_15,graduate,partner,1485,0.038461538461538464,379
fractal,fractal::wired_fractal_15,wired_fractal_15,graduate,expert,1486,0.07692307692307693,380
fractal,fractal::wired_fractal_15,wired_fractal_15,graduate,partner,1487,0.11538461538461539,381
fractal,fractal::wired_fractal_15,wired_fractal_15,graduate,expert,1489,0.15384615384615385,382
fractal,fractal::wired_fractal_15,wired_fractal_15,graduate,partner,1494,0.19230769230769232,383
fractal,fractal::wired_fractal_15,wired_fractal_15,graduate,expert,1495,0.23076923076923078,384
fractal,fractal::wired_fractal_15,wired_fractal_15,graduate,partner,1496,0.2692307692307692,385
fractal,fractal::wired_fractal_15,wired_fractal_15,graduate,expert,1497,0.3076923076923077,386
fractal,fractal::wired_fractal_15,wired_fractal_15,graduate,partner,1500,0.34615384615384615,387
fractal,fractal::wired_fractal_15,wired_fractal_15,graduate,expert,1501,0.38461538461538464,388
fractal,fractal::wired_fractal_15,wired_fractal_15,graduate,partner,1502,0.4230769230769231,389
fractal,fractal::wired_fractal_15,wired_fractal_15,graduate,expert,1504,0.46153846153846156,390
fractal,fractal::wired_fractal_15,wired_fractal_15,graduate,partner,1507,0.5,391
fractal,fractal::wired_fractal_15,wired_fractal_15,graduate,expert,1508,0.5384615384615384,392
fractal,fractal::wired_fractal_15,wired_fractal_15,graduate,partner,1516,0.5769230769230769,393
fractal,fractal::wired_fractal_15,wired_fractal_15,graduate,expert,1517,0.6153846153846154,394
fractal,fractal::wired_fractal_15,wired_fractal_15,graduate,partner,1518,0.6538461538461539,395
fractal,fractal::wired_fractal_15,wired_fractal_15,graduate,expert,1519,0.6923076923076923,396
fractal,fractal::wired_fractal_15,wired_fractal_15,graduate,partner,1520,0.7307692307692307,397
fractal,fractal::wired_fractal_15,wired_fractal_15,graduate,expert,1522,0.7692307692307693,398
fractal,fractal::wired_fractal_15,wired_fractal_15,graduate,partner,1523,0.8076923076923077,399
fractal,fractal::wired_fractal_15,wired_fractal_15,graduate,expert,1524,0.8461538461538461,400
fractal,fractal::wired_fractal_15,wired_fractal_15,graduate,partner,1526,0.8846153846153846,401
fractal,fractal::wired_fractal_15,wired_fractal_15,graduate,expert,1527,0.9230769230769231,402
fractal,fractal::wired_fractal_15,wired_fractal_15,graduate,partner,1529,0.9615384615384616,403
fractal,fractal::wired_fractal_15,wired_fractal_15,graduate,expert,1531,1.0,404
fractal,fractal::wired_fractal_16,wired_fractal_16,expert,partner,1536,0.0,405
fractal,fractal::wired_fractal_16,wired_fractal_16,expert,expert,1537,0.034482758620689655,406
fractal,fractal::wired_fractal_16,wired_fractal_16,expert,partner,1538,0.06896551724137931,407
fractal,fractal::wired_fractal_16,wired_fractal_16,expert,expert,1541,0.10344827586206896,408
fractal,fractal::wired_fractal_16,wired_fractal_16,expert,partner,1542,0.13793103448275862,409
fractal,fractal::wired_fractal_16,wired_fractal_16,expert,expert,1543,0.1724137931034483,410
fractal,fractal::wired_fractal_16,wired_fractal_16,expert,partner,1547,0.20689655172413793,411
fractal,fractal::wired_fractal_16,wired_fractal_16,expert,expert,1550,0.2413793103448276,412
fractal,fractal::wired_fractal_16,wired_fractal_16,expert,partner,1552,0.27586206896551724,413
fractal,fractal::wired_fractal_16,wired_fractal_16,expert,expert,1563,0.3103448275862069,414
fractal,fractal::wired_fractal_16,wired_fractal_16,expert,partner,1566,0.3448275862068966,415
fractal,fractal::wired_fractal_16,wired_fractal_16,expert,expert,1570,0.3793103448275862,416
fractal,fractal::wired_fractal_16,wired_fractal_16,expert,partner,1571,0.41379310344827586,417
fractal,fractal::wired_fractal_16,wired_fractal_16,expert,expert,1576,0.4482758620689655,418
fractal,fractal::wired_fractal_16,wired_fractal_16,expert,partner,1582,0.4827586206896552,419
fractal,fractal::wired_fractal_16,wired_fractal_16,expert,expert,1587,0.5172413793103449,420
fractal,fractal::wired_fractal_16,wired_fractal_16,expert,partner,1589,0.5517241379310345,421
fractal,fractal::wired_fractal_16,wired_fractal_16,expert,expert,1591,0.5862068965517241,422
fractal,fractal::wired_fractal_16,wired_fractal_16,expert,partner,1593,0.6206896551724138,423
fractal,fractal::wired_fractal_16,wired_fractal_16,expert,expert,1595,0.6551724137931034,424
fractal,fractal::wired_fractal_16,wired_fractal_16,expert,partner,1597,0.6896551724137931,425
fractal,fractal::wired_fractal_16,wired_fractal_16,expert,expert,1598,0.7241379310344828,426
fractal,fractal::wired_fractal_16,wired_fractal_16,expert,partner,1599,0.7586206896551724,427
fractal,fractal::wired_fractal_16,wired_fractal_16,expert,expert,1602,0.7931034482758621,428
fractal,fractal::wired_fractal_16,wired_fractal_16,expert,partner,1605,0.8275862068965517,429
fractal,fractal::wired_fractal_16,wired_fractal_16,expert,expert,1608,0.8620689655172413,430
fractal,fractal::wired_fractal_16,wired_fractal_16,expert,partner,1609,0.896551724137931,431
fractal,fractal::wired_fractal_16,wired_fractal_16,expert,expert,1611,0.9310344827586207,432
fractal,fractal::wired_fractal_16,wired_fractal_16,expert,partner,1617,0.9655172413793104,433
fractal,fractal::wired_fractal_16,wired_fractal_16,expert,expert,1619,1.0,434
gravity,gravity::wired_gravity_12,wired_gravity_12,child,expert,1620,0.0,435
gravity,gravity::wired_gravity_12,wired_gravity_12,child,partner,1621,0.022727272727272728,436
gravity,gravity::wired_gravity_12,wired_gravity_12,child,expert,1622,0.045454545454545456,437
gravity,gravity::wired_gravity_12,wired_gravity_12,child,partner,1623,0.06818181818181818,438
gravity,gravity::wired_gravity_12,wired_gravity_12,child,expert,1624,0.09090909090909091,439
gravity,gravity::wired_gravity_12,wired_gravity_12,child,partner,1625,0.11363636363636363,440
gravity,gravity::wired_gravity_12,wired_gravity_12,child,expert,1626,0.13636363636363635,441
gravity,gravity::wired_gravity_12,wired_gravity_12,child,partner,1629,0.1590909090909091,442
gravity,gravity::wired_gravity_12,wired_gravity_12,child,expert,1630,0.18181818181818182,443
gravity,gravity::wired_gravity_12,wired_gravity_12,child,partner,1634,0.20454545454545456,444
gravity,gravity::wired_gravity_12,wired_gravity_12,child,expert,1635,0.22727272727272727,445
gravity,gravity::wired_gravity_12,wired_gravity_12,child,partner,1637,0.25,446
gravity,gravity::wired_gravity_12,wired_gravity_12,child,expert,1638,0.2727272727272727,447
gravity,gravity::wired_gravity_12,wired_gravity_12,child,partner,1641,0.29545454545454547,448
gravity,gravity::wired_gravity_12,wired_gravity_12,child,expert,1642,0.3181818181818182,449
gravity,gravity::wired_gravity_12,wired_gravity_12,child,partner,1643,0.3409090909090909,450
gravity,gravity::wired_gravity_12,wired_gravity_12,child,expert,1644,0.36363636363636365,451
gravity,gravity::wired_gravity_12,wired_gravity_12,child,partner,1646,0.38636363636363635,452
gravity,gravity::wired_gravity_12,wired_gravity_12,child,expert,1647,0.4090909090909091,453
gravity,gravity::wired_gravity_12,wired_gravity_12,child,partner,1648,0.4318181818181818,454
gravity,gravity::wired_gravity_12,wired_gravity_12,child,expert,1650,0.45454545454545453,455
gravity,gravity::wired_gravity_12,wired_gravity_12,child,partner,1652,0.4772727272727273,456
gravity,gravity::wired_gravity_12,wired_gravity_12,child,expert,1653,0.5,457
gravity,gravity::wired_gravity_12,wired_gravity_12,child,partner,1655,0.5227272727272727,458
gravity,gravity::wired_gravity_12,wired_gravity_12,child,expert,1656,0.5454545454545454,459
gravity,gravity::wired_gravity_12,wired_gravity_12,child,partner,1657,0.5681818181818182,460
gravity,gravity::wired_gravity_12,wired_gravity_12,child,expert,1658,0.5909090909090909,461
gravity,gravity::wired_gravity_12,wired_gravity_12,child,partner,1660,0.6136363636363636,462
gravity,gravity::wired_gravity_12,wired_gravity_12,child,expert,1661,0.6363636363636364,463
gravity,gravity::wired_gravity_12,wired_gravity_12,child,partner,1664,0.6590909090909091,464
gravity,gravity::wired_gravity_12,wired_gravity_12,child,expert,1666,0.6818181818181818,465
gravity,gravity::wired_gravity_12,wired_gravity_12,child,partner,1668,0.7045454545454546,466
gravity,gravity::wired_gravity_12,wired_gravity_12,child,expert,1669,0.7272727272727273,467
gravity,gravity::wired_gravity_12,wired_gravity_12,child,partner,1671,0.75,468
gravity,gravity::wired_gravity_12,wired_gravity_12,child,expert,1672,0.7727272727272727,469
gravity,gravity::wired_gravity_12,wired_gravity_12,child,partner,1674,0.7954545454545454,470
gravity,gravity::wired_gravity_12,wired_gravity_12,child,expert,1675,0.8181818181818182,471
gravity,gravity::wired_gravity_12,wired_gravity_12,child,partner,1676,0.8409090909090909,472
gravity,gravity::wired_gravity_12,wired_gravity_12,child,expert,1677,0.8636363636363636,473
gravity,gravity::wired_gravity_12,wired_gravity_12,child,partner,1678,0.8863636363636364,474
gravity,gravity::wired_gravity_12,wired_gravity_12,child,expert,1679,0.9090909090909091,475
gravity,gravity::wired_gravity_12,wired_gravity_12,child,partner,1684,0.9318181818181818,476
gravity,gravity::wired_gravity_12,wired_gravity_12,child,expert,1685,0.9545454545454546,477
gravity,gravity::wired_gravity_12,wired_gravity_12,child,partner,1689,0.9772727272727273,478
gravity,gravity::wired_gravity_12,wired_gravity_12,child,expert,1691,1.0,479
gravity,gravity::wired_gravity_13,wired_gravity_13,teenager,expert,1692,0.0,480
gravity,gravity::wired_gravity_13,wired_gravity_13,teenager,partner,1693,0.027777777777777776,481
gravity,gravity::wired_gravity_13,wired_gravity_13,teenager,expert,1694,0.05555555555555555,482
gravity,gravity::wired_gravity_13,wired_gravity_13,teenager,partner,1695,0.08333333333333333,483
gravity,gravity::wired_gravity_13,wired_gravity_13,teenager,expert,1696,0.1111111111111111,484
gravity,gravity::wired_gravity_13,wired_gravity_13,teenager,partner,1697,0.1388888888888889,485
gravity,gravity::wired_gravity_13,wired_gravity_13,teenager,expert,1698,0.16666666666666666,486
gravity,gravity::wired_gravity_13,wired_gravity_13,teenager,partner,1699,0.19444444444444445,487
gravity,gravity::wired_gravity_13,wired_gravity_13,teenager,expert,1700,0.2222222222222222,488
gravity,gravity::wired_gravity_13,wired_gravity_13,teenager,partner,1701,0.25,489
gravity,gravity::wired_gravity_13,wired_gravity_13,teenager,expert,1703,0.2777777777777778,490
gravity,gravity::wired_gravity_13,wired_gravity_13,teenager,partner,1706,0.3055555555555556,491
gravity,gravity::wired_gravity_13,wired_gravity_13,teenager,expert,1707,0.3333333333333333,492
gravity,gravity::wired_gravity_13,wired_gravity_13,teenager,partner,1713,0.3611111111111111,493
gravity,gravity::wired_gravity_13,wired_gravity_13,teenager,expert,1714,0.3888888888888889,494
gravity,gravity::wired_gravity_13,wired_gravity_13,teenager,partner,1727,0.4166666666666667,495
gravity,gravity::wired_gravity_13,wired_gravity_13,teenager,expert,1728,0.4444444444444444,496
gravity,gravity::wired_gravity_13,wired_gravity_13,teenager,partner,1739,0.4722222222222222,497
gravity,gravity::wired_gravity_13,wired_gravity_13,teenager,expert,1740,0.5,498
gravity,gravity::wired_gravity_13,wired_gravity_13,teenager,partner,1743,0.5277777777777778,499
gravity,gravity::wired_gravity_13,wired_gravity_13,teenager,expert,1744,0.5555555555555556,500
gravity,gravity::wired_gravity_13,wired_gravity_13,teenager,partner,1746,0.5833333333333334,501
gravity,gravity::wired_gravity_13,wired_gravity_13,teenager,expert,1748,0.6111111111111112,502
gravity,gravity::wired_gravity_13,wired_gravity_13,teenager,partner,1753,0.6388888888888888,503
gravity,gravity::wired_gravity_13,wired_gravity_13,teenager,expert,1754,0.6666666666666666,504
gravity,gravity::wired_gravity_13,wired_gravity_13,teenager,partner,1772,0.6944444444444444,505
gravity,gravity::wired_gravity_13,wired_gravity_13,teenager,expert,1773,0.7222222222222222,506
gravity,gravity::wired_gravity_13,wired_gravity_13,teenager,partner,1774,0.75,507
gravity,gravity::wired_gravity_13,wired_gravity_13,teenager,expert,1775,0.7777777777777778,508
gravity,gravity::wired_gravity_13,wired_gravity_13,teenager,partner,1794,0.8055555555555556,509
gravity,gravity::wired_gravity_13,wired_gravity_13,teenager,expert,1795,0.8333333333333334,510
gravity,gravity::wired_gravity_13,wired_gravity_13,teenager,partner,1797,0.8611111111111112,511
gravity,gravity::wired_gravity_13,wired_gravity_13,teenager,expert,1798,0.8888888888888888,512
gravity,gravity::wired_gravity_13,wired_gravity_13,teenager,partner,1802,0.9166666666666666,513
gravity,gravity::wired_gravity_13,wired_gravity_13,teenager,expert,1803,0.9444444444444444,514
gravity,gravity::wired_gravity_13,wired_gravity_13,teenager,partner,1805,0.9722222222222222,515
gravity,gravity::wired_gravity_13,wired_gravity_13,teenager,expert,1808,1.0,516
gravity,gravity::wired_gravity_14,wired_gravity_14,undergraduate,expert,1809,0.0,517
gravity,gravity::wired_gravity_14,wired_gravity_14,undergraduate,partner,1810,0.03225806451612903,518
gravity,gravity::wired_gravity_14,wired_gravity_14,undergraduate,expert,1811,0.06451612903225806,519
gravity,gravity::wired_gravity_14,wired_gravity_14,undergraduate,partner,1812,0.0967741935483871,520
gravity,gravity::wired_gravity_14,wired_gravity_14,undergraduate,expert,1813,0.12903225806451613,521
gravity,gravity::wired_gravity_14,wired_gravity_14,undergraduate,partner,1814,0.16129032258064516,522
gravity,gravity::wired_gravity_14,wired_gravity_14,undergraduate,expert,1818,0.1935483870967742,523
gravity,gravity::wired_gravity_14,wired_gravity_14,undergraduate,partner,1838,0.22580645161290322,524
gravity,gravity::wired_gravity_14,wired_gravity_14,undergraduate,expert,1839,0.25806451612903225,525
gravity,gravity::wired_gravity_14,wired_gravity_14,undergraduate,partner,1850,0.2903225806451613,526
gravity,gravity::wired_gravity_14,wired_gravity_14,undergraduate,expert,1851,0.3225806451612903,527
gravity,gravity::wired_gravity_14,wired_gravity_14,undergraduate,partner,1863,0.3548387096774194,528
gravity,gravity::wired_gravity_14,wired_gravity_14,undergraduate,expert,1864,0.3870967741935484,529
gravity,gravity::wired_gravity_14,wired_gravity_14,undergraduate,partner,1866,0.41935483870967744,530
gravity,gravity::wired_gravity_14,wired_gravity_14,undergraduate,expert,1867,0.45161290322580644,531
gravity,gravity::wired_gravity_14,wired_gravity_14,undergraduate,partner,1872,0.4838709677419355,532
gravity,gravity::wired_gravity_14,wired_gravity_14,undergraduate,expert,1873,0.5161290322580645,533
gravity,gravity::wired_gravity_14,wired_gravity_14,undergraduate,partner,1876,0.5483870967741935,534
gravity,gravity::wired_gravity_14,wired_gravity_14,undergraduate,expert,1877,0.5806451612903226,535
gravity,gravity::wired_gravity_14,wired_gravity_14,undergraduate,partner,1881,0.6129032258064516,536
gravity,gravity::wired_gravity_14,wired_gravity_14,undergraduate,expert,1882,0.6451612903225806,537
gravity,gravity::wired_gravity_14,wired_gravity_14,undergraduate,partner,1896,0.6774193548387096,538
gravity,gravity::wired_gravity_14,wired_gravity_14,undergraduate,expert,1897,0.7096774193548387,539
gravity,gravity::wired_gravity_14,wired_gravity_14,undergraduate,partner,1901,0.7419354838709677,540
gravity,gravity::wired_gravity_14,wired_gravity_14,undergraduate,expert,1902,0.7741935483870968,541
gravity,gravity::wired_gravity_14,wired_gravity_14,undergraduate,partner,1903,0.8064516129032258,542
gravity,gravity::wired_gravity_14,wired_gravity_14,undergraduate,expert,1904,0.8387096774193549,543
gravity,gravity::wired_gravity_14,wired_gravity_14,undergraduate,partner,1905,0.8709677419354839,544
gravity,gravity::wired_gravity_14,wired_gravity_14,undergraduate,expert,1906,0.9032258064516129,545
gravity,gravity::wired_gravity_14,wired_gravity_14,undergraduate,partner,1908,0.9354838709677419,546
gravity,gravity::wired_gravity_14,wired_gravity_14,undergraduate,expert,1910,0.967741935483871,547
gravity,gravity::wired_gravity_14,wired_gravity_14,undergraduate,partner,1912,1.0,548
gravity,gravity::wired_gravity_15,wired_gravity_15,graduate,expert,1913,0.0,549
gravity,gravity::wired_gravity_15,wired_gravity_15,graduate,partner,1914,0.03225806451612903,550
gravity,gravity::wired_gravity_15,wired_gravity_15,graduate,expert,1917,0.06451612903225806,551
gravity,gravity::wired_gravity_15,wired_gravity_15,graduate,partner,1918,0.0967741935483871,552
gravity,gravity::wired_gravity_15,wired_gravity_15,graduate,expert,1920,0.12903225806451613,553
gravity,gravity::wired_gravity_15,wired_gravity_15,graduate,partner,1922,0.16129032258064516,554
gravity,gravity::wired_gravity_15,wired_gravity_15,graduate,expert,1923,0.1935483870967742,555
gravity,gravity::wired_gravity_15,wired_gravity_15,graduate,partner,1926,0.22580645161290322,556
gravity,gravity::wired_gravity_15,wired_gravity_15,graduate,expert,1929,0.25806451612903225,557
gravity,gravity::wired_gravity_15,wired_gravity_15,graduate,partner,1930,0.2903225806451613,558
gravity,gravity::wired_gravity_15,wired_gravity_15,graduate,expert,1931,0.3225806451612903,559
gravity,gravity::wired_gravity_15,wired_gravity_15,graduate,partner,1933,0.3548387096774194,560
gravity,gravity::wired_gravity_15,wired_gravity_15,graduate,expert,1935,0.3870967741935484,561
gravity,gravity::wired_gravity_15,wired_gravity_15,graduate,partner,1936,0.41935483870967744,562
gravity,gravity::wired_gravity_15,wired_gravity_15,graduate,expert,1940,0.45161290322580644,563
gravity,gravity::wired_gravity_15,wired_gravity_15,graduate,partner,1948,0.4838709677419355,564
gravity,gravity::wired_gravity_15,wired_gravity_15,graduate,expert,1949,0.5161290322580645,565
gravity,gravity::wired_gravity_15,wired_gravity_15,graduate,partner,1962,0.5483870967741935,566
gravity,gravity::wired_gravity_15,wired_gravity_15,graduate,expert,1965,0.5806451612903226,567
gravity,gravity::wired_gravity_15,wired_gravity_15,graduate,partner,1970,0.6129032258064516,568
gravity,gravity::wired_gravity_15,wired_gravity_15,graduate,expert,1973,0.6451612903225806,569
gravity,gravity::wired_gravity_15,wired_gravity_15,graduate,partner,1974,0.6774193548387096,570
gravity,gravity::wired_gravity_15,wired_gravity_15,graduate,expert,1975,0.7096774193548387,571
gravity,gravity::wired_gravity_15,wired_gravity_15,graduate,partner,1981,0.7419354838709677,572
gravity,gravity::wired_gravity_15,wired_gravity_15,graduate,expert,1986,0.7741935483870968,573
gravity,gravity::wired_gravity_15,wired_gravity_15,graduate,partner,1988,0.8064516129032258,574
gravity,gravity::wired_gravity_15,wired_gravity_15,graduate,expert,1992,0.8387096774193549,575
gravity,gravity::wired_gravity_15,wired_gravity_15,graduate,partner,1994,0.8709677419354839,576
gravity,gravity::wired_gravity_15,wired_gravity_15,graduate,expert,1995,0.9032258064516129,577
gravity,gravity::wired_gravity_15,wired_gravity_15,graduate,partner,1998,0.9354838709677419,578
gravity,gravity::wired_gravity_15,wired_gravity_15,graduate,expert,2001,0.967741935483871,579
gravity,gravity::wired_gravity_15,wired_gravity_15,graduate,partner,2003,1.0,580
gravity,gravity::wired_gravity_16,wired_gravity_16,expert,expert,2004,0.0,581
gravity,gravity::wired_gravity_16,wired_gravity_16,expert,partner,2007,0.02702702702702703,582
gravity,gravity::wired_gravity_16,wired_gravity_16,expert,expert,2008,0.05405405405405406,583
gravity,gravity::wired_gravity_16,wired_gravity_16,expert,partner,2009,0.08108108108108109,584
gravity,gravity::wired_gravity_16,wired_gravity_16,expert,expert,2012,0.10810810810810811,585
gravity,gravity::wired_gravity_16,wired_gravity_16,expert,partner,2019,0.13513513513513514,586
gravity,gravity::wired_gravity_16,wired_gravity_16,expert,expert,2022,0.16216216216216217,587
gravity,gravity::wired_gravity_16,wired_gravity_16,expert,partner,2023,0.1891891891891892,588
gravity,gravity::wired_gravity_16,wired_gravity_16,expert,expert,2031,0.21621621621621623,589
gravity,gravity::wired_gravity_16,wired_gravity_16,expert,partner,2032,0.24324324324324326,590
gravity,gravity::wired_gravity_16,wired_gravity_16,expert,expert,2036,0.2702702702702703,591
gravity,gravity::wired_gravity_16,wired_gravity_16,expert,partner,2037,0.2972972972972973,592
gravity,gravity::wired_gravity_16,wired_gravity_16,expert,expert,2044,0.32432432432432434,593
gravity,gravity::wired_gravity_16,wired_gravity_16,expert,partner,2052,0.35135135135135137,594
gravity,gravity::wired_gravity_16,wired_gravity_16,expert,expert,2062,0.3783783783783784,595
gravity,gravity::wired_gravity_16,wired_gravity_16,expert,partner,2064,0.40540540540540543,596
gravity,gravity::wired_gravity_16,wired_gravity_16,expert,expert,2067,0.43243243243243246,597
gravity,gravity::wired_gravity_16,wired_gravity_16,expert,partner,2068,0.4594594594594595,598
gravity,gravity::wired_gravity_16,wired_gravity_16,expert,expert,2078,0.4864864864864865,599
gravity,gravity::wired_gravity_16,wired_gravity_16,expert,partner,2081,0.5135135135135135,600
gravity,gravity::wired_gravity_16,wired_gravity_16,expert,expert,2084,0.5405405405405406,601
gravity,gravity::wired_gravity_16,wired_gravity_16,expert,partner,2089,0.5675675675675675,602
gravity,gravity::wired_gravity_16,wired_gravity_16,expert,expert,2094,0.5945945945945946,603
gravity,gravity::wired_gravity_16,wired_gravity_16,expert,partner,2096,0.6216216216216216,604
gravity,gravity::wired_gravity_16,wired_gravity_16,expert,expert,2100,0.6486486486486487,605
gravity,gravity::wired_gravity_16,wired_gravity_16,expert,partner,2108,0.6756756756756757,606
gravity,gravity::wired_gravity_16,wired_gravity_16,expert,expert,2114,0.7027027027027027,607
gravity,gravity::wired_gravity_16,wired_gravity_16,expert,partner,2115,0.7297297297297297,608
gravity,gravity::wired_gravity_16,wired_gravity_16,expert,expert,2116,0.7567567567567568,609
gravity,gravity::wired_gravity_16,wired_gravity_16,expert,partner,2118,0.7837837837837838,610
gravity,gravity::wired_gravity_16,wired_gravity_16,expert,expert,2120,0.8108108108108109,611
gravity,gravity::wired_gravity_16,wired_gravity_16,expert,partner,2126,0.8378378378378378,612
gravity,gravity::wired_gravity_16,wired_gravity_16,expert,expert,2129,0.8648648648648649,613
gravity,gravity::wired_gravity_16,wired_gravity_16,expert,partner,2134,0.8918918918918919,614
gravity,gravity::wired_gravity_16,wired_gravity_16,expert,expert,2138,0.918918918918919,615
gravity,gravity::wired_gravity_16,wired_gravity_16,expert,partner,2141,0.9459459459459459,616
gravity,gravity::wired_gravity_16,wired_gravity_16,expert,expert,2146,0.972972972972973,617
gravity,gravity::wired_gravity_16,wired_gravity_16,expert,partner,2148,1.0,618
hacking,hacking::wired_hacking_12,wired_hacking_12,child,expert,2154,0.0,619
hacking,hacking::wired_hacking_12,wired_hacking_12,child,partner,2155,0.05555555555555555,620
hacking,hacking::wired_hacking_12,wired_hacking_12,child,expert,2157,0.1111111111111111,621
hacking,hacking::wired_hacking_12,wired_hacking_12,child,partner,2160,0.16666666666666666,622
hacking,hacking::wired_hacking_12,wired_hacking_12,child,expert,2162,0.2222222222222222,623
hacking,hacking::wired_hacking_12,wired_hacking_12,child,partner,2163,0.2777777777777778,624
hacking,hacking::wired_hacking_12,wired_hacking_12,child,expert,2164,0.3333333333333333,625
hacking,hacking::wired_hacking_12,wired_hacking_12,child,partner,2170,0.3888888888888889,626
hacking,hacking::wired_hacking_12,wired_hacking_12,child,expert,2171,0.4444444444444444,627
hacking,hacking::wired_hacking_12,wired_hacking_12,child,partner,2174,0.5,628
hacking,hacking::wired_hacking_12,wired_hacking_12,child,expert,2175,0.5555555555555556,629
hacking,hacking::wired_hacking_12,wired_hacking_12,child,partner,2181,0.6111111111111112,630
hacking,hacking::wired_hacking_12,wired_hacking_12,child,expert,2182,0.6666666666666666,631
hacking,hacking::wired_hacking_12,wired_hacking_12,child,partner,2186,0.7222222222222222,632
hacking,hacking::wired_hacking_12,wired_hacking_12,child,expert,2187,0.7777777777777778,633
hacking,hacking::wired_hacking_12,wired_hacking_12,child,partner,2189,0.8333333333333334,634
hacking,hacking::wired_hacking_12,wired_hacking_12,child,expert,2190,0.8888888888888888,635
hacking,hacking::wired_hacking_12,wired_hacking_12,child,partner,2192,0.9444444444444444,636
hacking,hacking::wired_hacking_12,wired_hacking_12,child,expert,2193,1.0,637
hacking,hacking::wired_hacking_13,wired_hacking_13,teenager,expert,2194,0.0,638
hacking,hacking::wired_hacking_13,wired_hacking_13,teenager,partner,2195,0.058823529411764705,639
hacking,hacking::wired_hacking_13,wired_hacking_13,teenager,expert,2198,0.11764705882352941,640
hacking,hacking::wired_hacking_13,wired_hacking_13,teenager,partner,2200,0.17647058823529413,641
hacking,hacking::wired_hacking_13,wired_hacking_13,teenager,expert,2201,0.23529411764705882,642
hacking,hacking::wired_hacking_13,wired_hacking_13,teenager,partner,2203,0.29411764705882354,643
hacking,hacking::wired_hacking_13,wired_hacking_13,teenager,expert,2204,0.35294117647058826,644
hacking,hacking::wired_hacking_13,wired_hacking_13,teenager,partner,2206,0.4117647058823529,645
hacking,hacking::wired_hacking_13,wired_hacking_13,teenager,expert,2207,0.47058823529411764,646
hacking,hacking::wired_hacking_13,wired_hacking_13,teenager,partner,2212,0.5294117647058824,647
hacking,hacking::wired_hacking_13,wired_hacking_13,teenager,expert,2213,0.5882352941176471,648
hacking,hacking::wired_hacking_13,wired_hacking_13,teenager,partner,2217,0.6470588235294118,649
hacking,hacking::wired_hacking_13,wired_hacking_13,teenager,expert,2218,0.7058823529411765,650
hacking,hacking::wired_hacking_13,wired_hacking_13,teenager,partner,2221,0.7647058823529411,651
hacking,hacking::wired_hacking_13,wired_hacking_13,teenager,expert,2222,0.8235294117647058,652
hacking,hacking::wired_hacking_13,wired_hacking_13,teenager,partner,2224,0.8823529411764706,653
hacking,hacking::wired_hacking_13,wired_hacking_13,teenager,expert,2225,0.9411764705882353,654
hacking,hacking::wired_hacking_13,wired_hacking_13,teenager,partner,2228,1.0,655
hacking,hacking::wired_hacking_14,wired_hacking_14,undergraduate,expert,2231,0.0,656
hacking,hacking::wired_hacking_14,wired_hacking_14,undergraduate,partner,2232,0.05555555555555555,657
hacking,hacking::wired_hacking_14,wired_hacking_14,undergraduate,expert,2234,0.1111111111111111,658
hacking,hacking::wired_hacking_14,wired_hacking_14,undergraduate,partner,2235,0.16666666666666666,659
hacking,hacking::wired_hacking_14,wired_hacking_14,undergraduate,expert,2236,0.2222222222222222,660
hacking,hacking::wired_hacking_14,wired_hacking_14,undergraduate,partner,2242,0.2777777777777778,661
hacking,hacking::wired_hacking_14,wired_hacking_14,undergraduate,expert,2244,0.3333333333333333,662
hacking,hacking::wired_hacking_14,wired_hacking_14,undergraduate,partner,2250,0.3888888888888889,663
hacking,hacking::wired_hacking_14,wired_hacking_14,undergraduate,expert,2251,0.4444444444444444,664
hacking,hacking::wired_hacking_14,wired_hacking_14,undergraduate,partner,2255,0.5,665
hacking,hacking::wired_hacking_14,wired_hacking_14,undergraduate,expert,2256,0.5555555555555556,666
hacking,hacking::wired_hacking_14,wired_hacking_14,undergraduate,partner,2257,0.6111111111111112,667
hacking,hacking::wired_hacking_14,wired_hacking_14,undergraduate,expert,2258,0.6666666666666666,668
hacking,hacking::wired_hacking_14,wired_hacking_14,undergraduate,partner,2265,0.7222222222222222,669
hacking,hacking::wired_hacking_14,wired_hacking_14,undergraduate,expert,2266,0.7777777777777778,670
hacking,hacking::wired_hacking_14,wired_hacking_14,undergraduate,partner,2274,0.8333333333333334,671
hacking,hacking::wired_hacking_14,wired_hacking_14,undergraduate,expert,2277,0.8888888888888888,672
hacking,hacking::wired_hacking_14,wired_hacking_14,undergraduate,partner,2281,0.9444444444444444,673
hacking,hacking::wired_hacking_14,wired_hacking_14,undergraduate,expert,2284,1.0,674
hacking,hacking::wired_hacking_15,wired_hacking_15,graduate,expert,2287,0.0,675
hacking,hacking::wired_hacking_15,wired_hacking_15,graduate,partner,2288,0.047619047619047616,676
hacking,hacking::wired_hacking_15,wired_hacking_15,graduate,expert,2297,0.09523809523809523,677
hacking,hacking::wired_hacking_15,wired_hacking_15,graduate,partner,2298,0.14285714285714285,678
hacking,hacking::wired_hacking_15,wired_hacking_15,graduate,expert,2299,0.19047619047619047,679
hacking,hacking::wired_hacking_15,wired_hacking_15,graduate,partner,2300,0.23809523809523808,680
hacking,hacking::wired_hacking_15,wired_hacking_15,graduate,expert,2303,0.2857142857142857,681
hacking,hacking::wired_hacking_15,wired_hacking_15,graduate,partner,2309,0.3333333333333333,682
hacking,hacking::wired_hacking_15,wired_hacking_15,graduate,expert,2315,0.38095238095238093,683
hacking,hacking::wired_hacking_15,wired_hacking_15,graduate,partner,2326,0.42857142857142855,684
hacking,hacking::wired_hacking_15,wired_hacking_15,graduate,expert,2330,0.47619047619047616,685
hacking,hacking::wired_hacking_15,wired_hacking_15,graduate,partner,2331,0.5238095238095238,686
hacking,hacking::wired_hacking_15,wired_hacking_15,graduate,expert,2332,0.5714285714285714,687
hacking,hacking::wired_hacking_15,wired_hacking_15,graduate,partner,2334,0.6190476190476191,688
hacking,hacking::wired_hacking_15,wired_hacking_15,graduate,expert,2335,0.6666666666666666,689
hacking,hacking::wired_hacking_15,wired_hacking_15,graduate,partner,2338,0.7142857142857143,690
hacking,hacking::wired_hacking_15,wired_hacking_15,graduate,expert,2340,0.7619047619047619,691
hacking,hacking::wired_hacking_15,wired_hacking_15,graduate,partner,2342,0.8095238095238095,692
hacking,hacking::wired_hacking_15,wired_hacking_15,graduate,expert,2344,0.8571428571428571,693
hacking,hacking::wired_hacking_15,wired_hacking_15,graduate,partner,2348,0.9047619047619048,694
hacking,hacking::wired_hacking_15,wired_hacking_15,graduate,expert,2350,0.9523809523809523,695
hacking,hacking::wired_hacking_15,wired_hacking_15,graduate,partner,2352,1.0,696
hacking,hacking::wired_hacking_16,wired_hacking_16,expert,expert,2354,0.0,697
hacking,hacking::wired_hacking_16,wired_hacking_16,expert,partner,2355,0.058823529411764705,698
hacking,hacking::wired_hacking_16,wired_hacking_16,expert,expert,2358,0.11764705882352941,699
hacking,hacking::wired_hacking_16,wired_hacking_16,expert,partner,2360,0.17647058823529413,700
hacking,hacking::wired_hacking_16,wired_hacking_16,expert,expert,2364,0.23529411764705882,701
hacking,hacking::wired_hacking_16,wired_hacking_16,expert,partner,2367,0.29411764705882354,702
hacking,hacking::wired_hacking_16,wired_hacking_16,expert,expert,2370,0.35294117647058826,703
hacking,hacking::wired_hacking_16,wired_hacking_16,expert,partner,2385,0.4117647058823529,704
hacking,hacking::wired_hacking_16,wired_hacking_16,expert,expert,2386,0.47058823529411764,705
hacking,hacking::wired_hacking_16,wired_hacking_16,expert,partner,2387,0.5294117647058824,706
hacking,hacking::wired_hacking_16,wired_hacking_16,expert,expert,2394,0.5882352941176471,707
hacking,hacking::wired_hacking_16,wired_hacking_16,expert,partner,2398,0.6470588235294118,708
hacking,hacking::wired_hacking_16,wired_hacking_16,expert,expert,2411,0.7058823529411765,709
hacking,hacking::wired_hacking_16,wired_hacking_16,expert,partner,2414,0.7647058823529411,710
hacking,hacking::wired_hacking_16,wired_hacking_16,expert,expert,2423,0.8235294117647058,711
hacking,hacking::wired_hacking_16,wired_hacking_16,expert,partner,2425,0.8823529411764706,712
hacking,hacking::wired_hacking_16,wired_hacking_16,expert,expert,2438,0.9411764705882353,713
hacking,hacking::wired_hacking_16,wired_hacking_16,expert,partner,2445,1.0,714
infinity,infinity::wired_infinity_12,wired_infinity_12,child,expert,2448,0.0,715
infinity,infinity::wired_infinity_12,wired_infinity_12,child,partner,2449,0.043478260869565216,716
infinity,infinity::wired_infinity_12,wired_infinity_12,child,expert,2450,0.08695652173913043,717
infinity,infinity::wired_infinity_12,wired_infinity_12,child,partner,2453,0.13043478260869565,718
infinity,infinity::wired_infinity_12,wired_infinity_12,child,expert,2454,0.17391304347826086,719
infinity,infinity::wired_infinity_12,wired_infinity_12,child,partner,2456,0.21739130434782608,720
infinity,infinity::wired_infinity_12,wired_infinity_12,child,expert,2457,0.2608695652173913,721
infinity,infinity::wired_infinity_12,wired_infinity_12,child,partner,2461,0.30434782608695654,722
infinity,infinity::wired_infinity_12,wired_infinity_12,child,expert,2462,0.34782608695652173,723
infinity,infinity::wired_infinity_12,wired_infinity_12,child,partner,2464,0.391304347826087,724
infinity,infinity::wired_infinity_12,wired_infinity_12,child,expert,2465,0.43478260869565216,725
infinity,infinity::wired_infinity_12,wired_infinity_12,child,partner,2470,0.4782608695652174,726
infinity,infinity::wired_infinity_12,wired_infinity_12,child,expert,2471,0.5217391304347826,727
infinity,infinity::wired_infinity_12,wired_infinity_12,child,partner,2472,0.5652173913043478,728
infinity,infinity::wired_infinity_12,wired_infinity_12,child,expert,2473,0.6086956521739131,729
infinity,infinity::wired_infinity_12,wired_infinity_12,child,partner,2475,0.6521739130434783,730
infinity,infinity::wired_infinity_12,wired_infinity_12,child,expert,2476,0.6956521739130435,731
infinity,infinity::wired_infinity_12,wired_infinity_12,child,partner,2480,0.7391304347826086,732
infinity,infinity::wired_infinity_12,wired_infinity_12,child,expert,2481,0.782608695652174,733
infinity,infinity::wired_infinity_12,wired_infinity_12,child,partner,2482,0.8260869565217391,734
infinity,infinity::wired_infinity_12,wired_infinity_12,child,expert,2483,0.8695652173913043,735
infinity,infinity::wired_infinity_12,wired_infinity_12,child,partner,2485,0.9130434782608695,736
infinity,infinity::wired_infinity_12,wired_infinity_12,child,expert,2486,0.9565217391304348,737
infinity,infinity::wired_infinity_12,wired_infinity_12,child,partner,2490,1.0,738
infinity,infinity::wired_infinity_13,wired_infinity_13,teenager,expert,2491,0.0,739
infinity,infinity::wired_infinity_13,wired_infinity_13,teenager,partner,2492,0.06666666666666667,740
infinity,infinity::wired_infinity_13,wired_infinity_13,teenager,expert,2493,0.13333333333333333,741
infinity,infinity::wired_infinity_13,wired_infinity_13,teenager,partner,2502,0.2,742
infinity,infinity::wired_infinity_13,wired_infinity_13,teenager,expert,2503,0.26666666666666666,743
infinity,infinity::wired_infinity_13,wired_infinity_13,teenager,partner,2514,0.3333333333333333,744
infinity,infinity::wired_infinity_13,wired_infinity_13,teenager,expert,2515,0.4,745
infinity,infinity::wired_infinity_13,wired_infinity_13,teenager,partner,2518,0.4666666666666667,746
infinity,infinity::wired_infinity_13,wired_infinity_13,teenager,expert,2519,0.5333333333333333,747
infinity,infinity::wired_infinity_13,wired_infinity_13,teenager,partner,2522,0.6,748
infinity,infinity::wired_infinity_13,wired_infinity_13,teenager,expert,2523,0.6666666666666666,749
infinity,infinity::wired_infinity_13,wired_infinity_13,teenager,partner,2531,0.7333333333333333,750
infinity,infinity::wired_infinity_13,wired_infinity_13,teenager,expert,2532,0.8,751
infinity,infinity::wired_infinity_13,wired_infinity_13,teenager,partner,2536,0.8666666666666667,752
infinity,infinity::wired_infinity_13,wired_infinity_13,teenager,expert,2537,0.9333333333333333,753
infinity,infinity::wired_infinity_13,wired_infinity_13,teenager,partner,2540,1.0,754
infinity,infinity::wired_infinity_14,wired_infinity_14,undergraduate,expert,2544,0.0,755
infinity,infinity::wired_infinity_14,wired_infinity_14,undergraduate,partner,2545,0.029411764705882353,756
infinity,infinity::wired_infinity_14,wired_infinity_14,undergraduate,expert,2546,0.058823529411764705,757
infinity,infinity::wired_infinity_14,wired_infinity_14,undergraduate,partner,2549,0.08823529411764706,758
infinity,infinity::wired_infinity_14,wired_infinity_14,undergraduate,expert,2550,0.11764705882352941,759
infinity,infinity::wired_infinity_14,wired_infinity_14,undergraduate,partner,2552,0.14705882352941177,760
infinity,infinity::wired_infinity_14,wired_infinity_14,undergraduate,expert,2553,0.17647058823529413,761
infinity,infinity::wired_infinity_14,wired_infinity_14,undergraduate,partner,2556,0.20588235294117646,762
infinity,infinity::wired_infinity_14,wired_infinity_14,undergraduate,expert,2557,0.23529411764705882,763
infinity,infinity::wired_infinity_14,wired_infinity_14,undergraduate,partner,2562,0.2647058823529412,764
infinity,infinity::wired_infinity_14,wired_infinity_14,undergraduate,expert,2563,0.29411764705882354,765
infinity,infinity::wired_infinity_14,wired_infinity_14,undergraduate,partner,2570,0.3235294117647059,766
infinity,infinity::wired_infinity_14,wired_infinity_14,undergraduate,expert,2571,0.35294117647058826,767
infinity,infinity::wired_infinity_14,wired_infinity_14,undergraduate,partner,2577,0.38235294117647056,768
infinity,infinity::wired_infinity_14,wired_infinity_14,undergraduate,expert,2578,0.4117647058823529,769
infinity,infinity::wired_infinity_14,wired_infinity_14,undergraduate,partner,2582,0.4411764705882353,770
infinity,infinity::wired_infinity_14,wired_infinity_14,undergraduate,expert,2583,0.47058823529411764,771
infinity,infinity::wired_infinity_14,wired_infinity_14,undergraduate,partner,2588,0.5,772
infinity,infinity::wired_infinity_14,wired_infinity_14,undergraduate,expert,2590,0.5294117647058824,773
infinity,infinity::wired_infinity_14,wired_infinity_14,undergraduate,partner,2594,0.5588235294117647,774
infinity,infinity::wired_infinity_14,wired_infinity_14,undergraduate,expert,2595,0.5882352941176471,775
infinity,infinity::wired_infinity_14,wired_infinity_14,undergraduate,partner,2599,0.6176470588235294,776
infinity,infinity::wired_infinity_14,wired_infinity_14,undergraduate,expert,2600,0.6470588235294118,777
infinity,infinity::wired_infinity_14,wired_infinity_14,undergraduate,partner,2604,0.6764705882352942,778
infinity,infinity::wired_infinity_14,wired_infinity_14,undergraduate,expert,2605,0.7058823529411765,779
infinity,infinity::wired_infinity_14,wired_infinity_14,undergraduate,partner,2607,0.7352941176470589,780
infinity,infinity::wired_infinity_14,wired_infinity_14,undergraduate,expert,2608,0.7647058823529411,781
infinity,infinity::wired_infinity_14,wired_infinity_14,undergraduate,partner,2615,0.7941176470588235,782
infinity,infinity::wired_infinity_14,wired_infinity_14,undergraduate,expert,2616,0.8235294117647058,783
infinity,infinity::wired_infinity_14,wired_infinity_14,undergraduate,partner,2620,0.8529411764705882,784
infinity,infinity::wired_infinity_14,wired_infinity_14,undergraduate,expert,2621,0.8823529411764706,785
infinity,infinity::wired_infinity_14,wired_infinity_14,undergraduate,partner,2623,0.9117647058823529,786
infinity,infinity::wired_infinity_14,wired_infinity_14,undergraduate,expert,2624,0.9411764705882353,787
infinity,infinity::wired_infinity_14,wired_infinity_14,undergraduate,partner,2628,0.9705882352941176,788
infinity,infinity::wired_infinity_14,wired_infinity_14,undergraduate,expert,2629,1.0,789
infinity,infinity::wired_infinity_15,wired_infinity_15,graduate,expert,2636,0.0,790
infinity,infinity::wired_infinity_15,wired_infinity_15,graduate,partner,2637,0.038461538461538464,791
infinity,infinity::wired_infinity_15,wired_infinity_15,graduate,expert,2638,0.07692307692307693,792
infinity,infinity::wired_infinity_15,wired_infinity_15,graduate,partner,2639,0.11538461538461539,793
infinity,infinity::wired_infinity_15,wired_infinity_15,graduate,expert,2644,0.15384615384615385,794
infinity,infinity::wired_infinity_15,wired_infinity_15,graduate,partner,2648,0.19230769230769232,795
infinity,infinity::wired_infinity_15,wired_infinity_15,graduate,expert,2649,0.23076923076923078,796
infinity,infinity::wired_infinity_15,wired_infinity_15,graduate,partner,2650,0.2692307692307692,797
infinity,infinity::wired_infinity_15,wired_infinity_15,graduate,expert,2651,0.3076923076923077,798
infinity,infinity::wired_infinity_15,wired_infinity_15,graduate,partner,2653,0.34615384615384615,799
infinity,infinity::wired_infinity_15,wired_infinity_15,graduate,expert,2655,0.38461538461538464,800
infinity,infinity::wired_infinity_15,wired_infinity_15,graduate,partner,2660,0.4230769230769231,801
infinity,infinity::wired_infinity_15,wired_infinity_15,graduate,expert,2661,0.46153846153846156,802
infinity,infinity::wired_infinity_15,wired_infinity_15,graduate,partner,2672,0.5,803
infinity,infinity::wired_infinity_15,wired_infinity_15,graduate,expert,2673,0.5384615384615384,804
infinity,infinity::wired_infinity_15,wired_infinity_15,graduate,partner,2675,0.5769230769230769,805
infinity,infinity::wired_infinity_15,wired_infinity_15,graduate,expert,2677,0.6153846153846154,806
infinity,infinity::wired_infinity_15,wired_infinity_15,graduate,partner,2678,0.6538461538461539,807
infinity,infinity::wired_infinity_15,wired_infinity_15,graduate,expert,2680,0.6923076923076923,808
infinity,infinity::wired_infinity_15,wired_infinity_15,graduate,partner,2683,0.7307692307692307,809
infinity,infinity::wired_infinity_15,wired_infinity_15,graduate,expert,2684,0.7692307692307693,810
infinity,infinity::wired_infinity_15,wired_infinity_15,graduate,partner,2685,0.8076923076923077,811
infinity,infinity::wired_infinity_15,wired_infinity_15,graduate,expert,2686,0.8461538461538461,812
infinity,infinity::wired_infinity_15,wired_infinity_15,graduate,partner,2688,0.8846153846153846,813
infinity,infinity::wired_infinity_15,wired_infinity_15,graduate,expert,2689,0.9230769230769231,814
infinity,infinity::wired_infinity_15,wired_infinity_15,graduate,partner,2698,0.9615384615384616,815
infinity,infinity::wired_infinity_15,wired_infinity_15,graduate,expert,2700,1.0,816
infinity,infinity::wired_infinity_16,wired_infinity_16,expert,expert,2704,0.0,817
infinity,infinity::wired_infinity_16,wired_infinity_16,expert,partner,2708,0.1,818
infinity,infinity::wired_infinity_16,wired_infinity_16,expert,expert,2714,0.2,819
infinity,infinity::wired_infinity_16,wired_infinity_16,expert,partner,2715,0.3,820
infinity,infinity::wired_infinity_16,wired_infinity_16,expert,expert,2716,0.4,821
infinity,infinity::wired_infinity_16,wired_infinity_16,expert,partner,2719,0.5,822
infinity,infinity::wired_infinity_16,wired_infinity_16,expert,expert,2722,0.6,823
infinity,infinity::wired_infinity_16,wired_infinity_16,expert,partner,2726,0.7,824
infinity,infinity::wired_infinity_16,wired_infinity_16,expert,expert,2728,0.8,825
infinity,infinity::wired_infinity_16,wired_infinity_16,expert,partner,2736,0.9,826
infinity,infinity::wired_infinity_16,wired_infinity_16,expert,expert,2748,1.0,827
internet,internet::wired_internet_12,wired_internet_12,child,expert,2751,0.0,828
internet,internet::wired_internet_12,wired_internet_12,child,partner,2753,0.038461538461538464,829
internet,internet::wired_internet_12,wired_internet_12,child,expert,2754,0.07692307692307693,830
internet,internet::wired_internet_12,wired_internet_12,child,partner,2755,0.11538461538461539,831
internet,internet::wired_internet_12,wired_internet_12,child,expert,2756,0.15384615384615385,832
internet,internet::wired_internet_12,wired_internet_12,child,partner,2757,0.19230769230769232,833
internet,internet::wired_internet_12,wired_internet_12,child,expert,2758,0.23076923076923078,834
internet,internet::wired_internet_12,wired_internet_12,child,partner,2762,0.2692307692307692,835
internet,internet::wired_internet_12,wired_internet_12,child,expert,2763,0.3076923076923077,836
internet,internet::wired_internet_12,wired_internet_12,child,partner,2764,0.34615384615384615,837
internet,internet::wired_internet_12,wired_internet_12,child,expert,2765,0.38461538461538464,838
internet,internet::wired_internet_12,wired_internet_12,child,partner,2776,0.4230769230769231,839
internet,internet::wired_internet_12,wired_internet_12,child,expert,2777,0.46153846153846156,840
internet,internet::wired_internet_12,wired_internet_12,child,partner,2779,0.5,841
internet,internet::wired_internet_12,wired_internet_12,child,expert,2780,0.5384615384615384,842
internet,internet::wired_internet_12,wired_internet_12,child,partner,2784,0.5769230769230769,843
internet,internet::wired_internet_12,wired_internet_12,child,expert,2785,0.6153846153846154,844
internet,internet::wired_internet_12,wired_internet_12,child,partner,2790,0.6538461538461539,845
internet,internet::wired_internet_12,wired_internet_12,child,expert,2791,0.6923076923076923,846
internet,internet::wired_internet_12,wired_internet_12,child,partner,2797,0.7307692307692307,847
internet,internet::wired_internet_12,wired_internet_12,child,expert,2798,0.7692307692307693,848
internet,internet::wired_internet_12,wired_internet_12,child,partner,2799,0.8076923076923077,849
internet,internet::wired_internet_12,wired_internet_12,child,expert,2800,0.8461538461538461,850
internet,internet::wired_internet_12,wired_internet_12,child,partner,2801,0.8846153846153846,851
internet,internet::wired_internet_12,wired_internet_12,child,expert,2802,0.9230769230769231,852
internet,internet::wired_internet_12,wired_internet_12,child,partner,2809,0.9615384615384616,853
internet,internet::wired_internet_12,wired_internet_12,child,expert,2810,1.0,854
internet,internet::wired_internet_13,wired_internet_13,teenager,expert,2812,0.0,855
internet,internet::wired_internet_13,wired_internet_13,teenager,partner,2813,0.07142857142857142,856
internet,internet::wired_internet_13,wired_internet_13,teenager,expert,2814,0.14285714285714285,857
internet,internet::wired_internet_13,wired_internet_13,teenager,partner,2819,0.21428571428571427,858
internet,internet::wired_internet_13,wired_internet_13,teenager,expert,2820,0.2857142857142857,859
internet,internet::wired_internet_13,wired_internet_13,teenager,partner,2825,0.35714285714285715,860
internet,internet::wired_internet_13,wired_internet_13,teenager,expert,2826,0.42857142857142855,861
internet,internet::wired_internet_13,wired_internet_13,teenager,partner,2833,0.5,862
internet,internet::wired_internet_13,wired_internet_13,teenager,expert,2834,0.5714285714285714,863
internet,internet::wired_internet_13,wired_internet_13,teenager,partner,2838,0.6428571428571429,864
internet,internet::wired_internet_13,wired_internet_13,teenager,expert,2839,0.7142857142857143,865
internet,internet::wired_internet_13,wired_internet_13,teenager,partner,2843,0.7857142857142857,866
internet,internet::wired_internet_13,wired_internet_13,teenager,expert,2844,0.8571428571428571,867
internet,internet::wired_internet_13,wired_internet_13,teenager,partner,2848,0.9285714285714286,868
internet,internet::wired_internet_13,wired_internet_13,teenager,expert,2849,1.0,869
internet,internet::wired_internet_14,wired_internet_14,undergraduate,expert,2865,0.0,870
internet,internet::wired_internet_14,wired_internet_14,undergraduate,partner,2866,0.03225806451612903,871
internet,internet::wired_internet_14,wired_internet_14,undergraduate,expert,2867,0.06451612903225806,872
internet,internet::wired_internet_14,wired_internet_14,undergraduate,partner,2868,0.0967741935483871,873
internet,internet::wired_internet_14,wired_internet_14,undergraduate,expert,2869,0.12903225806451613,874
internet,internet::wired_internet_14,wired_internet_14,undergraduate,partner,2870,0.16129032258064516,875
internet,internet::wired_internet_14,wired_internet_14,undergraduate,expert,2871,0.1935483870967742,876
internet,internet::wired_internet_14,wired_internet_14,undergraduate,partner,2873,0.22580645161290322,877
internet,internet::wired_internet_14,wired_internet_14,undergraduate,expert,2874,0.25806451612903225,878
internet,internet::wired_internet_14,wired_internet_14,undergraduate,partner,2878,0.2903225806451613,879
internet,internet::wired_internet_14,wired_internet_14,undergraduate,expert,2879,0.3225806451612903,880
internet,internet::wired_internet_14,wired_internet_14,undergraduate,partner,2883,0.3548387096774194,881
internet,internet::wired_internet_14,wired_internet_14,undergraduate,expert,2884,0.3870967741935484,882
internet,internet::wired_internet_14,wired_internet_14,undergraduate,partner,2887,0.41935483870967744,883
internet,internet::wired_internet_14,wired_internet_14,undergraduate,expert,2888,0.45161290322580644,884
internet,internet::wired_internet_14,wired_internet_14,undergraduate,partner,2894,0.4838709677419355,885
internet,internet::wired_internet_14,wired_internet_14,undergraduate,expert,2896,0.5161290322580645,886
internet,internet::wired_internet_14,wired_internet_14,undergraduate,partner,2899,0.5483870967741935,887
internet,internet::wired_internet_14,wired_internet_14,undergraduate,expert,2900,0.5806451612903226,888
internet,internet::wired_internet_14,wired_internet_14,undergraduate,partner,2902,0.6129032258064516,889
internet,internet::wired_internet_14,wired_internet_14,undergraduate,expert,2903,0.6451612903225806,890
internet,internet::wired_internet_14,wired_internet_14,undergraduate,partner,2904,0.6774193548387096,891
internet,internet::wired_internet_14,wired_internet_14,undergraduate,expert,2905,0.7096774193548387,892
internet,internet::wired_internet_14,wired_internet_14,undergraduate,partner,2912,0.7419354838709677,893
internet,internet::wired_internet_14,wired_internet_14,undergraduate,expert,2913,0.7741935483870968,894
internet,internet::wired_internet_14,wired_internet_14,undergraduate,partner,2918,0.8064516129032258,895
internet,internet::wired_internet_14,wired_internet_14,undergraduate,expert,2919,0.8387096774193549,896
internet,internet::wired_internet_14,wired_internet_14,undergraduate,partner,2920,0.8709677419354839,897
internet,internet::wired_internet_14,wired_internet_14,undergraduate,expert,2921,0.9032258064516129,898
internet,internet::wired_internet_14,wired_internet_14,undergraduate,partner,2924,0.9354838709677419,899
internet,internet::wired_internet_14,wired_internet_14,undergraduate,expert,2925,0.967741935483871,900
internet,internet::wired_internet_14,wired_internet_14,undergraduate,partner,2926,1.0,901
internet,internet::wired_internet_15,wired_internet_15,graduate,partner,2927,0.0,902
internet,internet::wired_internet_15,wired_internet_15,graduate,expert,2930,0.07142857142857142,903
internet,internet::wired_internet_15,wired_internet_15,graduate,partner,2931,0.14285714285714285,904
internet,internet::wired_internet_15,wired_internet_15,graduate,expert,2934,0.21428571428571427,905
internet,internet::wired_internet_15,wired_internet_15,graduate,partner,2937,0.2857142857142857,906
internet,internet::wired_internet_15,wired_internet_15,graduate,expert,2941,0.35714285714285715,907
internet,internet::wired_internet_15,wired_internet_15,graduate,partner,2943,0.42857142857142855,908
internet,internet::wired_internet_15,wired_internet_15,graduate,expert,2945,0.5,909
internet,internet::wired_internet_15,wired_internet_15,graduate,partner,2948,0.5714285714285714,910
internet,internet::wired_internet_15,wired_internet_15,graduate,expert,2951,0.6428571428571429,911
internet,internet::wired_internet_15,wired_internet_15,graduate,partner,2954,0.7142857142857143,912
internet,internet::wired_internet_15,wired_internet_15,graduate,expert,2955,0.7857142857142857,913
internet,internet::wired_internet_15,wired_internet_15,graduate,partner,2956,0.8571428571428571,914
internet,internet::wired_internet_15,wired_internet_15,graduate,expert,2960,0.9285714285714286,915
internet,internet::wired_internet_15,wired_internet_15,graduate,partner,2962,1.0,916
internet,internet::wired_internet_16,wired_internet_16,expert,expert,2964,0.0,917
internet,internet::wired_internet_16,wired_internet_16,expert,partner,2965,0.037037037037037035,918
internet,internet::wired_internet_16,wired_internet_16,expert,expert,2966,0.07407407407407407,919
internet,internet::wired_internet_16,wired_internet_16,expert,partner,2970,0.1111111111111111,920
internet,internet::wired_internet_16,wired_internet_16,expert,expert,2971,0.14814814814814814,921
internet,internet::wired_internet_16,wired_internet_16,expert,partner,2972,0.18518518518518517,922
internet,internet::wired_internet_16,wired_internet_16,expert,expert,2979,0.2222222222222222,923
internet,internet::wired_internet_16,wired_internet_16,expert,partner,2980,0.25925925925925924,924
internet,internet::wired_internet_16,wired_internet_16,expert,expert,2984,0.2962962962962963,925
internet,internet::wired_internet_16,wired_internet_16,expert,partner,2986,0.3333333333333333,926
internet,internet::wired_internet_16,wired_internet_16,expert,expert,2989,0.37037037037037035,927
internet,internet::wired_internet_16,wired_internet_16,expert,partner,2990,0.4074074074074074,928
internet,internet::wired_internet_16,wired_internet_16,expert,expert,2992,0.4444444444444444,929
internet,internet::wired_internet_16,wired_internet_16,expert,partner,2993,0.48148148148148145,930
internet,internet::wired_internet_16,wired_internet_16,expert,expert,2996,0.5185185185185185,931
internet,internet::wired_internet_16,wired_internet_16,expert,partner,2998,0.5555555555555556,932
internet,internet::wired_internet_16,wired_internet_16,expert,expert,3004,0.5925925925925926,933
internet,internet::wired_internet_16,wired_internet_16,expert,partner,3006,0.6296296296296297,934
internet,internet::wired_internet_16,wired_internet_16,expert,expert,3009,0.6666666666666666,935
internet,internet::wired_internet_16,wired_internet_16,expert,partner,3010,0.7037037037037037,936
internet,internet::wired_internet_16,wired_internet_16,expert,expert,3011,0.7407407407407407,937
internet,internet::wired_internet_16,wired_internet_16,expert,partner,3014,0.7777777777777778,938
internet,internet::wired_internet_16,wired_internet_16,expert,expert,3017,0.8148148148148148,939
internet,internet::wired_internet_16,wired_internet_16,expert,partner,3018,0.8518518518518519,940
internet,internet::wired_internet_16,wired_internet_16,expert,expert,3019,0.8888888888888888,941
internet,internet::wired_internet_16,wired_internet_16,expert,partner,3022,0.9259259259259259,942
internet,internet::wired_internet_16,wired_internet_16,expert,expert,3026,0.9629629629629629,943
internet,internet::wired_internet_16,wired_internet_16,expert,partner,3030,1.0,944
laser,laser::wired_laser_12,wired_laser_12,child,expert,3036,0.0,945
laser,laser::wired_laser_12,wired_laser_12,child,partner,3038,0.029411764705882353,946
laser,laser::wired_laser_12,wired_laser_12,child,expert,3039,0.058823529411764705,947
laser,laser::wired_laser_12,wired_laser_12,child,partner,3040,0.08823529411764706,948
laser,laser::wired_laser_12,wired_laser_12,child,expert,3041,0.11764705882352941,949
laser,laser::wired_laser_12,wired_laser_12,child,partner,3042,0.14705882352941177,950
laser,laser::wired_laser_12,wired_laser_12,child,expert,3043,0.17647058823529413,951
laser,laser::wired_laser_12,wired_laser_12,child,partner,3047,0.20588235294117646,952
laser,laser::wired_laser_12,wired_laser_12,child,expert,3048,0.23529411764705882,953
laser,laser::wired_laser_12,wired_laser_12,child,partner,3052,0.2647058823529412,954
laser,laser::wired_laser_12,wired_laser_12,child,expert,3053,0.29411764705882354,955
laser,laser::wired_laser_12,wired_laser_12,child,partner,3057,0.3235294117647059,956
laser,laser::wired_laser_12,wired_laser_12,child,expert,3058,0.35294117647058826,957
laser,laser::wired_laser_12,wired_laser_12,child,partner,3062,0.38235294117647056,958
laser,laser::wired_laser_12,wired_laser_12,child,expert,3063,0.4117647058823529,959
laser,laser::wired_laser_12,wired_laser_12,child,partner,3065,0.4411764705882353,960
laser,laser::wired_laser_12,wired_laser_12,child,expert,3066,0.47058823529411764,961
laser,laser::wired_laser_12,wired_laser_12,child,partner,3068,0.5,962
laser,laser::wired_laser_12,wired_laser_12,child,expert,3069,0.5294117647058824,963
laser,laser::wired_laser_12,wired_laser_12,child,partner,3072,0.5588235294117647,964
laser,laser::wired_laser_12,wired_laser_12,child,expert,3073,0.5882352941176471,965
laser,laser::wired_laser_12,wired_laser_12,child,partner,3078,0.6176470588235294,966
laser,laser::wired_laser_12,wired_laser_12,child,expert,3079,0.6470588235294118,967
laser,laser::wired_laser_12,wired_laser_12,child,partner,3084,0.6764705882352942,968
laser,laser::wired_laser_12,wired_laser_12,child,expert,3085,0.7058823529411765,969
laser,laser::wired_laser_12,wired_laser_12,child,partner,3088,0.7352941176470589,970
laser,laser::wired_laser_12,wired_laser_12,child,expert,3089,0.7647058823529411,971
laser,laser::wired_laser_12,wired_laser_12,child,partner,3090,0.7941176470588235,972
laser,laser::wired_laser_12,wired_laser_12,child,expert,3091,0.8235294117647058,973
laser,laser::wired_laser_12,wired_laser_12,child,partner,3098,0.8529411764705882,974
laser,laser::wired_laser_12,wired_laser_12,child,expert,3099,0.8823529411764706,975
laser,laser::wired_laser_12,wired_laser_12,child,partner,3103,0.9117647058823529,976
laser,laser::wired_laser_12,wired_laser_12,child,expert,3105,0.9411764705882353,977
laser,laser::wired_laser_12,wired_laser_12,child,partner,3107,0.9705882352941176,978
laser,laser::wired_laser_12,wired_laser_12,child,expert,3108,1.0,979
laser,laser::wired_laser_13,wired_laser_13,teenager,expert,3109,0.0,980
laser,laser::wired_laser_13,wired_laser_13,teenager,partner,3111,0.04,981
laser,laser::wired_laser_13,wired_laser_13,teenager,expert,3114,0.08,982
laser,laser::wired_laser_13,wired_laser_13,teenager,partner,3116,0.12,983
laser,laser::wired_laser_13,wired_laser_13,teenager,expert,3117,0.16,984
laser,laser::wired_laser_13,wired_laser_13,teenager,partner,3118,0.2,985
laser,laser::wired_laser_13,wired_laser_13,teenager,expert,3119,0.24,986
laser,laser::wired_laser_13,wired_laser_13,teenager,partner,3121,0.28,987
laser,laser::wired_laser_13,wired_laser_13,teenager,expert,3122,0.32,988
laser,laser::wired_laser_13,wired_laser_13,teenager,partner,3125,0.36,989
laser,laser::wired_laser_13,wired_laser_13,teenager,expert,3126,0.4,990
laser,laser::wired_laser_13,wired_laser_13,teenager,partner,3140,0.44,991
laser,laser::wired_laser_13,wired_laser_13,teenager,expert,3141,0.48,992
laser,laser::wired_laser_13,wired_laser_13,teenager,partner,3146,0.52,993
laser,laser::wired_laser_13,wired_laser_13,teenager,expert,3148,0.56,994
laser,laser::wired_laser_13,wired_laser_13,teenager,partner,3154,0.6,995
laser,laser::wired_laser_13,wired_laser_13,teenager,expert,3156,0.64,996
laser,laser::wired_laser_13,wired_laser_13,teenager,partner,3159,0.68,997
laser,laser::wired_laser_13,wired_laser_13,teenager,expert,3160,0.72,998
laser,laser::wired_laser_13,wired_laser_13,teenager,partner,3166,0.76,999
laser,laser::wired_laser_13,wired_laser_13,teenager,expert,3167,0.8,1000
laser,laser::wired_laser_13,wired_laser_13,teenager,partner,3170,0.84,1001
laser,laser::wired_laser_13,wired_laser_13,teenager,expert,3171,0.88,1002
laser,laser::wired_laser_13,wired_laser_13,teenager,partner,3179,0.92,1003
laser,laser::wired_laser_13,wired_laser_13,teenager,expert,3182,0.96,1004
laser,laser::wired_laser_13,wired_laser_13,teenager,partner,3183,1.0,1005
laser,laser::wired_laser_14,wired_laser_14,undergraduate,expert,3185,0.0,1006
laser,laser::wired_laser_14,wired_laser_14,undergraduate,partner,3186,0.07692307692307693,1007
laser,laser::wired_laser_14,wired_laser_14,undergraduate,expert,3187,0.15384615384615385,1008
laser,laser::wired_laser_14,wired_laser_14,undergraduate,partner,3188,0.23076923076923078,1009
laser,laser::wired_laser_14,wired_laser_14,undergraduate,expert,3190,0.3076923076923077,1010
laser,laser::wired_laser_14,wired_laser_14,undergraduate,partner,3195,0.38461538461538464,1011
laser,laser::wired_laser_14,wired_laser_14,undergraduate,expert,3198,0.46153846153846156,1012
laser,laser::wired_laser_14,wired_laser_14,undergraduate,partner,3206,0.5384615384615384,1013
laser,laser::wired_laser_14,wired_laser_14,undergraduate,expert,3207,0.6153846153846154,1014
laser,laser::wired_laser_14,wired_laser_14,undergraduate,partner,3227,0.6923076923076923,1015
laser,laser::wired_laser_14,wired_laser_14,undergraduate,expert,3228,0.7692307692307693,1016
laser,laser::wired_laser_14,wired_laser_14,undergraduate,partner,3240,0.8461538461538461,1017
laser,laser::wired_laser_14,wired_laser_14,undergraduate,expert,3241,0.9230769230769231,1018
laser,laser::wired_laser_14,wired_laser_14,undergraduate,partner,3244,1.0,1019
laser,laser::wired_laser_15,wired_laser_15,graduate,expert,3249,0.0,1020
laser,laser::wired_laser_15,wired_laser_15,graduate,partner,3251,0.043478260869565216,1021
laser,laser::wired_laser_15,wired_laser_15,graduate,expert,3252,0.08695652173913043,1022
laser,laser::wired_laser_15,wired_laser_15,graduate,partner,3253,0.13043478260869565,1023
laser,laser::wired_laser_15,wired_laser_15,graduate,expert,3255,0.17391304347826086,1024
laser,laser::wired_laser_15,wired_laser_15,graduate,partner,3256,0.21739130434782608,1025
laser,laser::wired_laser_15,wired_laser_15,graduate,expert,3257,0.2608695652173913,1026
laser,laser::wired_laser_15,wired_laser_15,graduate,partner,3259,0.30434782608695654,1027
laser,laser::wired_laser_15,wired_laser_15,graduate,expert,3260,0.34782608695652173,1028
laser,laser::wired_laser_15,wired_laser_15,graduate,partner,3265,0.391304347826087,1029
laser,laser::wired_laser_15,wired_laser_15,graduate,expert,3266,0.43478260869565216,1030
laser,laser::wired_laser_15,wired_laser_15,graduate,partner,3269,0.4782608695652174,1031
laser,laser::wired_laser_15,wired_laser_15,graduate,expert,3271,0.5217391304347826,1032
laser,laser::wired_laser_15,wired_laser_15,graduate,partner,3272,0.5652173913043478,1033
laser,laser::wired_laser_15,wired_laser_15,graduate,expert,3273,0.6086956521739131,1034
laser,laser::wired_laser_15,wired_laser_15,graduate,partner,3275,0.6521739130434783,1035
laser,laser::wired_laser_15,wired_laser_15,graduate,expert,3276,0.6956521739130435,1036
laser,laser::wired_laser_15,wired_laser_15,graduate,partner,3288,0.7391304347826086,1037
laser,laser::wired_laser_15,wired_laser_15,graduate,expert,3290,0.782608695652174,1038
laser,laser::wired_laser_15,wired_laser_15,graduate,partner,3293,0.8260869565217391,1039
laser,laser::wired_laser_15,wired_laser_15,graduate,expert,3295,0.8695652173913043,1040
laser,laser::wired_laser_15,wired_laser_15,graduate,partner,3297,0.9130434782608695,1041
laser,laser::wired_laser_15,wired_laser_15,graduate,expert,3298,0.9565217391304348,1042
laser,laser::wired_laser_15,wired_laser_15,graduate,partner,3300,1.0,1043
laser,laser::wired_laser_16,wired_laser_16,expert,partner,3302,0.0,1044
laser,laser::wired_laser_16,wired_laser_16,expert,expert,3303,0.024390243902439025,1045
laser,laser::wired_laser_16,wired_laser_16,expert,partner,3306,0.04878048780487805,1046
laser,laser::wired_laser_16,wired_laser_16,expert,expert,3307,0.07317073170731707,1047
laser,laser::wired_laser_16,wired_laser_16,expert,partner,3308,0.0975609756097561,1048
laser,laser::wired_laser_16,wired_laser_16,expert,expert,3309,0.12195121951219512,1049
laser,laser::wired_laser_16,wired_laser_16,expert,partner,3310,0.14634146341463414,1050
laser,laser::wired_laser_16,wired_laser_16,expert,expert,3311,0.17073170731707318,1051
laser,laser::wired_laser_16,wired_laser_16,expert,partner,3312,0.1951219512195122,1052
laser,laser::wired_laser_16,wired_laser_16,expert,expert,3313,0.21951219512195122,1053
laser,laser::wired_laser_16,wired_laser_16,expert,partner,3317,0.24390243902439024,1054
laser,laser::wired_laser_16,wired_laser_16,expert,expert,3318,0.2682926829268293,1055
laser,laser::wired_laser_16,wired_laser_16,expert,partner,3320,0.2926829268292683,1056
laser,laser::wired_laser_16,wired_laser_16,expert,expert,3332,0.3170731707317073,1057
laser,laser::wired_laser_16,wired_laser_16,expert,partner,3333,0.34146341463414637,1058
laser,laser::wired_laser_16,wired_laser_16,expert,expert,3334,0.36585365853658536,1059
laser,laser::wired_laser_16,wired_laser_16,expert,partner,3336,0.3902439024390244,1060
laser,laser::wired_laser_16,wired_laser_16,expert,expert,3337,0.4146341463414634,1061
laser,laser::wired_laser_16,wired_laser_16,expert,partner,3338,0.43902439024390244,1062
laser,laser::wired_laser_16,wired_laser_16,expert,expert,3345,0.4634146341463415,1063
laser,laser::wired_laser_16,wired_laser_16,expert,partner,3347,0.4878048780487805,1064
laser,laser::wired_laser_16,wired_laser_16,expert,expert,3350,0.5121951219512195,1065
laser,laser::wired_laser_16,wired_laser_16,expert,partner,3351,0.5365853658536586,1066
laser,laser::wired_laser_16,wired_laser_16,expert,expert,3352,0.5609756097560976,1067
laser,laser::wired_laser_16,wired_laser_16,expert,partner,3353,0.5853658536585366,1068
laser,laser::wired_laser_16,wired_laser_16,expert,expert,3357,0.6097560975609756,1069
laser,laser::wired_laser_16,wired_laser_16,expert,partner,3358,0.6341463414634146,1070
laser,laser::wired_laser_16,wired_laser_16,expert,expert,3359,0.6585365853658537,1071
laser,laser::wired_laser_16,wired_laser_16,expert,partner,3360,0.6829268292682927,1072
laser,laser::wired_laser_16,wired_laser_16,expert,expert,3361,0.7073170731707317,1073
laser,laser::wired_laser_16,wired_laser_16,expert,partner,3367,0.7317073170731707,1074
laser,laser::wired_laser_16,wired_laser_16,expert,expert,3369,0.7560975609756098,1075
laser,laser::wired_laser_16,wired_laser_16,expert,partner,3370,0.7804878048780488,1076
laser,laser::wired_laser_16,wired_laser_16,expert,expert,3377,0.8048780487804879,1077
laser,laser::wired_laser_16,wired_laser_16,expert,partner,3380,0.8292682926829268,1078
laser,laser::wired_laser_16,wired_laser_16,expert,expert,3389,0.8536585365853658,1079
laser,laser::wired_laser_16,wired_laser_16,expert,partner,3391,0.8780487804878049,1080
laser,laser::wired_laser_16,wired_laser_16,expert,expert,3400,0.9024390243902439,1081
laser,laser::wired_laser_16,wired_laser_16,expert,partner,3405,0.926829268292683,1082
laser,laser::wired_laser_16,wired_laser_16,expert,expert,3408,0.9512195121951219,1083
laser,laser::wired_laser_16,wired_laser_16,expert,partner,3409,0.975609756097561,1084
laser,laser::wired_laser_16,wired_laser_16,expert,expert,3410,1.0,1085
memory,memory::wired_memory_12,wired_memory_12,child,expert,3694,0.0,1086
memory,memory::wired_memory_12,wired_memory_12,child,partner,3696,0.0625,1087
memory,memory::wired_memory_12,wired_memory_12,child,expert,3698,0.125,1088
memory,memory::wired_memory_12,wired_memory_12,child,partner,3699,0.1875,1089
memory,memory::wired_memory_12,wired_memory_12,child,expert,3702,0.25,1090
memory,memory::wired_memory_12,wired_memory_12,child,partner,3706,0.3125,1091
memory,memory::wired_memory_12,wired_memory_12,child,expert,3707,0.375,1092
memory,memory::wired_memory_12,wired_memory_12,child,partner,3708,0.4375,1093
memory,memory::wired_memory_12,wired_memory_12,child,expert,3709,0.5,1094
memory,memory::wired_memory_12,wired_memory_12,child,partner,3714,0.5625,1095
memory,memory::wired_memory_12,wired_memory_12,child,expert,3715,0.625,1096
memory,memory::wired_memory_12,wired_memory_12,child,partner,3718,0.6875,1097
memory,memory::wired_memory_12,wired_memory_12,child,expert,3720,0.75,1098
memory,memory::wired_memory_12,wired_memory_12,child,partner,3725,0.8125,1099
memory,memory::wired_memory_12,wired_memory_12,child,expert,3727,0.875,1100
memory,memory::wired_memory_12,wired_memory_12,child,partner,3731,0.9375,1101
memory,memory::wired_memory_12,wired_memory_12,child,expert,3734,1.0,1102
memory,memory::wired_memory_13,wired_memory_13,teenager,expert,3735,0.0,1103
memory,memory::wired_memory_13,wired_memory_13,teenager,partner,3736,0.1,1104
memory,memory::wired_memory_13,wired_memory_13,teenager,expert,3738,0.2,1105
memory,memory::wired_memory_13,wired_memory_13,teenager,partner,3741,0.3,1106
memory,memory::wired_memory_13,wired_memory_13,teenager,expert,3742,0.4,1107
memory,memory::wired_memory_13,wired_memory_13,teenager,partner,3746,0.5,1108
memory,memory::wired_memory_13,wired_memory_13,teenager,expert,3747,0.6,1109
memory,memory::wired_memory_13,wired_memory_13,teenager,partner,3755,0.7,1110
memory,memory::wired_memory_13,wired_memory_13,teenager,expert,3757,0.8,1111
memory,memory::wired_memory_13,wired_memory_13,teenager,partner,3763,0.9,1112
memory,memory::wired_memory_13,wired_memory_13,teenager,expert,3765,1.0,1113
memory,memory::wired_memory_14,wired_memory_14,undergraduate,expert,3769,0.0,1114
memory,memory::wired_memory_14,wired_memory_14,undergraduate,partner,3770,0.08333333333333333,1115
memory,memory::wired_memory_14,wired_memory_14,undergraduate,expert,3773,0.16666666666666666,1116
memory,memory::wired_memory_14,wired_memory_14,undergraduate,partner,3779,0.25,1117
memory,memory::wired_memory_14,wired_memory_14,undergraduate,expert,3781,0.3333333333333333,1118
memory,memory::wired_memory_14,wired_memory_14,undergraduate,partner,3784,0.4166666666666667,1119
memory,memory::wired_memory_14,wired_memory_14,undergraduate,expert,3785,0.5,1120
memory,memory::wired_memory_14,wired_memory_14,undergraduate,partner,3786,0.5833333333333334,1121
memory,memory::wired_memory_14,wired_memory_14,undergraduate,expert,3787,0.6666666666666666,1122
memory,memory::wired_memory_14,wired_memory_14,undergraduate,partner,3803,0.75,1123
memory,memory::wired_memory_14,wired_memory_14,undergraduate,expert,3805,0.8333333333333334,1124
memory,memory::wired_memory_14,wired_memory_14,undergraduate,partner,3815,0.9166666666666666,1125
memory,memory::wired_memory_14,wired_memory_14,undergraduate,expert,3817,1.0,1126
memory,memory::wired_memory_15,wired_memory_15,graduate,expert,3818,0.0,1127
memory,memory::wired_memory_15,wired_memory_15,graduate,partner,3819,0.07142857142857142,1128
memory,memory::wired_memory_15,wired_memory_15,graduate,expert,3821,0.14285714285714285,1129
memory,memory::wired_memory_15,wired_memory_15,graduate,partner,3822,0.21428571428571427,1130
memory,memory::wired_memory_15,wired_memory_15,graduate,expert,3823,0.2857142857142857,1131
memory,memory::wired_memory_15,wired_memory_15,graduate,partner,3826,0.35714285714285715,1132
memory,memory::wired_memory_15,wired_memory_15,graduate,expert,3831,0.42857142857142855,1133
memory,memory::wired_memory_15,wired_memory_15,graduate,partner,3832,0.5,1134
memory,memory::wired_memory_15,wired_memory_15,graduate,expert,3833,0.5714285714285714,1135
memory,memory::wired_memory_15,wired_memory_15,graduate,partner,3845,0.6428571428571429,1136
memory,memory::wired_memory_15,wired_memory_15,graduate,expert,3850,0.7142857142857143,1137
memory,memory::wired_memory_15,wired_memory_15,graduate,partner,3854,0.7857142857142857,1138
memory,memory::wired_memory_15,wired_memory_15,graduate,expert,3856,0.8571428571428571,1139
memory,memory::wired_memory_15,wired_memory_15,graduate,partner,3859,0.9285714285714286,1140
memory,memory::wired_memory_15,wired_memory_15,graduate,expert,3860,1.0,1141
memory,memory::wired_memory_16,wired_memory_16,expert,expert,3861,0.0,1142
memory,memory::wired_memory_16,wired_memory_16,expert,partner,3863,0.058823529411764705,1143
memory,memory::wired_memory_16,wired_memory_16,expert,expert,3864,0.11764705882352941,1144
memory,memory::wired_memory_16,wired_memory_16,expert,partner,3866,0.17647058823529413,1145
memory,memory::wired_memory_16,wired_memory_16,expert,expert,3879,0.23529411764705882,1146
memory,memory::wired_memory_16,wired_memory_16,expert,partner,3881,0.29411764705882354,1147
memory,memory::wired_memory_16,wired_memory_16,expert,expert,3885,0.35294117647058826,1148
memory,memory::wired_memory_16,wired_memory_16,expert,partner,3887,0.4117647058823529,1149
memory,memory::wired_memory_16,wired_memory_16,expert,expert,3894,0.47058823529411764,1150
memory,memory::wired_memory_16,wired_memory_16,expert,partner,3899,0.5294117647058824,1151
memory,memory::wired_memory_16,wired_memory_16,expert,expert,3904,0.5882352941176471,1152
memory,memory::wired_memory_16,wired_memory_16,expert,partner,3911,0.6470588235294118,1153
memory,memory::wired_memory_16,wired_memory_16,expert,expert,3914,0.7058823529411765,1154
memory,memory::wired_memory_16,wired_memory_16,expert,partner,3924,0.7647058823529411,1155
memory,memory::wired_memory_16,wired_memory_16,expert,expert,3925,0.8235294117647058,1156
memory,memory::wired_memory_16,wired_memory_16,expert,partner,3928,0.8823529411764706,1157
memory,memory::wired_memory_16,wired_memory_16,expert,expert,3935,0.9411764705882353,1158
memory,memory::wired_memory_16,wired_memory_16,expert,partner,3940,1.0,1159
moravec,moravec::wired_moravec_12,wired_moravec_12,child,expert,3942,0.0,1160
moravec,moravec::wired_moravec_12,wired_moravec_12,child,partner,3943,0.03571428571428571,1161
moravec,moravec::wired_moravec_12,wired_moravec_12,child,expert,3944,0.07142857142857142,1162
moravec,moravec::wired_moravec_12,wired_moravec_12,child,partner,3946,0.10714285714285714,1163
moravec,moravec::wired_moravec_12,wired_moravec_12,child,expert,3947,0.14285714285714285,1164
moravec,moravec::wired_moravec_12,wired_moravec_12,child,partner,3950,0.17857142857142858,1165
moravec,moravec::wired_moravec_12,wired_moravec_12,child,expert,3951,0.21428571428571427,1166
moravec,moravec::wired_moravec_12,wired_moravec_12,child,partner,3955,0.25,1167
moravec,moravec::wired_moravec_12,wired_moravec_12,child,expert,3956,0.2857142857142857,1168
moravec,moravec::wired_moravec_12,wired_moravec_12,child,partner,3957,0.32142857142857145,1169
moravec,moravec::wired_moravec_12,wired_moravec_12,child,expert,3958,0.35714285714285715,1170
moravec,moravec::wired_moravec_12,wired_moravec_12,child,partner,3962,0.39285714285714285,1171
moravec,moravec::wired_moravec_12,wired_moravec_12,child,expert,3963,0.42857142857142855,1172
moravec,moravec::wired_moravec_12,wired_moravec_12,child,partner,3965,0.4642857142857143,1173
moravec,moravec::wired_moravec_12,wired_moravec_12,child,expert,3967,0.5,1174
moravec,moravec::wired_moravec_12,wired_moravec_12,child,partner,3969,0.5357142857142857,1175
moravec,moravec::wired_moravec_12,wired_moravec_12,child,expert,3970,0.5714285714285714,1176
moravec,moravec::wired_moravec_12,wired_moravec_12,child,partner,3974,0.6071428571428571,1177
moravec,moravec::wired_moravec_12,wired_moravec_12,child,expert,3975,0.6428571428571429,1178
moravec,moravec::wired_moravec_12,wired_moravec_12,child,partner,3976,0.6785714285714286,1179
moravec,moravec::wired_moravec_12,wired_moravec_12,child,expert,3977,0.7142857142857143,1180
moravec,moravec::wired_moravec_12,wired_moravec_12,child,partner,3978,0.75,1181
moravec,moravec::wired_moravec_12,wired_moravec_12,child,expert,3979,0.7857142857142857,1182
moravec,moravec::wired_moravec_12,wired_moravec_12,child,partner,3980,0.8214285714285714,1183
moravec,moravec::wired_moravec_12,wired_moravec_12,child,expert,3981,0.8571428571428571,1184
moravec,moravec::wired_moravec_12,wired_moravec_12,child,partner,3983,0.8928571428571429,1185
moravec,moravec::wired_moravec_12,wired_moravec_12,child,expert,3985,0.9285714285714286,1186
moravec,moravec::wired_moravec_12,wired_moravec_12,child,partner,3988,0.9642857142857143,1187
moravec,moravec::wired_moravec_12,wired_moravec_12,child,expert,3989,1.0,1188
moravec,moravec::wired_moravec_13,wired_moravec_13,teenager,expert,3992,0.0,1189
moravec,moravec::wired_moravec_13,wired_moravec_13,teenager,partner,3993,0.037037037037037035,1190
moravec,moravec::wired_moravec_13,wired_moravec_13,teenager,expert,3994,0.07407407407407407,1191
moravec,moravec::wired_moravec_13,wired_moravec_13,teenager,partner,3995,0.1111111111111111,1192
moravec,moravec::wired_moravec_13,wired_moravec_13,teenager,expert,3996,0.14814814814814814,1193
moravec,moravec::wired_moravec_13,wired_moravec_13,teenager,partner,3997,0.18518518518518517,1194
moravec,moravec::wired_moravec_13,wired_moravec_13,teenager,expert,3998,0.2222222222222222,1195
moravec,moravec::wired_moravec_13,wired_moravec_13,teenager,partner,4001,0.25925925925925924,1196
moravec,moravec::wired_moravec_13,wired_moravec_13,teenager,expert,4002,0.2962962962962963,1197
moravec,moravec::wired_moravec_13,wired_moravec_13,teenager,partner,4004,0.3333333333333333,1198
moravec,moravec::wired_moravec_13,wired_moravec_13,teenager,expert,4005,0.37037037037037035,1199
moravec,moravec::wired_moravec_13,wired_moravec_13,teenager,partner,4011,0.4074074074074074,1200
moravec,moravec::wired_moravec_13,wired_moravec_13,teenager,expert,4012,0.4444444444444444,1201
moravec,moravec::wired_moravec_13,wired_moravec_13,teenager,partner,4015,0.48148148148148145,1202
moravec,moravec::wired_moravec_13,wired_moravec_13,teenager,expert,4016,0.5185185185185185,1203
moravec,moravec::wired_moravec_13,wired_moravec_13,teenager,partner,4020,0.5555555555555556,1204
moravec,moravec::wired_moravec_13,wired_moravec_13,teenager,expert,4021,0.5925925925925926,1205
moravec,moravec::wired_moravec_13,wired_moravec_13,teenager,partner,4026,0.6296296296296297,1206
moravec,moravec::wired_moravec_13,wired_moravec_13,teenager,expert,4027,0.6666666666666666,1207
moravec,moravec::wired_moravec_13,wired_moravec_13,teenager,partner,4030,0.7037037037037037,1208
moravec,moravec::wired_moravec_13,wired_moravec_13,teenager,expert,4031,0.7407407407407407,1209
moravec,moravec::wired_moravec_13,wired_moravec_13,teenager,partner,4033,0.7777777777777778,1210
moravec,moravec::wired_moravec_13,wired_moravec_13,teenager,expert,4034,0.8148148148148148,1211
moravec,moravec::wired_moravec_13,wired_moravec_13,teenager,partner,4039,0.8518518518518519,1212
moravec,moravec::wired_moravec_13,wired_moravec_13,teenager,expert,4040,0.8888888888888888,1213
moravec,moravec::wired_moravec_13,wired_moravec_13,teenager,partner,4044,0.9259259259259259,1214
moravec,moravec::wired_moravec_13,wired_moravec_13,teenager,expert,4045,0.9629629629629629,1215
moravec,moravec::wired_moravec_13,wired_moravec_13,teenager,partner,4048,1.0,1216
moravec,moravec::wired_moravec_14,wired_moravec_14,undergraduate,expert,4050,0.0,1217
moravec,moravec::wired_moravec_14,wired_moravec_14,undergraduate,partner,4052,0.05555555555555555,1218
moravec,moravec::wired_moravec_14,wired_moravec_14,undergraduate,expert,4053,0.1111111111111111,1219
moravec,moravec::wired_moravec_14,wired_moravec_14,undergraduate,partner,4056,0.16666666666666666,1220
moravec,moravec::wired_moravec_14,wired_moravec_14,undergraduate,expert,4057,0.2222222222222222,1221
moravec,moravec::wired_moravec_14,wired_moravec_14,undergraduate,partner,4060,0.2777777777777778,1222
moravec,moravec::wired_moravec_14,wired_moravec_14,undergraduate,expert,4064,0.3333333333333333,1223
moravec,moravec::wired_moravec_14,wired_moravec_14,undergraduate,partner,4065,0.3888888888888889,1224
moravec,moravec::wired_moravec_14,wired_moravec_14,undergraduate,expert,4066,0.4444444444444444,1225
moravec,moravec::wired_moravec_14,wired_moravec_14,undergraduate,partner,4067,0.5,1226
moravec,moravec::wired_moravec_14,wired_moravec_14,undergraduate,expert,4068,0.5555555555555556,1227
moravec,moravec::wired_moravec_14,wired_moravec_14,undergraduate,partner,4072,0.6111111111111112,1228
moravec,moravec::wired_moravec_14,wired_moravec_14,undergraduate,expert,4074,0.6666666666666666,1229
moravec,moravec::wired_moravec_14,wired_moravec_14,undergraduate,partner,4075,0.7222222222222222,1230
moravec,moravec::wired_moravec_14,wired_moravec_14,undergraduate,expert,4076,0.7777777777777778,1231
moravec,moravec::wired_moravec_14,wired_moravec_14,undergraduate,partner,4085,0.8333333333333334,1232
moravec,moravec::wired_moravec_14,wired_moravec_14,undergraduate,expert,4088,0.8888888888888888,1233
moravec,moravec::wired_moravec_14,wired_moravec_14,undergraduate,partner,4091,0.9444444444444444,1234
moravec,moravec::wired_moravec_14,wired_moravec_14,undergraduate,expert,4092,1.0,1235
moravec,moravec::wired_moravec_15,wired_moravec_15,graduate,expert,4099,0.0,1236
moravec,moravec::wired_moravec_15,wired_moravec_15,graduate,partner,4100,0.058823529411764705,1237
moravec,moravec::wired_moravec_15,wired_moravec_15,graduate,expert,4102,0.11764705882352941,1238
moravec,moravec::wired_moravec_15,wired_moravec_15,graduate,partner,4103,0.17647058823529413,1239
moravec,moravec::wired_moravec_15,wired_moravec_15,graduate,expert,4105,0.23529411764705882,1240
moravec,moravec::wired_moravec_15,wired_moravec_15,graduate,partner,4107,0.29411764705882354,1241
moravec,moravec::wired_moravec_15,wired_moravec_15,graduate,expert,4108,0.35294117647058826,1242
moravec,moravec::wired_moravec_15,wired_moravec_15,graduate,partner,4109,0.4117647058823529,1243
moravec,moravec::wired_moravec_15,wired_moravec_15,graduate,expert,4112,0.47058823529411764,1244
moravec,moravec::wired_moravec_15,wired_moravec_15,graduate,partner,4113,0.5294117647058824,1245
moravec,moravec::wired_moravec_15,wired_moravec_15,graduate,expert,4117,0.5882352941176471,1246
moravec,moravec::wired_moravec_15,wired_moravec_15,graduate,partner,4119,0.6470588235294118,1247
moravec,moravec::wired_moravec_15,wired_moravec_15,graduate,expert,4121,0.7058823529411765,1248
moravec,moravec::wired_moravec_15,wired_moravec_15,graduate,partner,4123,0.7647058823529411,1249
moravec,moravec::wired_moravec_15,wired_moravec_15,graduate,expert,4125,0.8235294117647058,1250
moravec,moravec::wired_moravec_15,wired_moravec_15,graduate,partner,4130,0.8823529411764706,1251
moravec,moravec::wired_moravec_15,wired_moravec_15,graduate,expert,4132,0.9411764705882353,1252
moravec,moravec::wired_moravec_15,wired_moravec_15,graduate,partner,4134,1.0,1253
moravec,moravec::wired_moravec_16,wired_moravec_16,expert,expert,4136,0.0,1254
moravec,moravec::wired_moravec_16,wired_moravec_16,expert,partner,4138,0.08333333333333333,1255
moravec,moravec::wired_moravec_16,wired_moravec_16,expert,expert,4139,0.16666666666666666,1256
moravec,moravec::wired_moravec_16,wired_moravec_16,expert,partner,4142,0.25,1257
moravec,moravec::wired_moravec_16,wired_moravec_16,expert,expert,4148,0.3333333333333333,1258
moravec,moravec::wired_moravec_16,wired_moravec_16,expert,partner,4149,0.4166666666666667,1259
moravec,moravec::wired_moravec_16,wired_moravec_16,expert,expert,4158,0.5,1260
moravec,moravec::wired_moravec_16,wired_moravec_16,expert,partner,4162,0.5833333333333334,1261
moravec,moravec::wired_moravec_16,wired_moravec_16,expert,expert,4172,0.6666666666666666,1262
moravec,moravec::wired_moravec_16,wired_moravec_16,expert,partner,4174,0.75,1263
moravec,moravec::wired_moravec_16,wired_moravec_16,expert,expert,4176,0.8333333333333334,1264
moravec,moravec::wired_moravec_16,wired_moravec_16,expert,partner,4181,0.9166666666666666,1265
moravec,moravec::wired_moravec_16,wired_moravec_16,expert,expert,4187,1.0,1266
nano,nano::wired_nano_12,wired_nano_12,child,expert,4189,0.0,1267
nano,nano::wired_nano_12,wired_nano_12,child,partner,4190,0.047619047619047616,1268
nano,nano::wired_nano_12,wired_nano_12,child,expert,4191,0.09523809523809523,1269
nano,nano::wired_nano_12,wired_nano_12,child,partner,4192,0.14285714285714285,1270
nano,nano::wired_nano_12,wired_nano_12,child,expert,4193,0.19047619047619047,1271
nano,nano::wired_nano_12,wired_nano_12,child,partner,4195,0.23809523809523808,1272
nano,nano::wired_nano_12,wired_nano_12,child,expert,4196,0.2857142857142857,1273
nano,nano::wired_nano_12,wired_nano_12,child,partner,4198,0.3333333333333333,1274
nano,nano::wired_nano_12,wired_nano_12,child,expert,4199,0.38095238095238093,1275
nano,nano::wired_nano_12,wired_nano_12,child,partner,4202,0.42857142857142855,1276
nano,nano::wired_nano_12,wired_nano_12,child,expert,4203,0.47619047619047616,1277
nano,nano::wired_nano_12,wired_nano_12,child,partner,4213,0.5238095238095238,1278
nano,nano::wired_nano_12,wired_nano_12,child,expert,4214,0.5714285714285714,1279
nano,nano::wired_nano_12,wired_nano_12,child,partner,4220,0.6190476190476191,1280
nano,nano::wired_nano_12,wired_nano_12,child,expert,4223,0.6666666666666666,1281
nano,nano::wired_nano_12,wired_nano_12,child,partner,4226,0.7142857142857143,1282
nano,nano::wired_nano_12,wired_nano_12,child,expert,4227,0.7619047619047619,1283
nano,nano::wired_nano_12,wired_nano_12,child,partner,4233,0.8095238095238095,1284
nano,nano::wired_nano_12,wired_nano_12,child,expert,4234,0.8571428571428571,1285
nano,nano::wired_nano_12,wired_nano_12,child,partner,4237,0.9047619047619048,1286
nano,nano::wired_nano_12,wired_nano_12,child,expert,4238,0.9523809523809523,1287
nano,nano::wired_nano_12,wired_nano_12,child,partner,4246,1.0,1288
nano,nano::wired_nano_13,wired_nano_13,teenager,expert,4247,0.0,1289
nano,nano::wired_nano_13,wired_nano_13,teenager,partner,4248,0.05,1290
nano,nano::wired_nano_13,wired_nano_13,teenager,expert,4249,0.1,1291
nano,nano::wired_nano_13,wired_nano_13,teenager,partner,4250,0.15,1292
nano,nano::wired_nano_13,wired_nano_13,teenager,expert,4252,0.2,1293
nano,nano::wired_nano_13,wired_nano_13,teenager,partner,4254,0.25,1294
nano,nano::wired_nano_13,wired_nano_13,teenager,expert,4255,0.3,1295
nano,nano::wired_nano_13,wired_nano_13,teenager,partner,4256,0.35,1296
nano,nano::wired_nano_13,wired_nano_13,teenager,expert,4257,0.4,1297
nano,nano::wired_nano_13,wired_nano_13,teenager,partner,4261,0.45,1298
nano,nano::wired_nano_13,wired_nano_13,teenager,expert,4262,0.5,1299
nano,nano::wired_nano_13,wired_nano_13,teenager,partner,4265,0.55,1300
nano,nano::wired_nano_13,wired_nano_13,teenager,expert,4266,0.6,1301
nano,nano::wired_nano_13,wired_nano_13,teenager,partner,4273,0.65,1302
nano,nano::wired_nano_13,wired_nano_13,teenager,expert,4274,0.7,1303
nano,nano::wired_nano_13,wired_nano_13,teenager,partner,4279,0.75,1304
nano,nano::wired_nano_13,wired_nano_13,teenager,expert,4280,0.8,1305
nano,nano::wired_nano_13,wired_nano_13,teenager,partner,4292,0.85,1306
nano,nano::wired_nano_13,wired_nano_13,teenager,expert,4294,0.9,1307
nano,nano::wired_nano_13,wired_nano_13,teenager,partner,4302,0.95,1308
nano,nano::wired_nano_13,wired_nano_13,teenager,expert,4305,1.0,1309
nano,nano::wired_nano_14,wired_nano_14,undergraduate,expert,4308,0.0,1310
nano,nano::wired_nano_14,wired_nano_14,undergraduate,partner,4309,0.043478260869565216,1311
nano,nano::wired_nano_14,wired_nano_14,undergraduate,expert,4310,0.08695652173913043,1312
nano,nano::wired_nano_14,wired_nano_14,undergraduate,partner,4311,0.13043478260869565,1313
nano,nano::wired_nano_14,wired_nano_14,undergraduate,expert,4314,0.17391304347826086,1314
nano,nano::wired_nano_14,wired_nano_14,undergraduate,partner,4315,0.21739130434782608,1315
nano,nano::wired_nano_14,wired_nano_14,undergraduate,expert,4317,0.2608695652173913,1316
nano,nano::wired_nano_14,wired_nano_14,undergraduate,partner,4323,0.30434782608695654,1317
nano,nano::wired_nano_14,wired_nano_14,undergraduate,expert,4324,0.34782608695652173,1318
nano,nano::wired_nano_14,wired_nano_14,undergraduate,partner,4328,0.391304347826087,1319
nano,nano::wired_nano_14,wired_nano_14,undergraduate,expert,4331,0.43478260869565216,1320
nano,nano::wired_nano_14,wired_nano_14,undergraduate,partner,4338,0.4782608695652174,1321
nano,nano::wired_nano_14,wired_nano_14,undergraduate,expert,4339,0.5217391304347826,1322
nano,nano::wired_nano_14,wired_nano_14,undergraduate,partner,4342,0.5652173913043478,1323
nano,nano::wired_nano_14,wired_nano_14,undergraduate,expert,4343,0.6086956521739131,1324
nano,nano::wired_nano_14,wired_nano_14,undergraduate,partner,4351,0.6521739130434783,1325
nano,nano::wired_nano_14,wired_nano_14,undergraduate,expert,4352,0.6956521739130435,1326
nano,nano::wired_nano_14,wired_nano_14,undergraduate,partner,4353,0.7391304347826086,1327
nano,nano::wired_nano_14,wired_nano_14,undergraduate,expert,4365,0.782608695652174,1328
nano,nano::wired_nano_14,wired_nano_14,undergraduate,partner,4377,0.8260869565217391,1329
nano,nano::wired_nano_14,wired_nano_14,undergraduate,expert,4380,0.8695652173913043,1330
nano,nano::wired_nano_14,wired_nano_14,undergraduate,partner,4386,0.9130434782608695,1331
nano,nano::wired_nano_14,wired_nano_14,undergraduate,expert,4388,0.9565217391304348,1332
nano,nano::wired_nano_14,wired_nano_14,undergraduate,partner,4392,1.0,1333
nano,nano::wired_nano_15,wired_nano_15,graduate,expert,4394,0.0,1334
nano,nano::wired_nano_15,wired_nano_15,graduate,partner,4396,0.125,1335
nano,nano::wired_nano_15,wired_nano_15,graduate,expert,4399,0.25,1336
nano,nano::wired_nano_15,wired_nano_15,graduate,partner,4400,0.375,1337
nano,nano::wired_nano_15,wired_nano_15,graduate,expert,4403,0.5,1338
nano,nano::wired_nano_15,wired_nano_15,graduate,partner,4404,0.625,1339
nano,nano::wired_nano_15,wired_nano_15,graduate,expert,4409,0.75,1340
nano,nano::wired_nano_15,wired_nano_15,graduate,partner,4412,0.875,1341
nano,nano::wired_nano_15,wired_nano_15,graduate,expert,4417,1.0,1342
nano,nano::wired_nano_16,wired_nano_16,expert,expert,4428,0.0,1343
nano,nano::wired_nano_16,wired_nano_16,expert,partner,4430,0.07142857142857142,1344
nano,nano::wired_nano_16,wired_nano_16,expert,expert,4446,0.14285714285714285,1345
nano,nano::wired_nano_16,wired_nano_16,expert,partner,4450,0.21428571428571427,1346
nano,nano::wired_nano_16,wired_nano_16,expert,expert,4462,0.2857142857142857,1347
nano,nano::wired_nano_16,wired_nano_16,expert,partner,4467,0.35714285714285715,1348
nano,nano::wired_nano_16,wired_nano_16,expert,expert,4475,0.42857142857142855,1349
nano,nano::wired_nano_16,wired_nano_16,expert,partner,4478,0.5,1350
nano,nano::wired_nano_16,wired_nano_16,expert,expert,4492,0.5714285714285714,1351
nano,nano::wired_nano_16,wired_nano_16,expert,partner,4493,0.6428571428571429,1352
nano,nano::wired_nano_16,wired_nano_16,expert,expert,4496,0.7142857142857143,1353
nano,nano::wired_nano_16,wired_nano_16,expert,partner,4500,0.7857142857142857,1354
nano,nano::wired_nano_16,wired_nano_16,expert,expert,4506,0.8571428571428571,1355
nano,nano::wired_nano_16,wired_nano_16,expert,partner,4508,0.9285714285714286,1356
nano,nano::wired_nano_16,wired_nano_16,expert,expert,4509,1.0,1357
nuclear,nuclear::wired_nuclear_12,wired_nuclear_12,child,expert,4595,0.0,1358
nuclear,nuclear::wired_nuclear_12,wired_nuclear_12,child,partner,4596,0.03333333333333333,1359
nuclear,nuclear::wired_nuclear_12,wired_nuclear_12,child,expert,4598,0.06666666666666667,1360
nuclear,nuclear::wired_nuclear_12,wired_nuclear_12,child,partner,4603,0.1,1361
nuclear,nuclear::wired_nuclear_12,wired_nuclear_12,child,expert,4604,0.13333333333333333,1362
nuclear,nuclear::wired_nuclear_12,wired_nuclear_12,child,partner,4612,0.16666666666666666,1363
nuclear,nuclear::wired_nuclear_12,wired_nuclear_12,child,expert,4613,0.2,1364
nuclear,nuclear::wired_nuclear_12,wired_nuclear_12,child,partner,4619,0.23333333333333334,1365
nuclear,nuclear::wired_nuclear_12,wired_nuclear_12,child,expert,4620,0.26666666666666666,1366
nuclear,nuclear::wired_nuclear_12,wired_nuclear_12,child,partner,4623,0.3,1367
nuclear,nuclear::wired_nuclear_12,wired_nuclear_12,child,expert,4624,0.3333333333333333,1368
nuclear,nuclear::wired_nuclear_12,wired_nuclear_12,child,partner,4626,0.36666666666666664,1369
nuclear,nuclear::wired_nuclear_12,wired_nuclear_12,child,expert,4628,0.4,1370
nuclear,nuclear::wired_nuclear_12,wired_nuclear_12,child,partner,4631,0.43333333333333335,1371
nuclear,nuclear::wired_nuclear_12,wired_nuclear_12,child,expert,4633,0.4666666666666667,1372
nuclear,nuclear::wired_nuclear_12,wired_nuclear_12,child,partner,4634,0.5,1373
nuclear,nuclear::wired_nuclear_12,wired_nuclear_12,child,expert,4635,0.5333333333333333,1374
nuclear,nuclear::wired_nuclear_12,wired_nuclear_12,child,partner,4638,0.5666666666666667,1375
nuclear,nuclear::wired_nuclear_12,wired_nuclear_12,child,expert,4639,0.6,1376
nuclear,nuclear::wired_nuclear_12,wired_nuclear_12,child,partner,4645,0.6333333333333333,1377
nuclear,nuclear::wired_nuclear_12,wired_nuclear_12,child,expert,4646,0.6666666666666666,1378
nuclear,nuclear::wired_nuclear_12,wired_nuclear_12,child,partner,4647,0.7,1379
nuclear,nuclear::wired_nuclear_12,wired_nuclear_12,child,expert,4648,0.7333333333333333,1380
nuclear,nuclear::wired_nuclear_12,wired_nuclear_12,child,partner,4649,0.7666666666666667,1381
nuclear,nuclear::wired_nuclear_12,wired_nuclear_12,child,expert,4650,0.8,1382
nuclear,nuclear::wired_nuclear_12,wired_nuclear_12,child,partner,4653,0.8333333333333334,1383
nuclear,nuclear::wired_nuclear_12,wired_nuclear_12,child,expert,4654,0.8666666666666667,1384
nuclear,nuclear::wired_nuclear_12,wired_nuclear_12,child,partner,4655,0.9,1385
nuclear,nuclear::wired_nuclear_12,wired_nuclear_12,child,expert,4657,0.9333333333333333,1386
nuclear,nuclear::wired_nuclear_12,wired_nuclear_12,child,partner,4658,0.9666666666666667,1387
nuclear,nuclear::wired_nuclear_12,wired_nuclear_12,child,expert,4660,1.0,1388
nuclear,nuclear::wired_nuclear_13,wired_nuclear_13,teenager,partner,4668,0.0,1389
nuclear,nuclear::wired_nuclear_13,wired_nuclear_13,teenager,expert,4669,0.058823529411764705,1390
nuclear,nuclear::wired_nuclear_13,wired_nuclear_13,teenager,partner,4674,0.11764705882352941,1391
nuclear,nuclear::wired_nuclear_13,wired_nuclear_13,teenager,expert,4675,0.17647058823529413,1392
nuclear,nuclear::wired_nuclear_13,wired_nuclear_13,teenager,partner,4676,0.23529411764705882,1393
nuclear,nuclear::wired_nuclear_13,wired_nuclear_13,teenager,expert,4677,0.29411764705882354,1394
nuclear,nuclear::wired_nuclear_13,wired_nuclear_13,teenager,partner,4684,0.35294117647058826,1395
nuclear,nuclear::wired_nuclear_13,wired_nuclear_13,teenager,expert,4685,0.4117647058823529,1396
nuclear,nuclear::wired_nuclear_13,wired_nuclear_13,teenager,partner,4696,0.47058823529411764,1397
nuclear,nuclear::wired_nuclear_13,wired_nuclear_13,teenager,expert,4697,0.5294117647058824,1398
nuclear,nuclear::wired_nuclear_13,wired_nuclear_13,teenager,partner,4698,0.5882352941176471,1399
nuclear,nuclear::wired_nuclear_13,wired_nuclear_13,teenager,expert,4700,0.6470588235294118,1400
nuclear,nuclear::wired_nuclear_13,wired_nuclear_13,teenager,partner,4702,0.7058823529411765,1401
nuclear,nuclear::wired_nuclear_13,wired_nuclear_13,teenager,expert,4703,0.7647058823529411,1402
nuclear,nuclear::wired_nuclear_13,wired_nuclear_13,teenager,partner,4717,0.8235294117647058,1403
nuclear,nuclear::wired_nuclear_13,wired_nuclear_13,teenager,expert,4718,0.8823529411764706,1404
nuclear,nuclear::wired_nuclear_13,wired_nuclear_13,teenager,partner,4721,0.9411764705882353,1405
nuclear,nuclear::wired_nuclear_13,wired_nuclear_13,teenager,expert,4722,1.0,1406
nuclear,nuclear::wired_nuclear_14,wired_nuclear_14,undergraduate,expert,4726,0.0,1407
nuclear,nuclear::wired_nuclear_14,wired_nuclear_14,undergraduate,partner,4727,0.045454545454545456,1408
nuclear,nuclear::wired_nuclear_14,wired_nuclear_14,undergraduate,expert,4734,0.09090909090909091,1409
nuclear,nuclear::wired_nuclear_14,wired_nuclear_14,undergraduate,partner,4736,0.13636363636363635,1410
nuclear,nuclear::wired_nuclear_14,wired_nuclear_14,undergraduate,expert,4737,0.18181818181818182,1411
nuclear,nuclear::wired_nuclear_14,wired_nuclear_14,undergraduate,partner,4748,0.22727272727272727,1412
nuclear,nuclear::wired_nuclear_14,wired_nuclear_14,undergraduate,expert,4751,0.2727272727272727,1413
nuclear,nuclear::wired_nuclear_14,wired_nuclear_14,undergraduate,partner,4777,0.3181818181818182,1414
nuclear,nuclear::wired_nuclear_14,wired_nuclear_14,undergraduate,expert,4778,0.36363636363636365,1415
nuclear,nuclear::wired_nuclear_14,wired_nuclear_14,undergraduate,partner,4790,0.4090909090909091,1416
nuclear,nuclear::wired_nuclear_14,wired_nuclear_14,undergraduate,expert,4794,0.45454545454545453,1417
nuclear,nuclear::wired_nuclear_14,wired_nuclear_14,undergraduate,partner,4797,0.5,1418
nuclear,nuclear::wired_nuclear_14,wired_nuclear_14,undergraduate,expert,4798,0.5454545454545454,1419
nuclear,nuclear::wired_nuclear_14,wired_nuclear_14,undergraduate,partner,4809,0.5909090909090909,1420
nuclear,nuclear::wired_nuclear_14,wired_nuclear_14,undergraduate,expert,4811,0.6363636363636364,1421
nuclear,nuclear::wired_nuclear_14,wired_nuclear_14,undergraduate,partner,4817,0.6818181818181818,1422
nuclear,nuclear::wired_nuclear_14,wired_nuclear_14,undergraduate,expert,4818,0.7272727272727273,1423
nuclear,nuclear::wired_nuclear_14,wired_nuclear_14,undergraduate,partner,4823,0.7727272727272727,1424
nuclear,nuclear::wired_nuclear_14,wired_nuclear_14,undergraduate,expert,4824,0.8181818181818182,1425
nuclear,nuclear::wired_nuclear_14,wired_nuclear_14,undergraduate,partner,4833,0.8636363636363636,1426
nuclear,nuclear::wired_nuclear_14,wired_nuclear_14,undergraduate,expert,4834,0.9090909090909091,1427
nuclear,nuclear::wired_nuclear_14,wired_nuclear_14,undergraduate,partner,4839,0.9545454545454546,1428
nuclear,nuclear::wired_nuclear_14,wired_nuclear_14,undergraduate,expert,4840,1.0,1429
nuclear,nuclear::wired_nuclear_15,wired_nuclear_15,graduate,partner,4843,0.0,1430
nuclear,nuclear::wired_nuclear_15,wired_nuclear_15,graduate,expert,4846,0.058823529411764705,1431
nuclear,nuclear::wired_nuclear_15,wired_nuclear_15,graduate,partner,4847,0.11764705882352941,1432
nuclear,nuclear::wired_nuclear_15,wired_nuclear_15,graduate,expert,4849,0.17647058823529413,1433
nuclear,nuclear::wired_nuclear_15,wired_nuclear_15,graduate,partner,4865,0.23529411764705882,1434
nuclear,nuclear::wired_nuclear_15,wired_nuclear_15,graduate,expert,4866,0.29411764705882354,1435
nuclear,nuclear::wired_nuclear_15,wired_nuclear_15,graduate,partner,4871,0.35294117647058826,1436
nuclear,nuclear::wired_nuclear_15,wired_nuclear_15,graduate,expert,4873,0.4117647058823529,1437
nuclear,nuclear::wired_nuclear_15,wired_nuclear_15,graduate,partner,4885,0.47058823529411764,1438
nuclear,nuclear::wired_nuclear_15,wired_nuclear_15,graduate,expert,4886,0.5294117647058824,1439
nuclear,nuclear::wired_nuclear_15,wired_nuclear_15,graduate,partner,4892,0.5882352941176471,1440
nuclear,nuclear::wired_nuclear_15,wired_nuclear_15,graduate,expert,4896,0.6470588235294118,1441
nuclear,nuclear::wired_nuclear_15,wired_nuclear_15,graduate,partner,4905,0.7058823529411765,1442
nuclear,nuclear::wired_nuclear_15,wired_nuclear_15,graduate,expert,4906,0.7647058823529411,1443
nuclear,nuclear::wired_nuclear_15,wired_nuclear_15,graduate,partner,4913,0.8235294117647058,1444
nuclear,nuclear::wired_nuclear_15,wired_nuclear_15,graduate,expert,4916,0.8823529411764706,1445
nuclear,nuclear::wired_nuclear_15,wired_nuclear_15,graduate,partner,4933,0.9411764705882353,1446
nuclear,nuclear::wired_nuclear_15,wired_nuclear_15,graduate,expert,4938,1.0,1447
nuclear,nuclear::wired_nuclear_16,wired_nuclear_16,expert,partner,4940,0.0,1448
nuclear,nuclear::wired_nuclear_16,wired_nuclear_16,expert,expert,4943,0.1,1449
nuclear,nuclear::wired_nuclear_16,wired_nuclear_16,expert,partner,4944,0.2,1450
nuclear,nuclear::wired_nuclear_16,wired_nuclear_16,expert,expert,4948,0.3,1451
nuclear,nuclear::wired_nuclear_16,wired_nuclear_16,expert,partner,4952,0.4,1452
nuclear,nuclear::wired_nuclear_16,wired_nuclear_16,expert,expert,4956,0.5,1453
nuclear,nuclear::wired_nuclear_16,wired_nuclear_16,expert,partner,4958,0.6,1454
nuclear,nuclear::wired_nuclear_16,wired_nuclear_16,expert,expert,4961,0.7,1455
nuclear,nuclear::wired_nuclear_16,wired_nuclear_16,expert,partner,4963,0.8,1456
nuclear,nuclear::wired_nuclear_16,wired_nuclear_16,expert,expert,4973,0.9,1457
nuclear,nuclear::wired_nuclear_16,wired_nuclear_16,expert,partner,4980,1.0,1458
sensing,sensing::wired_sensing_12,wired_sensing_12,child,expert,4984,0.0,1459
sensing,sensing::wired_sensing_12,wired_sensing_12,child,partner,4985,0.03333333333333333,1460
sensing,sensing::wired_sensing_12,wired_sensing_12,child,expert,4986,0.06666666666666667,1461
sensing,sensing::wired_sensing_12,wired_sensing_12,child,partner,4990,0.1,1462
sensing,sensing::wired_sensing_12,wired_sensing_12,child,expert,4991,0.13333333333333333,1463
sensing,sensing::wired_sensing_12,wired_sensing_12,child,partner,4992,0.16666666666666666,1464
sensing,sensing::wired_sensing_12,wired_sensing_12,child,expert,4993,0.2,1465
sensing,sensing::wired_sensing_12,wired_sensing_12,child,partner,4998,0.23333333333333334,1466
sensing,sensing::wired_sensing_12,wired_sensing_12,child,expert,4999,0.26666666666666666,1467
sensing,sensing::wired_sensing_12,wired_sensing_12,child,partner,5001,0.3,1468
sensing,sensing::wired_sensing_12,wired_sensing_12,child,expert,5002,0.3333333333333333,1469
sensing,sensing::wired_sensing_12,wired_sensing_12,child,partner,5003,0.36666666666666664,1470
sensing,sensing::wired_sensing_12,wired_sensing_12,child,expert,5004,0.4,1471
sensing,sensing::wired_sensing_12,wired_sensing_12,child,partner,5006,0.43333333333333335,1472
sensing,sensing::wired_sensing_12,wired_sensing_12,child,expert,5007,0.4666666666666667,1473
sensing,sensing::wired_sensing_12,wired_sensing_12,child,partner,5009,0.5,1474
sensing,sensing::wired_sensing_12,wired_sensing_12,child,expert,5010,0.5333333333333333,1475
sensing,sensing::wired_sensing_12,wired_sensing_12,child,partner,5012,0.5666666666666667,1476
sensing,sensing::wired_sensing_12,wired_sensing_12,child,expert,5013,0.6,1477
sensing,sensing::wired_sensing_12,wired_sensing_12,child,partner,5015,0.6333333333333333,1478
sensing,sensing::wired_sensing_12,wired_sensing_12,child,expert,5016,0.6666666666666666,1479
sensing,sensing::wired_sensing_12,wired_sensing_12,child,partner,5018,0.7,1480
sensing,sensing::wired_sensing_12,wired_sensing_12,child,expert,5019,0.7333333333333333,1481
sensing,sensing::wired_sensing_12,wired_sensing_12,child,partner,5023,0.7666666666666667,1482
sensing,sensing::wired_sensing_12,wired_sensing_12,child,expert,5024,0.8,1483
sensing,sensing::wired_sensing_12,wired_sensing_12,child,partner,5025,0.8333333333333334,1484
sensing,sensing::wired_sensing_12,wired_sensing_12,child,expert,5026,0.8666666666666667,1485
sensing,sensing::wired_sensing_12,wired_sensing_12,child,partner,5027,0.9,1486
sensing,sensing::wired_sensing_12,wired_sensing_12,child,expert,5028,0.9333333333333333,1487
sensing,sensing::wired_sensing_12,wired_sensing_12,child,partner,5030,0.9666666666666667,1488
sensing,sensing::wired_sensing_12,wired_sensing_12,child,expert,5031,1.0,1489
sensing,sensing::wired_sensing_13,wired_sensing_13,teenager,expert,5036,0.0,1490
sensing,sensing::wired_sensing_13,wired_sensing_13,teenager,partner,5038,0.015151515151515152,1491
sensing,sensing::wired_sensing_13,wired_sensing_13,teenager,expert,5039,0.030303030303030304,1492
sensing,sensing::wired_sensing_13,wired_sensing_13,teenager,partner,5041,0.045454545454545456,1493
sensing,sensing::wired_sensing_13,wired_sensing_13,teenager,expert,5042,0.06060606060606061,1494
sensing,sensing::wired_sensing_13,wired_sensing_13,teenager,partner,5043,0.07575757575757576,1495
sensing,sensing::wired_sensing_13,wired_sensing_13,teenager,expert,5044,0.09090909090909091,1496
sensing,sensing::wired_sensing_13,wired_sensing_13,teenager,partner,5045,0.10606060606060606,1497
sensing,sensing::wired_sensing_13,wired_sensing_13,teenager,expert,5046,0.12121212121212122,1498
sensing,sensing::wired_sensing_13,wired_sensing_13,teenager,partner,5051,0.13636363636363635,1499
sensing,sensing::wired_sensing_13,wired_sensing_13,teenager,expert,5052,0.15151515151515152,1500
sensing,sensing::wired_sensing_13,wired_sensing_13,teenager,partner,5054,0.16666666666666666,1501
sensing,sensing::wired_sensing_13,wired_sensing_13,teenager,expert,5055,0.18181818181818182,1502
sensing,sensing::wired_sensing_13,wired_sensing_13,teenager,partner,5056,0.19696969696969696,1503
sensing,sensing::wired_sensing_13,wired_sensing_13,teenager,expert,5057,0.21212121212121213,1504
sensing,sensing::wired_sensing_13,wired_sensing_13,teenager,partner,5058,0.22727272727272727,1505
sensing,sensing::wired_sensing_13,wired_sensing_13,teenager,expert,5059,0.24242424242424243,1506
sensing,sensing::wired_sensing_13,wired_sensing_13,teenager,partner,5061,0.25757575757575757,1507
sensing,sensing::wired_sensing_13,wired_sensing_13,teenager,expert,5062,0.2727272727272727,1508
sensing,sensing::wired_sensing_13,wired_sensing_13,teenager,partner,5063,0.2878787878787879,1509
sensing,sensing::wired_sensing_13,wired_sensing_13,teenager,expert,5064,0.30303030303030304,1510
sensing,sensing::wired_sensing_13,wired_sensing_13,teenager,partner,5065,0.3181818181818182,1511
sensing,sensing::wired_sensing_13,wired_sensing_13,teenager,expert,5066,0.3333333333333333,1512
sensing,sensing::wired_sensing_13,wired_sensing_13,teenager,partner,5069,0.3484848484848485,1513
sensing,sensing::wired_sensing_13,wired_sensing_13,teenager,expert,5070,0.36363636363636365,1514
sensing,sensing::wired_sensing_13,wired_sensing_13,teenager,partner,5072,0.3787878787878788,1515
sensing,sensing::wired_sensing_13,wired_sensing_13,teenager,expert,5073,0.3939393939393939,1516
sensing,sensing::wired_sensing_13,wired_sensing_13,teenager,partner,5076,0.4090909090909091,1517
sensing,sensing::wired_sensing_13,wired_sensing_13,teenager,expert,5077,0.42424242424242425,1518
sensing,sensing::wired_sensing_13,wired_sensing_13,teenager,partner,5078,0.4393939393939394,1519
sensing,sensing::wired_sensing_13,wired_sensing_13,teenager,expert,5079,0.45454545454545453,1520
sensing,sensing::wired_sensing_13,wired_sensing_13,teenager,partner,5080,0.4696969696969697,1521
sensing,sensing::wired_sensing_13,wired_sensing_13,teenager,expert,5081,0.48484848484848486,1522
sensing,sensing::wired_sensing_13,wired_sensing_13,teenager,partner,5083,0.5,1523
sensing,sensing::wired_sensing_13,wired_sensing_13,teenager,expert,5084,0.5151515151515151,1524
sensing,sensing::wired_sensing_13,wired_sensing_13,teenager,partner,5085,0.5303030303030303,1525
sensing,sensing::wired_sensing_13,wired_sensing_13,teenager,expert,5087,0.5454545454545454,1526
sensing,sensing::wired_sensing_13,wired_sensing_13,teenager,partner,5088,0.5606060606060606,1527
sensing,sensing::wired_sensing_13,wired_sensing_13,teenager,expert,5089,0.5757575757575758,1528
sensing,sensing::wired_sensing_13,wired_sensing_13,teenager,partner,5092,0.5909090909090909,1529
sensing,sensing::wired_sensing_13,wired_sensing_13,teenager,expert,5093,0.6060606060606061,1530
sensing,sensing::wired_sensing_13,wired_sensing_13,teenager,partner,5094,0.6212121212121212,1531
sensing,sensing::wired_sensing_13,wired_sensing_13,teenager,expert,5095,0.6363636363636364,1532
sensing,sensing::wired_sensing_13,wired_sensing_13,teenager,partner,5097,0.6515151515151515,1533
sensing,sensing::wired_sensing_13,wired_sensing_13,teenager,expert,5098,0.6666666666666666,1534
sensing,sensing::wired_sensing_13,wired_sensing_13,teenager,partner,5100,0.6818181818181818,1535
sensing,sensing::wired_sensing_13,wired_sensing_13,teenager,expert,5101,0.696969696969697,1536
sensing,sensing::wired_sensing_13,wired_sensing_13,teenager,partner,5105,0.7121212121212122,1537
sensing,sensing::wired_sensing_13,wired_sensing_13,teenager,expert,5106,0.7272727272727273,1538
sensing,sensing::wired_sensing_13,wired_sensing_13,teenager,partner,5107,0.7424242424242424,1539
sensing,sensing::wired_sensing_13,wired_sensing_13,teenager,expert,5109,0.7575757575757576,1540
sensing,sensing::wired_sensing_13,wired_sensing_13,teenager,partner,5110,0.7727272727272727,1541
sensing,sensing::wired_sensing_13,wired_sensing_13,teenager,expert,5111,0.7878787878787878,1542
sensing,sensing::wired_sensing_13,wired_sensing_13,teenager,partner,5112,0.803030303030303,1543
sensing,sensing::wired_sensing_13,wired_sensing_13,teenager,expert,5113,0.8181818181818182,1544
sensing,sensing::wired_sensing_13,wired_sensing_13,teenager,partner,5114,0.8333333333333334,1545
sensing,sensing::wired_sensing_13,wired_sensing_13,teenager,expert,5115,0.8484848484848485,1546
sensing,sensing::wired_sensing_13,wired_sensing_13,teenager,partner,5116,0.8636363636363636,1547
sensing,sensing::wired_sensing_13,wired_sensing_13,teenager,expert,5117,0.8787878787878788,1548
sensing,sensing::wired_sensing_13,wired_sensing_13,teenager,partner,5118,0.8939393939393939,1549
sensing,sensing::wired_sensing_13,wired_sensing_13,teenager,expert,5119,0.9090909090909091,1550
sensing,sensing::wired_sensing_13,wired_sensing_13,teenager,partner,5120,0.9242424242424242,1551
sensing,sensing::wired_sensing_13,wired_sensing_13,teenager,expert,5121,0.9393939393939394,1552
sensing,sensing::wired_sensing_13,wired_sensing_13,teenager,partner,5122,0.9545454545454546,1553
sensing,sensing::wired_sensing_13,wired_sensing_13,teenager,expert,5123,0.9696969696969697,1554
sensing,sensing::wired_sensing_13,wired_sensing_13,teenager,partner,5124,0.9848484848484849,1555
sensing,sensing::wired_sensing_13,wired_sensing_13,teenager,expert,5125,1.0,1556
sensing,sensing::wired_sensing_14,wired_sensing_14,undergraduate,expert,5126,0.0,1557
sensing,sensing::wired_sensing_14,wired_sensing_14,undergraduate,partner,5127,0.029411764705882353,1558
sensing,sensing::wired_sensing_14,wired_sensing_14,undergraduate,expert,5128,0.058823529411764705,1559
sensing,sensing::wired_sensing_14,wired_sensing_14,undergraduate,partner,5130,0.08823529411764706,1560
sensing,sensing::wired_sensing_14,wired_sensing_14,undergraduate,expert,5131,0.11764705882352941,1561
sensing,sensing::wired_sensing_14,wired_sensing_14,undergraduate,partner,5133,0.14705882352941177,1562
sensing,sensing::wired_sensing_14,wired_sensing_14,undergraduate,expert,5135,0.17647058823529413,1563
sensing,sensing::wired_sensing_14,wired_sensing_14,undergraduate,partner,5136,0.20588235294117646,1564
sensing,sensing::wired_sensing_14,wired_sensing_14,undergraduate,expert,5137,0.23529411764705882,1565
sensing,sensing::wired_sensing_14,wired_sensing_14,undergraduate,partner,5138,0.2647058823529412,1566
sensing,sensing::wired_sensing_14,wired_sensing_14,undergraduate,expert,5140,0.29411764705882354,1567
sensing,sensing::wired_sensing_14,wired_sensing_14,undergraduate,partner,5143,0.3235294117647059,1568
sensing,sensing::wired_sensing_14,wired_sensing_14,undergraduate,expert,5144,0.35294117647058826,1569
sensing,sensing::wired_sensing_14,wired_sensing_14,undergraduate,partner,5145,0.38235294117647056,1570
sensing,sensing::wired_sensing_14,wired_sensing_14,undergraduate,expert,5146,0.4117647058823529,1571
sensing,sensing::wired_sensing_14,wired_sensing_14,undergraduate,partner,5147,0.4411764705882353,1572
sensing,sensing::wired_sensing_14,wired_sensing_14,undergraduate,expert,5148,0.47058823529411764,1573
sensing,sensing::wired_sensing_14,wired_sensing_14,undergraduate,partner,5149,0.5,1574
sensing,sensing::wired_sensing_14,wired_sensing_14,undergraduate,expert,5152,0.5294117647058824,1575
sensing,sensing::wired_sensing_14,wired_sensing_14,undergraduate,partner,5155,0.5588235294117647,1576
sensing,sensing::wired_sensing_14,wired_sensing_14,undergraduate,expert,5156,0.5882352941176471,1577
sensing,sensing::wired_sensing_14,wired_sensing_14,undergraduate,partner,5166,0.6176470588235294,1578
sensing,sensing::wired_sensing_14,wired_sensing_14,undergraduate,expert,5167,0.6470588235294118,1579
sensing,sensing::wired_sensing_14,wired_sensing_14,undergraduate,partner,5170,0.6764705882352942,1580
sensing,sensing::wired_sensing_14,wired_sensing_14,undergraduate,expert,5171,0.7058823529411765,1581
sensing,sensing::wired_sensing_14,wired_sensing_14,undergraduate,partner,5174,0.7352941176470589,1582
sensing,sensing::wired_sensing_14,wired_sensing_14,undergraduate,expert,5175,0.7647058823529411,1583
sensing,sensing::wired_sensing_14,wired_sensing_14,undergraduate,partner,5176,0.7941176470588235,1584
sensing,sensing::wired_sensing_14,wired_sensing_14,undergraduate,expert,5177,0.8235294117647058,1585
sensing,sensing::wired_sensing_14,wired_sensing_14,undergraduate,partner,5178,0.8529411764705882,1586
sensing,sensing::wired_sensing_14,wired_sensing_14,undergraduate,expert,5179,0.8823529411764706,1587
sensing,sensing::wired_sensing_14,wired_sensing_14,undergraduate,partner,5180,0.9117647058823529,1588
sensing,sensing::wired_sensing_14,wired_sensing_14,undergraduate,expert,5182,0.9411764705882353,1589
sensing,sensing::wired_sensing_14,wired_sensing_14,undergraduate,partner,5187,0.9705882352941176,1590
sensing,sensing::wired_sensing_14,wired_sensing_14,undergraduate,expert,5188,1.0,1591
sensing,sensing::wired_sensing_15,wired_sensing_15,graduate,expert,5189,0.0,1592
sensing,sensing::wired_sensing_15,wired_sensing_15,graduate,partner,5190,0.03125,1593
sensing,sensing::wired_sensing_15,wired_sensing_15,graduate,expert,5192,0.0625,1594
sensing,sensing::wired_sensing_15,wired_sensing_15,graduate,partner,5193,0.09375,1595
sensing,sensing::wired_sensing_15,wired_sensing_15,graduate,expert,5196,0.125,1596
sensing,sensing::wired_sensing_15,wired_sensing_15,graduate,partner,5198,0.15625,1597
sensing,sensing::wired_sensing_15,wired_sensing_15,graduate,expert,5199,0.1875,1598
sensing,sensing::wired_sensing_15,wired_sensing_15,graduate,partner,5202,0.21875,1599
sensing,sensing::wired_sensing_15,wired_sensing_15,graduate,expert,5203,0.25,1600
sensing,sensing::wired_sensing_15,wired_sensing_15,graduate,partner,5206,0.28125,1601
sensing,sensing::wired_sensing_15,wired_sensing_15,graduate,expert,5207,0.3125,1602
sensing,sensing::wired_sensing_15,wired_sensing_15,graduate,partner,5211,0.34375,1603
sensing,sensing::wired_sensing_15,wired_sensing_15,graduate,expert,5212,0.375,1604
sensing,sensing::wired_sensing_15,wired_sensing_15,graduate,partner,5214,0.40625,1605
sensing,sensing::wired_sensing_15,wired_sensing_15,graduate,expert,5215,0.4375,1606
sensing,sensing::wired_sensing_15,wired_sensing_15,graduate,partner,5219,0.46875,1607
sensing,sensing::wired_sensing_15,wired_sensing_15,graduate,expert,5220,0.5,1608
sensing,sensing::wired_sensing_15,wired_sensing_15,graduate,partner,5221,0.53125,1609
sensing,sensing::wired_sensing_15,wired_sensing_15,graduate,expert,5222,0.5625,1610
sensing,sensing::wired_sensing_15,wired_sensing_15,graduate,partner,5223,0.59375,1611
sensing,sensing::wired_sensing_15,wired_sensing_15,graduate,expert,5224,0.625,1612
sensing,sensing::wired_sensing_15,wired_sensing_15,graduate,partner,5225,0.65625,1613
sensing,sensing::wired_sensing_15,wired_sensing_15,graduate,expert,5226,0.6875,1614
sensing,sensing::wired_sensing_15,wired_sensing_15,graduate,partner,5228,0.71875,1615
sensing,sensing::wired_sensing_15,wired_sensing_15,graduate,expert,5230,0.75,1616
sensing,sensing::wired_sensing_15,wired_sensing_15,graduate,partner,5231,0.78125,1617
sensing,sensing::wired_sensing_15,wired_sensing_15,graduate,expert,5232,0.8125,1618
sensing,sensing::wired_sensing_15,wired_sensing_15,graduate,partner,5238,0.84375,1619
sensing,sensing::wired_sensing_15,wired_sensing_15,graduate,expert,5239,0.875,1620
sensing,sensing::wired_sensing_15,wired_sensing_15,graduate,partner,5241,0.90625,1621
sensing,sensing::wired_sensing_15,wired_sensing_15,graduate,expert,5242,0.9375,1622
sensing,sensing::wired_sensing_15,wired_sensing_15,graduate,partner,5243,0.96875,1623
sensing,sensing::wired_sensing_15,wired_sensing_15,graduate,expert,5244,1.0,1624
sensing,sensing::wired_sensing_16,wired_sensing_16,expert,expert,5250,0.0,1625
sensing,sensing::wired_sensing_16,wired_sensing_16,expert,partner,5252,0.038461538461538464,1626
sensing,sensing::wired_sensing_16,wired_sensing_16,expert,expert,5253,0.07692307692307693,1627
sensing,sensing::wired_sensing_16,wired_sensing_16,expert,partner,5254,0.11538461538461539,1628
sensing,sensing::wired_sensing_16,wired_sensing_16,expert,expert,5255,0.15384615384615385,1629
sensing,sensing::wired_sensing_16,wired_sensing_16,expert,partner,5256,0.19230769230769232,1630
sensing,sensing::wired_sensing_16,wired_sensing_16,expert,expert,5258,0.23076923076923078,1631
sensing,sensing::wired_sensing_16,wired_sensing_16,expert,partner,5259,0.2692307692307692,1632
sensing,sensing::wired_sensing_16,wired_sensing_16,expert,expert,5261,0.3076923076923077,1633
sensing,sensing::wired_sensing_16,wired_sensing_16,expert,partner,5264,0.34615384615384615,1634
sensing,sensing::wired_sensing_16,wired_sensing_16,expert,expert,5266,0.38461538461538464,1635
sensing,sensing::wired_sensing_16,wired_sensing_16,expert,partner,5267,0.4230769230769231,1636
sensing,sensing::wired_sensing_16,wired_sensing_16,expert,expert,5274,0.46153846153846156,1637
sensing,sensing::wired_sensing_16,wired_sensing_16,expert,partner,5276,0.5,1638
sensing,sensing::wired_sensing_16,wired_sensing_16,expert,expert,5279,0.5384615384615384,1639
sensing,sensing::wired_sensing_16,wired_sensing_16,expert,partner,5280,0.5769230769230769,1640
sensing,sensing::wired_sensing_16,wired_sensing_16,expert,expert,5281,0.6153846153846154,1641
sensing,sensing::wired_sensing_16,wired_sensing_16,expert,partner,5282,0.6538461538461539,1642
sensing,sensing::wired_sensing_16,wired_sensing_16,expert,expert,5283,0.6923076923076923,1643
sensing,sensing::wired_sensing_16,wired_sensing_16,expert,partner,5284,0.7307692307692307,1644
sensing,sensing::wired_sensing_16,wired_sensing_16,expert,expert,5285,0.7692307692307693,1645
sensing,sensing::wired_sensing_16,wired_sensing_16,expert,partner,5286,0.8076923076923077,1646
sensing,sensing::wired_sensing_16,wired_sensing_16,expert,expert,5289,0.8461538461538461,1647
sensing,sensing::wired_sensing_16,wired_sensing_16,expert,partner,5290,0.8846153846153846,1648
sensing,sensing::wired_sensing_16,wired_sensing_16,expert,expert,5301,0.9230769230769231,1649
sensing,sensing::wired_sensing_16,wired_sensing_16,expert,partner,5302,0.9615384615384616,1650
sensing,sensing::wired_sensing_16,wired_sensing_16,expert,expert,5303,1.0,1651
sleep,sleep::wired_sleep_12,wired_sleep_12,child,partner,5306,0.0,1652
sleep,sleep::wired_sleep_12,wired_sleep_12,child,expert,5307,0.02,1653
sleep,sleep::wired_sleep_12,wired_sleep_12,child,partner,5309,0.04,1654
sleep,sleep::wired_sleep_12,wired_sleep_12,child,expert,5310,0.06,1655
sleep,sleep::wired_sleep_12,wired_sleep_12,child,partner,5311,0.08,1656
sleep,sleep::wired_sleep_12,wired_sleep_12,child,expert,5312,0.1,1657
sleep,sleep::wired_sleep_12,wired_sleep_12,child,partner,5314,0.12,1658
sleep,sleep::wired_sleep_12,wired_sleep_12,child,expert,5315,0.14,1659
sleep,sleep::wired_sleep_12,wired_sleep_12,child,partner,5316,0.16,1660
sleep,sleep::wired_sleep_12,wired_sleep_12,child,expert,5317,0.18,1661
sleep,sleep::wired_sleep_12,wired_sleep_12,child,partner,5318,0.2,1662
sleep,sleep::wired_sleep_12,wired_sleep_12,child,expert,5319,0.22,1663
sleep,sleep::wired_sleep_12,wired_sleep_12,child,partner,5320,0.24,1664
sleep,sleep::wired_sleep_12,wired_sleep_12,child,expert,5321,0.26,1665
sleep,sleep::wired_sleep_12,wired_sleep_12,child,partner,5323,0.28,1666
sleep,sleep::wired_sleep_12,wired_sleep_12,child,expert,5324,0.3,1667
sleep,sleep::wired_sleep_12,wired_sleep_12,child,partner,5329,0.32,1668
sleep,sleep::wired_sleep_12,wired_sleep_12,child,expert,5330,0.34,1669
sleep,sleep::wired_sleep_12,wired_sleep_12,child,partner,5333,0.36,1670
sleep,sleep::wired_sleep_12,wired_sleep_12,child,expert,5334,0.38,1671
sleep,sleep::wired_sleep_12,wired_sleep_12,child,partner,5335,0.4,1672
sleep,sleep::wired_sleep_12,wired_sleep_12,child,expert,5336,0.42,1673
sleep,sleep::wired_sleep_12,wired_sleep_12,child,partner,5337,0.44,1674
sleep,sleep::wired_sleep_12,wired_sleep_12,child,expert,5338,0.46,1675
sleep,sleep::wired_sleep_12,wired_sleep_12,child,partner,5343,0.48,1676
sleep,sleep::wired_sleep_12,wired_sleep_12,child,expert,5344,0.5,1677
sleep,sleep::wired_sleep_12,wired_sleep_12,child,partner,5347,0.52,1678
sleep,sleep::wired_sleep_12,wired_sleep_12,child,expert,5348,0.54,1679
sleep,sleep::wired_sleep_12,wired_sleep_12,child,partner,5349,0.56,1680
sleep,sleep::wired_sleep_12,wired_sleep_12,child,expert,5350,0.58,1681
sleep,sleep::wired_sleep_12,wired_sleep_12,child,partner,5352,0.6,1682
sleep,sleep::wired_sleep_12,wired_sleep_12,child,expert,5353,0.62,1683
sleep,sleep::wired_sleep_12,wired_sleep_12,child,partner,5355,0.64,1684
sleep,sleep::wired_sleep_12,wired_sleep_12,child,expert,5356,0.66,1685
sleep,sleep::wired_sleep_12,wired_sleep_12,child,partner,5360,0.68,1686
sleep,sleep::wired_sleep_12,wired_sleep_12,child,expert,5361,0.7,1687
sleep,sleep::wired_sleep_12,wired_sleep_12,child,partner,5364,0.72,1688
sleep,sleep::wired_sleep_12,wired_sleep_12,child,expert,5365,0.74,1689
sleep,sleep::wired_sleep_12,wired_sleep_12,child,partner,5374,0.76,1690
sleep,sleep::wired_sleep_12,wired_sleep_12,child,expert,5375,0.78,1691
sleep,sleep::wired_sleep_12,wired_sleep_12,child,partner,5376,0.8,1692
sleep,sleep::wired_sleep_12,wired_sleep_12,child,expert,5377,0.82,1693
sleep,sleep::wired_sleep_12,wired_sleep_12,child,partner,5379,0.84,1694
sleep,sleep::wired_sleep_12,wired_sleep_12,child,expert,5380,0.86,1695
sleep,sleep::wired_sleep_12,wired_sleep_12,child,partner,5388,0.88,1696
sleep,sleep::wired_sleep_12,wired_sleep_12,child,expert,5389,0.9,1697
sleep,sleep::wired_sleep_12,wired_sleep_12,child,partner,5394,0.92,1698
sleep,sleep::wired_sleep_12,wired_sleep_12,child,expert,5395,0.94,1699
sleep,sleep::wired_sleep_12,wired_sleep_12,child,partner,5396,0.96,1700
sleep,sleep::wired_sleep_12,wired_sleep_12,child,expert,5397,0.98,1701
sleep,sleep::wired_sleep_12,wired_sleep_12,child,partner,5398,1.0,1702
sleep,sleep::wired_sleep_13,wired_sleep_13,teenager,expert,5399,0.0,1703
sleep,sleep::wired_sleep_13,wired_sleep_13,teenager,partner,5400,0.02702702702702703,1704
sleep,sleep::wired_sleep_13,wired_sleep_13,teenager,expert,5402,0.05405405405405406,1705
sleep,sleep::wired_sleep_13,wired_sleep_13,teenager,partner,5403,0.08108108108108109,1706
sleep,sleep::wired_sleep_13,wired_sleep_13,teenager,expert,5404,0.10810810810810811,1707
sleep,sleep::wired_sleep_13,wired_sleep_13,teenager,partner,5405,0.13513513513513514,1708
sleep,sleep::wired_sleep_13,wired_sleep_13,teenager,expert,5406,0.16216216216216217,1709
sleep,sleep::wired_sleep_13,wired_sleep_13,teenager,partner,5407,0.1891891891891892,1710
sleep,sleep::wired_sleep_13,wired_sleep_13,teenager,expert,5408,0.21621621621621623,1711
sleep,sleep::wired_sleep_13,wired_sleep_13,teenager,partner,5409,0.24324324324324326,1712
sleep,sleep::wired_sleep_13,wired_sleep_13,teenager,expert,5410,0.2702702702702703,1713
sleep,sleep::wired_sleep_13,wired_sleep_13,teenager,partner,5412,0.2972972972972973,1714
sleep,sleep::wired_sleep_13,wired_sleep_13,teenager,expert,5413,0.32432432432432434,1715
sleep,sleep::wired_sleep_13,wired_sleep_13,teenager,partner,5415,0.35135135135135137,1716
sleep,sleep::wired_sleep_13,wired_sleep_13,teenager,expert,5417,0.3783783783783784,1717
sleep,sleep::wired_sleep_13,wired_sleep_13,teenager,partner,5422,0.40540540540540543,1718
sleep,sleep::wired_sleep_13,wired_sleep_13,teenager,expert,5423,0.43243243243243246,1719
sleep,sleep::wired_sleep_13,wired_sleep_13,teenager,partner,5426,0.4594594594594595,1720
sleep,sleep::wired_sleep_13,wired_sleep_13,teenager,expert,5427,0.4864864864864865,1721
sleep,sleep::wired_sleep_13,wired_sleep_13,teenager,partner,5434,0.5135135135135135,1722
sleep,sleep::wired_sleep_13,wired_sleep_13,teenager,expert,5436,0.5405405405405406,1723
sleep,sleep::wired_sleep_13,wired_sleep_13,teenager,partner,5447,0.5675675675675675,1724
sleep,sleep::wired_sleep_13,wired_sleep_13,teenager,expert,5448,0.5945945945945946,1725
sleep,sleep::wired_sleep_13,wired_sleep_13,teenager,partner,5450,0.6216216216216216,1726
sleep,sleep::wired_sleep_13,wired_sleep_13,teenager,expert,5452,0.6486486486486487,1727
sleep,sleep::wired_sleep_13,wired_sleep_13,teenager,partner,5454,0.6756756756756757,1728
sleep,sleep::wired_sleep_13,wired_sleep_13,teenager,expert,5455,0.7027027027027027,1729
sleep,sleep::wired_sleep_13,wired_sleep_13,teenager,partner,5458,0.7297297297297297,1730
sleep,sleep::wired_sleep_13,wired_sleep_13,teenager,expert,5459,0.7567567567567568,1731
sleep,sleep::wired_sleep_13,wired_sleep_13,teenager,partner,5460,0.7837837837837838,1732
sleep,sleep::wired_sleep_13,wired_sleep_13,teenager,expert,5461,0.8108108108108109,1733
sleep,sleep::wired_sleep_13,wired_sleep_13,teenager,partner,5463,0.8378378378378378,1734
sleep,sleep::wired_sleep_13,wired_sleep_13,teenager,expert,5464,0.8648648648648649,1735
sleep,sleep::wired_sleep_13,wired_sleep_13,teenager,partner,5466,0.8918918918918919,1736
sleep,sleep::wired_sleep_13,wired_sleep_13,teenager,expert,5467,0.918918918918919,1737
sleep,sleep::wired_sleep_13,wired_sleep_13,teenager,partner,5471,0.9459459459459459,1738
sleep,sleep::wired_sleep_13,wired_sleep_13,teenager,expert,5475,0.972972972972973,1739
sleep,sleep::wired_sleep_13,wired_sleep_13,teenager,partner,5476,1.0,1740
sleep,sleep::wired_sleep_14,wired_sleep_14,undergraduate,expert,5479,0.0,1741
sleep,sleep::wired_sleep_14,wired_sleep_14,undergraduate,partner,5481,0.047619047619047616,1742
sleep,sleep::wired_sleep_14,wired_sleep_14,undergraduate,expert,5482,0.09523809523809523,1743
sleep,sleep::wired_sleep_14,wired_sleep_14,undergraduate,partner,5483,0.14285714285714285,1744
sleep,sleep::wired_sleep_14,wired_sleep_14,undergraduate,expert,5484,0.19047619047619047,1745
sleep,sleep::wired_sleep_14,wired_sleep_14,undergraduate,partner,5485,0.23809523809523808,1746
sleep,sleep::wired_sleep_14,wired_sleep_14,undergraduate,expert,5486,0.2857142857142857,1747
sleep,sleep::wired_sleep_14,wired_sleep_14,undergraduate,partner,5487,0.3333333333333333,1748
sleep,sleep::wired_sleep_14,wired_sleep_14,undergraduate,expert,5489,0.38095238095238093,1749
sleep,sleep::wired_sleep_14,wired_sleep_14,undergraduate,partner,5490,0.42857142857142855,1750
sleep,sleep::wired_sleep_14,wired_sleep_14,undergraduate,expert,5491,0.47619047619047616,1751
sleep,sleep::wired_sleep_14,wired_sleep_14,undergraduate,partner,5492,0.5238095238095238,1752
sleep,sleep::wired_sleep_14,wired_sleep_14,undergraduate,expert,5493,0.5714285714285714,1753
sleep,sleep::wired_sleep_14,wired_sleep_14,undergraduate,partner,5494,0.6190476190476191,1754
sleep,sleep::wired_sleep_14,wired_sleep_14,undergraduate,expert,5495,0.6666666666666666,1755
sleep,sleep::wired_sleep_14,wired_sleep_14,undergraduate,partner,5499,0.7142857142857143,1756
sleep,sleep::wired_sleep_14,wired_sleep_14,undergraduate,expert,5500,0.7619047619047619,1757
sleep,sleep::wired_sleep_14,wired_sleep_14,undergraduate,partner,5507,0.8095238095238095,1758
sleep,sleep::wired_sleep_14,wired_sleep_14,undergraduate,expert,5510,0.8571428571428571,1759
sleep,sleep::wired_sleep_14,wired_sleep_14,undergraduate,partner,5524,0.9047619047619048,1760
sleep,sleep::wired_sleep_14,wired_sleep_14,undergraduate,expert,5525,0.9523809523809523,1761
sleep,sleep::wired_sleep_14,wired_sleep_14,undergraduate,partner,5526,1.0,1762
sleep,sleep::wired_sleep_15,wired_sleep_15,graduate,expert,5528,0.0,1763
sleep,sleep::wired_sleep_15,wired_sleep_15,graduate,partner,5529,0.045454545454545456,1764
sleep,sleep::wired_sleep_15,wired_sleep_15,graduate,expert,5530,0.09090909090909091,1765
sleep,sleep::wired_sleep_15,wired_sleep_15,graduate,partner,5533,0.13636363636363635,1766
sleep,sleep::wired_sleep_15,wired_sleep_15,graduate,expert,5534,0.18181818181818182,1767
sleep,sleep::wired_sleep_15,wired_sleep_15,graduate,partner,5535,0.22727272727272727,1768
sleep,sleep::wired_sleep_15,wired_sleep_15,graduate,expert,5536,0.2727272727272727,1769
sleep,sleep::wired_sleep_15,wired_sleep_15,graduate,partner,5537,0.3181818181818182,1770
sleep,sleep::wired_sleep_15,wired_sleep_15,graduate,expert,5538,0.36363636363636365,1771
sleep,sleep::wired_sleep_15,wired_sleep_15,graduate,partner,5539,0.4090909090909091,1772
sleep,sleep::wired_sleep_15,wired_sleep_15,graduate,expert,5540,0.45454545454545453,1773
sleep,sleep::wired_sleep_15,wired_sleep_15,graduate,partner,5541,0.5,1774
sleep,sleep::wired_sleep_15,wired_sleep_15,graduate,expert,5542,0.5454545454545454,1775
sleep,sleep::wired_sleep_15,wired_sleep_15,graduate,partner,5552,0.5909090909090909,1776
sleep,sleep::wired_sleep_15,wired_sleep_15,graduate,expert,5554,0.6363636363636364,1777
sleep,sleep::wired_sleep_15,wired_sleep_15,graduate,partner,5556,0.6818181818181818,1778
sleep,sleep::wired_sleep_15,wired_sleep_15,graduate,expert,5558,0.7272727272727273,1779
sleep,sleep::wired_sleep_15,wired_sleep_15,graduate,partner,5564,0.7727272727272727,1780
sleep,sleep::wired_sleep_15,wired_sleep_15,graduate,expert,5565,0.8181818181818182,1781
sleep,sleep::wired_sleep_15,wired_sleep_15,graduate,partner,5567,0.8636363636363636,1782
sleep,sleep::wired_sleep_15,wired_sleep_15,graduate,expert,5568,0.9090909090909091,1783
sleep,sleep::wired_sleep_15,wired_sleep_15,graduate,partner,5570,0.9545454545454546,1784
sleep,sleep::wired_sleep_15,wired_sleep_15,graduate,expert,5571,1.0,1785
sleep,sleep::wired_sleep_16,wired_sleep_16,expert,expert,5573,0.0,1786
sleep,sleep::wired_sleep_16,wired_sleep_16,expert,partner,5574,0.08333333333333333,1787
sleep,sleep::wired_sleep_16,wired_sleep_16,expert,expert,5575,0.16666666666666666,1788
sleep,sleep::wired_sleep_16,wired_sleep_16,expert,partner,5579,0.25,1789
sleep,sleep::wired_sleep_16,wired_sleep_16,expert,expert,5582,0.3333333333333333,1790
sleep,sleep::wired_sleep_16,wired_sleep_16,expert,partner,5583,0.4166666666666667,1791
sleep,sleep::wired_sleep_16,wired_sleep_16,expert,expert,5585,0.5,1792
sleep,sleep::wired_sleep_16,wired_sleep_16,expert,partner,5589,0.5833333333333334,1793
sleep,sleep::wired_sleep_16,wired_sleep_16,expert,expert,5591,0.6666666666666666,1794
sleep,sleep::wired_sleep_16,wired_sleep_16,expert,partner,5595,0.75,1795
sleep,sleep::wired_sleep_16,wired_sleep_16,expert,expert,5596,0.8333333333333334,1796
sleep,sleep::wired_sleep_16,wired_sleep_16,expert,partner,5598,0.9166666666666666,1797
sleep,sleep::wired_sleep_16,wired_sleep_16,expert,expert,5599,1.0,1798
time,time::wired_time_12,wired_time_12,child,expert,5604,0.0,1799
time,time::wired_time_12,wired_time_12,child,partner,5605,0.03571428571428571,1800
time,time::wired_time_12,wired_time_12,child,expert,5606,0.07142857142857142,1801
time,time::wired_time_12,wired_time_12,child,partner,5607,0.10714285714285714,1802
time,time::wired_time_12,wired_time_12,child,expert,5608,0.14285714285714285,1803
time,time::wired_time_12,wired_time_12,child,partner,5609,0.17857142857142858,1804
time,time::wired_time_12,wired_time_12,child,expert,5610,0.21428571428571427,1805
time,time::wired_time_12,wired_time_12,child,partner,5612,0.25,1806
time,time::wired_time_12,wired_time_12,child,expert,5613,0.2857142857142857,1807
time,time::wired_time_12,wired_time_12,child,partner,5616,0.32142857142857145,1808
time,time::wired_time_12,wired_time_12,child,expert,5617,0.35714285714285715,1809
time,time::wired_time_12,wired_time_12,child,partner,5626,0.39285714285714285,1810
time,time::wired_time_12,wired_time_12,child,expert,5627,0.42857142857142855,1811
time,time::wired_time_12,wired_time_12,child,partner,5632,0.4642857142857143,1812
time,time::wired_time_12,wired_time_12,child,expert,5633,0.5,1813
time,time::wired_time_12,wired_time_12,child,partner,5636,0.5357142857142857,1814
time,time::wired_time_12,wired_time_12,child,expert,5637,0.5714285714285714,1815
time,time::wired_time_12,wired_time_12,child,partner,5638,0.6071428571428571,1816
time,time::wired_time_12,wired_time_12,child,expert,5639,0.6428571428571429,1817
time,time::wired_time_12,wired_time_12,child,partner,5650,0.6785714285714286,1818
time,time::wired_time_12,wired_time_12,child,expert,5651,0.7142857142857143,1819
time,time::wired_time_12,wired_time_12,child,partner,5660,0.75,1820
time,time::wired_time_12,wired_time_12,child,expert,5661,0.7857142857142857,1821
time,time::wired_time_12,wired_time_12,child,partner,5673,0.8214285714285714,1822
time,time::wired_time_12,wired_time_12,child,expert,5674,0.8571428571428571,1823
time,time::wired_time_12,wired_time_12,child,partner,5677,0.8928571428571429,1824
time,time::wired_time_12,wired_time_12,child,expert,5678,0.9285714285714286,1825
time,time::wired_time_12,wired_time_12,child,partner,5679,0.9642857142857143,1826
time,time::wired_time_12,wired_time_12,child,expert,5680,1.0,1827
time,time::wired_time_13,wired_time_13,teenager,expert,5684,0.0,1828
time,time::wired_time_13,wired_time_13,teenager,partner,5686,0.08333333333333333,1829
time,time::wired_time_13,wired_time_13,teenager,expert,5689,0.16666666666666666,1830
time,time::wired_time_13,wired_time_13,teenager,partner,5692,0.25,1831
time,time::wired_time_13,wired_time_13,teenager,expert,5693,0.3333333333333333,1832
time,time::wired_time_13,wired_time_13,teenager,partner,5702,0.4166666666666667,1833
time,time::wired_time_13,wired_time_13,teenager,expert,5703,0.5,1834
time,time::wired_time_13,wired_time_13,teenager,partner,5706,0.5833333333333334,1835
time,time::wired_time_13,wired_time_13,teenager,expert,5707,0.6666666666666666,1836
time,time::wired_time_13,wired_time_13,teenager,partner,5716,0.75,1837
time,time::wired_time_13,wired_time_13,teenager,expert,5717,0.8333333333333334,1838
time,time::wired_time_13,wired_time_13,teenager,partner,5751,0.9166666666666666,1839
time,time::wired_time_13,wired_time_13,teenager,expert,5752,1.0,1840
time,time::wired_time_14,wired_time_14,undergraduate,expert,5755,0.0,1841
time,time::wired_time_14,wired_time_14,undergraduate,partner,5756,0.08333333333333333,1842
time,time::wired_time_14,wired_time_14,undergraduate,expert,5757,0.16666666666666666,1843
time,time::wired_time_14,wired_time_14,undergraduate,partner,5759,0.25,1844
time,time::wired_time_14,wired_time_14,undergraduate,expert,5762,0.3333333333333333,1845
time,time::wired_time_14,wired_time_14,undergraduate,partner,5767,0.4166666666666667,1846
time,time::wired_time_14,wired_time_14,undergraduate,expert,5768,0.5,1847
time,time::wired_time_14,wired_time_14,undergraduate,partner,5777,0.5833333333333334,1848
time,time::wired_time_14,wired_time_14,undergraduate,expert,5780,0.6666666666666666,1849
time,time::wired_time_14,wired_time_14,undergraduate,partner,5799,0.75,1850
time,time::wired_time_14,wired_time_14,undergraduate,expert,5802,0.8333333333333334,1851
time,time::wired_time_14,wired_time_14,undergraduate,partner,5812,0.9166666666666666,1852
time,time::wired_time_14,wired_time_14,undergraduate,expert,5813,1.0,1853
time,time::wired_time_15,wired_time_15,graduate,expert,5816,0.0,1854
time,time::wired_time_15,wired_time_15,graduate,partner,5817,0.02,1855
time,time::wired_time_15,wired_time_15,graduate,expert,5818,0.04,1856
time,time::wired_time_15,wired_time_15,graduate,partner,5819,0.06,1857
time,time::wired_time_15,wired_time_15,graduate,expert,5820,0.08,1858
time,time::wired_time_15,wired_time_15,graduate,partner,5822,0.1,1859
time,time::wired_time_15,wired_time_15,graduate,expert,5823,0.12,1860
time,time::wired_time_15,wired_time_15,graduate,partner,5824,0.14,1861
time,time::wired_time_15,wired_time_15,graduate,expert,5828,0.16,1862
time,time::wired_time_15,wired_time_15,graduate,partner,5829,0.18,1863
time,time::wired_time_15,wired_time_15,graduate,expert,5830,0.2,1864
time,time::wired_time_15,wired_time_15,graduate,partner,5831,0.22,1865
time,time::wired_time_15,wired_time_15,graduate,expert,5832,0.24,1866
time,time::wired_time_15,wired_time_15,graduate,partner,5839,0.26,1867
time,time::wired_time_15,wired_time_15,graduate,expert,5842,0.28,1868
time,time::wired_time_15,wired_time_15,graduate,partner,5844,0.3,1869
time,time::wired_time_15,wired_time_15,graduate,expert,5845,0.32,1870
time,time::wired_time_15,wired_time_15,graduate,partner,5850,0.34,1871
time,time::wired_time_15,wired_time_15,graduate,expert,5851,0.36,1872
time,time::wired_time_15,wired_time_15,graduate,partner,5852,0.38,1873
time,time::wired_time_15,wired_time_15,graduate,expert,5853,0.4,1874
time,time::wired_time_15,wired_time_15,graduate,partner,5856,0.42,1875
time,time::wired_time_15,wired_time_15,graduate,expert,5857,0.44,1876
time,time::wired_time_15,wired_time_15,graduate,partner,5863,0.46,1877
time,time::wired_time_15,wired_time_15,graduate,expert,5864,0.48,1878
time,time::wired_time_15,wired_time_15,graduate,partner,5865,0.5,1879
time,time::wired_time_15,wired_time_15,graduate,expert,5866,0.52,1880
time,time::wired_time_15,wired_time_15,graduate,partner,5869,0.54,1881
time,time::wired_time_15,wired_time_15,graduate,expert,5874,0.56,1882
time,time::wired_time_15,wired_time_15,graduate,partner,5875,0.58,1883
time,time::wired_time_15,wired_time_15,graduate,expert,5877,0.6,1884
time,time::wired_time_15,wired_time_15,graduate,partner,5878,0.62,1885
time,time::wired_time_15,wired_time_15,graduate,expert,5879,0.64,1886
time,time::wired_time_15,wired_time_15,graduate,partner,5882,0.66,1887
time,time::wired_time_15,wired_time_15,graduate,expert,5883,0.68,1888
time,time::wired_time_15,wired_time_15,graduate,partner,5891,0.7,1889
time,time::wired_time_15,wired_time_15,graduate,expert,5892,0.72,1890
time,time::wired_time_15,wired_time_15,graduate,partner,5893,0.74,1891
time,time::wired_time_15,wired_time_15,graduate,expert,5894,0.76,1892
time,time::wired_time_15,wired_time_15,graduate,partner,5896,0.78,1893
time,time::wired_time_15,wired_time_15,graduate,expert,5897,0.8,1894
time,time::wired_time_15,wired_time_15,graduate,partner,5898,0.82,1895
time,time::wired_time_15,wired_time_15,graduate,expert,5899,0.84,1896
time,time::wired_time_15,wired_time_15,graduate,partner,5904,0.86,1897
time,time::wired_time_15,wired_time_15,graduate,expert,5905,0.88,1898
time,time::wired_time_15,wired_time_15,graduate,partner,5906,0.9,1899
time,time::wired_time_15,wired_time_15,graduate,expert,5908,0.92,1900
time,time::wired_time_15,wired_time_15,graduate,partner,5909,0.94,1901
time,time::wired_time_15,wired_time_15,graduate,expert,5910,0.96,1902
time,time::wired_time_15,wired_time_15,graduate,partner,5911,0.98,1903
time,time::wired_time_15,wired_time_15,graduate,expert,5914,1.0,1904
time,time::wired_time_16,wired_time_16,expert,expert,5919,0.0,1905
time,time::wired_time_16,wired_time_16,expert,partner,5923,0.045454545454545456,1906
time,time::wired_time_16,wired_time_16,expert,expert,5927,0.09090909090909091,1907
time,time::wired_time_16,wired_time_16,expert,partner,5928,0.13636363636363635,1908
time,time::wired_time_16,wired_time_16,expert,expert,5929,0.18181818181818182,1909
time,time::wired_time_16,wired_time_16,expert,partner,5934,0.22727272727272727,1910
time,time::wired_time_16,wired_time_16,expert,expert,5937,0.2727272727272727,1911
time,time::wired_time_16,wired_time_16,expert,partner,5939,0.3181818181818182,1912
time,time::wired_time_16,wired_time_16,expert,expert,5940,0.36363636363636365,1913
time,time::wired_time_16,wired_time_16,expert,partner,5942,0.4090909090909091,1914
time,time::wired_time_16,wired_time_16,expert,expert,5944,0.45454545454545453,1915
time,time::wired_time_16,wired_time_16,expert,partner,5945,0.5,1916
time,time::wired_time_16,wired_time_16,expert,expert,5946,0.5454545454545454,1917
time,time::wired_time_16,wired_time_16,expert,partner,5948,0.5909090909090909,1918
time,time::wired_time_16,wired_time_16,expert,expert,5954,0.6363636363636364,1919
time,time::wired_time_16,wired_time_16,expert,partner,5958,0.6818181818181818,1920
time,time::wired_time_16,wired_time_16,expert,expert,5960,0.7272727272727273,1921
time,time::wired_time_16,wired_time_16,expert,partner,5962,0.7727272727272727,1922
time,time::wired_time_16,wired_time_16,expert,expert,5972,0.8181818181818182,1923
time,time::wired_time_16,wired_time_16,expert,partner,5974,0.8636363636363636,1924
time,time::wired_time_16,wired_time_16,expert,expert,5979,0.9090909090909091,1925
time,time::wired_time_16,wired_time_16,expert,partner,5980,0.9545454545454546,1926
time,time::wired_time_16,wired_time_16,expert,expert,5981,1.0,1927
zero,zero::wired_zero_12,wired_zero_12,child,expert,5982,0.0,1928
zero,zero::wired_zero_12,wired_zero_12,child,partner,5983,0.06666666666666667,1929
zero,zero::wired_zero_12,wired_zero_12,child,expert,5986,0.13333333333333333,1930
zero,zero::wired_zero_12,wired_zero_12,child,partner,5995,0.2,1931
zero,zero::wired_zero_12,wired_zero_12,child,expert,5996,0.26666666666666666,1932
zero,zero::wired_zero_12,wired_zero_12,child,partner,6007,0.3333333333333333,1933
zero,zero::wired_zero_12,wired_zero_12,child,expert,6008,0.4,1934
zero,zero::wired_zero_12,wired_zero_12,child,partner,6013,0.4666666666666667,1935
zero,zero::wired_zero_12,wired_zero_12,child,expert,6014,0.5333333333333333,1936
zero,zero::wired_zero_12,wired_zero_12,child,partner,6021,0.6,1937
zero,zero::wired_zero_12,wired_zero_12,child,expert,6022,0.6666666666666666,1938
zero,zero::wired_zero_12,wired_zero_12,child,partner,6026,0.7333333333333333,1939
zero,zero::wired_zero_12,wired_zero_12,child,expert,6027,0.8,1940
zero,zero::wired_zero_12,wired_zero_12,child,partner,6030,0.8666666666666667,1941
zero,zero::wired_zero_12,wired_zero_12,child,expert,6031,0.9333333333333333,1942
zero,zero::wired_zero_12,wired_zero_12,child,partner,6034,1.0,1943
zero,zero::wired_zero_13,wired_zero_13,teenager,expert,6039,0.0,1944
zero,zero::wired_zero_13,wired_zero_13,teenager,partner,6040,0.06666666666666667,1945
zero,zero::wired_zero_13,wired_zero_13,teenager,expert,6042,0.13333333333333333,1946
zero,zero::wired_zero_13,wired_zero_13,teenager,partner,6046,0.2,1947
zero,zero::wired_zero_13,wired_zero_13,teenager,expert,6047,0.26666666666666666,1948
zero,zero::wired_zero_13,wired_zero_13,teenager,partner,6058,0.3333333333333333,1949
zero,zero::wired_zero_13,wired_zero_13,teenager,expert,6059,0.4,1950
zero,zero::wired_zero_13,wired_zero_13,teenager,partner,6062,0.4666666666666667,1951
zero,zero::wired_zero_13,wired_zero_13,teenager,expert,6065,0.5333333333333333,1952
zero,zero::wired_zero_13,wired_zero_13,teenager,partner,6068,0.6,1953
zero,zero::wired_zero_13,wired_zero_13,teenager,expert,6071,0.6666666666666666,1954
zero,zero::wired_zero_13,wired_zero_13,teenager,partner,6079,0.7333333333333333,1955
zero,zero::wired_zero_13,wired_zero_13,teenager,expert,6080,0.8,1956
zero,zero::wired_zero_13,wired_zero_13,teenager,partner,6082,0.8666666666666667,1957
zero,zero::wired_zero_13,wired_zero_13,teenager,expert,6083,0.9333333333333333,1958
zero,zero::wired_zero_13,wired_zero_13,teenager,partner,6090,1.0,1959
zero,zero::wired_zero_14,wired_zero_14,undergraduate,expert,6092,0.0,1960
zero,zero::wired_zero_14,wired_zero_14,undergraduate,partner,6093,0.029411764705882353,1961
zero,zero::wired_zero_14,wired_zero_14,undergraduate,expert,6095,0.058823529411764705,1962
zero,zero::wired_zero_14,wired_zero_14,undergraduate,partner,6096,0.08823529411764706,1963
zero,zero::wired_zero_14,wired_zero_14,undergraduate,expert,6097,0.11764705882352941,1964
zero,zero::wired_zero_14,wired_zero_14,undergraduate,partner,6102,0.14705882352941177,1965
zero,zero::wired_zero_14,wired_zero_14,undergraduate,expert,6103,0.17647058823529413,1966
zero,zero::wired_zero_14,wired_zero_14,undergraduate,partner,6105,0.20588235294117646,1967
zero,zero::wired_zero_14,wired_zero_14,undergraduate,expert,6106,0.23529411764705882,1968
zero,zero::wired_zero_14,wired_zero_14,undergraduate,partner,6109,0.2647058823529412,1969
zero,zero::wired_zero_14,wired_zero_14,undergraduate,expert,6110,0.29411764705882354,1970
zero,zero::wired_zero_14,wired_zero_14,undergraduate,partner,6125,0.3235294117647059,1971
zero,zero::wired_zero_14,wired_zero_14,undergraduate,expert,6126,0.35294117647058826,1972
zero,zero::wired_zero_14,wired_zero_14,undergraduate,partner,6129,0.38235294117647056,1973
zero,zero::wired_zero_14,wired_zero_14,undergraduate,expert,6130,0.4117647058823529,1974
zero,zero::wired_zero_14,wired_zero_14,undergraduate,partner,6138,0.4411764705882353,1975
zero,zero::wired_zero_14,wired_zero_14,undergraduate,expert,6139,0.47058823529411764,1976
zero,zero::wired_zero_14,wired_zero_14,undergraduate,partner,6140,0.5,1977
zero,zero::wired_zero_14,wired_zero_14,undergraduate,expert,6141,0.5294117647058824,1978
zero,zero::wired_zero_14,wired_zero_14,undergraduate,partner,6148,0.5588235294117647,1979
zero,zero::wired_zero_14,wired_zero_14,undergraduate,expert,6149,0.5882352941176471,1980
zero,zero::wired_zero_14,wired_zero_14,undergraduate,partner,6153,0.6176470588235294,1981
zero,zero::wired_zero_14,wired_zero_14,undergraduate,expert,6154,0.6470588235294118,1982
zero,zero::wired_zero_14,wired_zero_14,undergraduate,partner,6160,0.6764705882352942,1983
zero,zero::wired_zero_14,wired_zero_14,undergraduate,expert,6161,0.7058823529411765,1984
zero,zero::wired_zero_14,wired_zero_14,undergraduate,partner,6164,0.7352941176470589,1985
zero,zero::wired_zero_14,wired_zero_14,undergraduate,expert,6165,0.7647058823529411,1986
zero,zero::wired_zero_14,wired_zero_14,undergraduate,partner,6170,0.7941176470588235,1987
zero,zero::wired_zero_14,wired_zero_14,undergraduate,expert,6171,0.8235294117647058,1988
zero,zero::wired_zero_14,wired_zero_14,undergraduate,partner,6179,0.8529411764705882,1989
zero,zero::wired_zero_14,wired_zero_14,undergraduate,expert,6184,0.8823529411764706,1990
zero,zero::wired_zero_14,wired_zero_14,undergraduate,partner,6189,0.9117647058823529,1991
zero,zero::wired_zero_14,wired_zero_14,undergraduate,expert,6191,0.9411764705882353,1992
zero,zero::wired_zero_14,wired_zero_14,undergraduate,partner,6200,0.9705882352941176,1993
zero,zero::wired_zero_14,wired_zero_14,undergraduate,expert,6203,1.0,1994
zero,zero::wired_zero_15,wired_zero_15,graduate,expert,6207,0.0,1995
zero,zero::wired_zero_15,wired_zero_15,graduate,partner,6209,0.030303030303030304,1996
zero,zero::wired_zero_15,wired_zero_15,graduate,expert,6213,0.06060606060606061,1997
zero,zero::wired_zero_15,wired_zero_15,graduate,partner,6218,0.09090909090909091,1998
zero,zero::wired_zero_15,wired_zero_15,graduate,expert,6221,0.12121212121212122,1999
zero,zero::wired_zero_15,wired_zero_15,graduate,partner,6225,0.15151515151515152,2000
zero,zero::wired_zero_15,wired_zero_15,graduate,expert,6228,0.18181818181818182,2001
zero,zero::wired_zero_15,wired_zero_15,graduate,partner,6229,0.21212121212121213,2002
zero,zero::wired_zero_15,wired_zero_15,graduate,expert,6230,0.24242424242424243,2003
zero,zero::wired_zero_15,wired_zero_15,graduate,partner,6231,0.2727272727272727,2004
zero,zero::wired_zero_15,wired_zero_15,graduate,expert,6232,0.30303030303030304,2005
zero,zero::wired_zero_15,wired_zero_15,graduate,partner,6235,0.3333333333333333,2006
zero,zero::wired_zero_15,wired_zero_15,graduate,expert,6238,0.36363636363636365,2007
zero,zero::wired_zero_15,wired_zero_15,graduate,partner,6239,0.3939393939393939,2008
zero,zero::wired_zero_15,wired_zero_15,graduate,expert,6240,0.42424242424242425,2009
zero,zero::wired_zero_15,wired_zero_15,graduate,partner,6241,0.45454545454545453,2010
zero,zero::wired_zero_15,wired_zero_15,graduate,expert,6242,0.48484848484848486,2011
zero,zero::wired_zero_15,wired_zero_15,graduate,partner,6249,0.5151515151515151,2012
zero,zero::wired_zero_15,wired_zero_15,graduate,expert,6252,0.5454545454545454,2013
zero,zero::wired_zero_15,wired_zero_15,graduate,partner,6253,0.5757575757575758,2014
zero,zero::wired_zero_15,wired_zero_15,graduate,expert,6254,0.6060606060606061,2015
zero,zero::wired_zero_15,wired_zero_15,graduate,partner,6255,0.6363636363636364,2016
zero,zero::wired_zero_15,wired_zero_15,graduate,expert,6257,0.6666666666666666,2017
zero,zero::wired_zero_15,wired_zero_15,graduate,partner,6258,0.696969696969697,2018
zero,zero::wired_zero_15,wired_zero_15,graduate,expert,6260,0.7272727272727273,2019
zero,zero::wired_zero_15,wired_zero_15,graduate,partner,6262,0.7575757575757576,2020
zero,zero::wired_zero_15,wired_zero_15,graduate,expert,6263,0.7878787878787878,2021
zero,zero::wired_zero_15,wired_zero_15,graduate,partner,6264,0.8181818181818182,2022
zero,zero::wired_zero_15,wired_zero_15,graduate,expert,6265,0.8484848484848485,2023
zero,zero::wired_zero_15,wired_zero_15,graduate,partner,6267,0.8787878787878788,2024
zero,zero::wired_zero_15,wired_zero_15,graduate,expert,6269,0.9090909090909091,2025
zero,zero::wired_zero_15,wired_zero_15,graduate,partner,6271,0.9393939393939394,2026
zero,zero::wired_zero_15,wired_zero_15,graduate,expert,6272,0.9696969696969697,2027
zero,zero::wired_zero_15,wired_zero_15,graduate,partner,6274,1.0,2028
zero,zero::wired_zero_16,wired_zero_16,expert,expert,6277,0.0,2029
zero,zero::wired_zero_16,wired_zero_16,expert,partner,6279,0.020833333333333332,2030
zero,zero::wired_zero_16,wired_zero_16,expert,expert,6280,0.041666666666666664,2031
zero,zero::wired_zero_16,wired_zero_16,expert,partner,6282,0.0625,2032
zero,zero::wired_zero_16,wired_zero_16,expert,expert,6285,0.08333333333333333,2033
zero,zero::wired_zero_16,wired_zero_16,expert,partner,6287,0.10416666666666667,2034
zero,zero::wired_zero_16,wired_zero_16,expert,expert,6288,0.125,2035
zero,zero::wired_zero_16,wired_zero_16,expert,partner,6289,0.14583333333333334,2036
zero,zero::wired_zero_16,wired_zero_16,expert,expert,6292,0.16666666666666666,2037
zero,zero::wired_zero_16,wired_zero_16,expert,partner,6293,0.1875,2038
zero,zero::wired_zero_16,wired_zero_16,expert,expert,6296,0.20833333333333334,2039
zero,zero::wired_zero_16,wired_zero_16,expert,partner,6297,0.22916666666666666,2040
zero,zero::wired_zero_16,wired_zero_16,expert,expert,6303,0.25,2041
zero,zero::wired_zero_16,wired_zero_16,expert,partner,6306,0.2708333333333333,2042
zero,zero::wired_zero_16,wired_zero_16,expert,expert,6307,0.2916666666666667,2043
zero,zero::wired_zero_16,wired_zero_16,expert,partner,6308,0.3125,2044
zero,zero::wired_zero_16,wired_zero_16,expert,expert,6309,0.3333333333333333,2045
zero,zero::wired_zero_16,wired_zero_16,expert,partner,6312,0.3541666666666667,2046
zero,zero::wired_zero_16,wired_zero_16,expert,expert,6321,0.375,2047
zero,zero::wired_zero_16,wired_zero_16,expert,partner,6324,0.3958333333333333,2048
zero,zero::wired_zero_16,wired_zero_16,expert,expert,6325,0.4166666666666667,2049
zero,zero::wired_zero_16,wired_zero_16,expert,partner,6326,0.4375,2050
zero,zero::wired_zero_16,wired_zero_16,expert,expert,6327,0.4583333333333333,2051
zero,zero::wired_zero_16,wired_zero_16,expert,partner,6331,0.4791666666666667,2052
zero,zero::wired_zero_16,wired_zero_16,expert,expert,6332,0.5,2053
zero,zero::wired_zero_16,wired_zero_16,expert,partner,6334,0.5208333333333334,2054
zero,zero::wired_zero_16,wired_zero_16,expert,expert,6335,0.5416666666666666,2055
zero,zero::wired_zero_16,wired_zero_16,expert,partner,6336,0.5625,2056
zero,zero::wired_zero_16,wired_zero_16,expert,expert,6338,0.5833333333333334,2057
zero,zero::wired_zero_16,wired_zero_16,expert,partner,6339,0.6041666666666666,2058
zero,zero::wired_zero_16,wired_zero_16,expert,expert,6340,0.625,2059
zero,zero::wired_zero_16,wired_zero_16,expert,partner,6341,0.6458333333333334,2060
zero,zero::wired_zero_16,wired_zero_16,expert,expert,6343,0.6666666666666666,2061
zero,zero::wired_zero_16,wired_zero_16,expert,partner,6344,0.6875,2062
zero,zero::wired_zero_16,wired_zero_16,expert,expert,6345,0.7083333333333334,2063
zero,zero::wired_zero_16,wired_zero_16,expert,partner,6350,0.7291666666666666,2064
zero,zero::wired_zero_16,wired_zero_16,expert,expert,6351,0.75,2065
zero,zero::wired_zero_16,wired_zero_16,expert,partner,6353,0.7708333333333334,2066
zero,zero::wired_zero_16,wired_zero_16,expert,expert,6354,0.7916666666666666,2067
zero,zero::wired_zero_16,wired_zero_16,expert,partner,6358,0.8125,2068
zero,zero::wired_zero_16,wired_zero_16,expert,expert,6359,0.8333333333333334,2069
zero,zero::wired_zero_16,wired_zero_16,expert,partner,6365,0.8541666666666666,2070
zero,zero::wired_zero_16,wired_zero_16,expert,expert,6366,0.875,2071
zero,zero::wired_zero_16,wired_zero_16,expert,partner,6373,0.8958333333333334,2072
zero,zero::wired_zero_16,wired_zero_16,expert,expert,6374,0.9166666666666666,2073
zero,zero::wired_zero_16,wired_zero_16,expert,partner,6377,0.9375,2074
zero,zero::wired_zero_16,wired_zero_16,expert,expert,6378,0.9583333333333334,2075
zero,zero::wired_zero_16,wired_zero_16,expert,partner,6380,0.9791666666666666,2076
zero,zero::wired_zero_16,wired_zero_16,expert,expert,6381,1.0,2077
