dataset,video_id,conversation_id,level,level_label,turn_order,speaker_role,innovation_magnitude,directional_innovation_magnitude,directional_innovation_fraction,directional_persistence,sdi,sustained_direction_variation,sustained_direction_precision
wired,talia,wired_Talia_12,0,child,4,partner,1.1927971589498365,1.1789943341464697,0.9884281877259772,0.35638545887416506,0.4201764367848303,0.8779567863510881,0.12204321364891191
wired,talia,wired_Talia_12,0,child,5,expert,1.1684798039750286,1.162103692158677,0.9945432417439689,0.4537077522620562,0.5272554540647498,0.9307947055824309,0.06920529441756906
wired,talia,wired_Talia_12,0,child,6,partner,1.023878144530736,1.0112788308288931,0.987694518366143,0.41086298620678086,0.415497040322061,0.9334725997697283,0.0665274002302717
wired,talia,wired_Talia_12,0,child,7,expert,0.8330839238090568,0.8319796467148532,0.9986744707662186,0.47092957682222936,0.39180382295213373,0.9458450828232698,0.054154917176730155
wired,talia,wired_Talia_12,0,child,8,partner,1.150969671974492,1.1237705340366535,0.9763685016198952,0.35391219283190023,0.3977160939407876,0.8311259545191607,0.16887404548083929
wired,talia,wired_Talia_12,0,child,9,expert,1.0539451040676495,1.0088939648720965,0.957254757365789,0.3814113047556079,0.3848035635019248,0.9042401402817436,0.0957598597182564
wired,talia,wired_Talia_13,1,teenager,4,expert,1.070214175406372,1.025884756623445,0.9585789276552487,0.6171522068064783,0.633127041479286,0.9640736064533957,0.03592639354660432
wired,talia,wired_Talia_13,1,teenager,5,partner,1.3002735441123159,1.2387881545878936,0.9527134964763506,0.5299608671139745,0.6565092445759204,0.8935713640823958,0.10642863591760421
wired,talia,wired_Talia_13,1,teenager,6,expert,1.2291997988137786,1.21275977390103,0.9866254249881912,0.3258938499265574,0.395230951752668,0.8936879532622337,0.10631204673776629
wired,talia,wired_Talia_13,1,teenager,7,partner,1.0817513714916633,1.0525393160642955,0.9729955919648529,0.3881846820160927,0.4085796397158542,0.930078258301777,0.06992174169822296
wired,talia,wired_Talia_13,1,teenager,8,expert,1.0765251350718483,1.036483383672369,0.9628046293617011,0.5983134102345813,0.620141907936493,0.9118933475946823,0.08810665240531768
wired,talia,wired_Talia_13,1,teenager,9,partner,1.1959141265016586,1.1723218705522558,0.980272617048687,0.4340861808219583,0.5088887234820829,0.9237320335776589,0.07626796642234113
wired,talia,wired_Talia_13,1,teenager,10,expert,1.1885718137192003,1.1723995786148729,0.9863935566041157,0.5125416528191687,0.6009036177877639,0.9510648569395366,0.048935143060463426
wired,talia,wired_Talia_13,1,teenager,11,partner,1.2066618557362376,1.2044892042793043,0.998199452939029,0.4432851446624801,0.5339321711633469,0.9126545967174738,0.08734540328252616
wired,talia,wired_Talia_13,1,teenager,12,expert,1.080773230205019,1.0754843227736133,0.995106367104043,0.6372724521915886,0.6853765316675505,0.831545730087543,0.16845426991245704
wired,talia,wired_Talia_13,1,teenager,13,partner,1.1258164927347754,1.116834779310734,0.9920220449043028,0.26252830924536735,0.29320074631887,0.8851071700534896,0.1148928299465104
wired,talia,wired_Talia_13,1,teenager,14,expert,0.9769793340074031,0.9189141680087036,0.9405666384349538,0.715744242560537,0.6577075251595357,0.8497978756415022,0.15020212435849778
wired,talia,wired_Talia_13,1,teenager,15,partner,1.2390042433293709,1.1806591430660913,0.9529096848712548,0.397647191200202,0.4694857920050686,0.9065740703621441,0.0934259296378559
wired,talia,wired_Talia_13,1,teenager,16,expert,1.060325244347428,1.0061594421578237,0.9489158609782139,0.47330987812370007,0.47622520294072956,0.9334062446590571,0.06659375534094292
wired,talia,wired_Talia_13,1,teenager,17,partner,1.1348266008994838,1.0511914514252725,0.9263013843622919,0.35017852456500265,0.36810467149544557,0.8932811657079722,0.10671883429202778
wired,talia,wired_Talia_13,1,teenager,18,expert,1.0457364321487488,0.9410594597802255,0.899901190059587,0.4625797888333335,0.4353150861847476,0.9313947228633767,0.06860527713662334
wired,talia,wired_Talia_13,1,teenager,19,partner,1.1226769242087886,1.0640780140355155,0.9478042980036141,0.34970601241306176,0.3721144791847701,0.8653090699586647,0.13469093004133526
wired,talia,wired_Talia_13,1,teenager,20,expert,1.1368125223881276,1.0682635000342786,0.9397006797472759,0.661431052015386,0.7065826506573112,0.8684178003030482,0.13158219969695184
wired,talia,wired_Talia_13,1,teenager,21,partner,1.198797805360004,1.1902582036426637,0.9928765287355787,0.43541222436538246,0.5182529720171966,0.9109578032027503,0.08904219679724967
wired,talia,wired_Talia_13,1,teenager,22,expert,1.137256165903522,1.0924410299044671,0.9605936311064877,0.4686745027407805,0.5119992564641023,0.8985404663887879,0.10145953361121207
wired,talia,wired_Talia_13,1,teenager,23,partner,1.0456142373174075,0.8581397889720583,0.8207040018629164,0.4321128501314202,0.3708132300238916,0.9516036713068913,0.048396328693108726
wired,talia,wired_Talia_13,1,teenager,24,expert,1.100532890238006,0.976761395216768,0.8875349422811359,0.5545627299678451,0.541675465858612,0.8991546765454704,0.10084532345452957
wired,talia,wired_Talia_13,1,teenager,25,partner,1.0149847007072528,0.9216963447123975,0.9080889042654937,0.40133494883544174,0.3699089553469637,0.9373324194479861,0.06266758055201394
wired,talia,wired_Talia_13,1,teenager,26,expert,1.1172976820762766,0.9916426505809016,0.8875366578558029,0.6024423922741081,0.5974075706969959,0.9287364932938904,0.07126350670610959
wired,talia,wired_Talia_13,1,teenager,27,partner,1.0650539960490555,1.0559527344753916,0.9914546477376569,0.22750236516244546,0.24023174459290336,0.8892117017327775,0.11078829826722247
wired,talia,wired_Talia_13,1,teenager,28,expert,0.9834302669385795,0.9125117262496965,0.9278865588400279,0.25087055302203143,0.2289223214033499,0.9185719388282942,0.08142806117170576
wired,talia,wired_Talia_13,1,teenager,29,partner,1.1647117985939726,1.1467538865345734,0.984581668974194,0.35262077185485396,0.4043692405973749,0.8869057371239095,0.11309426287609048
wired,talia,wired_Talia_13,1,teenager,30,expert,0.969018818301436,0.96342677517982,0.9942291697364429,0.5710580104632996,0.5501725774612607,0.8241739881205279,0.1758260118794721
wired,talia,wired_Talia_13,1,teenager,31,partner,0.9775097644956806,0.9762348816852837,0.9986957850880873,0.4293618387857353,0.4191580038871682,0.9517507457019372,0.048249254298062816
wired,talia,wired_Talia_13,1,teenager,32,expert,0.9439206699017415,0.9220229876230706,0.9768013531455697,0.3552312432385001,0.3275313721878195,0.9326211106309125,0.06737888936908754
wired,talia,wired_Talia_13,1,teenager,33,partner,1.067503716835654,1.0192969911644694,0.9548416320132015,0.21906675215641958,0.22329408133721101,0.8570380065335498,0.14296199346645022
wired,talia,wired_Talia_13,1,teenager,34,expert,0.9547663061286219,0.7821083344184901,0.8191620602835861,0.35275395253614206,0.2758918062775812,0.9617130623498437,0.03828693765015634
wired,talia,wired_Talia_13,1,teenager,35,partner,1.1630512808907705,1.140197392850859,0.9803500598671898,0.3780752175714439,0.43108037737648164,0.8980215863324923,0.1019784136675077
wired,talia,wired_Talia_14,2,undergraduate,4,expert,1.165206699828747,1.1340201203607265,0.9732351526355133,0.6787854222574192,0.7697563262474652,0.9141972962213761,0.08580270377862387
wired,talia,wired_Talia_14,2,undergraduate,5,partner,1.2176759225891265,1.1794433942453797,0.9686020494981766,0.435016944692302,0.5130778618021433,0.901314961281563,0.09868503871843703
wired,talia,wired_Talia_14,2,undergraduate,6,expert,1.0819696084339865,1.0345690481774754,0.9561904882651245,0.33538845007610657,0.3469825095649563,0.8848986695543039,0.11510133044569615
wired,talia,wired_Talia_14,2,undergraduate,7,partner,1.0969127412687836,0.43527107391690467,0.3968146758994119,1.0,0.43527107391690467,0.9637608675997009,0.03623913240029908
wired,talia,wired_Talia_14,2,undergraduate,8,expert,1.247609085845704,1.2475740660293952,0.9999719304566581,0.4649884208556501,0.580107494863471,0.9287438507162475,0.07125614928375246
wired,talia,wired_Talia_14,2,undergraduate,9,partner,1.2652216212493923,1.249813150870591,0.9878215246080181,0.4557097592065293,0.5695520500363906,0.9063101154201815,0.09368988457981853
wired,talia,wired_Talia_14,2,undergraduate,10,expert,1.0311546302210406,1.0262076021470836,0.995202438189225,0.745335667130647,0.7648691277608382,0.9774056740760442,0.022594325923955827
wired,talia,wired_Talia_14,2,undergraduate,11,partner,1.1440012155723234,1.12520364177982,0.9835685718357536,0.4335463770959055,0.48782796238876,0.942378674531208,0.05762132546879195
wired,talia,wired_Talia_14,2,undergraduate,12,expert,1.0178644849475367,1.0092024351077573,0.9914899773311008,0.5723287850051861,0.5775956035094979,0.9020753287052224,0.09792467129477755
wired,talia,wired_Talia_14,2,undergraduate,13,partner,1.3499118412136324,1.3273111647918499,0.983257664883918,0.3576606561916595,0.4747269821699689,0.8324810100172622,0.16751898998273784
wired,talia,wired_Talia_14,2,undergraduate,14,expert,1.0133781652716356,0.9760934750599136,0.9632075255907145,0.5170955823632248,0.5047336239270499,0.9162848094836504,0.08371519051634957
wired,talia,wired_Talia_14,2,undergraduate,15,partner,1.2900454355537865,1.1839268615747345,0.9177404368440593,0.3552473972585247,0.4205869361188781,0.9000744541813659,0.09992554581863411
wired,talia,wired_Talia_14,2,undergraduate,16,expert,1.247042516635055,1.2463011104896822,0.9994054684291175,0.5170764753876168,0.6444329854836777,0.9376518943650773,0.06234810563492266
wired,talia,wired_Talia_14,2,undergraduate,17,partner,1.0922362921663875,1.0827279774849004,0.9912946358304764,0.38195490127820986,0.41355325775140095,0.9244400568272079,0.07555994317279213
wired,talia,wired_Talia_14,2,undergraduate,18,expert,0.8673770527289146,0.7744315250786828,0.89284299445241,0.511235605699746,0.3959169697965785,0.9754424116993312,0.024557588300668787
wired,talia,wired_Talia_14,2,undergraduate,19,partner,1.1844864680066063,1.1190928638326492,0.9447915987719522,0.20033605281073258,0.22419464706889156,0.8267420797076359,0.1732579202923641
wired,talia,wired_Talia_14,2,undergraduate,20,expert,0.9453653997394682,0.9215985269782492,0.974859591044115,0.6511274128313094,0.6000780645404931,0.9230704351803662,0.07692956481963376
wired,talia,wired_Talia_14,2,undergraduate,21,partner,1.0178034065425214,1.0176324812751096,0.9998320645545957,0.5293544720421215,0.5386883048582998,0.9671701473118959,0.03282985268810412
wired,talia,wired_Talia_14,2,undergraduate,22,expert,0.7724470921008517,0.7154467175907108,0.9262080534784056,0.5784096068273811,0.41382125462758335,0.9764192946763331,0.02358070532366685
wired,talia,wired_Talia_14,2,undergraduate,23,partner,1.2180350770464536,1.1857377360004693,0.9734840632625507,0.3145092413480749,0.3729254757872915,0.8460873949631695,0.15391260503683046
wired,talia,wired_Talia_14,2,undergraduate,24,expert,0.9266614128003977,0.9021191421744362,0.9735153851364464,0.3539791203984648,0.31933134044152456,0.9424953426763438,0.05750465732365617
wired,talia,wired_Talia_15,3,graduate,4,partner,1.3366779876718693,1.3296071731238899,0.9947101586064946,0.2546761727810948,0.33861926615348276,0.6858878886247068,0.31411211137529316
wired,talia,wired_Talia_15,3,graduate,5,expert,1.008284231465151,0.9748907941151812,0.9668809287016099,0.6421278938970258,0.6260045724047804,0.9172007840268519,0.0827992159731481
wired,talia,wired_Talia_15,3,graduate,6,partner,0.9899599874760501,0.9864068133883546,0.9964107901999647,0.39268693566423496,0.3873490688677958,0.8779013627426338,0.12209863725736625
wired,talia,wired_Talia_15,3,graduate,7,expert,1.1176402181539786,1.1113230177114113,0.994347733428924,0.3616723384223976,0.4019347945583217,0.8447118853745385,0.15528811462546155
wired,talia,wired_Talia_15,3,graduate,8,partner,1.1730186650016703,0.6085408268120275,0.5187818787270893,0.9313651686400621,0.5667737297881468,0.9924764006027619,0.007523599397238123
wired,talia,wired_Talia_15,3,graduate,9,expert,1.1104831318057586,1.0781214429623787,0.9708580095298454,0.3768103974600068,0.4062473694328099,0.8753805895597406,0.12461941044025937
wired,talia,wired_Talia_15,3,graduate,10,partner,1.0539188720341615,0.4494323115107673,0.4264391913230424,1.0,0.4494323115107673,0.9867266999198926,0.013273300080107409
wired,talia,wired_Talia_15,3,graduate,11,expert,1.0789995880986127,0.9713765649759022,0.9002566596774503,0.5242874080610458,0.5092805015024577,0.9595396570157878,0.040460342984212194
wired,talia,wired_Talia_15,3,graduate,12,partner,1.12060306025788,1.1006619133270423,0.9822049861908899,0.32463537072292203,0.35731378827352506,0.893064723329973,0.106935276670027
wired,talia,wired_Talia_15,3,graduate,13,expert,0.8841066185234077,0.873536977843554,0.9880448347977594,0.39432263740428386,0.3444554049734377,0.9532719791564311,0.04672802084356886
wired,talia,wired_Talia_15,3,graduate,14,partner,1.1473676689064345,1.0102874176696184,0.880526308216137,0.39974706025684753,0.40385942522791185,0.8870982780980777,0.11290172190192227
wired,talia,wired_Talia_15,3,graduate,15,expert,1.058194244764898,1.0122515736696098,0.9565838962709043,0.64895423806566,0.6569049487215269,0.9205619562917777,0.07943804370822227
wired,talia,wired_Talia_15,3,graduate,16,partner,1.2954865913015443,1.2783803028508838,0.9867954723989376,0.27467984084121655,0.351145298121627,0.8802300619539895,0.11976993804601055
wired,talia,wired_Talia_15,3,graduate,17,expert,1.1845691983067017,1.1703470833379233,0.9879938504309445,0.3251851299883046,0.3805794684266758,0.8743577763822027,0.1256422236177973
wired,talia,wired_Talia_15,3,graduate,18,partner,1.0667998335161177,0.5443116724513003,0.5102284939966353,0.7519454174828255,0.409292667782168,0.9927656219513831,0.00723437804861693
wired,talia,wired_Talia_15,3,graduate,19,expert,1.1921704570870006,1.135865819025923,0.9527713191286357,0.5822065007720019,0.6613084638416066,0.9366177332650509,0.06338226673494907
wired,talia,wired_Talia_15,3,graduate,20,partner,1.0403678081392556,1.0096520175621568,0.9704760274801219,0.458350340653973,0.46277434619158575,0.9210253170571873,0.07897468294281274
wired,talia,wired_Talia_15,3,graduate,21,expert,0.7993077796318051,0.7481086751587285,0.9359456947890623,0.8589472887595953,0.6425859182251226,0.9844324795094753,0.015567520490524678
wired,talia,wired_Talia_16,4,expert,4,partner,0.8609801339905803,0.8245947801420064,0.9577396127819022,0.46077176783831064,0.3799499945962754,0.9461196322244756,0.05388036777552441
wired,talia,wired_Talia_16,4,expert,5,expert,1.0800766281768512,1.0789627890293654,0.9989687406250378,0.34873608111709037,0.3762732547172668,0.8916227899198989,0.10837721008010115
wired,talia,wired_Talia_16,4,expert,6,partner,0.6242564143261723,0.6129611834217265,0.9819061035718474,0.45455000406937374,0.2786215084187139,0.95188906802755,0.04811093197244998
wired,talia,wired_Talia_16,4,expert,7,expert,0.7483672883218155,0.7481589611432913,0.9997216244178829,0.4244787506704484,0.3175775811290048,0.9698218645663239,0.03017813543367609
wired,talia,wired_Talia_16,4,expert,8,partner,1.2404009166960805,1.2383539416650284,0.9983497472434132,0.30949881505974963,0.38326907756989664,0.8107665707914179,0.1892334292085821
wired,talia,wired_Talia_16,4,expert,9,expert,0.8766144803905972,0.8724827545597675,0.9952867241823522,0.5374733932445444,0.4689362666405852,0.9537168641334273,0.04628313586657273
wired,talia,wired_Talia_16,4,expert,10,partner,1.059940650154737,1.0271043241448778,0.9690205994023962,0.3354118514053711,0.3445029629478959,0.8395422844476966,0.16045771555230337
wired,talia,wired_Talia_16,4,expert,11,expert,0.8135520052966534,0.8127165015513701,0.9989730174090375,0.4397738562730314,0.3574114699439731,0.9000024827937059,0.09999751720629413
wired,talia,wired_Talia_16,4,expert,12,partner,0.8823561512084039,0.8442151293185184,0.9567736657826803,0.13461199202585994,0.11364148025593472,0.8497705418795023,0.1502294581204977
wired,astro,wired_astro_12,0,child,4,partner,1.1873075893713707,1.1413618021306215,0.9613025405943569,0.5270715733263173,0.6015793607835476,0.9285026086967538,0.07149739130324617
wired,astro,wired_astro_12,0,child,5,expert,1.095781725999175,1.0099121514736362,0.9216362415168392,0.769418738338774,0.777045333419842,0.9856707525849936,0.014329247415006408
wired,astro,wired_astro_12,0,child,6,partner,1.2549868602712273,1.2541739322299859,0.9993522417899537,0.39717520391371364,0.4981267872767087,0.8847682904915205,0.1152317095084795
wired,astro,wired_astro_12,0,child,7,expert,0.819463873223971,0.806044234784035,0.983623880344934,0.5274055451593516,0.42511219906882636,0.9734363652479159,0.02656363475208412
wired,astro,wired_astro_12,0,child,8,partner,1.088513510483942,1.0731755749941363,0.9859092833087826,0.23933136459980262,0.25684457481852446,0.8438276572958855,0.1561723427041145
wired,astro,wired_astro_12,0,child,9,expert,1.0426690153870255,1.0243131266926933,0.982395287071515,0.7054216675109604,0.7225726738849253,0.9726042829743236,0.027395717025676447
wired,astro,wired_astro_12,0,child,10,partner,1.0213046069383114,0.9383157940431277,0.9187423494104388,0.38177916776597587,0.3582294229514561,0.8803633577261449,0.11963664227385506
wired,astro,wired_astro_12,0,child,11,expert,0.8193363709709031,0.8081224270093761,0.9863133819517558,0.5844088973497243,0.47227393649213256,0.9740260695789199,0.025973930421080094
wired,astro,wired_astro_12,0,child,12,partner,1.0826069910134246,1.0819050235973107,0.9993515953407466,0.4279868066391481,0.46304107613626516,0.9254881837894793,0.07451181621052072
wired,astro,wired_astro_12,0,child,13,expert,0.8974212850541914,0.8769182155785153,0.9771533505856003,0.33804506296703396,0.2964378734021783,0.9215010518910771,0.07849894810892288
wired,astro,wired_astro_12,0,child,14,partner,0.981185533237243,0.9644790426856374,0.9829731585040105,0.4580367297899457,0.4417668266626668,0.9428071199566592,0.05719288004334078
wired,astro,wired_astro_12,0,child,15,expert,0.9556152901768462,0.9432014039302209,0.9870095357669351,0.49491813384810635,0.4668074786760589,0.9538612740348565,0.04613872596514346
wired,astro,wired_astro_12,0,child,16,partner,1.1955397946240525,1.1764798481780714,0.9840574554417415,0.21928010272700746,0.25797862196474164,0.8361846208486383,0.16381537915136168
wired,astro,wired_astro_12,0,child,17,expert,0.758504111298368,0.7362587272898417,0.9706720323883037,0.4305088140791386,0.31696587154096567,0.928981427382039,0.07101857261796096
wired,astro,wired_astro_12,0,child,18,partner,0.9692617501453082,0.9228961229094188,0.9521639771404468,0.39360638299038253,0.3632578048142239,0.8798875117246662,0.12011248827533383
wired,astro,wired_astro_13,1,teenager,4,expert,1.0683890831888767,1.0334871753182067,0.9673322121867214,0.5862197898595339,0.6058506347375624,0.8854657008885237,0.11453429911147628
wired,astro,wired_astro_13,1,teenager,5,partner,0.8173716022453301,0.8007658901493019,0.9796840114687226,0.38100768359590986,0.3050979569084023,0.9598427114157819,0.040157288584218076
wired,astro,wired_astro_13,1,teenager,6,expert,1.0930053178348071,1.0175734704942652,0.9309867517471003,0.40551203863006424,0.412638292475999,0.948503454728835,0.051496545271164984
wired,astro,wired_astro_13,1,teenager,7,partner,1.2412150493459648,1.1972246233818902,0.9645585783154826,0.2569443747191883,0.30762013225327545,0.8268682964278721,0.17313170357212793
wired,astro,wired_astro_13,1,teenager,8,expert,0.9316392431497208,0.8672778721721031,0.9309159940912822,0.3063833465246474,0.2657194968428643,0.9448385650310177,0.05516143496898229
wired,astro,wired_astro_14,2,undergraduate,4,partner,1.2206452238424332,1.0798830238498531,0.8846821359359736,0.6600752637409067,0.7128040717770197,0.9315897302733263,0.06841026972667374
wired,astro,wired_astro_14,2,undergraduate,5,expert,0.9299725554738699,0.7826332937770225,0.84156601092103,0.41571978164440027,0.32535614199662155,0.9545792735758677,0.04542072642413231
wired,astro,wired_astro_14,2,undergraduate,6,partner,1.1893825923807206,1.15342388745773,0.969766915074834,0.3469149542371466,0.4001399951334301,0.8638608902701544,0.13613910972984555
wired,astro,wired_astro_14,2,undergraduate,7,expert,0.8079418432528666,0.802847250773852,0.9936943574311032,0.5132414569675676,0.41205449270957795,0.9292042227988921,0.07079577720110786
wired,astro,wired_astro_14,2,undergraduate,8,partner,1.070694417552136,1.0517719336005238,0.9823269051912534,0.36428032842815294,0.38313982540351227,0.8564112999812419,0.14358870001875812
wired,astro,wired_astro_14,2,undergraduate,9,expert,0.7205407959127816,0.7066149972040715,0.9806731294207296,0.752630882268615,0.5318202687699353,0.9689350590530215,0.031064940946978536
wired,astro,wired_astro_14,2,undergraduate,10,partner,0.7757277020153166,0.7669155278295048,0.9886401192533067,0.374686727852123,0.28735306966142093,0.93778471306155,0.06221528693845002
wired,astro,wired_astro_14,2,undergraduate,11,expert,0.600522818504677,0.5941526422576296,0.9893922827713713,0.2893457877468648,0.171915564315915,0.9357070505693712,0.0642929494306288
wired,astro,wired_astro_14,2,undergraduate,12,partner,0.9515311959796483,0.9169269439499322,0.9636330871999915,0.3254488909463927,0.29841285698737063,0.9099911979740151,0.09000880202598494
wired,astro,wired_astro_15,3,graduate,4,partner,1.2708383941812813,1.2645009414658956,0.9950131718199594,0.4056124967410373,0.5128973839993741,0.8736001931792587,0.12639980682074126
wired,astro,wired_astro_15,3,graduate,5,expert,1.032228582696397,0.9968171543954047,0.9656941990412085,0.47111534226012697,0.46961585486375695,0.9231785419450244,0.07682145805497564
wired,astro,wired_astro_15,3,graduate,6,partner,0.8882707446673531,0.8654318616323993,0.9742883764065865,0.7029179110469861,0.6083275563321504,0.9699563382297727,0.030043661770227326
wired,astro,wired_astro_15,3,graduate,7,expert,0.9068822842208282,0.9063980988380905,0.9994660989720919,0.5893947669831212,0.5342262962586204,0.9275270305919627,0.07247296940803727
wired,astro,wired_astro_15,3,graduate,8,partner,0.9713758278105042,0.9540014673963998,0.9821136578472942,0.21092494422818225,0.20122270630418965,0.8455186700118127,0.1544813299881873
wired,astro,wired_astro_15,3,graduate,9,expert,0.791585339812338,0.7535895117668121,0.9520003388952534,0.47408032850879694,0.3572619632991942,0.9477492292620384,0.05225077073796158
wired,astro,wired_astro_15,3,graduate,10,partner,0.7123205468046335,0.6964785169047869,0.9777599706032777,0.4040269505662854,0.2813960913199701,0.9463487354712659,0.053651264528734144
wired,astro,wired_astro_15,3,graduate,11,expert,0.724082217223623,0.7129935630883588,0.9846859184323481,0.3394210124490683,0.2420049970531194,0.9462764085113204,0.053723591488679556
wired,astro,wired_astro_15,3,graduate,12,partner,0.9889965941615297,0.9822701404187283,0.9931987088898953,0.43201130846104496,0.42435180862450916,0.9274939109785035,0.07250608902149647
wired,astro,wired_astro_15,3,graduate,13,expert,1.0896096267202602,1.0826627935893423,0.9936244752601703,0.546254653121526,0.5914095887597285,0.9349777093066145,0.0650222906933855
wired,astro,wired_astro_15,3,graduate,14,partner,0.9747942093817973,0.8578800526697645,0.8800627295610851,0.6364345030559256,0.5459844650024729,0.97010031008512,0.029899689914880012
wired,astro,wired_astro_15,3,graduate,15,expert,1.0132634138744896,1.0125601505140058,0.9993059422141829,0.3866994134088628,0.3915564162449559,0.9116709725917719,0.08832902740822812
wired,astro,wired_astro_15,3,graduate,16,partner,1.035707317810407,1.0343310895683397,0.9986712189636976,0.447345243449078,0.46270309306989904,0.9196129471015333,0.0803870528984667
wired,astro,wired_astro_15,3,graduate,17,expert,1.0995581240173278,1.0744205632082224,0.9771384883972842,0.10932544612116786,0.11746150739449535,0.8064953849457054,0.19350461505429462
wired,astro,wired_astro_15,3,graduate,18,partner,0.9023431115609527,0.8642838744690514,0.9578217680112603,0.5749884144156263,0.4969532145859541,0.9372742462168896,0.0627257537831104
wired,astro,wired_astro_15,3,graduate,19,expert,0.9192567030734087,0.8975042077340866,0.9763368651350902,0.4044830322760461,0.3630252234247937,0.9228478895631973,0.0771521104368027
wired,astro,wired_astro_15,3,graduate,20,partner,0.9352073493143694,0.9256251608726838,0.9897539423212398,0.2689479095079287,0.24894495200464847,0.8881240940448297,0.11187590595517027
wired,astro,wired_astro_15,3,graduate,21,expert,0.9874047730631448,0.9622527751146033,0.9745271659245792,0.34885681853847345,0.33568844175629764,0.8600544261344598,0.13994557386554018
wired,astro,wired_astro_15,3,graduate,22,partner,0.8671917926766841,0.8619775228279154,0.9939871780455068,0.3175133926015331,0.2736894076193569,0.9354886472058723,0.06451135279412767
wired,astro,wired_astro_15,3,graduate,23,expert,0.9484845014905472,0.9328496643618391,0.9835159803822611,0.5912399446231045,0.5515379838989753,0.9361101485919071,0.06388985140809289
wired,astro,wired_astro_15,3,graduate,24,partner,0.9029430577728806,0.8887617973850995,0.9842944023250552,0.4609260301648671,0.4096534470309059,0.9527154202899387,0.04728457971006128
wired,astro,wired_astro_16,4,expert,4,expert,0.8980701955405532,0.8923026068570115,0.9935777974670857,0.5046468657619684,0.4502977138616247,0.9483965523168121,0.05160344768318792
wired,astro,wired_astro_16,4,expert,5,partner,0.9094392441086394,0.8743615198891285,0.9614292824422233,0.3473223749865232,0.30368531968471824,0.8995014052228222,0.10049859477717782
wired,astro,wired_astro_16,4,expert,6,expert,0.7594301088994141,0.7544830581818912,0.9934858380507382,0.2961814391506404,0.2234638779870889,0.9100956500339812,0.08990434996601882
wired,astro,wired_astro_16,4,expert,7,partner,0.8341229820316187,0.8249096995651927,0.9889545274906887,0.19662308784885268,0.16219629232497756,0.8706043513525911,0.12939564864740893
wired,astro,wired_astro_16,4,expert,8,expert,0.836395752775767,0.8124669330258003,0.9713905532500315,0.5100976512948934,0.4144374742912262,0.9453710360760992,0.05462896392390082
wired,astro,wired_astro_16,4,expert,9,partner,0.8635780610958076,0.8089265221347173,0.9367149984186968,0.31112403333589606,0.25167648223893224,0.8956434184275974,0.10435658157240257
wired,crispr,wired_crispr_12,0,child,4,expert,1.1446293987244522,1.1298120519814918,0.9870548958811824,0.3364955192324089,0.38017669306654545,0.8033678473776399,0.1966321526223601
wired,crispr,wired_crispr_12,0,child,5,partner,0.9550615183279342,0.355082810662274,0.3717905117604994,1.0,0.355082810662274,0.975064778791005,0.02493522120899505
wired,crispr,wired_crispr_12,0,child,6,expert,1.2411914683350869,1.1991402888222265,0.9661203121463335,0.4646124715266702,0.5571355332968997,0.8852242886050723,0.1147757113949277
wired,crispr,wired_crispr_12,0,child,7,partner,1.231558526540535,1.2145638187194476,0.9862006494569023,0.8455488717909527,1.0269730666363401,0.9555434438600706,0.04445655613992938
wired,crispr,wired_crispr_13,1,teenager,4,expert,0.7804887031515269,0.7527896870010465,0.9645106764010815,0.5706314845898284,0.4295654966773194,0.9767336442636212,0.023266355736378808
wired,crispr,wired_crispr_13,1,teenager,5,partner,0.9294118990917069,0.9126781600740983,0.9819953466972566,0.41891180694938135,0.3823316571998772,0.9285366084357057,0.07146339156429427
wired,crispr,wired_crispr_13,1,teenager,6,expert,1.1790323954021509,1.1765809105404625,0.9979207654749384,0.345124757960936,0.40606720197173485,0.9013984395902821,0.0986015604097179
wired,crispr,wired_crispr_14,2,undergraduate,4,expert,1.3415905318636174,1.3371888283006703,0.9967190409745741,0.2727374143371043,0.36470142351118695,0.7962254704522088,0.20377452954779118
wired,crispr,wired_crispr_14,2,undergraduate,5,partner,1.0532746520421528,1.0178936406469676,0.9664085608368598,0.3480240220374293,0.35425143882427945,0.8503904793354595,0.14960952066454047
wired,crispr,wired_crispr_14,2,undergraduate,6,expert,0.6042444582903466,0.5852250585511137,0.9685236670700879,0.5102605414499788,0.2986172552463868,0.9768321823779791,0.023167817622020914
wired,crispr,wired_crispr_14,2,undergraduate,7,partner,1.1646396210563255,1.1258652829613738,0.966707007562777,0.5345274368645486,0.6018058839561229,0.9120781125919953,0.08792188740800466
wired,crispr,wired_crispr_14,2,undergraduate,8,expert,0.8665925527913351,0.8486061883270154,0.9792447276319604,0.49241801877952895,0.41786897798003675,0.9643172187085626,0.035682781291437426
wired,crispr,wired_crispr_14,2,undergraduate,9,partner,1.1137969301724526,1.0638861917960611,0.9551886551082351,0.43578098683892974,0.4636213745451984,0.9275814652808493,0.07241853471915072
wired,crispr,wired_crispr_15,3,graduate,4,expert,1.1009333951877323,0.9685227516661546,0.8797287428092971,0.36250107376327645,0.3510905374431442,0.9116538766570476,0.08834612334295244
wired,crispr,wired_crispr_15,3,graduate,5,partner,0.881284455447169,0.8605715439127214,0.976496905843058,0.5298968959066569,0.45601418982495034,0.9623377682088671,0.03766223179113293
wired,crispr,wired_crispr_15,3,graduate,6,expert,1.131702759916271,1.1169537862409284,0.9869674492289646,0.2866831538309794,0.32021183412300297,0.8689352014316701,0.13106479856832987
wired,crispr,wired_crispr_15,3,graduate,7,partner,0.9922561401036764,0.9901253537538203,0.9978525843633165,0.32026010662878523,0.3170976513690622,0.8742495632661985,0.12575043673380149
wired,crispr,wired_crispr_16,4,expert,4,expert,0.7816070968074545,0.7590477392935921,0.9711372150956928,0.560188766469098,0.42521001676603487,0.965092075123972,0.03490792487602801
wired,crispr,wired_crispr_16,4,expert,5,partner,1.1258669052854398,1.1103130572605182,0.9861850029049708,0.4669633509370514,0.5184755058075338,0.8597043414263821,0.14029565857361792
wired,crispr,wired_crispr_16,4,expert,6,expert,1.0246165411307373,1.019953543629602,0.9954490315987045,0.3720078745309995,0.37943074988600933,0.8881115384337984,0.11188846156620158
wired,crispr,wired_crispr_16,4,expert,7,partner,0.8260122607809898,0.7729044792241236,0.9357058192966909,0.29989143595077017,0.23178743412730465,0.9004696601416438,0.09953033985835624
wired,crispr,wired_crispr_16,4,expert,8,expert,0.6542117280383181,0.6232272512729697,0.9526384571869275,0.5281893062967244,0.32918196951508427,0.9761008887143404,0.02389911128565958
wired,crispr,wired_crispr_16,4,expert,9,partner,0.8937777421677878,0.8893072270867771,0.9949981803404918,0.5314594967611939,0.4726307713736313,0.9483527542551806,0.05164724574481938
wired,crispr,wired_crispr_16,4,expert,10,expert,0.7300100073770179,0.6990739817376214,0.9576224636268896,0.44608192449397943,0.31184426713718716,0.9141116589074062,0.0858883410925938
wired,crispr,wired_crispr_16,4,expert,11,partner,0.996246380277798,0.9733785026753503,0.977045961665579,0.3354358824677184,0.3265060770200125,0.8699281025581411,0.13007189744185887
wired,crispr,wired_crispr_16,4,expert,12,expert,0.98677263706244,0.9474474855700926,0.9601477077735191,0.27467884317614316,0.26024377930653864,0.8897977545921729,0.11020224540782708
wired,crispr,wired_crispr_16,4,expert,13,partner,0.8217123243817221,0.8019233800270756,0.9759174302630642,0.39188263254431843,0.3142598452638483,0.9292064286208895,0.07079357137911046
wired,crispr,wired_crispr_16,4,expert,14,expert,0.8758025702457891,0.8618391255456399,0.9840564013220303,0.38630656950396514,0.3329341160538333,0.934903640104695,0.06509635989530504
wired,crispr,wired_crispr_16,4,expert,15,partner,0.6639263957692038,0.647545952420289,0.975327922712107,0.13201771073338214,0.08548753423319415,0.9231287744227356,0.07687122557726445
wired,crispr,wired_crispr_16,4,expert,16,expert,0.8716944221230298,0.8691574256944425,0.9970895805167532,0.39173863584556834,0.34048254427658686,0.8869897144024849,0.11301028559751514
wired,crispr,wired_crispr_16,4,expert,17,partner,0.9166297004681279,0.8917476541301582,0.9728548547726142,0.21704894818486908,0.19355289037527526,0.8858885327735241,0.11411146722647592
wired,crispr,wired_crispr_16,4,expert,18,expert,0.9817253777033768,0.9396659010208092,0.9571575945383854,0.39837177438428656,0.37433637231806915,0.8940172282382288,0.10598277176177118
wired,crispr,wired_crispr_16,4,expert,19,partner,0.8540862553947657,0.8535346859105268,0.9993541993191505,0.26336777041781145,0.22479352720252244,0.9002004843847096,0.09979951561529044
wired,crispr,wired_crispr_16,4,expert,20,expert,0.6315938106213832,0.6177698679512076,0.97811260585731,0.589463324757282,0.3641526802973859,0.9699608076900259,0.030039192309974094
wired,crispr,wired_crispr_16,4,expert,21,partner,1.0511539160809338,1.0427168282004335,0.9919734990733339,0.5029921233187548,0.5244783514367333,0.8609968571699899,0.13900314283001014
wired,crispr,wired_crispr_16,4,expert,22,expert,0.8731825985412822,0.8575584051362688,0.982106613860495,0.3699417382583603,0.31724664705417843,0.8356055660952656,0.1643944339047344
wired,crispr,wired_crispr_16,4,expert,23,partner,0.9936785465215756,0.914821222140863,0.9206410114642432,0.399455294080392,0.36543018032126207,0.9073199930392265,0.0926800069607735
wired,crispr,wired_crispr_16,4,expert,24,expert,0.9775123088177043,0.8827755963918541,0.9030838675153494,0.2984189387873733,0.26343695666264766,0.9078221196915363,0.09217788030846374
wired,crispr,wired_crispr_16,4,expert,25,partner,0.6019906677488788,0.595777564966637,0.9896790712612455,0.17409503797405904,0.10372191779695909,0.9544558912269167,0.04554410877308335
wired,crispr,wired_crispr_16,4,expert,26,expert,0.5747638380691489,0.5726427635420913,0.9963096590502643,0.5530531623114965,0.31670189125174814,0.9672754201192817,0.03272457988071831
wired,dimension,wired_dimension_12,0,child,4,expert,1.0993377979669439,0.9755369333692825,0.8873859655990184,0.42083494436644786,0.41054003108187714,0.9332531736921016,0.06674682630789841
wired,dimension,wired_dimension_12,0,child,5,partner,1.1406837403142405,1.1016563736252223,0.9657859884289816,0.33957468823352377,0.3740946196142592,0.8443438746885341,0.1556561253114659
wired,dimension,wired_dimension_12,0,child,6,expert,0.8349669308820937,0.768892507587186,0.9208658201277207,0.6089464344621421,0.46821435097987246,0.9815570675916666,0.01844293240833339
wired,dimension,wired_dimension_12,0,child,7,partner,1.3147484286811784,1.306085724404791,0.9934111316747719,0.6240453140321098,0.8150566760390434,0.956829536926143,0.04317046307385697
wired,dimension,wired_dimension_12,0,child,8,expert,1.0132159116786164,0.8690756521605993,0.8577398382146658,0.5463034691869197,0.47477904376122015,0.956942083301393,0.043057916698607035
wired,dimension,wired_dimension_12,0,child,9,partner,1.263909061976307,1.2583715370134299,0.9956187314970161,0.298688344784189,0.3758609115140772,0.7438124851332436,0.2561875148667564
wired,dimension,wired_dimension_12,0,child,10,expert,1.0148679979431152,0.9953562606757729,0.9807741131774096,0.5564556834388531,0.5538716482994784,0.943509315725462,0.05649068427453796
wired,dimension,wired_dimension_12,0,child,11,partner,0.8674793045771573,0.838926768118626,0.9670856280849075,0.6045412297509976,0.5071658200694641,0.9616002920789171,0.03839970792108294
wired,dimension,wired_dimension_12,0,child,12,expert,0.9023954562255219,0.8769641049032236,0.9718179528189974,0.6081951606469427,0.5333653246632184,0.9612823969828806,0.03871760301711935
wired,dimension,wired_dimension_12,0,child,13,partner,0.8769249620160585,0.7923686326017778,0.9035763228580146,0.36864076849707467,0.2920993816552956,0.8984019570100547,0.10159804298994535
wired,dimension,wired_dimension_12,0,child,14,expert,0.9183040394792287,0.8651471309417105,0.9421140425685096,0.7097430856002083,0.614032194212737,0.9623188213391753,0.037681178660824655
wired,dimension,wired_dimension_12,0,child,15,partner,0.834416066923454,0.7902341230142758,0.9470504635978224,0.5413962942018823,0.4278298257518033,0.9684267657143175,0.03157323428568248
wired,dimension,wired_dimension_12,0,child,16,expert,1.1034063325512682,1.0923688004739092,0.9899968563232473,0.5333081669025572,0.5825692025622857,0.9559441175189093,0.044055882481090713
wired,dimension,wired_dimension_12,0,child,17,partner,0.9905344921511128,0.9037808264493257,0.9124173197499672,0.5782642956526285,0.5226241830310698,0.940710514380706,0.059289485619294036
wired,dimension,wired_dimension_12,0,child,18,expert,1.164777372345634,1.163856159897136,0.9992091085632594,0.3105132428156596,0.36139275038064056,0.8751908250477448,0.12480917495225519
wired,dimension,wired_dimension_12,0,child,19,partner,1.1455651281065322,1.115923095582853,0.9741245331257178,0.3061153622786793,0.3416012026794903,0.8358566206927501,0.16414337930724987
wired,dimension,wired_dimension_12,0,child,20,expert,0.9476918290536676,0.9427286742307878,0.9947629021674371,0.24784534016367418,0.23365090894677917,0.892985927330588,0.10701407266941199
wired,dimension,wired_dimension_12,0,child,21,partner,0.8758742998046641,0.8627728404137432,0.9850418497325155,0.572314359760701,0.49377728578031294,0.9484981632116402,0.051501836788359845
wired,dimension,wired_dimension_12,0,child,22,expert,0.704604668330891,0.6995317082640247,0.992800274684702,0.4074738413797382,0.28504087233327247,0.9719768836578744,0.02802311634212562
wired,dimension,wired_dimension_12,0,child,23,partner,0.8228472621961157,0.7771775644179035,0.9444979647167231,0.42267456420598076,0.32849318835100294,0.9566636362639167,0.043336363736083294
wired,dimension,wired_dimension_12,0,child,24,expert,1.293640939343477,1.262196134790394,0.9756927880080721,0.5090376577271545,0.6425053640459699,0.9299689439481221,0.07003105605187787
wired,dimension,wired_dimension_12,0,child,25,partner,1.2205447730647911,1.1279010699972574,0.9240964320908692,0.25663221418724047,0.2894557489775539,0.8375402973793117,0.16245970262068832
wired,dimension,wired_dimension_12,0,child,26,expert,0.8296816670386679,0.7732506225159128,0.9319847035729946,0.4211615376560378,0.3256634211722903,0.9205417206503604,0.07945827934963956
wired,dimension,wired_dimension_12,0,child,27,partner,1.1800822736684717,1.1719717881662284,0.9931271863969079,0.5718425510886271,0.6701833371488761,0.9024543661074175,0.09754563389258253
wired,dimension,wired_dimension_12,0,child,28,expert,1.0417463198669585,0.8903858868517456,0.8547050945806096,0.40326499144554195,0.3590614570445005,0.9181642772497784,0.08183572275022155
wired,dimension,wired_dimension_12,0,child,29,partner,1.0864109240784507,1.0293022316248555,0.9474336172540005,0.0892795933394213,0.09189568466282592,0.8125431943013575,0.18745680569864254
wired,dimension,wired_dimension_12,0,child,30,expert,0.8500123061453351,0.7817374105905028,0.9196777563546494,0.36885542204215405,0.2883480825095006,0.9603089528804847,0.03969104711951532
wired,dimension,wired_dimension_12,0,child,31,partner,1.0185827051586407,1.0181958179259192,0.9996201710162937,0.25714860597120914,0.26182763518536517,0.8325112631227995,0.16748873687720045
wired,dimension,wired_dimension_12,0,child,32,expert,0.928502275969215,0.8626128265288487,0.9290368466006002,0.49637669983117444,0.4281809080644313,0.9102294469147496,0.08977055308525039
wired,dimension,wired_dimension_12,0,child,33,partner,0.9109425890806573,0.8586626516442981,0.9426089656318914,0.43233782315459557,0.3712323416360487,0.935410246744475,0.06458975325552496
wired,dimension,wired_dimension_12,0,child,34,expert,1.1644534082164415,1.0770497526512617,0.9249401865721889,0.29879153015313703,0.3218133436457282,0.9045013834270467,0.09549861657295333
wired,dimension,wired_dimension_12,0,child,35,partner,1.1285790261983912,1.0704613348432321,0.9485036581338246,0.3221108412052619,0.34480720104406104,0.915899660872305,0.08410033912769499
wired,dimension,wired_dimension_12,0,child,36,expert,1.1357801155060057,1.1174511452952194,0.9838622194899015,0.23814788819659294,0.2661186304149206,0.8834622986950579,0.11653770130494212
wired,dimension,wired_dimension_12,0,child,37,partner,1.0894017492750174,1.051025564028649,0.9647731562090183,0.16864061090801757,0.1772455931977351,0.8121694705205865,0.18783052947941348
wired,dimension,wired_dimension_12,0,child,38,expert,0.8743079073251346,0.8293425876380752,0.9485703842876416,0.37713534418874356,0.3127744022392687,0.9453036190122958,0.05469638098770424
wired,dimension,wired_dimension_12,0,child,39,partner,1.0858764863131405,1.0716503708496161,0.9868989561484907,0.24084065057803097,0.2580969725076097,0.8642517156672671,0.1357482843327329
wired,dimension,wired_dimension_12,0,child,40,expert,0.8803845313108206,0.8745605869167155,0.9933847720081733,0.4423446170436623,0.38685716790115504,0.948957525360534,0.051042474639465985
wired,dimension,wired_dimension_12,0,child,41,partner,0.9764250350325285,0.951003007983813,0.9739641793915673,0.23007974442615026,0.21880652902541584,0.929454041511306,0.07054595848869405
wired,dimension,wired_dimension_12,0,child,42,expert,1.1766988871276316,1.1625218195801985,0.9879518305800153,0.3168368073089435,0.36832970174277374,0.9123438592548453,0.08765614074515471
wired,dimension,wired_dimension_12,0,child,43,partner,1.0716034580788063,1.0552900055907128,0.9847765958890004,0.5121404478083565,0.5404566960309107,0.4907302525499326,0.5092697474500674
wired,dimension,wired_dimension_12,0,child,44,expert,0.8984338801881814,0.8147421259077697,0.9068470633990463,0.27429913856236526,0.22348306328697137,0.8791445082186924,0.12085549178130761
wired,dimension,wired_dimension_12,0,child,45,partner,1.0082149562172973,0.43728702772383976,0.4337240040199909,0.6088301585590002,0.2662335304248993,0.9774929452850549,0.022507054714945074
wired,dimension,wired_dimension_12,0,child,46,expert,0.8121194635281679,0.7149963456015535,0.8804078435633673,0.30418017298192834,0.21748771208652715,0.9521958040466013,0.04780419595339869
wired,dimension,wired_dimension_12,0,child,47,partner,0.8247260855447882,0.757268341934675,0.9182058809665624,0.3626655722327965,0.2746351565615199,0.9402264572924692,0.05977354270753077
wired,dimension,wired_dimension_13,1,teenager,4,expert,1.0959867509938488,1.0930079876765832,0.9972821174019104,0.6867277539319049,0.7505989204067712,0.9321577740930942,0.0678422259069058
wired,dimension,wired_dimension_13,1,teenager,5,partner,1.2183507533963251,1.1954628074474916,0.9812139928620625,0.2931125314786505,0.3504051297795088,0.8388072250983004,0.1611927749016996
wired,dimension,wired_dimension_13,1,teenager,6,expert,0.9639251639377423,0.8847213691287114,0.9178320083621508,0.8514758142328611,0.7533188481480811,0.9602734821601224,0.03972651783987757
wired,dimension,wired_dimension_13,1,teenager,7,partner,1.1599992032012183,1.1530434977397221,0.9940036980686756,0.6004415848518241,0.6923352651859294,0.8005990680797874,0.19940093192021258
wired,dimension,wired_dimension_13,1,teenager,8,expert,0.9890450812072007,0.978727241253897,0.9895678769852436,0.41718229800491985,0.4083076796263163,0.9213367942697078,0.07866320573029217
wired,dimension,wired_dimension_13,1,teenager,9,partner,1.0390815014330423,0.9601617779539741,0.9240485723486072,0.6127126454026296,0.5883032629846717,0.7494825632398613,0.2505174367601387
wired,dimension,wired_dimension_13,1,teenager,10,expert,0.9409887909371738,0.8723812033333713,0.9270898991938044,0.21558369606582267,0.18807116419295816,0.8939737076413157,0.10602629235868433
wired,dimension,wired_dimension_13,1,teenager,11,partner,0.9088810727164468,0.5996816177621341,0.6598020750604445,0.35835838276085524,0.21490093471265176,0.9465519726564117,0.053448027343588334
wired,dimension,wired_dimension_13,1,teenager,12,expert,1.064190776392931,0.9423004637915102,0.8854619723209283,0.26232639623621934,0.24719028483814495,0.8809719919667334,0.11902800803326663
wired,dimension,wired_dimension_13,1,teenager,13,partner,0.9028491425030366,0.8487256594178272,0.9400525729734883,0.31647679441356913,0.2686019760290966,0.8816423781523067,0.11835762184769327
wired,dimension,wired_dimension_13,1,teenager,14,expert,0.8312806260779828,0.7260351286750039,0.8733935399163517,0.24106254058431067,0.17501987267185334,0.9137654289562128,0.08623457104378718
wired,dimension,wired_dimension_13,1,teenager,15,partner,0.8651166378756643,0.7909064756181213,0.9142194716764622,0.24631577433442856,0.1948127409679914,0.9313014527968012,0.06869854720319879
wired,dimension,wired_dimension_13,1,teenager,16,expert,0.8592717816618213,0.8023558397473388,0.9337625846326043,0.6309529267431246,0.5062487653780209,0.9643837309253117,0.03561626907468829
wired,dimension,wired_dimension_13,1,teenager,17,partner,1.2120444841800897,1.2104757162159892,0.9987056844979081,0.3285998147935225,0.3977620961606306,0.8457319836105242,0.15426801638947585
wired,dimension,wired_dimension_13,1,teenager,18,expert,1.04318836727304,1.0390860515040454,0.9960675215534521,0.2764036690588841,0.28720719710362674,0.921388093846762,0.07861190615323799
wired,dimension,wired_dimension_13,1,teenager,19,partner,1.2326618251192085,1.1894173453760344,0.9649178072502107,0.3142738883864946,0.37380281404566856,0.8358477420149809,0.1641522579850191
wired,dimension,wired_dimension_13,1,teenager,20,expert,0.9543743560718382,0.9438779327522149,0.989001775609505,0.3634212725907392,0.3430253194911261,0.9412290379624916,0.05877096203750842
wired,dimension,wired_dimension_13,1,teenager,21,partner,1.0626810283308628,1.0492521751729407,0.9873632324273239,0.33976196107958007,0.3564959767037734,0.8541493872907651,0.14585061270923494
wired,dimension,wired_dimension_13,1,teenager,22,expert,1.1107920988379785,0.9700943051713079,0.8733356189563009,0.31702412203421637,0.30754329538732705,0.8618844408678542,0.1381155591321458
wired,dimension,wired_dimension_13,1,teenager,23,partner,0.8950989603706795,0.7888773722885153,0.8813297827549069,0.2287364287149407,0.18044499283130172,0.859383461418079,0.14061653858192102
wired,dimension,wired_dimension_13,1,teenager,24,expert,1.0380473170523061,0.8487988923477859,0.8176880556439973,0.4502826697738165,0.3821994313474193,0.9544715889284839,0.04552841107151606
wired,dimension,wired_dimension_13,1,teenager,25,partner,1.1322897353921009,1.121182720738553,0.9901906602988926,0.4476384474268741,0.5018844923932444,0.9397730503886873,0.0602269496113127
wired,dimension,wired_dimension_13,1,teenager,26,expert,0.8533294440614839,0.7836911379044574,0.9183922380241607,0.3801479353963211,0.29791856806277306,0.9503523092215604,0.04964769077843956
wired,dimension,wired_dimension_13,1,teenager,27,partner,1.1733573196536773,1.1731430909109637,0.9998174224167479,0.2882815838891851,0.3381955483764669,0.9061928983715692,0.09380710162843076
wired,dimension,wired_dimension_13,1,teenager,28,expert,1.14422372139365,1.062119883612544,0.9282449434958115,0.4902167876242444,0.5206689974163777,0.7964622397910445,0.20353776020895553
wired,dimension,wired_dimension_13,1,teenager,29,partner,1.0491403340831942,1.012084374384073,0.9646796920333182,0.38887412086794654,0.3935734213327921,0.8562909516407847,0.14370904835921527
wired,dimension,wired_dimension_13,1,teenager,30,expert,1.131399823737336,0.9342625635735115,0.8257580953889052,0.33598568565788844,0.31389884800674284,0.9091609035280145,0.09083909647198551
wired,dimension,wired_dimension_13,1,teenager,31,partner,0.9293932630981613,0.7748741216602716,0.833741917900686,0.7614176411917155,0.5900028259350664,0.9093762949285904,0.0906237050714096
wired,dimension,wired_dimension_13,1,teenager,32,expert,1.1932333332491774,1.1797338634314927,0.9886866470768845,0.18348744732677885,0.21646635512600332,0.8317317448945686,0.16826825510543142
wired,dimension,wired_dimension_13,1,teenager,33,partner,0.7425692401744945,0.5800829742246482,0.7811836834064857,0.37416577222882835,0.217047194007561,0.9592178678210405,0.04078213217895954
wired,dimension,wired_dimension_13,1,teenager,34,expert,1.233553851704088,0.962484231887704,0.7802531122231136,0.3678568072627784,0.35405637658297845,0.9329659144104375,0.06703408558956248
wired,dimension,wired_dimension_13,1,teenager,35,partner,1.0423020027127028,0.965136918238527,0.9259666735031964,0.35092831858675744,0.33869387592345107,0.905262569745715,0.09473743025428505
wired,dimension,wired_dimension_13,1,teenager,36,expert,1.0441092153670084,1.0297251116764978,0.9862235640871718,0.37318559947792496,0.3842785830984671,0.830533344583801,0.16946665541619899
wired,dimension,wired_dimension_13,1,teenager,37,partner,0.8674703471920434,0.4459860235513059,0.5141224999729679,0.7535037351973166,0.3360521345917074,0.9587449698360001,0.041255030163999895
wired,dimension,wired_dimension_13,1,teenager,38,expert,1.2132375942923141,1.1468916235712516,0.9453149399308651,0.21099977065411432,0.2419938695386589,0.8293215539092877,0.17067844609071225
wired,dimension,wired_dimension_13,1,teenager,39,partner,0.8199384055468291,0.7886606749611516,0.9618535607369437,0.4842616497372175,0.38191811953955473,0.9643799750732597,0.035620024926740324
wired,dimension,wired_dimension_13,1,teenager,40,expert,0.9736028289356752,0.9601416951048783,0.9861738961394572,0.18672496310334108,0.17928242259243776,0.8890887301594975,0.11091126984050248
wired,dimension,wired_dimension_13,1,teenager,41,partner,0.9045444204266588,0.8327094685498558,0.9205843845194024,0.5908790345273344,0.49203056681850854,0.8268192337447239,0.17318076625527612
wired,dimension,wired_dimension_13,1,teenager,42,expert,1.0985731603708422,1.0393412881851296,0.9460829061519545,0.15339239216646655,0.15942704647209394,0.8267316644645928,0.17326833553540721
wired,dimension,wired_dimension_13,1,teenager,43,partner,0.8840386096730588,0.5110328237588515,0.5780661819140084,0.7125989143987704,0.36416143543269575,0.992354847971633,0.007645152028367019
wired,dimension,wired_dimension_13,1,teenager,44,expert,1.1713293939127292,1.1419360899502276,0.9749060306040039,0.20234733386899534,0.2310677232502138,0.8283314936739605,0.17166850632603947
wired,dimension,wired_dimension_13,1,teenager,45,partner,0.8093984533875109,0.7476403019206425,0.9236987033897573,0.7006745388690514,0.5238525237881645,0.8627604352368585,0.13723956476314148
wired,dimension,wired_dimension_13,1,teenager,46,expert,1.0876096988727422,1.071582906310026,0.9852642059184351,0.17550202240541296,0.1880649672324797,0.8306294809791613,0.16937051902083866
wired,dimension,wired_dimension_13,1,teenager,47,partner,0.7096764409609454,0.5593022340972962,0.7881087800225953,0.10798359369572774,0.06039546519987524,0.9286112851654567,0.07138871483454334
wired,dimension,wired_dimension_13,1,teenager,48,expert,1.1347475148485155,1.062916665558911,0.9366988265225411,0.31348648209798247,0.3332100062493808,0.8721385853202818,0.12786141467971823
wired,dimension,wired_dimension_13,1,teenager,49,partner,0.7752118177111662,0.7613499758901368,0.9821186396990966,0.38914499897436367,0.29627553558689906,0.9710428875326551,0.028957112467344892
wired,dimension,wired_dimension_14,2,undergraduate,4,expert,0.8770595670960165,0.8407700892787574,0.9586237022208494,0.4061854371331265,0.34150856624214987,0.9666570249633991,0.033342975036600886
wired,dimension,wired_dimension_14,2,undergraduate,5,partner,1.2575274214135692,1.2349923081806466,0.9820798235885995,0.4968045858824551,0.6135498422337035,0.8108262610777904,0.18917373892220957
wired,dimension,wired_dimension_14,2,undergraduate,6,expert,1.0490435255168196,1.0387022485938155,0.9901421850738752,0.47648877406407775,0.4949299610500681,0.8705728986440185,0.12942710135598146
wired,dimension,wired_dimension_14,2,undergraduate,7,partner,1.2000883003840652,1.0679204205899182,0.8898682040707011,0.1994274752139546,0.21297267320767188,0.8681629258047296,0.13183707419527035
wired,dimension,wired_dimension_14,2,undergraduate,8,expert,1.1079034797266234,0.9562683366208629,0.8631332549437971,0.5267944564411124,0.5037568586020342,0.948594218833801,0.05140578116619898
wired,dimension,wired_dimension_14,2,undergraduate,9,partner,0.970277087476419,0.9592291867824808,0.9886136642434161,0.37338195449501943,0.35815886856951074,0.9380511421492868,0.061948857850713246
wired,dimension,wired_dimension_14,2,undergraduate,10,expert,1.0678303906743314,1.0658568167937896,0.9981517908660629,0.28913817899318645,0.3081798990752307,0.8874716389630202,0.11252836103697983
wired,dimension,wired_dimension_14,2,undergraduate,11,partner,1.094923356687312,0.9528876455050119,0.8702779419986992,0.3810889743873466,0.3631349755318785,0.8376998052834838,0.16230019471651624
wired,dimension,wired_dimension_14,2,undergraduate,12,expert,0.9780767135289281,0.9051989412272979,0.9254886950128783,0.36447900026140945,0.3299260051362119,0.9258066269147094,0.07419337308529061
wired,dimension,wired_dimension_14,2,undergraduate,13,partner,1.1646807914905182,1.1132560235377975,0.9558464702694505,0.2695741457343287,0.30010504152879747,0.8171772295559563,0.18282277044404371
wired,dimension,wired_dimension_14,2,undergraduate,14,expert,0.9275823207683648,0.7972036317407323,0.859442460136053,0.4072580132725027,0.32466756723635454,0.9613426588098405,0.03865734119015951
wired,dimension,wired_dimension_14,2,undergraduate,15,partner,1.053973510789185,0.9273683978026518,0.879878278067335,0.43058368949702785,0.39930970624881323,0.8149281612772278,0.18507183872277222
wired,dimension,wired_dimension_14,2,undergraduate,16,expert,0.7012790274326872,0.6390811395425144,0.9113079309974742,0.5370613604434291,0.3432257862364398,0.9732316361579995,0.026768363842000542
wired,dimension,wired_dimension_14,2,undergraduate,17,partner,1.159278383495102,1.118963631493576,0.9652242700489709,0.20995014385954827,0.23492657540567885,0.8850360529696578,0.11496394703034218
wired,dimension,wired_dimension_14,2,undergraduate,18,expert,0.7929365422260687,0.7435321746407004,0.937694424515221,0.4394430576245513,0.3267400522663413,0.8972470963491948,0.10275290365080525
wired,dimension,wired_dimension_14,2,undergraduate,19,partner,0.9360343959996843,0.36877310894654586,0.3939738865603356,0.7190219931519303,0.2651559758155793,0.9778664305913709,0.022133569408629095
wired,dimension,wired_dimension_14,2,undergraduate,20,expert,0.9199581068693036,0.8155841517184869,0.8865448824545971,0.39550441494040356,0.3225671327600855,0.9182766947197685,0.08172330528023153
wired,dimension,wired_dimension_14,2,undergraduate,21,partner,0.9859566558765164,0.84268199796801,0.8546846283197006,0.6351775656619876,0.5352527000965006,0.7818545510992131,0.2181454489007869
wired,dimension,wired_dimension_14,2,undergraduate,22,expert,0.8822046370797023,0.8278501382740171,0.9383878790452187,0.32450119400090205,0.2686383583237304,0.9004831390267986,0.09951686097320145
wired,dimension,wired_dimension_14,2,undergraduate,23,partner,0.8527512241130352,0.41249666953388037,0.4837245117559852,0.9097550911224724,0.3752709451795117,0.979810698398931,0.02018930160106902
wired,dimension,wired_dimension_14,2,undergraduate,24,expert,1.0090912707111923,0.8453893519869464,0.8377729314715912,0.4512388205375178,0.38147249408556616,0.9543152045630865,0.045684795436913506
wired,dimension,wired_dimension_14,2,undergraduate,25,partner,1.049077729753979,1.022306891892649,0.9744815497431418,0.3130414030516317,0.3200243837874276,0.9159603073520688,0.08403969264793121
wired,dimension,wired_dimension_14,2,undergraduate,26,expert,0.8294580675069104,0.8253877430395518,0.9950927905486677,0.3366676156085915,0.2778813234016827,0.9474003985492719,0.05259960145072806
wired,dimension,wired_dimension_14,2,undergraduate,27,partner,1.0838338650983907,1.0415334280958526,0.9609714750888881,0.40994637747923224,0.4269728558714212,0.889808877798075,0.11019112220192495
wired,dimension,wired_dimension_14,2,undergraduate,28,expert,1.0915306574841683,1.0594262600519995,0.9705877272314679,0.45980110082053616,0.487125360610093,0.9337077040593578,0.06629229594064223
wired,dimension,wired_dimension_14,2,undergraduate,29,partner,1.169998667350682,1.1450936173500408,0.9787136082316962,0.3090575774710457,0.3538998593557602,0.9075839088737307,0.09241609112626925
wired,dimension,wired_dimension_14,2,undergraduate,30,expert,1.080337335037254,1.0684416341692307,0.9889889014447489,0.1865343341662877,0.19930104882529778,0.8528099898003132,0.1471900101996868
wired,dimension,wired_dimension_14,2,undergraduate,31,partner,0.9426563151609773,0.6349440190551152,0.6735689443145696,0.7880396852623782,0.5003610849354225,0.9818862282253455,0.018113771774654452
wired,dimension,wired_dimension_14,2,undergraduate,32,expert,1.0203432785426536,1.005643283195223,0.9855930884658619,0.23713949224502145,0.23847773755653148,0.912634293371088,0.08736570662891197
wired,dimension,wired_dimension_14,2,undergraduate,33,partner,1.0768906983131303,1.0693208838781525,0.9929706752525317,0.28628170294778826,0.30612700363427164,0.8704674500385862,0.12953254996141383
wired,dimension,wired_dimension_14,2,undergraduate,34,expert,1.0953101102426925,0.9500894127258228,0.8674159070023009,0.46218876906968354,0.43912065617388657,0.9091028048114386,0.09089719518856143
wired,dimension,wired_dimension_14,2,undergraduate,35,partner,1.2333012963109062,1.231096080960881,0.9982119411066706,0.3108414722780275,0.38267571832159003,0.8992212938153693,0.1007787061846307
wired,dimension,wired_dimension_14,2,undergraduate,36,expert,0.9400251849142808,0.9286626024358958,0.9879124701532236,0.30149603426805655,0.2799880918074754,0.9388784241468849,0.06112157585311506
wired,dimension,wired_dimension_14,2,undergraduate,37,partner,1.0323543878918238,0.9999819015534248,0.9686420799688025,0.5845389519793361,0.5845283727323426,0.649714684576379,0.35028531542362096
wired,dimension,wired_dimension_14,2,undergraduate,38,expert,0.9722678799183188,0.7882849222904402,0.8107692731306254,0.4293784470871903,0.3384725557953157,0.9414749659524713,0.058525034047528735
wired,dimension,wired_dimension_14,2,undergraduate,39,partner,0.95708403942947,0.5431171598366232,0.567470710471585,0.6731602192981185,0.3656048664201926,0.9447603744406723,0.05523962555932771
wired,dimension,wired_dimension_14,2,undergraduate,40,expert,0.9756388546224593,0.8164136002431163,0.8367989818919268,0.41010201612219555,0.3348128634492822,0.935215262015394,0.06478473798460604
wired,dimension,wired_dimension_14,2,undergraduate,41,partner,0.9709876611146351,0.9463096140099878,0.9745845924784534,0.3816589889691273,0.3611675705348171,0.9052567880305545,0.09474321196944546
wired,dimension,wired_dimension_15,3,graduate,4,expert,0.8931945377743292,0.8027389831183968,0.8987280476633577,0.5838892439137597,0.468710657913101,0.9820278435178563,0.017972156482143675
wired,dimension,wired_dimension_15,3,graduate,5,partner,1.1979627854791641,1.1780132202162057,0.9833470909900074,0.4154119940238383,0.489360820796457,0.923670130844184,0.07632986915581597
wired,dimension,wired_dimension_15,3,graduate,6,expert,1.2836846254483605,1.2364190587142563,0.9631797672122475,0.4278646058730511,0.5290199532507041,0.8305612769732401,0.16943872302675989
wired,dimension,wired_dimension_15,3,graduate,7,partner,0.9467804412882362,0.9123325030992133,0.9636157057246398,0.3584264395126515,0.32700409073751613,0.93325325729593,0.06674674270407
wired,dimension,wired_dimension_15,3,graduate,8,expert,1.2906711112990588,1.1755279889293087,0.9107881772802914,0.2559996316246312,0.30093473213034655,0.8797262788826078,0.12027372111739221
wired,dimension,wired_dimension_15,3,graduate,9,partner,1.0985378213688362,1.0932790590828232,0.9952129438015566,0.45300240920091883,0.49525804769343257,0.9274997731488749,0.07250022685112512
wired,dimension,wired_dimension_15,3,graduate,10,expert,0.8654378347813978,0.8526654906680899,0.9852417544034006,0.41652447307308743,0.35515604420813174,0.9585471789293118,0.04145282107068815
wired,dimension,wired_dimension_15,3,graduate,11,partner,1.016244448415577,1.0147261059868393,0.9985059279466633,0.26978384910849507,0.27375671466400425,0.9225618989282091,0.07743810107179094
wired,dimension,wired_dimension_15,3,graduate,12,expert,1.1855781196616069,1.0930124968466257,0.9219236410652352,0.29797868641592573,0.3256944280465487,0.9023040481786501,0.09769595182134994
wired,dimension,wired_dimension_15,3,graduate,13,partner,1.207149984929324,1.205203750206019,0.998387744067762,0.29618246394542097,0.3569602162922804,0.8415247077439527,0.15847529225604728
wired,dimension,wired_dimension_15,3,graduate,14,expert,0.9846197152279856,0.9627514070874086,0.9777900972290695,0.28254378502207517,0.2720194265938051,0.9144718360153115,0.08552816398468854
wired,dimension,wired_dimension_15,3,graduate,15,partner,1.1905108816280219,1.1334733318161756,0.9520898542860863,0.25735030818183796,0.29169971125878746,0.7424242462652028,0.25757575373479724
wired,dimension,wired_dimension_15,3,graduate,16,expert,0.9384370054408682,0.898057729200854,0.9569717775334303,0.5327213528241337,0.47841452841404847,0.9139677485231379,0.08603225147686211
wired,dimension,wired_dimension_15,3,graduate,17,partner,0.8581019932078078,0.8458261949907443,0.985694243440504,0.3331754144871751,0.2818084931001514,0.9214560230736569,0.07854397692634307
wired,dimension,wired_dimension_15,3,graduate,18,expert,0.7566995237141483,0.7547386580306352,0.9974086600783283,0.1688681717230293,0.12745133731032599,0.9348761337887171,0.06512386621128285
wired,dimension,wired_dimension_15,3,graduate,19,partner,1.068174876949098,0.8585244294475938,0.8037302205598508,0.2897778639301152,0.24878137529714459,0.8986936014662332,0.10130639853376677
wired,dimension,wired_dimension_15,3,graduate,20,expert,0.6883086624211827,0.640695233294329,0.9308254686781068,0.4323331487587761,0.27699378760487586,0.9623192678458522,0.0376807321541478
wired,dimension,wired_dimension_15,3,graduate,21,partner,1.103321073311308,1.0795981496829536,0.9784986218398465,0.43732558738079397,0.47213589494531605,0.9492486581237055,0.05075134187629449
wired,dimension,wired_dimension_15,3,graduate,22,expert,1.2380445844928794,1.2109159979488426,0.9780875528354844,0.3438363171636052,0.41635689712922175,0.8965456124446256,0.1034543875553744
wired,dimension,wired_dimension_15,3,graduate,23,partner,1.0825346729259604,1.0484381993291674,0.9685031117704499,0.2584516867503059,0.27097062107007674,0.8874722550781075,0.11252774492189255
wired,dimension,wired_dimension_15,3,graduate,24,expert,1.0604615799043584,1.049061353265616,0.9892497504334291,0.4622803295349983,0.4849604280900602,0.8210464054571308,0.1789535945428692
wired,dimension,wired_dimension_15,3,graduate,25,partner,0.9993660058093803,0.951832928925998,0.9524367683030823,0.2043777754835308,0.19453349664586916,0.8413358269209386,0.15866417307906144
wired,dimension,wired_dimension_15,3,graduate,26,expert,1.0290987201003963,0.8297357226730918,0.8062741760978369,0.5721251648036844,0.4747126870778468,0.9670379659809776,0.032962034019022424
wired,dimension,wired_dimension_15,3,graduate,27,partner,1.1440746606248624,1.127633675440678,0.9856294473157979,0.4901813490440107,0.5527449962549676,0.9223023676822485,0.07769763231775151
wired,dimension,wired_dimension_15,3,graduate,28,expert,0.7575869347597846,0.6953302769610453,0.9178224241427853,0.25442971066307674,0.17691268118247577,0.944849391588102,0.055150608411898006
wired,dimension,wired_dimension_15,3,graduate,29,partner,0.9307032734253303,0.9222382258857098,0.9909046762998298,0.4251084754286246,0.3920512861882736,0.9425993263027743,0.05740067369722568
wired,dimension,wired_dimension_15,3,graduate,30,expert,0.7460129365501987,0.7189748170077056,0.9637565004321644,0.22139523094809796,0.15917759565728745,0.9191660811552242,0.08083391884477575
wired,dimension,wired_dimension_15,3,graduate,31,partner,1.1609549474664065,1.1551407219854215,0.99499185950784,0.14248160283828362,0.164586301572255,0.7710089371380884,0.22899106286191162
wired,dimension,wired_dimension_16,4,expert,4,expert,0.9760572045257856,0.8969989333149369,0.9190024203036563,0.428240284536206,0.3841310784314618,0.9412705854046786,0.05872941459532144
wired,dimension,wired_dimension_16,4,expert,5,partner,1.2318907181292835,1.1512956428233379,0.9345761161109568,0.2035061792135171,0.23429577741614757,0.8370423243354636,0.16295767566453645
wired,dimension,wired_dimension_16,4,expert,6,expert,0.8965860737946001,0.8089109866744385,0.9022123032203717,0.4766175761476007,0.385541193787935,0.963689385313373,0.036310614686626996
wired,dimension,wired_dimension_16,4,expert,7,partner,0.9539767262791369,0.9537458083802465,0.9997579417887994,0.29647111777526364,0.28275808588396406,0.9325218676622141,0.06747813233778588
wired,dimension,wired_dimension_16,4,expert,8,expert,1.0385797163913806,1.0156560109101043,0.9779278324807802,0.3607529217057672,0.3664008733838447,0.9263509152004744,0.07364908479952559
wired,dimension,wired_dimension_16,4,expert,9,partner,1.2183707178888112,1.077881986284333,0.8846913098430325,0.4670267631967199,0.5033997351624232,0.8619662550363041,0.13803374496369591
wired,dimension,wired_dimension_16,4,expert,10,expert,0.8874659125589771,0.8706536385210368,0.9810558650185857,0.37108363289842555,0.32308531517861894,0.9380997101228511,0.061900289877148906
wired,dimension,wired_dimension_16,4,expert,11,partner,1.054138184977153,0.8964876898121003,0.8504460824846032,0.39328593076044066,0.35257599550302904,0.9547532538666939,0.04524674613330615
wired,dimension,wired_dimension_16,4,expert,12,expert,1.2118955373434985,1.2062847398881353,0.995370230120116,0.2216066426168634,0.26732071124656603,0.8247679770973482,0.17523202290265183
wired,dimension,wired_dimension_16,4,expert,13,partner,0.9490960484210209,0.9350325524662834,0.9851822205148576,0.46716571963667974,0.4368151552566328,0.9498294627930205,0.050170537206979504
wired,dimension,wired_dimension_16,4,expert,14,expert,0.7889074626664695,0.7878257195531201,0.9986288086175636,0.5535488515641345,0.4361000222913175,0.975057625959365,0.02494237404063504
wired,dimension,wired_dimension_16,4,expert,15,partner,1.286845930272772,1.2655881093104278,0.9834806790282798,0.39618544376060555,0.5014075867052976,0.9090897500585416,0.09091024994145835
wired,dimension,wired_dimension_16,4,expert,16,expert,1.2661367650319515,1.257660055024006,0.9933050597352135,0.35616737241977275,0.44793747719520705,0.8812328848619497,0.11876711513805027
wired,dimension,wired_dimension_16,4,expert,17,partner,1.199136674831184,1.1801698386756008,0.9841829238028786,0.6041620629924136,0.713013844415675,0.9659597087382267,0.034040291261773326
wired,dimension,wired_dimension_16,4,expert,18,expert,1.059800119850164,1.0259518406967951,0.9680616386803932,0.3978351889303333,0.40815974437703273,0.9126831769144481,0.08731682308555189
wired,dimension,wired_dimension_16,4,expert,19,partner,1.0279609456607466,1.0252017989599131,0.9973159031834061,0.47862802163053425,0.49069030880824793,0.9299466603331158,0.0700533396668842
wired,dimension,wired_dimension_16,4,expert,20,expert,1.2163093341429114,1.1886521347640424,0.9772613770169449,0.4470418939003027,0.5313773015135553,0.9061345034885834,0.09386549651141662
wired,dimension,wired_dimension_16,4,expert,21,partner,1.2803184024735825,1.2796072038877262,0.9994445142821646,0.5318210192643096,0.6805220074295237,0.9014716392796521,0.09852836072034787
wired,dimension,wired_dimension_16,4,expert,22,expert,1.1530341134946942,1.0627494880780215,0.921698218325949,0.23864609852016927,0.253621019034127,0.8942218498345906,0.10577815016540937
wired,dimension,wired_dimension_16,4,expert,23,partner,1.0317473767412637,1.0247172912409592,0.9931862337043181,0.40220859001093423,0.41215009686985005,0.9211122059804746,0.07888779401952539
wired,dimension,wired_dimension_16,4,expert,24,expert,0.8470149836489939,0.8418594295325064,0.9939132669232474,0.49155429821106844,0.4138196210762216,0.9647715115059825,0.035228488494017496
wired,dimension,wired_dimension_16,4,expert,25,partner,1.2286084634298222,1.2196999523920407,0.9927491049394979,0.36985146926427953,0.45110781945376804,0.9205063566400128,0.07949364335998721
wired,dimension,wired_dimension_16,4,expert,26,expert,1.1470518532686393,1.1402870757865817,0.9941024658442642,0.560102465476439,0.6386776024989835,0.7407744755469149,0.2592255244530851
wired,dimension,wired_dimension_16,4,expert,27,partner,1.0746675693435506,1.0575577568700507,0.9840789719885793,0.14366268577420183,0.15193158771329182,0.8446044534727263,0.15539554652727372
wired,dimension,wired_dimension_16,4,expert,28,expert,1.101933035470425,0.7156493036432722,0.6494489960881384,0.4380669146423944,0.3135022824129863,0.9647928114407923,0.03520718855920768
wired,dimension,wired_dimension_16,4,expert,29,partner,0.928878791077065,0.9277172988237548,0.9987495760852046,0.16168012984039554,0.14999345332900568,0.8596560698942832,0.14034393010571677
wired,dimension,wired_dimension_16,4,expert,30,expert,0.9714080454746665,0.9495379359036739,0.9774861762018003,0.11760864782379021,0.11167387269902386,0.8774550836945966,0.12254491630540343
wired,dimension,wired_dimension_16,4,expert,31,partner,0.8965558223585892,0.8305502323794108,0.9263787169364843,0.3189046327253362,0.26486631681689865,0.9129507846205214,0.08704921537947863
wired,dimension,wired_dimension_16,4,expert,32,expert,0.8700083164690826,0.8474617125303647,0.9740846110170567,0.5158317380521096,0.4371476481071553,0.9643299215039489,0.03567007849605108
wired,dimension,wired_dimension_16,4,expert,33,partner,0.9400779232198925,0.8846709905650617,0.9410613404620803,0.2309545199981739,0.20431876398226287,0.8707307481477359,0.12926925185226412
wired,dimension,wired_dimension_16,4,expert,34,expert,1.02841422818178,0.9746482658452951,0.9477195464005879,0.32842142253335255,0.32009536993857696,0.9355352679326765,0.0644647320673235
wired,dimension,wired_dimension_16,4,expert,35,partner,1.1610204203213907,1.1600246052238314,0.9991422932093796,0.27620651040252703,0.3204063481899435,0.8888926675183267,0.11110733248167326
wired,dimension,wired_dimension_16,4,expert,36,expert,1.0091088058949693,0.9892562222209437,0.9803266173488606,0.5455464961760018,0.5396852658529441,0.9240847140562768,0.07591528594372321
wired,dimension,wired_dimension_16,4,expert,37,partner,1.0719485204849488,1.0636196441239216,0.9922301526585889,0.2931194700702734,0.3117676264419367,0.8870290055969122,0.11297099440308778
wired,dimension,wired_dimension_16,4,expert,38,expert,1.068873904749357,1.0256606175223497,0.9595712019575404,0.39495195573304276,0.4050866668088124,0.9156562180684953,0.08434378193150471
wired,dimension,wired_dimension_16,4,expert,39,partner,1.1314308948466607,1.1017610644083282,0.9737767188659565,0.6113255062112739,0.6735346404232933,0.9615246490975893,0.03847535090241072
wired,dimension,wired_dimension_16,4,expert,40,expert,0.9378555495833245,0.8393403466379846,0.8949569547357227,0.3504307711796204,0.2941306849545189,0.9469767441436905,0.053023255856309515
wired,dimension,wired_dimension_16,4,expert,41,partner,1.2217916867108105,1.2151760248704424,0.994585278396211,0.2133453071721108,0.2592521022941691,0.7998724249302105,0.2001275750697895
wired,dimension,wired_dimension_16,4,expert,42,expert,0.9044480720974731,0.890012341148542,0.9840391821318853,0.54455756820879,0.484662956171662,0.9273236989323256,0.07267630106767442
wired,dimension,wired_dimension_16,4,expert,43,partner,0.9596978821953212,0.9415400344377605,0.9810796208938115,0.6912222990226337,0.6508134672259185,0.9695990425954101,0.030400957404589923
wired,dimension,wired_dimension_16,4,expert,44,expert,1.1404778386209506,1.1367987675821158,0.9967740968607681,0.35412807745129193,0.40257236201285274,0.914521004892364,0.08547899510763601
wired,dimension,wired_dimension_16,4,expert,45,partner,0.9862458780745021,0.9786770402800045,0.9923256076767926,0.16392195220239336,0.1604266510183587,0.8614734706183567,0.13852652938164334
wired,fractal,wired_fractal_12,0,child,4,expert,1.1417021713328586,0.9300236518891044,0.8145939240901603,0.45958002143818333,0.4274202898732122,0.9213515040986944,0.07864849590130563
wired,fractal,wired_fractal_12,0,child,5,partner,1.131338678731011,1.0233090461654994,0.9045116775397535,0.7241294310496816,0.7410081973878155,0.8167668141396934,0.18323318586030657
wired,fractal,wired_fractal_12,0,child,6,expert,0.8897668452982656,0.8321970385742382,0.9352978737866275,0.5000769289321132,0.4161625393166044,0.8141001945549479,0.18589980544505214
wired,fractal,wired_fractal_12,0,child,7,partner,0.8556028732646005,0.4965223162067434,0.5803186638582156,0.8154440583467476,0.40488617258735393,0.9837004416845525,0.016299558315447493
wired,fractal,wired_fractal_12,0,child,8,expert,0.8451894498280937,0.7994813124904135,0.9459196546432012,0.4723608085605585,0.3776436391970283,0.8939378071588004,0.10606219284119955
wired,fractal,wired_fractal_12,0,child,9,partner,0.6071282442660666,0.30149763324059764,0.4965962893137506,1.0,0.30149763324059764,0.9856142816032321,0.014385718396767944
wired,fractal,wired_fractal_12,0,child,10,expert,1.2313343092335847,1.179316008606148,0.9577545267452411,0.6730598707173232,0.7937502802873236,0.7928649097484641,0.20713509025153587
wired,fractal,wired_fractal_12,0,child,11,partner,1.2119698102794192,1.1597234503240483,0.9568913684869077,0.26587555835271787,0.3083421198896468,0.8958978720426145,0.10410212795738549
wired,fractal,wired_fractal_12,0,child,12,expert,1.0841747104358437,0.8796422625322704,0.8113473355026316,0.3417839717997618,0.30064762625120817,0.9327412847300004,0.0672587152699996
wired,fractal,wired_fractal_12,0,child,13,partner,0.8255221574266617,0.4165812940809102,0.5046276351672779,0.8367117483185833,0.3485584628872563,0.9900458859779241,0.00995411402207591
wired,fractal,wired_fractal_12,0,child,14,expert,1.1009698317212169,1.0338183487828254,0.9390069727575111,0.24785259687022082,0.256234562437907,0.8627978067289306,0.13720219327106942
wired,fractal,wired_fractal_12,0,child,15,partner,0.8122033358302243,0.40689981594834806,0.5009826948468749,1.0,0.40689981594834806,0.9896475517910015,0.0103524482089985
wired,fractal,wired_fractal_12,0,child,16,expert,1.2089654798733884,1.0445026145527776,0.8639639691460019,0.38707200672596376,0.40429772304545947,0.9223024028404161,0.07769759715958391
wired,fractal,wired_fractal_12,0,child,17,partner,1.08493148576807,1.083207342418041,0.9984108274359769,0.3891601323370576,0.42154111272387734,0.8794662602695353,0.12053373973046466
wired,fractal,wired_fractal_12,0,child,18,expert,1.131676135352722,1.014319530419745,0.8962984185424254,0.4822545702385988,0.48916022922719143,0.9490521783983855,0.050947821601614485
wired,fractal,wired_fractal_12,0,child,19,partner,1.1365886135896386,1.0922180557583574,0.960961637920946,0.40025958411809426,0.4371707447641136,0.8877527229960614,0.11224727700393855
wired,fractal,wired_fractal_12,0,child,20,expert,0.8723116138717557,0.8285888846214681,0.9498771671086963,0.4819405849015235,0.39933061169737133,0.9190971383402667,0.08090286165973326
wired,fractal,wired_fractal_12,0,child,21,partner,1.2211064951898316,1.2094937494224292,0.9904899811653302,0.5906854923556084,0.7144304108786185,0.8883960308762913,0.11160396912370874
wired,fractal,wired_fractal_12,0,child,22,expert,1.0134879728233384,0.8629172435289286,0.8514331365217815,0.5211719521333791,0.44972826433952623,0.8866261445052365,0.11337385549476353
wired,fractal,wired_fractal_12,0,child,23,partner,1.1136118031191717,1.1114636916288747,0.9980710410169159,0.4808890412687271,0.5344907090724097,0.7648919938412498,0.23510800615875016
wired,fractal,wired_fractal_12,0,child,24,expert,0.9977638015096363,0.9879336558778357,0.9901478229437493,0.10199023243647148,0.10075958319479349,0.8236134644326824,0.17638653556731765
wired,fractal,wired_fractal_12,0,child,25,partner,1.0222524073463701,0.8243391499769439,0.8063949216965026,0.5527333451256573,0.4556397358847971,0.9682312023372337,0.0317687976627663
wired,fractal,wired_fractal_13,1,teenager,4,expert,0.8852048959153485,0.8745889662259937,0.9880073757620089,0.9206160026875786,0.805160598081636,0.9497398167834422,0.050260183216557786
wired,fractal,wired_fractal_13,1,teenager,5,partner,1.1618287295447098,1.1594097993800923,0.9979179976324363,0.42330109257040177,0.4907794348144234,0.8965426669551837,0.1034573330448163
wired,fractal,wired_fractal_13,1,teenager,6,expert,0.7432638256792339,0.69946205176587,0.9410683361668024,0.7120167873510945,0.4980287229723397,0.9758048505297446,0.02419514947025536
wired,fractal,wired_fractal_13,1,teenager,7,partner,1.098412019576613,1.0859366840497264,0.9886423898268303,0.3732446599045438,0.4053200683160082,0.9134037190699799,0.08659628093002014
wired,fractal,wired_fractal_13,1,teenager,8,expert,0.8688611599618882,0.8489086548085297,0.9770360259224723,0.6127751232442692,0.5201901055734236,0.9462814970291522,0.05371850297084779
wired,fractal,wired_fractal_14,2,undergraduate,4,expert,0.9295335751229251,0.9181045588989062,0.9877045686881238,0.7502710632042057,0.6888272835377106,0.96698901950723,0.03301098049276996
wired,fractal,wired_fractal_14,2,undergraduate,5,partner,1.1275387780294996,1.1236795299035713,0.9965772812411211,0.47234511854035555,0.5307645407536734,0.9307428313946146,0.06925716860538544
wired,fractal,wired_fractal_14,2,undergraduate,6,expert,0.7803607171862711,0.7652131962067279,0.9805890780418307,0.5282344701601349,0.4042119872578043,0.9592757292584683,0.04072427074153173
wired,fractal,wired_fractal_14,2,undergraduate,7,partner,1.3451295354421813,1.2857561715149264,0.955860486024721,0.34694563262035805,0.4460874883217757,0.8350815850016019,0.1649184149983981
wired,fractal,wired_fractal_14,2,undergraduate,8,expert,1.0478396550289812,1.0126109948284363,0.966379722286291,0.4845084662556853,0.4906186000179693,0.9621821917488655,0.037817808251134455
wired,fractal,wired_fractal_14,2,undergraduate,9,partner,1.3354572487021055,1.3024489208688166,0.9752831265348673,0.40305701223582757,0.524961170635163,0.8405348601327873,0.15946513986721267
wired,fractal,wired_fractal_14,2,undergraduate,10,expert,0.7905172240480416,0.7693575546676482,0.9732331330201597,0.4824566401376982,0.371181660889509,0.9695377596665646,0.030462240333435364
wired,fractal,wired_fractal_14,2,undergraduate,11,partner,1.3618971496023333,1.3016120430813372,0.9557344645742486,0.2867311779080469,0.37321275429201134,0.8283618851255976,0.1716381148744024
wired,fractal,wired_fractal_15,3,graduate,4,expert,0.9106719171167904,0.7806180539083784,0.8571891141422007,0.7789761543915975,0.6080828496822013,0.9938002830994966,0.00619971690050336
wired,fractal,wired_fractal_15,3,graduate,5,partner,1.3335452951843703,1.2953466743186128,0.9713555879918967,0.3394159270083495,0.43966129226103456,0.8444066722914563,0.15559332770854373
wired,fractal,wired_fractal_15,3,graduate,6,expert,1.1936102157521487,1.1842654020606775,0.9921709670635026,0.7824341028898784,0.9266096374448674,0.9675551182147848,0.03244488178521521
wired,fractal,wired_fractal_15,3,graduate,7,partner,1.0515304923434954,0.9013364651912704,0.8571662655085237,0.562507979448724,0.5070089538381967,0.9348819857232874,0.0651180142767126
wired,fractal,wired_fractal_15,3,graduate,8,expert,0.8584418073503259,0.8444205603151503,0.9836666307301163,0.4704987944097815,0.3972988556031104,0.9530475858464214,0.04695241415357865
wired,fractal,wired_fractal_15,3,graduate,9,partner,1.2440979512992736,1.21934014814802,0.9800997958992071,0.5299634289981798,0.6462056860276733,0.9230536908970851,0.07694630910291489
wired,fractal,wired_fractal_15,3,graduate,10,expert,1.0767808361754732,0.9720004635453058,0.9026910870709487,0.45994511083875156,0.44706686094066356,0.9318589836662154,0.06814101633378455
wired,fractal,wired_fractal_15,3,graduate,11,partner,1.1094781472433408,1.1047480575380022,0.9957366535626798,0.4240941925525529,0.46851723543558027,0.8562594711833639,0.14374052881663613
wired,fractal,wired_fractal_15,3,graduate,12,expert,0.8595688469310776,0.8459207487060458,0.98412215813225,0.3587766068461125,0.30349657588147816,0.957441582501234,0.04255841749876599
wired,fractal,wired_fractal_15,3,graduate,13,partner,1.11527764349743,1.077644795696457,0.9662569692655852,0.32458472259661986,0.3497870370688256,0.9018080862804675,0.09819191371953251
wired,fractal,wired_fractal_15,3,graduate,14,expert,0.7871887743167991,0.7755155145512229,0.9851709524482325,0.6630372203381046,0.5141956510971177,0.8494890161358567,0.1505109838641433
wired,fractal,wired_fractal_15,3,graduate,15,partner,1.2513702951249916,1.245249078742001,0.9951083892530992,0.5284342204515381,0.6580322261930253,0.7986820366849806,0.2013179633150194
wired,fractal,wired_fractal_15,3,graduate,16,expert,1.1661431197055534,1.164940560346618,0.9989687720661268,0.4165722737574613,0.48528193801588176,0.8605183541189964,0.13948164588100365
wired,fractal,wired_fractal_15,3,graduate,17,partner,1.0679184977824494,0.8874186301383039,0.830979734858243,0.24077574384461264,0.21366888077311733,0.922614017208215,0.07738598279178499
wired,fractal,wired_fractal_15,3,graduate,18,expert,0.9996972720425272,0.8801022603758784,0.8803687726153546,0.7707027884557199,0.6782972661978716,0.9722860241052534,0.027713975894746556
wired,fractal,wired_fractal_15,3,graduate,19,partner,1.137187490096963,1.1300402303657706,0.9937149680290831,0.29873377244214183,0.33758118102855367,0.8790772638084886,0.12092273619151139
wired,fractal,wired_fractal_15,3,graduate,20,expert,0.9076362406873763,0.8550153720805149,0.9420242755314043,0.33444104868445745,0.285952237679939,0.9297452633258757,0.0702547366741243
wired,fractal,wired_fractal_15,3,graduate,21,partner,1.121444809137088,1.1200869759298677,0.9987892108491152,0.5982680320469498,0.6701122308109811,0.9543921803722651,0.04560781962773486
wired,fractal,wired_fractal_15,3,graduate,22,expert,1.0252516550303503,0.9956515666686437,0.97112895334775,0.5323815008058452,0.5300664753427436,0.9071784506095992,0.09282154939040077
wired,fractal,wired_fractal_16,4,expert,4,partner,1.1924023953470282,1.1611602606073776,0.9737990003521152,0.40016396598133147,0.46465449502456463,0.8747138807480507,0.12528611925194932
wired,fractal,wired_fractal_16,4,expert,5,expert,1.1729998059942588,1.1376440190646877,0.9698586591831763,0.6535492068542686,0.7435063463422291,0.925446253618733,0.074553746381267
wired,fractal,wired_fractal_16,4,expert,6,partner,1.1247162250876312,1.1165300578246167,0.9927215709337086,0.5678427289343171,0.6340134749723212,0.9174178596837254,0.08258214031627464
wired,fractal,wired_fractal_16,4,expert,7,expert,1.090767889785743,1.0578409770068404,0.9698130893949032,0.20171269857106655,0.21337995813110336,0.8904110898683796,0.10958891013162042
wired,fractal,wired_fractal_16,4,expert,8,partner,1.0347578605584884,1.0012002364896904,0.9675695876795237,0.426155293245981,0.4266667803792095,0.8609036668743805,0.13909633312561953
wired,fractal,wired_fractal_16,4,expert,9,expert,1.1091072452377895,1.1061863455018512,0.9973664406670525,0.1749877700884105,0.19356908190161695,0.8039558449462806,0.19604415505371942
wired,fractal,wired_fractal_16,4,expert,10,partner,1.0052582682365887,0.9414876984672359,0.9365629989971085,0.33978058663015276,0.3198992424902698,0.9132116476514048,0.08678835234859517
wired,fractal,wired_fractal_16,4,expert,11,expert,1.0098119347788717,0.9915687999663697,0.9819341263603912,0.3953320188423015,0.39199889551174316,0.8734455101986399,0.12655448980136008
wired,fractal,wired_fractal_16,4,expert,12,partner,0.9525089441798044,0.9144598783939545,0.9600538493425135,0.7025640834009101,0.6424666662707564,0.8975536219080942,0.10244637809190582
wired,fractal,wired_fractal_16,4,expert,13,expert,0.9463586175733448,0.8987308769284243,0.949672629633788,0.28980851330216206,0.26045985930137505,0.9108900462030067,0.08910995379699327
wired,fractal,wired_fractal_16,4,expert,14,partner,1.1224519209700723,1.0328967935755142,0.9202147319431901,0.45242993393297204,0.46731342807694853,0.9260491096955566,0.07395089030444335
wired,fractal,wired_fractal_16,4,expert,15,expert,1.1630286254519862,1.1506249124635541,0.9893349890811148,0.33686991162934166,0.3876109125801165,0.9100324059036683,0.0899675940963317
wired,fractal,wired_fractal_16,4,expert,16,partner,1.0396352281575998,1.0396327268886356,0.9999975940888722,0.20554380989570203,0.21369007157694803,0.8649524332520393,0.1350475667479607
wired,fractal,wired_fractal_16,4,expert,17,expert,0.944466141778979,0.9100772636452653,0.9635890831725286,0.13264449622563199,0.12071674016262789,0.8804328946608045,0.11956710533919546
wired,fractal,wired_fractal_16,4,expert,18,partner,1.088382879165571,1.0385373221789926,0.9542021856998084,0.3952383276366025,0.4104697544062205,0.9225168375217347,0.07748316247826526
wired,fractal,wired_fractal_16,4,expert,19,expert,0.948620597975127,0.9340975308033508,0.9846903311990474,0.29463483973884785,0.27521767628869875,0.9365226039934302,0.06347739600656976
wired,fractal,wired_fractal_16,4,expert,20,partner,1.1543459358912675,1.1235641350100483,0.9733339894696071,0.42395536301125425,0.47634104072461086,0.9322091119588685,0.06779088804113154
wired,fractal,wired_fractal_16,4,expert,21,expert,1.2142686494866308,1.202415096888094,0.9902381136130471,0.26765704144469016,0.3218348674214977,0.8952213836881499,0.10477861631185015
wired,fractal,wired_fractal_16,4,expert,22,partner,1.0245155269399282,1.0115562471584467,0.9873508214939638,0.41992060369276984,0.42477330997596763,0.8017923933116459,0.19820760668835413
wired,fractal,wired_fractal_16,4,expert,23,expert,1.0366172365984505,0.971749052876471,0.9374232055645002,0.283307073954261,0.27530338078825745,0.8852813467556094,0.11471865324439057
wired,fractal,wired_fractal_16,4,expert,24,partner,1.0592301927399528,0.8577101708519225,0.809748604911308,0.3383526628154243,0.2902085202316205,0.9286046979303557,0.07139530206964428
wired,fractal,wired_fractal_16,4,expert,25,expert,1.0623697099383227,1.054635740782168,0.9927200774976948,0.5534505349250278,0.5836887148869438,0.9260653914758425,0.07393460852415745
wired,fractal,wired_fractal_16,4,expert,26,partner,0.8773294861787426,0.8506017071137244,0.9695350726414063,0.44825627099187293,0.3812875493301194,0.920144352291974,0.079855647708026
wired,fractal,wired_fractal_16,4,expert,27,expert,0.9401794178768574,0.9189145831839381,0.977382152502426,0.4390435279705167,0.40344350050463307,0.9561546060264513,0.043845393973548696
wired,fractal,wired_fractal_16,4,expert,28,partner,0.7869022775905998,0.7649660071322409,0.9721232596676461,0.23316326342750607,0.17836197063406217,0.9068062574438405,0.09319374255615953
wired,fractal,wired_fractal_16,4,expert,29,expert,0.9020859368902086,0.8931981292921327,0.9901474934531125,0.37079955849844676,0.33119747199316135,0.9251122349216975,0.07488776507830253
wired,fractal,wired_fractal_16,4,expert,30,partner,1.0911139600747979,1.0589751606956794,0.9705449654609076,0.28308241621142693,0.29977724719761706,0.892374023706805,0.10762597629319504
wired,fractal,wired_fractal_16,4,expert,31,expert,1.1315998527765156,1.1150515147170788,0.9853761574643024,0.3056090180854328,0.34076979852736095,0.9055812631621164,0.0944187368378836
wired,fractal,wired_fractal_16,4,expert,32,partner,1.1424409337708636,1.1348903483966823,0.9933908308500007,0.2527142172366853,0.28680292604453667,0.8640748068750324,0.13592519312496765
wired,fractal,wired_fractal_16,4,expert,33,expert,0.8985621146465685,0.8902180227351394,0.9907139509039931,0.37208778651721297,0.331239253597248,0.9188870730039613,0.08111292699603867
wired,fractal,wired_fractal_16,4,expert,34,partner,1.02934683180504,1.0253627632478164,0.9961295178309982,0.48104286379650474,0.49324344006302706,0.9416916109609722,0.0583083890390278
wired,fractal,wired_fractal_16,4,expert,35,expert,1.135969651924344,1.1321917088143856,0.9966742570062894,0.15405724469420545,0.1744223351255684,0.7941858546256693,0.20581414537433074
wired,gravity,wired_gravity_12,0,child,4,expert,1.2834520629453234,1.2165195328985343,0.9478496065570713,0.6686999143699617,0.8134865074786357,0.9623298944936138,0.037670105506386165
wired,gravity,wired_gravity_12,0,child,5,partner,1.2053206900871902,1.1068105899659184,0.9182706304368972,0.3982357535143455,0.44077154929273477,0.9115250584406167,0.08847494155938329
wired,gravity,wired_gravity_12,0,child,6,expert,1.0744119202691034,1.0551166122595437,0.9820410518102693,0.7250173366830079,0.7649778361104124,0.8967489564235678,0.10325104357643222
wired,gravity,wired_gravity_12,0,child,7,partner,1.078287858612718,1.0711916299187636,0.9934189848858378,0.38798064726962467,0.41560162192568617,0.9276303869410091,0.07236961305899092
wired,gravity,wired_gravity_12,0,child,8,expert,0.9459685723268036,0.9329748992739825,0.9862641598950304,0.4557355179451914,0.4251897989504912,0.9084321261556298,0.09156787384437015
wired,gravity,wired_gravity_12,0,child,9,partner,1.0995871587840438,1.0217623938463751,0.9292236506065977,0.3963877637380327,0.40501411036838364,0.92619501415996,0.07380498584004003
wired,gravity,wired_gravity_12,0,child,10,expert,0.9995706968199883,0.985866549045197,0.986289966463227,0.24348219654138908,0.24004095285820365,0.8927052666622609,0.10729473333773909
wired,gravity,wired_gravity_12,0,child,11,partner,1.158177755761355,1.1369582279441408,0.9816785223920599,0.3159057030543194,0.35917158834208696,0.7937688896565727,0.20623111034342734
wired,gravity,wired_gravity_12,0,child,12,expert,0.9719211295137838,0.9092866320565121,0.935555987460072,0.48391743750994703,0.44001965694683737,0.9449675512518696,0.0550324487481304
wired,gravity,wired_gravity_12,0,child,13,partner,1.2013215771951926,1.18521353507297,0.9865913986487965,0.6902860495970888,0.8181363690545211,0.967478820350978,0.032521179649022014
wired,gravity,wired_gravity_12,0,child,14,expert,0.9926367215175659,0.8495089459065348,0.8558105170710693,0.5019403979083115,0.4264028583349963,0.9760602136614448,0.023939786338555202
wired,gravity,wired_gravity_12,0,child,15,partner,1.1661044953929232,1.1547942631907302,0.9903008416073619,0.4001944280036045,0.46214222961945817,0.9421354760211695,0.05786452397883046
wired,gravity,wired_gravity_12,0,child,16,expert,1.1916563768045223,1.1829872407235054,0.992725137673281,0.35504218291837936,0.42001037231106364,0.916637659052039,0.08336234094796102
wired,gravity,wired_gravity_12,0,child,17,partner,1.1523758729107758,1.1491148720199431,0.9971701933644332,0.48443068734877326,0.5566665072953186,0.7877616819478465,0.21223831805215354
wired,gravity,wired_gravity_12,0,child,18,expert,1.1318435454985516,1.0909144814438354,0.9638385850955647,0.49002799727808066,0.5345786385435786,0.9091326521700058,0.09086734782999417
wired,gravity,wired_gravity_12,0,child,19,partner,1.2106310548795347,1.1297519194775916,0.9331925816070162,0.3245824412643462,0.36669763604711775,0.892964312299463,0.10703568770053695
wired,gravity,wired_gravity_12,0,child,20,expert,0.9919437872885888,0.8509094401584706,0.857820222336909,0.5691911933285476,0.48433015965832626,0.9163978823567555,0.08360211764324454
wired,gravity,wired_gravity_12,0,child,21,partner,1.2053880086563296,1.1285492940502397,0.9362539580158261,0.36836488885405305,0.4157179352691366,0.9057356410422309,0.09426435895776908
wired,gravity,wired_gravity_12,0,child,22,expert,1.1411985791959458,1.109084538712559,0.9718593756864073,0.42274690264082365,0.468862053507561,0.8443535142556222,0.15564648574437778
wired,gravity,wired_gravity_12,0,child,23,partner,1.076030099694756,0.9146011306918267,0.8499772738238708,0.3895831471690705,0.3563131868993122,0.9443029655655351,0.05569703443446494
wired,gravity,wired_gravity_12,0,child,24,expert,1.1685159321260108,1.1359706055169316,0.9721481532983139,0.34134159057752933,0.3877540133364686,0.8508417572620354,0.14915824273796463
wired,gravity,wired_gravity_12,0,child,25,partner,0.9951685139281048,0.9122995820854041,0.9167287442440083,0.21318505665782783,0.1944886380957895,0.8502419993252862,0.1497580006747138
wired,gravity,wired_gravity_12,0,child,26,expert,1.0147007870127753,0.8720422701718744,0.8594082919145658,0.49043748190211245,0.4276822150952957,0.9586831142562582,0.041316885743741816
wired,gravity,wired_gravity_12,0,child,27,partner,0.99347942457832,0.9548414944118535,0.961108474708646,0.26356646625227936,0.2516641985131778,0.8983586874237296,0.1016413125762704
wired,gravity,wired_gravity_12,0,child,28,expert,0.8674659965001201,0.728601263974439,0.8399191056631788,0.3549629585977998,0.2586264602984634,0.9624362615843488,0.03756373841565119
wired,gravity,wired_gravity_12,0,child,29,partner,1.0924236298879249,1.0913719183823036,0.9990372677065505,0.3475057182042519,0.37925798232539465,0.9222982551244363,0.0777017448755637
wired,gravity,wired_gravity_12,0,child,30,expert,1.0189677856776136,1.0082911857481198,0.9895221418375033,0.33019401251823366,0.3329317124089393,0.8953364272192772,0.1046635727807228
wired,gravity,wired_gravity_12,0,child,31,partner,0.8744822476613254,0.8660019453730581,0.9903024877726941,0.3896796255269346,0.33746331377857014,0.909289396704426,0.09071060329557401
wired,gravity,wired_gravity_12,0,child,32,expert,1.2297079746126314,1.2193039226640756,0.9915394124748806,0.48855405884946035,0.5956958803886027,0.7528750437331375,0.24712495626686248
wired,gravity,wired_gravity_12,0,child,33,partner,1.0543754157034584,1.0485905394231725,0.9945134567867168,0.30871829347293084,0.3237190818825818,0.9146784532358806,0.0853215467641194
wired,gravity,wired_gravity_12,0,child,34,expert,1.154034503824935,0.9890046736822249,0.856997490459261,0.29848049944995114,0.29519860895900646,0.9115257644764437,0.08847423552355627
wired,gravity,wired_gravity_12,0,child,35,partner,0.8709117673092228,0.7137962284994913,0.8195964910475642,0.247606289659594,0.17674043571177078,0.9560526720507593,0.04394732794924072
wired,gravity,wired_gravity_12,0,child,36,expert,1.1254213541224813,1.0251645943828547,0.9109162453926332,0.35205657155462144,0.36091593237761194,0.8954420530133829,0.10455794698661713
wired,gravity,wired_gravity_12,0,child,37,partner,1.0623267011689288,1.0524273771600363,0.9906814692702437,0.3384034275707263,0.35614503170022577,0.9071436578490755,0.09285634215092453
wired,gravity,wired_gravity_12,0,child,38,expert,1.0712202107703737,1.0475926977558234,0.9779433651662188,0.2495724456588707,0.261450271633295,0.8717208417261575,0.1282791582738425
wired,gravity,wired_gravity_13,1,teenager,4,expert,1.053874587449418,1.0466798720715829,0.9931730820113606,0.576077749880844,0.6029689855485671,0.9641710889788593,0.03582891102114072
wired,gravity,wired_gravity_13,1,teenager,5,partner,1.0699088937536652,1.058671287116946,0.9894966695731607,0.5404468185468985,0.5721555290093036,0.9418743806150778,0.05812561938492222
wired,gravity,wired_gravity_13,1,teenager,6,expert,0.9604476005463465,0.8978968249750673,0.9348733074697336,0.3051724724739421,0.2740133941041437,0.911016286538309,0.08898371346169098
wired,gravity,wired_gravity_13,1,teenager,7,partner,0.9150150036206045,0.8916763871900094,0.9744937336117753,0.518824869159706,0.462623884916656,0.9337814456737891,0.06621855432621093
wired,gravity,wired_gravity_13,1,teenager,8,expert,1.1645662118364009,1.1609467667802897,0.9968920229521337,0.6229509228417469,0.7232128597359239,0.9568444141859817,0.04315558581401835
wired,gravity,wired_gravity_13,1,teenager,9,partner,1.0932402063248443,1.0127311636735443,0.9263574078354889,0.6492021453508096,0.6574672441204868,0.9648649722458088,0.035135027754191195
wired,gravity,wired_gravity_13,1,teenager,10,expert,1.0056339418737301,0.9764390710849562,0.9709686899237429,0.681468613858793,0.6654125802898325,0.9495942618085437,0.05040573819145633
wired,gravity,wired_gravity_13,1,teenager,11,partner,1.0708542072654523,1.0508935227745515,0.9813600354217648,0.42012486451811815,0.44150649887862636,0.9315676808644412,0.0684323191355588
wired,gravity,wired_gravity_13,1,teenager,12,expert,0.827593154192366,0.7843133738825605,0.9477040377974257,0.5664436159613376,0.4442693035488741,0.9335923342269593,0.06640766577304069
wired,gravity,wired_gravity_13,1,teenager,13,partner,1.2569718073842087,1.2510256130970867,0.9952694290729627,0.19688120793983482,0.24630343387022688,0.806482511411354,0.19351748858864604
wired,gravity,wired_gravity_13,1,teenager,14,expert,0.9901180920907718,0.9688568255963231,0.9785265346979661,0.4764369605027793,0.4615992011494835,0.8935603273981829,0.10643967260181708
wired,gravity,wired_gravity_13,1,teenager,15,partner,0.9436003222452946,0.9271127115609051,0.9825269128287921,0.4754188177329396,0.44076682923546534,0.9065007217904876,0.09349927820951243
wired,gravity,wired_gravity_13,1,teenager,16,expert,0.7530441462449529,0.7331017860536886,0.9735176745059634,0.5524422233160801,0.404996380604489,0.9834090701944713,0.016590929805528676
wired,gravity,wired_gravity_13,1,teenager,17,partner,1.032276319247022,1.0293666811014877,0.997181337891531,0.41976141423130475,0.43208841382174495,0.9273573220431623,0.07264267795683765
wired,gravity,wired_gravity_13,1,teenager,18,expert,0.8779342917421913,0.8695512183676185,0.9904513658318008,0.45867088603158535,0.3988378277785201,0.95565104026854,0.044348959731460025
wired,gravity,wired_gravity_13,1,teenager,19,partner,1.22193571816165,1.2067935688332556,0.9876080639068618,0.22296630910768883,0.26907430789764664,0.7827115815016505,0.21728841849834946
wired,gravity,wired_gravity_13,1,teenager,20,expert,0.9538080629155842,0.926843746092303,0.9717298292259883,0.511111351749373,0.47372035992568967,0.951373212646113,0.048626787353887035
wired,gravity,wired_gravity_13,1,teenager,21,partner,0.8821675155536569,0.8794414690601208,0.9969098312435342,0.22149115466208447,0.194788506439846,0.885693259336876,0.11430674066312396
wired,gravity,wired_gravity_13,1,teenager,22,expert,0.8282402151454564,0.8144766384404447,0.983382143906671,0.391555352512895,0.3189126872780661,0.9362806539606728,0.06371934603932716
wired,gravity,wired_gravity_13,1,teenager,23,partner,1.1688465229028422,1.0102499950605446,0.8643136419234188,0.25789357230221704,0.260536980144461,0.8783606921058901,0.12163930789410993
wired,gravity,wired_gravity_13,1,teenager,24,expert,0.7429761914460973,0.6939112231819456,0.9339615874236998,0.5302559908326416,0.36795058319823293,0.9784374125462298,0.021562587453770155
wired,gravity,wired_gravity_13,1,teenager,25,partner,1.2029051977605763,1.1900460157683084,0.9893098957281115,0.3609850376218118,0.42958880577381003,0.8834575354148368,0.11654246458516315
wired,gravity,wired_gravity_13,1,teenager,26,expert,1.150884796427772,1.1447394505652293,0.9946603292678712,0.23741445991793883,0.27177769840270194,0.8956307323738899,0.1043692676261101
wired,gravity,wired_gravity_13,1,teenager,27,partner,1.155134460807573,1.1303002071210408,0.9785009844913216,0.3276670693872167,0.3703621563951155,0.8628364046973294,0.13716359530267064
wired,gravity,wired_gravity_13,1,teenager,28,expert,0.9086141865961648,0.9061973124055227,0.9973400435219998,0.43037496386947793,0.39000463558514487,0.9148647315284267,0.08513526847157327
wired,gravity,wired_gravity_13,1,teenager,29,partner,1.18879747143268,1.1659864946227276,0.9808117216270298,0.34589760853014595,0.4033119400684494,0.835512341362103,0.16448765863789705
wired,gravity,wired_gravity_13,1,teenager,30,expert,0.9692244259186404,0.9405012412261199,0.970364774220102,0.3440059483790441,0.3235380214396595,0.8946386348971113,0.10536136510288874
wired,gravity,wired_gravity_13,1,teenager,31,partner,1.0960179322410086,1.0256326655577828,0.9357809168867829,0.2947717119414044,0.3023274966494935,0.8753225265190222,0.1246774734809778
wired,gravity,wired_gravity_13,1,teenager,32,expert,0.9094461167476268,0.8585602619127762,0.9440474219431787,0.46423956013103185,0.3985776383363707,0.9047552437386935,0.09524475626130646
wired,gravity,wired_gravity_14,2,undergraduate,4,expert,1.2445384239083506,1.200957939967673,0.9649826127466741,0.6129984876610389,0.7361854009447004,0.9084428099211137,0.0915571900788863
wired,gravity,wired_gravity_14,2,undergraduate,5,partner,0.9594900900712601,0.916248189999711,0.954932416165661,0.5497580262599818,0.5037147964985219,0.9641925188565162,0.035807481143483755
wired,gravity,wired_gravity_14,2,undergraduate,6,expert,0.9063415696321458,0.8075448429460035,0.8909939365054924,0.7424146862953886,0.5995331512452161,0.9416172152640143,0.05838278473598568
wired,gravity,wired_gravity_14,2,undergraduate,7,partner,1.1914499269681327,1.1883459213546295,0.9973947662052408,0.3541053309345089,0.420799625745955,0.8783444668169561,0.1216555331830439
wired,gravity,wired_gravity_14,2,undergraduate,8,expert,0.7989483199298947,0.7961428268096686,0.9964885174031424,0.43121199213543226,0.3433063343729316,0.9257209813124648,0.07427901868753517
wired,gravity,wired_gravity_14,2,undergraduate,9,partner,0.9689057831979141,0.967805525812733,0.9988644330488476,0.2691575919211178,0.26049220477570645,0.9174475766841653,0.08255242331583468
wired,gravity,wired_gravity_14,2,undergraduate,10,expert,1.190620377148504,1.1736063300430615,0.985709931198073,0.4308688415511156,0.5056703998627101,0.901974845816199,0.09802515418380098
wired,gravity,wired_gravity_14,2,undergraduate,11,partner,1.059818716763269,0.9601757781347741,0.9059811484234636,0.3026499099800515,0.29059711281751527,0.8486392817669587,0.1513607182330413
wired,gravity,wired_gravity_14,2,undergraduate,12,expert,0.9607322848567278,0.8723437870448004,0.9079988263056897,0.5859355140365456,0.511137205278682,0.9686740356045254,0.03132596439547464
wired,gravity,wired_gravity_14,2,undergraduate,13,partner,1.1479495059367906,1.1429463052027362,0.9956416195057576,0.4921306416079205,0.5624788985028247,0.9245884219698304,0.07541157803016962
wired,gravity,wired_gravity_14,2,undergraduate,14,expert,0.9365138319425649,0.9138925835599546,0.9758452597153168,0.4969077684647836,0.4541203243132928,0.9338769139350426,0.06612308606495743
wired,gravity,wired_gravity_14,2,undergraduate,15,partner,0.887903839103981,0.8667786622941245,0.9762078100347545,0.26935746157435947,0.23347330022236434,0.9081583463690458,0.0918416536309542
wired,gravity,wired_gravity_14,2,undergraduate,16,expert,0.9110252147981087,0.8672404313256186,0.9519389993139266,0.3482583560715552,0.3020237269322464,0.9458855368203856,0.054114463179614436
wired,gravity,wired_gravity_14,2,undergraduate,17,partner,1.1430615135011029,1.1424892990393694,0.9994994018642265,0.6380977618665179,0.7290198646734685,0.8416189874727057,0.1583810125272943
wired,gravity,wired_gravity_14,2,undergraduate,18,expert,1.0188954569885524,0.9835831469789124,0.9653425581904402,0.28511932369179915,0.28043856166127895,0.8939487017877574,0.10605129821224257
wired,gravity,wired_gravity_14,2,undergraduate,19,partner,0.9446285163215896,0.8852298039266165,0.9371195010847116,0.27810210052530837,0.24618426791959894,0.8806275127994694,0.11937248720053062
wired,gravity,wired_gravity_14,2,undergraduate,20,expert,1.0157043484040331,0.9225791679214346,0.9083146777604786,0.4709094758829847,0.4344512724264429,0.9354781107021132,0.06452188929788683
wired,gravity,wired_gravity_14,2,undergraduate,21,partner,1.1355293412972782,1.1118869240867908,0.9791793867832103,0.19839858821350842,0.2205967959918797,0.8557231680578368,0.14427683194216323
wired,gravity,wired_gravity_14,2,undergraduate,22,expert,0.9502130856980012,0.8485618004458173,0.8930226422019787,0.5918164562224488,0.5021928376255844,0.7735221609876534,0.22647783901234664
wired,gravity,wired_gravity_14,2,undergraduate,23,partner,1.0075920431903158,0.8217078151288667,0.8155163795520818,0.4352505812695835,0.3576488041685987,0.9006812384222029,0.09931876157779707
wired,gravity,wired_gravity_14,2,undergraduate,24,expert,1.0159547543842977,0.922152340642561,0.907670677913711,0.3633063582746711,0.3350238086533128,0.9018795523682975,0.09812044763170247
wired,gravity,wired_gravity_14,2,undergraduate,25,partner,1.1348770395804848,0.9754313119733998,0.8595039620619298,0.6136989794196648,0.5986212006520601,0.8684224131800062,0.13157758681999376
wired,gravity,wired_gravity_14,2,undergraduate,26,expert,0.9096385414904107,0.45397513539182444,0.4990720101277845,0.8399802786046302,0.3813301607059994,0.9704908099267486,0.029509190073251368
wired,gravity,wired_gravity_14,2,undergraduate,27,partner,0.897203287797115,0.8096605263435146,0.9024270612411098,0.6979237843958039,0.5650813386215642,0.894095787939669,0.10590421206033096
wired,gravity,wired_gravity_14,2,undergraduate,28,expert,1.190411682144516,1.166402872254442,0.9798315068214029,0.22309067111604805,0.2602135995629295,0.847282061748976,0.15271793825102398
wired,gravity,wired_gravity_14,2,undergraduate,29,partner,0.8274855896280352,0.5112430391212034,0.6178271205307582,0.7222406787168452,0.36924051956416054,0.9890729642169863,0.010927035783013683
wired,gravity,wired_gravity_15,3,graduate,4,expert,1.0180062797798048,0.9875253293779475,0.9700581902015176,0.6397687846505333,0.6317878797877471,0.9632182235298196,0.03678177647018044
wired,gravity,wired_gravity_15,3,graduate,5,partner,1.0566615535791368,0.9596242765206706,0.9081661703970504,0.30277165129612926,0.2905470268260168,0.7939812362600203,0.20601876373997974
wired,gravity,wired_gravity_15,3,graduate,6,expert,1.0731624972757645,1.0606987424141374,0.9883859574908227,0.4097830063732083,0.4346563195227465,0.9333684422600391,0.06663155773996088
wired,gravity,wired_gravity_15,3,graduate,7,partner,0.8440252650709907,0.8138522837671047,0.9642510922912806,0.2610503476832924,0.21245642164024423,0.9367402685542071,0.06325973144579289
wired,gravity,wired_gravity_15,3,graduate,8,expert,0.9780565489075203,0.9580449381111887,0.9795394133195429,0.3984594191114619,0.3817420295224607,0.813072176574212,0.18692782342578795
wired,gravity,wired_gravity_15,3,graduate,9,partner,0.9902912011856561,0.38043091991363415,0.3841606584586105,0.9311361489387547,0.35423298170560913,0.982748688683644,0.017251311316356044
wired,gravity,wired_gravity_15,3,graduate,10,expert,0.9849591181635072,0.8031492784212355,0.8154138213552677,0.7063962384681648,0.5673416292051816,0.9773160443124864,0.02268395568751358
wired,gravity,wired_gravity_15,3,graduate,11,partner,1.096767042649708,1.0943411937374565,0.9977881821581831,0.13048502842024365,0.14279514176627536,0.7504350296103374,0.24956497038966263
wired,gravity,wired_gravity_15,3,graduate,12,expert,1.0694951461837316,0.9823628540399667,0.9185295113721677,0.4421438989146399,0.4343457424341442,0.860408165231039,0.13959183476896098
wired,gravity,wired_gravity_15,3,graduate,13,partner,0.7893631700515537,0.7746339073302517,0.9813403218174959,0.7401927304628,0.5733783869758466,0.9527002700035075,0.04729972999649246
wired,gravity,wired_gravity_15,3,graduate,14,expert,0.7568749991251518,0.7338915625928346,0.9696337749828537,0.5649405582766671,0.41460510908573156,0.9612664393579454,0.038733560642054576
wired,gravity,wired_gravity_15,3,graduate,15,partner,0.9973355647290042,0.9973119933296658,0.9999763656274057,0.22264055194671997,0.2220420926580003,0.8498262076247514,0.15017379237524864
wired,gravity,wired_gravity_15,3,graduate,16,expert,0.5985126585948257,0.5976024701036229,0.9984792493874094,0.6069864773833096,0.36273661820376263,0.9684234275132615,0.03157657248673851
wired,gravity,wired_gravity_15,3,graduate,17,partner,0.9244767858563748,0.9179719378869275,0.9929637519622361,0.35139238441580256,0.32256834808088247,0.9288608746642207,0.07113912533577926
wired,gravity,wired_gravity_15,3,graduate,18,expert,0.7355619501686744,0.7312809219032432,0.994179921534218,0.44117748074284124,0.3226246748405753,0.9524125736563008,0.04758742634369917
wired,gravity,wired_gravity_15,3,graduate,19,partner,0.8902164855434515,0.887550347532621,0.9970050678064001,0.5810439431836278,0.5157057537043533,0.9441884031235938,0.055811596876406244
wired,gravity,wired_gravity_15,3,graduate,20,expert,0.9806670308728618,0.9709707679759652,0.9901125839937166,0.3029891164046144,0.29419357504374755,0.9265190456318313,0.0734809543681687
wired,gravity,wired_gravity_15,3,graduate,21,partner,1.2857310975978684,1.278724777202704,0.9945507109462866,0.1224986636812316,0.15664207642341185,0.7137742181028733,0.28622578189712666
wired,gravity,wired_gravity_15,3,graduate,22,expert,0.7098142971612276,0.6607988723488852,0.9309461291364495,0.46064224604899495,0.3043918767454336,0.9655432099910115,0.03445679000898849
wired,gravity,wired_gravity_15,3,graduate,23,partner,0.9249634942504757,0.9149337785879826,0.9891566362069136,0.4328415881791461,0.39602138980276963,0.912574699563595,0.08742530043640495
wired,gravity,wired_gravity_15,3,graduate,24,expert,1.0072490663897629,0.987007841068204,0.9799044486632402,0.41988986998328826,0.4144345940586142,0.9331056394916011,0.06689436050839892
wired,gravity,wired_gravity_15,3,graduate,25,partner,0.7407006469797436,0.7287294193168242,0.983837967858248,0.4916825772458798,0.3583035590045896,0.9147044992620456,0.08529550073795444
wired,gravity,wired_gravity_15,3,graduate,26,expert,1.0866813888167977,1.0770639917858233,0.9911497545362057,0.21290493043662778,0.22931223424695735,0.8389121913656601,0.1610878086343399
wired,gravity,wired_gravity_15,3,graduate,27,partner,0.8838940735057628,0.7904968794727777,0.8943344040497513,0.2566905526175641,0.2029130808343273,0.9134597838248221,0.08654021617517793
wired,gravity,wired_gravity_16,4,expert,4,expert,0.6971102397675307,0.6872027144359317,0.9857877208404101,0.6277833954388077,0.43141445342335455,0.9418193403733469,0.058180659626653086
wired,gravity,wired_gravity_16,4,expert,5,partner,0.8669150110766228,0.8641988494217406,0.9968668651238305,0.49399988528823796,0.4269141324805671,0.9612808828193873,0.03871911718061272
wired,gravity,wired_gravity_16,4,expert,6,expert,0.9681839589325608,0.9649003998356979,0.9966085380081284,0.3617681066704885,0.34907019077415774,0.9339418512449036,0.06605814875509641
wired,gravity,wired_gravity_16,4,expert,7,partner,0.7157422980812415,0.7016392188589488,0.9802958700902819,0.5938385011724318,0.41666038209099393,0.9795404712129637,0.020459528787036274
wired,gravity,wired_gravity_16,4,expert,8,expert,1.1244183953030098,1.117481869641867,0.9938310101550166,0.3248116967849779,0.36297118220482427,0.9135201935797862,0.0864798064202138
wired,gravity,wired_gravity_16,4,expert,9,partner,1.1727822034023923,1.1642825395057526,0.9927525640541152,0.2892369618008338,0.33675354440440314,0.8573603280740082,0.1426396719259918
wired,gravity,wired_gravity_16,4,expert,10,expert,1.0011041965102698,0.9748864166271033,0.9738111377661461,0.35870560086212167,0.34969721784854574,0.9385868369157115,0.06141316308428846
wired,gravity,wired_gravity_16,4,expert,11,partner,0.9194238468706453,0.9128676677721637,0.9928692527153944,0.4733071942381301,0.4320668345439483,0.9333367498975585,0.06666325010244145
wired,gravity,wired_gravity_16,4,expert,12,expert,1.2081396796962485,1.1572041434591605,0.9578396959440549,0.3465966331916978,0.4010830600384275,0.8305449147005259,0.16945508529947406
wired,gravity,wired_gravity_16,4,expert,13,partner,0.9406748648002152,0.9270917902616284,0.9855602875681628,0.417277137888471,0.38685420880027094,0.8513729987026661,0.14862700129733386
wired,gravity,wired_gravity_16,4,expert,14,expert,1.1309438002039938,1.0382527765435454,0.9180409993452837,0.14191012287499824,0.14733857909460263,0.8497475265015196,0.15025247349848037
wired,gravity,wired_gravity_16,4,expert,15,partner,1.0137272836731095,0.9727187863129588,0.9595468149850704,0.25030772058102396,0.24347902216833686,0.8517359779472166,0.14826402205278344
wired,gravity,wired_gravity_16,4,expert,16,expert,0.7770302390170112,0.75567023869159,0.9725107219077918,0.4380555384950213,0.33102553333470575,0.9581660791937678,0.04183392080623216
wired,gravity,wired_gravity_16,4,expert,17,partner,0.7920121634391436,0.7902458070610718,0.9977697862979787,0.4660787996481425,0.368316817182002,0.943920388620845,0.05607961137915496
wired,gravity,wired_gravity_16,4,expert,18,expert,1.0682846581951384,1.06408150623477,0.9960655131297441,0.2346191927203667,0.24965394398147356,0.8598470735021589,0.14015292649784106
wired,gravity,wired_gravity_16,4,expert,19,partner,0.9367026425253785,0.93425993867609,0.9973922312808895,0.3518670152124924,0.328735256054562,0.9253466040285713,0.07465339597142873
wired,gravity,wired_gravity_16,4,expert,20,expert,1.0720903205029768,1.0481911330178482,0.9777078600290934,0.15746628868582604,0.16505476754971157,0.7999142312416813,0.20008576875831874
wired,gravity,wired_gravity_16,4,expert,21,partner,0.825127042424526,0.7451445709159421,0.9030664765579988,0.489176567232893,0.3645072632928876,0.963191576470313,0.03680842352968705
wired,gravity,wired_gravity_16,4,expert,22,expert,0.8891391346344005,0.8845528223154092,0.9948418507955203,0.5077594730382288,0.4491400749333502,0.9543620713486552,0.04563792865134475
wired,gravity,wired_gravity_16,4,expert,23,partner,1.0647630934964074,1.0639956638690915,0.9992792484703849,0.1768376301368325,0.18815447167447596,0.8408606457468814,0.15913935425311865
wired,gravity,wired_gravity_16,4,expert,24,expert,0.7240346154203903,0.6952808939809365,0.9602868138787549,0.3567142975832013,0.24801663571943,0.950646047464656,0.049353952535344026
wired,gravity,wired_gravity_16,4,expert,25,partner,0.7879238392516107,0.7684393293245068,0.9752710744904152,0.28467998005319006,0.21875929294418733,0.9045128838447511,0.09548711615524885
wired,gravity,wired_gravity_16,4,expert,26,expert,0.914377738902024,0.9071382012914813,0.992082552643694,0.145408396335461,0.13190551110442889,0.8655005561329022,0.13449944386709778
wired,gravity,wired_gravity_16,4,expert,27,partner,0.9230419720028146,0.8885165283178825,0.9625960197552216,0.3973147009880237,0.35302067877153637,0.9334382819877307,0.06656171801226929
wired,gravity,wired_gravity_16,4,expert,28,expert,0.6756437565172682,0.6468235400616006,0.957344064562686,0.6880990054431548,0.44507863461360797,0.9637005336720155,0.03629946632798453
wired,gravity,wired_gravity_16,4,expert,29,partner,0.9380017518500006,0.9224242561782939,0.983392892772357,0.27344608286733524,0.25223329959376983,0.9042723944436182,0.09572760555638182
wired,gravity,wired_gravity_16,4,expert,30,expert,0.9798397525906878,0.9768436102147626,0.9969422118576019,0.18724305942219072,0.1829071861536301,0.8717665981634559,0.12823340183654408
wired,gravity,wired_gravity_16,4,expert,31,partner,0.879490355400022,0.8771127383449829,0.9972965967830826,0.24528184553535048,0.21513983120382238,0.9178339040113636,0.08216609598863645
wired,gravity,wired_gravity_16,4,expert,32,expert,0.8926212745000032,0.8753830457552074,0.9806880821259472,0.19906026815296873,0.1742539838245941,0.9196506331913635,0.08034936680863647
wired,gravity,wired_gravity_16,4,expert,33,partner,0.9377051003220983,0.9108931158823524,0.9714068053682257,0.14026477283800243,0.1277662159789384,0.8795349877574618,0.12046501224253825
wired,gravity,wired_gravity_16,4,expert,34,expert,0.9703289337684787,0.96136227085849,0.9907591512538377,0.5764223611475066,0.5541507100863795,0.8802570709945089,0.1197429290054911
wired,gravity,wired_gravity_16,4,expert,35,partner,1.0190754016829078,1.017954543775197,0.9989001226927282,0.24323837127327308,0.24760560525810665,0.7890781538434453,0.21092184615655474
wired,gravity,wired_gravity_16,4,expert,36,expert,0.9487338485574746,0.8108122856192801,0.8546256538134954,0.24636766328775342,0.19975792817302454,0.8668455470125617,0.13315445298743833
wired,gravity,wired_gravity_16,4,expert,37,partner,0.7427552641859648,0.6787230334734111,0.9137909432609075,0.3254541773481391,0.22089324650632247,0.9546507087370415,0.0453492912629585
wired,hacking,wired_hacking_12,0,child,4,expert,0.8888913722788168,0.8280623796698032,0.9315675745012575,0.6336889587604845,0.5247339871616866,0.9707953550209071,0.02920464497909292
wired,hacking,wired_hacking_12,0,child,5,partner,0.8721027599924773,0.8511789901444599,0.976007678442419,0.42302127974606346,0.36006682570387133,0.9477531714422338,0.05224682855776619
wired,hacking,wired_hacking_12,0,child,6,expert,0.8310778530407107,0.8251972006683145,0.9929240655952108,0.7361268652602653,0.6074498285495125,0.9838125474174416,0.01618745258255838
wired,hacking,wired_hacking_12,0,child,7,partner,0.9857606497696564,0.9713646982665057,0.9853960984266313,0.386050921425114,0.37499623680561234,0.9167265088224416,0.08327349117755845
wired,hacking,wired_hacking_12,0,child,8,expert,0.9176157791131193,0.913399539568772,0.9954052233611134,0.25899018895198017,0.23656151934156794,0.8913650165353654,0.10863498346463463
wired,hacking,wired_hacking_12,0,child,9,partner,1.0505389348046692,1.0355426701328514,0.985725170028475,0.23320145421070618,0.24149005657221856,0.8648018329921826,0.1351981670078174
wired,hacking,wired_hacking_12,0,child,10,expert,0.7034020657704515,0.6987309775476013,0.9933592912913509,0.46050258701116165,0.3217674227855083,0.9672161528376874,0.03278384716231264
wired,hacking,wired_hacking_12,0,child,11,partner,1.1566117722503846,1.1399241805899933,0.9855720025839713,0.6991200134520129,0.7969438084683509,0.9132487061516119,0.08675129384838809
wired,hacking,wired_hacking_12,0,child,12,expert,0.9357683036474669,0.6909935052851199,0.7384237129971227,0.75848236455098,0.5241063877780279,0.9911141894812695,0.008885810518730497
wired,hacking,wired_hacking_12,0,child,13,partner,1.2651557009348215,1.2526613981739694,0.9901242963592463,0.2827580888513993,0.3542001429255933,0.8436329215433045,0.1563670784566955
wired,hacking,wired_hacking_12,0,child,14,expert,1.0233877806487512,0.9495139960545439,0.927814474638045,0.4969390883251552,0.47185061955132007,0.9517147500595281,0.0482852499404719
wired,hacking,wired_hacking_12,0,child,15,partner,1.1817038263969175,1.148032103458622,0.971505784963112,0.41192476136491685,0.4729028502564564,0.9328867148149533,0.06711328518504667
wired,hacking,wired_hacking_12,0,child,16,expert,1.009130951119106,0.9576502379674413,0.9489851013929137,0.37361185588757456,0.35778948269819316,0.9330025537664384,0.06699744623356163
wired,hacking,wired_hacking_13,1,teenager,4,expert,0.963044473749916,0.9505861810481867,0.9870636372023339,0.6051180867049412,0.5752168911240355,0.935648559364353,0.06435144063564702
wired,hacking,wired_hacking_13,1,teenager,5,partner,0.9277754872786671,0.8841505086913213,0.9529789489090096,0.20904927147667846,0.18483101971765536,0.9012090704474655,0.09879092955253455
wired,hacking,wired_hacking_13,1,teenager,6,expert,0.9798020399155221,0.9506225553258865,0.9702189999592963,0.21774296907609622,0.20699137766736406,0.8727494888701315,0.12725051112986852
wired,hacking,wired_hacking_13,1,teenager,7,partner,1.0214162680494578,0.35076076934160155,0.34340628822280905,0.8539396509321517,0.29952852893226023,0.9735413826818129,0.026458617318187105
wired,hacking,wired_hacking_13,1,teenager,8,expert,0.756493920961486,0.7308845072111233,0.9661472312708344,0.57367070760175,0.41928703242696147,0.9548480178079035,0.045151982192096485
wired,hacking,wired_hacking_13,1,teenager,9,partner,1.1931852092476207,1.1843435877757473,0.9925899002063214,0.4090822868031253,0.4844939832479207,0.8416098049290914,0.15839019507090857
wired,hacking,wired_hacking_13,1,teenager,10,expert,0.9863581867454441,0.9690398051253158,0.9824420967414953,0.4340649106776285,0.4206261764547867,0.9439646969709417,0.05603530302905835
wired,hacking,wired_hacking_13,1,teenager,11,partner,1.1340693908107395,1.0988833215497351,0.9689736187687605,0.2007267516735992,0.22057527960297355,0.8289120430521079,0.17108795694789214
wired,hacking,wired_hacking_13,1,teenager,12,expert,0.9082328005949042,0.822924956154213,0.9060727113293866,0.5303980479499975,0.43647779035353185,0.966762057221069,0.033237942778930996
wired,hacking,wired_hacking_13,1,teenager,13,partner,0.900812802256101,0.895502831279405,0.9941053557804782,0.38655384992314,0.3461600670481261,0.910054475862889,0.08994552413711099
wired,hacking,wired_hacking_14,2,undergraduate,4,expert,0.949111755112185,0.9396318585034806,0.9900118225713326,0.5724461751206747,0.5378886634218486,0.9405137480974787,0.059486251902521325
wired,hacking,wired_hacking_14,2,undergraduate,5,partner,0.8798270223064273,0.8730154741476747,0.9922580825695844,0.33409726059703837,0.29167207837156267,0.9353713917281179,0.0646286082718821
wired,hacking,wired_hacking_14,2,undergraduate,6,expert,0.9676871584084108,0.9513387664601043,0.9831057053850147,0.48889242317263204,0.46510231479274305,0.9317205489793703,0.06827945102062971
wired,hacking,wired_hacking_14,2,undergraduate,7,partner,1.0196321606422665,0.9112512134717677,0.8937058369136539,0.5208082155365279,0.474587118393727,0.9534256961475658,0.04657430385243422
wired,hacking,wired_hacking_14,2,undergraduate,8,expert,1.2181430786632228,1.2121492567590681,0.9950795419601058,0.578195446168063,0.7008591803340953,0.9347971833619673,0.06520281663803273
wired,hacking,wired_hacking_14,2,undergraduate,9,partner,1.1303938673869263,1.0880850074471178,0.9625715768977282,0.3984539882352006,0.43355181075623206,0.9352269136925059,0.06477308630749412
wired,hacking,wired_hacking_14,2,undergraduate,10,expert,1.0155367433948312,1.010717046500138,0.9952540398690285,0.2767602636508911,0.27972631626582817,0.9198991423368483,0.08010085766315167
wired,hacking,wired_hacking_14,2,undergraduate,11,partner,1.283695016859188,1.2780512034743023,0.995603462417662,0.25303083197019743,0.3233863593156148,0.8026941968036151,0.1973058031963849
wired,hacking,wired_hacking_14,2,undergraduate,12,expert,0.9626816129554268,0.8380127746931629,0.8704983697773122,0.3744346908897749,0.313781054253917,0.9183448866058257,0.0816551133941743
wired,hacking,wired_hacking_14,2,undergraduate,13,partner,1.0744165891840054,1.0727898151371174,0.9984859001021921,0.36848434915977496,0.395306256816036,0.9012646146725543,0.09873538532744575
wired,hacking,wired_hacking_14,2,undergraduate,14,expert,0.8101424966479667,0.8008031504929511,0.9884719710487399,0.7251743983535544,0.5807219428583567,0.9884507673528662,0.011549232647133811
wired,hacking,wired_hacking_15,3,graduate,4,expert,1.2616895879297945,1.184436146855088,0.9387698513051816,0.5196509587668743,0.6154933793113887,0.8840016562324404,0.11599834376755958
wired,hacking,wired_hacking_15,3,graduate,5,partner,1.0397476948942581,1.02563218264923,0.9864240985430123,0.4215653263626543,0.43237096580656414,0.8978440762646935,0.10215592373530646
wired,hacking,wired_hacking_15,3,graduate,6,expert,1.040075756744218,1.0150616956328615,0.9759497700526788,0.5276251882917129,0.5355721182859939,0.9172526734217344,0.08274732657826556
wired,hacking,wired_hacking_15,3,graduate,7,partner,0.9942064893966067,0.9824374896602518,0.9881624191122653,0.44319937583665203,0.4354156822159509,0.9192059380861136,0.08079406191388638
wired,hacking,wired_hacking_15,3,graduate,8,expert,0.8224864003627541,0.8093261027607029,0.9839993736100306,0.4666636187687306,0.37768304787830315,0.9267885311167839,0.07321146888321606
wired,hacking,wired_hacking_15,3,graduate,9,partner,0.9193737791356735,0.9121500407509565,0.9921427622261532,0.6770731660235111,0.6175923159797247,0.9874022069289159,0.012597793071084107
wired,hacking,wired_hacking_15,3,graduate,10,expert,1.233591290857279,1.2215386568689421,0.9902296375804086,0.3765047799287822,0.4599151431789412,0.9152688837033617,0.08473111629663832
wired,hacking,wired_hacking_15,3,graduate,11,partner,1.1485018724411604,1.1384877472143708,0.9912807062242783,0.4169720617222479,0.4747175832014936,0.8888076177357088,0.11119238226429118
wired,hacking,wired_hacking_15,3,graduate,12,expert,1.1449655504563259,1.1365599659114611,0.9926586572473666,0.28989084325799414,0.32947832693135054,0.8745247849175909,0.1254752150824091
wired,hacking,wired_hacking_15,3,graduate,13,partner,1.1398764297785364,1.1011048038248406,0.9659861148614198,0.39032263590816324,0.42978612944005273,0.8967825518707554,0.1032174481292446
wired,hacking,wired_hacking_15,3,graduate,14,expert,0.9460221849408212,0.9375231986930791,0.9910160814576829,0.41556257097630594,0.3895995507988261,0.9407540331630986,0.05924596683690142
wired,hacking,wired_hacking_15,3,graduate,15,partner,1.0510667216335934,1.0493151785503614,0.9983335567113112,0.4801536714388347,0.5038325354774524,0.8816237232728831,0.11837627672711692
wired,hacking,wired_hacking_15,3,graduate,16,expert,1.0557708687323915,1.0475556167922433,0.9922187169731211,0.4650792835156917,0.48719641570057504,0.9104670817170816,0.08953291828291843
wired,hacking,wired_hacking_15,3,graduate,17,partner,1.081514731171857,1.0651805863116888,0.9848969742247944,0.5331661941467127,0.5679182792827672,0.9064163991989612,0.09358360080103878
wired,hacking,wired_hacking_16,4,expert,4,expert,1.276944955456469,1.2644870602715683,0.9902439841806355,0.4274305228816432,0.5404803653489483,0.8714518675731475,0.12854813242685248
wired,hacking,wired_hacking_16,4,expert,5,partner,1.0630230396668876,1.0490115966805165,0.9868192480646998,0.5792479643746176,0.6076378319825565,0.9457339919612656,0.05426600803873438
wired,hacking,wired_hacking_16,4,expert,6,expert,0.8760233580218529,0.8618269354906886,0.983794470316174,0.617631655066667,0.5322915965481476,0.9656336523303901,0.03436634766960989
wired,hacking,wired_hacking_16,4,expert,7,partner,1.0833680750945465,1.080353533970555,0.99721743588879,0.6293156478539852,0.6798833841420222,0.9364177828400185,0.06358221715998147
wired,hacking,wired_hacking_16,4,expert,8,expert,0.9630152013944321,0.8872014357885653,0.9212745909960602,0.3759682590146235,0.33355957920870116,0.9196484468376572,0.08035155316234277
wired,hacking,wired_hacking_16,4,expert,9,partner,0.7106353178403794,0.702672808219396,0.9887952239044773,0.44361441647970273,0.31171578779440146,0.9619253674201298,0.038074632579870205
wired,hacking,wired_hacking_16,4,expert,10,expert,0.91734434918796,0.894413156688587,0.9750026339393196,0.24882161735050273,0.22254932822682283,0.8814380517637235,0.11856194823627653
wired,hacking,wired_hacking_16,4,expert,11,partner,0.7542945156197289,0.7442961768166112,0.9867447812531293,0.4704930139242855,0.3501861514827703,0.9674266637744793,0.03257333622552072
wired,hacking,wired_hacking_16,4,expert,12,expert,1.028150172689792,1.0237180386182603,0.9956892152622683,0.39000037175723834,0.3992504156357124,0.8917232027044095,0.10827679729559048
wired,hacking,wired_hacking_16,4,expert,13,partner,0.6592932360389672,0.656533210843543,0.9958136606815471,0.32036325732064064,0.21032911796501638,0.9618502254228691,0.03814977457713087
wired,infinity,wired_infinity_12,0,child,4,expert,0.9455373502785622,0.7623522935660336,0.8062635424614721,0.5628707357973272,0.4291057964162933,0.9757345146129095,0.024265485387090502
wired,infinity,wired_infinity_12,0,child,5,partner,1.2278127276699091,1.2240463434794253,0.9969324440880911,0.37849766525614326,0.4632986831722817,0.8962795010821156,0.10372049891788437
wired,infinity,wired_infinity_12,0,child,6,expert,0.9591185498653593,0.9507394083804271,0.9912637061528008,0.38969096796846303,0.37049456033753253,0.9215895621341269,0.0784104378658731
wired,infinity,wired_infinity_12,0,child,7,partner,1.1176659494200525,1.090026155289895,0.9752700758706349,0.1818668991987198,0.19823967690807542,0.8263283009954728,0.17367169900452717
wired,infinity,wired_infinity_12,0,child,8,expert,0.9647700240027736,0.9395578998667427,0.9738672186015884,0.3514373880193413,0.3301957742221059,0.9192750972461661,0.08072490275383393
wired,infinity,wired_infinity_12,0,child,9,partner,0.9006465487540319,0.8852520885869049,0.9829073234229266,0.3469458950185764,0.3071345781918478,0.9255467432215618,0.07445325677843817
wired,infinity,wired_infinity_12,0,child,10,expert,0.8482718316753028,0.7655734842665667,0.9025096150530983,0.49512733531029984,0.37905635924912695,0.9438513263943842,0.05614867360561582
wired,infinity,wired_infinity_12,0,child,11,partner,0.9073251362099558,0.8877862933940628,0.9784654452553928,0.45324773252996253,0.402387124452039,0.9464660062308384,0.05353399376916157
wired,infinity,wired_infinity_12,0,child,12,expert,1.242900935217145,1.2233794345886866,0.9842935988892533,0.20812052572287015,0.2546103710851451,0.826476272758992,0.17352372724100795
wired,infinity,wired_infinity_12,0,child,13,partner,0.9597304212470364,0.8725571124467038,0.909168963626294,0.33070278480039117,0.28855706698351297,0.9341447929661271,0.06585520703387293
wired,infinity,wired_infinity_12,0,child,14,expert,0.9224327292428024,0.8875816797858456,0.962218329474793,0.4053317237928264,0.35976501227452923,0.9388080216569301,0.061191978343069886
wired,infinity,wired_infinity_12,0,child,15,partner,1.2522368991976516,1.1835661727162567,0.9451615532761096,0.32821616802695464,0.38846555381525855,0.8064413809512168,0.19355861904878324
wired,infinity,wired_infinity_12,0,child,16,expert,0.854110278183192,0.8416650071503535,0.9854289646762048,0.6459937429261258,0.5437103282590012,0.9602106140329058,0.03978938596709425
wired,infinity,wired_infinity_12,0,child,17,partner,1.1815202357736139,1.1615024891016816,0.9830576353524673,0.609723269431776,0.7081950951082231,0.8652720197078972,0.13472798029210276
wired,infinity,wired_infinity_12,0,child,18,expert,0.9535360326332064,0.5972918590817297,0.6263967366095976,0.556076482621779,0.33213995609679153,0.9891826476984076,0.01081735230159242
wired,infinity,wired_infinity_12,0,child,19,partner,1.0930425495697056,1.0716216069628026,0.9804024622679911,0.252222026524008,0.27028657337507206,0.8194639636429579,0.18053603635704207
wired,infinity,wired_infinity_13,1,teenager,4,expert,1.0267860282942765,1.0176529892219024,0.9911052168400292,0.802668808100291,0.8168383119184426,0.8837371431404393,0.11626285685956073
wired,infinity,wired_infinity_13,1,teenager,5,partner,1.0365586249870191,1.0334416958422061,0.9969930025464319,0.3477717953785009,0.35940187398204665,0.9138409607510473,0.08615903924895274
wired,infinity,wired_infinity_13,1,teenager,6,expert,0.7690245025498079,0.7222668876059455,0.9391987969306956,0.4395602392647347,0.31747980592906466,0.969262473053206,0.03073752694679399
wired,infinity,wired_infinity_13,1,teenager,7,partner,1.0172543302773034,1.0135563361648445,0.9963647300351651,0.26204371755761235,0.26559607028270893,0.802253611871724,0.19774638812827605
wired,infinity,wired_infinity_13,1,teenager,8,expert,1.055994502251022,1.0193234866088137,0.9652734786355388,0.5153052816055282,0.5252627763140836,0.9371058540678948,0.06289414593210518
wired,infinity,wired_infinity_13,1,teenager,9,partner,1.2091027966496641,1.1978283390486353,0.9906753523081244,0.3755590238909974,0.44985524180208014,0.865368383106424,0.13463161689357594
wired,infinity,wired_infinity_13,1,teenager,10,expert,0.7298732134788743,0.6820347731606459,0.9344565063689002,0.47148410915746625,0.3215685574380617,0.9605755231997443,0.03942447680025574
wired,infinity,wired_infinity_13,1,teenager,11,partner,1.2075552770207216,1.1945276451914162,0.9892115648217475,0.2596010270422391,0.310100603522039,0.7767222277974688,0.2232777722025312
wired,infinity,wired_infinity_14,2,undergraduate,4,expert,0.9273358550716697,0.7759426553526888,0.8367439381408184,0.766459162495729,0.5947283577663339,0.9675082294778713,0.032491770522128705
wired,infinity,wired_infinity_14,2,undergraduate,5,partner,1.0069505350409875,0.9921325699432961,0.9852843167732429,0.5816359872204284,0.5770600067725098,0.9552887039865454,0.04471129601345458
wired,infinity,wired_infinity_14,2,undergraduate,6,expert,1.0135750392750373,0.9925483862851592,0.979254961718575,0.8833001023705254,0.8767180912133808,0.9333005718570433,0.06669942814295671
wired,infinity,wired_infinity_14,2,undergraduate,7,partner,1.081717981450658,0.8956327757688296,0.8279725317747761,0.38386325085152595,0.3438005088757987,0.9213250855861578,0.07867491441384222
wired,infinity,wired_infinity_14,2,undergraduate,8,expert,0.9332468668238195,0.8769471763295339,0.9396733142144547,0.583608911670815,0.5117941871704735,0.9454664780341909,0.05453352196580907
wired,infinity,wired_infinity_14,2,undergraduate,9,partner,1.0959617859676487,1.0816097829559235,0.9869046501470482,0.5342681429831675,0.5778696501722881,0.9414335471255052,0.0585664528744948
wired,infinity,wired_infinity_14,2,undergraduate,10,expert,0.894006224755193,0.8252363922892769,0.9230767856390816,0.738058302049924,0.6090725704828287,0.9866102076800132,0.013389792319986826
wired,infinity,wired_infinity_14,2,undergraduate,11,partner,1.1411564610006413,1.1379112606241928,0.9971562178471126,0.43609079947512286,0.49623263137734913,0.8895458879813491,0.11045411201865085
wired,infinity,wired_infinity_14,2,undergraduate,12,expert,0.8245904797453812,0.8229566675242095,0.9980186380242053,0.6206967117096729,0.5108064974118274,0.9342019959365189,0.06579800406348113
wired,infinity,wired_infinity_14,2,undergraduate,13,partner,1.250135772177685,1.2248596290928648,0.9797812816428971,0.3955162147072276,0.48445184404650865,0.8787866810296848,0.12121331897031518
wired,infinity,wired_infinity_14,2,undergraduate,14,expert,0.9228387031958133,0.8883533495326784,0.9626312230461577,0.3887644376499054,0.3453601903654816,0.9373970894723606,0.06260291052763944
wired,infinity,wired_infinity_14,2,undergraduate,15,partner,0.9952337894003606,0.9310012738637283,0.935459872623227,0.2822396994538448,0.26276551972644535,0.8858386107464363,0.11416138925356367
wired,infinity,wired_infinity_14,2,undergraduate,16,expert,0.8862868941165459,0.8808802473884796,0.9938996652608187,0.42491480260357295,0.37429905643646233,0.9362583817584922,0.06374161824150781
wired,infinity,wired_infinity_14,2,undergraduate,17,partner,0.8839656990046576,0.8476365354028063,0.9589020663995032,0.5353884515213525,0.4538148121422325,0.9170040775117652,0.08299592248823484
wired,infinity,wired_infinity_14,2,undergraduate,18,expert,0.9665870911602227,0.9598469712839559,0.9930268881729328,0.38300535753778253,0.3676265324181692,0.9102204340593261,0.08977956594067393
wired,infinity,wired_infinity_14,2,undergraduate,19,partner,0.8559581847148859,0.8536167756949946,0.9972645754632646,0.3700247141469515,0.3158593034175828,0.9476072090712958,0.05239279092870419
wired,infinity,wired_infinity_14,2,undergraduate,20,expert,0.7575343749943678,0.75083081269747,0.9911508143799563,0.42379826115145486,0.3182007928401215,0.9481298989440277,0.05187010105597234
wired,infinity,wired_infinity_14,2,undergraduate,21,partner,1.1139230561658535,1.075877846693782,0.9658457473678749,0.2477189929072499,0.2665153766742043,0.821606199915581,0.17839380008441896
wired,infinity,wired_infinity_14,2,undergraduate,22,expert,0.9624317213071866,0.9218641702907657,0.9578489048944903,0.5135196397438313,0.47339535662045995,0.9221074462540111,0.07789255374598891
wired,infinity,wired_infinity_14,2,undergraduate,23,partner,1.2800937607373861,1.26418566902094,0.9875727136516391,0.24997636574750876,0.31601653917193756,0.7809050717904052,0.21909492820959475
wired,infinity,wired_infinity_14,2,undergraduate,24,expert,0.847402039745478,0.7982338827620843,0.9419777689004577,0.4739162248768696,0.3782959882874127,0.9742174967654472,0.025782503234552778
wired,infinity,wired_infinity_14,2,undergraduate,25,partner,1.1312650595069442,1.1135649817810502,0.9843537307387599,0.2262581751350753,0.2519531806721038,0.7969193188281305,0.2030806811718695
wired,infinity,wired_infinity_14,2,undergraduate,26,expert,0.7992102510635127,0.7736825185285052,0.9680588024215084,0.5827757763823345,0.4508834304088895,0.9745254806728618,0.02547451932713818
wired,infinity,wired_infinity_14,2,undergraduate,27,partner,1.2180815266970955,1.18220855924336,0.970549617026064,0.2683848371665406,0.3172868516694197,0.8604335667135784,0.1395664332864216
wired,infinity,wired_infinity_14,2,undergraduate,28,expert,0.9034463088175682,0.9031167622184133,0.9996352338850266,0.4035039794028921,0.36441120742058525,0.9263055187663473,0.07369448123365274
wired,infinity,wired_infinity_14,2,undergraduate,29,partner,0.9852690684096312,0.9721653385020936,0.9867003539148188,0.2455683597454883,0.23873304757737654,0.8894014993347547,0.11059850066524535
wired,infinity,wired_infinity_14,2,undergraduate,30,expert,0.8918137391195218,0.87736122624976,0.9837942473447265,0.3217478323313979,0.28228907271747744,0.9550688405234894,0.04493115947651061
wired,infinity,wired_infinity_15,3,graduate,4,expert,1.0513735193452725,1.044531066794184,0.9934918918669903,0.6542365111009034,0.6833703608759317,0.9477844609941981,0.05221553900580189
wired,infinity,wired_infinity_15,3,graduate,5,partner,1.2236390398779204,1.2164388071218089,0.994115721611968,0.6840639495349086,0.8321219347672775,0.9551607789044103,0.04483922109558969
wired,infinity,wired_infinity_15,3,graduate,6,expert,0.9217203391335634,0.7316827650137054,0.7938229568642359,0.5208414642580447,0.38109072270211314,0.9638193313545874,0.036180668645412584
wired,infinity,wired_infinity_15,3,graduate,7,partner,1.2307750744212165,1.2157966762758634,0.9878301092883404,0.283725176604171,0.34495212669113345,0.771042528690565,0.228957471309435
wired,infinity,wired_infinity_15,3,graduate,8,expert,0.9450332957781645,0.8628840817865626,0.9130726775876492,0.5555240306492906,0.47935284309718335,0.9412272333731211,0.058772766626878914
wired,infinity,wired_infinity_15,3,graduate,9,partner,1.0876275144443726,1.0634768346992842,0.9777950820245626,0.2199932845369963,0.23395776189450382,0.8427815174586268,0.15721848254137316
wired,infinity,wired_infinity_15,3,graduate,10,expert,0.8305135417788413,0.8117390648640193,0.9773941351087579,0.549651765263643,0.446173809935967,0.9665056451211211,0.03349435487887886
wired,infinity,wired_infinity_15,3,graduate,11,partner,0.7460669454283256,0.694997101952206,0.9315479076107153,0.45014545968083197,0.3128497899351218,0.9538725596399971,0.046127440360002936
wired,infinity,wired_infinity_15,3,graduate,12,expert,0.8023217082676591,0.7862014720295113,0.9799080143625505,0.3812096720298417,0.2997076053017487,0.9548394280551243,0.04516057194487566
wired,infinity,wired_infinity_15,3,graduate,13,partner,1.2436629646912296,1.221004985504115,0.9817812543821132,0.330403263745642,0.40342403226025986,0.8849511410391412,0.11504885896085881
wired,infinity,wired_infinity_15,3,graduate,14,expert,0.8327480462585072,0.8182096012609602,0.9825416041936694,0.37524732275619144,0.3070309623265862,0.933212133634427,0.06678786636557299
wired,infinity,wired_infinity_15,3,graduate,15,partner,1.0502871624297228,1.0096361212616634,0.9612953079660813,0.6440555683051508,0.6502617658605887,0.9527126856081167,0.04728731439188327
wired,infinity,wired_infinity_15,3,graduate,16,expert,1.2647341098840776,1.2251688668533476,0.9687165525761574,0.27574141605307034,0.33782979825027765,0.8806963812179517,0.11930361878204832
wired,infinity,wired_infinity_15,3,graduate,17,partner,1.0087794960781777,0.9845798999739312,0.9760110150936819,0.25819864792186836,0.25421719894431744,0.8608975284253697,0.1391024715746303
wired,infinity,wired_infinity_15,3,graduate,18,expert,0.9463971681441827,0.9024837532529656,0.9535993805029216,0.4908357503080071,0.4429712901687057,0.9540559786933837,0.045944021306616345
wired,infinity,wired_infinity_15,3,graduate,19,partner,1.158190232158285,1.1437118914408433,0.9874991686888526,0.22594861714945175,0.2584201202884424,0.8257550379101677,0.1742449620898323
wired,infinity,wired_infinity_15,3,graduate,20,expert,1.119171714652371,1.0918211459035359,0.975561776274603,0.649995112780556,0.7096784088677647,0.9412633465776327,0.058736653422367335
wired,infinity,wired_infinity_15,3,graduate,21,partner,0.8510118363270951,0.6964750517474341,0.8184081842534072,0.5084987653798584,0.3541567039314432,0.9710297763565309,0.02897022364346913
wired,infinity,wired_infinity_15,3,graduate,22,expert,0.9016849643878804,0.8981889478261681,0.996122795986643,0.3258265477041636,0.2926538040562355,0.9182993003275639,0.0817006996724361
wired,infinity,wired_infinity_16,4,expert,4,expert,0.8885997839117615,0.7939555077739413,0.8934905478796381,0.3940974402092669,0.31289583325375897,0.8810987886072763,0.1189012113927237
wired,infinity,wired_infinity_16,4,expert,5,partner,0.7897750134275238,0.7723176999367445,0.9778958397075711,0.37029994788100473,0.28598920403415395,0.9063307271829866,0.09366927281701343
wired,infinity,wired_infinity_16,4,expert,6,expert,0.8186748160773615,0.8076261911182773,0.9865042569490416,0.8079298428376778,0.6525053016617821,0.9226743015083216,0.07732569849167836
wired,internet,wired_internet_12,0,child,4,expert,1.1449881585607493,1.0705896791784502,0.9350224901218601,0.6815370118129958,0.7296464908251147,0.9504961008567048,0.04950389914329523
wired,internet,wired_internet_12,0,child,5,partner,1.0134660335891332,0.9613482333737732,0.948574694672562,0.44071269102255195,0.4236783669399319,0.9532339061988976,0.046766093801102415
wired,internet,wired_internet_12,0,child,6,expert,0.8267355948876176,0.8096637799410034,0.9793503327385895,0.4116914517278103,0.333331656975338,0.9553189329168342,0.04468106708316577
wired,internet,wired_internet_12,0,child,7,partner,1.2561917690417401,1.1678809679937299,0.9296995863009785,0.36420605561968944,0.4253493207863011,0.8961569354002964,0.1038430645997036
wired,internet,wired_internet_12,0,child,8,expert,1.3426245114153368,1.3322541156068708,0.9922760267511231,0.36600357826339247,0.4876097734682461,0.8995283182088851,0.10047168179111488
wired,internet,wired_internet_12,0,child,9,partner,1.1698355173308996,1.1335996478844905,0.9690248168135175,0.3038770648484248,0.34447493371234683,0.9027936459149254,0.09720635408507461
wired,internet,wired_internet_12,0,child,10,expert,0.8461853842271762,0.7653376847170833,0.904456279890918,0.4917338954627694,0.3763424810503882,0.9582499752486999,0.041750024751300074
wired,internet,wired_internet_12,0,child,11,partner,1.0521477776139128,0.9956484065510723,0.9463009167857414,0.2874927786589837,0.28624172696675726,0.9107523976748956,0.08924760232510442
wired,internet,wired_internet_12,0,child,12,expert,1.198627043705233,1.1896214221074903,0.9924867191625371,0.4925371266827882,0.5859327170851156,0.9254327117768545,0.07456728822314551
wired,internet,wired_internet_12,0,child,13,partner,1.1317095673884707,1.1239027669613302,0.9931017633383195,0.5219338171804792,0.5866028612998295,0.7666788654245332,0.23332113457546677
wired,internet,wired_internet_12,0,child,14,expert,0.928585652235728,0.911463656707689,0.9815612103333748,0.49410140728810736,0.4503554754712335,0.9480000972036385,0.051999902796361464
wired,internet,wired_internet_12,0,child,15,partner,1.028854384931305,0.8847971995830387,0.8599829213356127,0.5709531589966175,0.5051777561732966,0.9010369996288978,0.09896300037110217
wired,internet,wired_internet_12,0,child,16,expert,0.9266192983614905,0.9110456487993457,0.9831930442300669,0.46010250943622116,0.4191743892235292,0.9632462322603542,0.03675376773964578
wired,internet,wired_internet_12,0,child,17,partner,1.15638844701733,1.1527635120937103,0.996865296489284,0.25087839056869804,0.28920345462038993,0.8510216106544802,0.14897838934551977
wired,internet,wired_internet_12,0,child,18,expert,0.8516243795378232,0.8139740753830795,0.9557900113473357,0.442144905901813,0.35989449096676696,0.9552746846942513,0.04472531530574875
wired,internet,wired_internet_12,0,child,19,partner,1.0011180371077315,0.9938533030487541,0.9927433791114598,0.4040773413366975,0.40159360037463565,0.912764226888797,0.08723577311120301
wired,internet,wired_internet_12,0,child,20,expert,1.1772649348217405,1.1623028133048716,0.9872907779079296,0.5554187500594943,0.6455647757564255,0.9279829558578283,0.0720170441421717
wired,internet,wired_internet_12,0,child,21,partner,1.1502312161261408,1.1170664920371716,0.9711669065967138,0.479334561415245,0.5354485770323039,0.8393621139355587,0.1606378860644413
wired,internet,wired_internet_12,0,child,22,expert,1.2246069917823663,1.2169850665434157,0.9937760234172344,0.6328766286665284,0.7702014060515076,0.8536248007430953,0.14637519925690468
wired,internet,wired_internet_13,1,teenager,4,expert,0.9964401441749586,0.9386168967591594,0.9419701747718944,0.5003206185573602,0.46960938637493255,0.9301308456947363,0.06986915430526375
wired,internet,wired_internet_13,1,teenager,5,partner,1.1848902399049057,1.1845152505006167,0.9996835239310277,0.3076964064137738,0.36447108592135086,0.8597810328144857,0.1402189671855143
wired,internet,wired_internet_13,1,teenager,6,expert,0.865593829602985,0.8517114149232827,0.9839619759222942,0.576380587827478,0.49090992599285477,0.9273074527626188,0.07269254723738117
wired,internet,wired_internet_13,1,teenager,7,partner,1.1009395114007419,1.095717024328349,0.9952563360481598,0.5773909100116268,0.6326570497921772,0.9585502898443191,0.041449710155680886
wired,internet,wired_internet_13,1,teenager,8,expert,0.8647071043845955,0.8290894792725839,0.9588096074007405,0.29148573921249904,0.24166775973907503,0.9289393758426929,0.07106062415730707
wired,internet,wired_internet_13,1,teenager,9,partner,1.1191891975063601,1.068994638931805,0.9551509622436066,0.4814382787661164,0.5146549389775342,0.937084560444341,0.06291543955565904
wired,internet,wired_internet_13,1,teenager,10,expert,0.8240283103571527,0.7715307276306769,0.9362915301967496,0.39920163195873953,0.30799632557648,0.9602398065710792,0.03976019342892079
wired,internet,wired_internet_14,2,undergraduate,4,expert,1.0434156235297432,1.0384078936150258,0.9952006374039406,0.5680078943777125,0.5898238811574665,0.8829930896346562,0.11700691036534383
wired,internet,wired_internet_14,2,undergraduate,5,partner,0.844491287859646,0.7552557022307149,0.8943321418318098,0.39397858139563713,0.2975545701558228,0.9163747115236016,0.08362528847639839
wired,internet,wired_internet_14,2,undergraduate,6,expert,1.1654372836963482,1.051393816799793,0.9021453419305819,0.8224344778499586,0.8647025247344128,0.9710187620905266,0.02898123790947338
wired,internet,wired_internet_14,2,undergraduate,7,partner,1.1500527771337923,1.0060639310603763,0.8747980536744187,0.46866456873086715,0.4715065183660921,0.9398817977654734,0.060118202234526574
wired,internet,wired_internet_14,2,undergraduate,8,expert,1.162265350775446,1.1337805658384559,0.9754920122853521,0.6786020125640124,0.7693857737839409,0.9500016535991993,0.0499983464008007
wired,internet,wired_internet_14,2,undergraduate,9,partner,1.093157082437032,1.0719030170441124,0.9805571717593253,0.540631560270977,0.5795046005637262,0.9518455706797629,0.04815442932023706
wired,internet,wired_internet_14,2,undergraduate,10,expert,1.0293937179009238,0.9698039632404583,0.9421117949088328,0.5886692688839923,0.5708937900015587,0.9624835237359917,0.037516476264008336
wired,internet,wired_internet_14,2,undergraduate,11,partner,1.2446711310754335,1.24312272963854,0.9987559754546935,0.4058788016716635,0.504557163836498,0.8237001401536979,0.17629985984630214
wired,internet,wired_internet_14,2,undergraduate,12,expert,0.9796321216245981,0.968854525840464,0.988998323404045,0.46702509323343244,0.4524793752602757,0.9559858604842257,0.044014139515774264
wired,internet,wired_internet_14,2,undergraduate,13,partner,1.0836466256824122,1.0474941066850387,0.9666380920297024,0.22346862769918788,0.2340820705438923,0.8627675117342739,0.1372324882657261
wired,internet,wired_internet_14,2,undergraduate,14,expert,0.9288733006448092,0.9227086160808019,0.9933632664856217,0.5328824375235457,0.49169521646111525,0.9558921286651677,0.044107871334832294
wired,internet,wired_internet_14,2,undergraduate,15,partner,1.1194410088442135,1.11628194732173,0.9971780008964096,0.43544760692108275,0.4860823026104535,0.9174547280078054,0.08254527199219464
wired,internet,wired_internet_14,2,undergraduate,16,expert,1.0592688352640225,1.0563362244337446,0.9972314763413725,0.2861111912974461,0.30222961558338507,0.910399927249941,0.08960007275005899
wired,internet,wired_internet_14,2,undergraduate,17,partner,1.2575054332895577,1.1984454412236643,0.9530340064516865,0.4083194248389508,0.48934855326130916,0.9068681060474502,0.09313189395254984
wired,internet,wired_internet_14,2,undergraduate,18,expert,0.9065179678199254,0.8850323726020687,0.9762987651855335,0.4600055367072073,0.4071197915620677,0.9620544418310528,0.03794555816894718
wired,internet,wired_internet_14,2,undergraduate,19,partner,0.9681607004544552,0.9613776563647467,0.9929938861518366,0.3624967355836122,0.34849626209524437,0.9101469531418033,0.08985304685819673
wired,internet,wired_internet_14,2,undergraduate,20,expert,1.1976473184277845,1.1547683759736818,0.9641973544337272,0.2777523840051378,0.3207396694004314,0.8864287245618873,0.11357127543811274
wired,internet,wired_internet_14,2,undergraduate,21,partner,1.233385386420186,1.2171306646961035,0.9868210521187967,0.30037478466219164,0.3655953613138423,0.8647682404401895,0.13523175955981048
wired,internet,wired_internet_14,2,undergraduate,22,expert,0.7887486617044901,0.7714044172701254,0.9780104293326322,0.5279567801724354,0.40726819235272926,0.9712084837019419,0.028791516298058095
wired,internet,wired_internet_14,2,undergraduate,23,partner,1.2941273075610111,1.279478860158094,0.9886808296847447,0.5874855207149801,0.751675304403787,0.9448401545005132,0.055159845499486826
wired,internet,wired_internet_14,2,undergraduate,24,expert,0.9767591172619227,0.896076587228529,0.9173977200637937,0.5555800731902721,0.4978422959165154,0.959348434324602,0.04065156567539796
wired,internet,wired_internet_14,2,undergraduate,25,partner,1.1671994992856403,1.119428637574248,0.9590722393715996,0.5054274738052794,0.5657899883944378,0.9465921174501675,0.05340788254983253
wired,internet,wired_internet_14,2,undergraduate,26,expert,1.2672614307636676,1.2223606462565797,0.9645686490426882,0.4928159088316051,0.6023987728049245,0.9381817148046886,0.06181828519531141
wired,internet,wired_internet_14,2,undergraduate,27,partner,1.159321109343826,1.0959415644214225,0.9453304658972167,0.3306746497436408,0.36240009295455167,0.8744766893624465,0.1255233106375535
wired,internet,wired_internet_15,3,graduate,4,partner,1.1759610834589265,1.1287534119484919,0.959856093730126,0.612554396107905,0.6914228646108457,0.9499489200396526,0.05005107996034741
wired,internet,wired_internet_15,3,graduate,5,expert,1.1840918163837824,1.1648154420573065,0.9837205408729791,0.3622140820065931,0.4219125560518912,0.8754287467950667,0.12457125320493334
wired,internet,wired_internet_15,3,graduate,6,partner,0.966164560104004,0.9593467488035868,0.9929434264276097,0.5592056956419742,0.5364721660265761,0.9521903724586288,0.04780962754137119
wired,internet,wired_internet_15,3,graduate,7,expert,1.0626452189840698,1.051320084948417,0.9893425069493377,0.5877857295686113,0.6179509431415396,0.9660164558486801,0.03398354415131988
wired,internet,wired_internet_15,3,graduate,8,partner,0.9968884080189857,0.9767835800006291,0.9798324186964029,0.30043764274342666,0.2934625562458743,0.8992816657366207,0.10071833426337928
wired,internet,wired_internet_15,3,graduate,9,expert,0.8765483824208942,0.8760021809137389,0.9993768723790852,0.6227298581084146,0.5455127138230744,0.9696309764990162,0.030369023500983805
wired,internet,wired_internet_15,3,graduate,10,partner,0.8729872629666008,0.8567660200259671,0.9814186946021506,0.47023873605656147,0.4028845703532214,0.9581440106552074,0.04185598934479262
wired,internet,wired_internet_16,4,expert,4,expert,1.2428219365761286,1.2390537993930715,0.9969680795992103,0.3350129075602451,0.4150990159582415,0.8441541082919274,0.15584589170807261
wired,internet,wired_internet_16,4,expert,5,partner,0.8899861688368607,0.8095622043365114,0.9096345906067659,0.6405966386760522,0.5186028268971445,0.9660645828235946,0.03393541717640536
wired,internet,wired_internet_16,4,expert,6,expert,1.0301706222675764,1.0178780162172127,0.9880674076840846,0.5062876653792302,0.5153390844714548,0.9171682758177083,0.08283172418229168
wired,internet,wired_internet_16,4,expert,7,partner,0.96081754267567,0.9420643028267591,0.9804819968235929,0.47587551133656963,0.44830533181961296,0.9440556412786688,0.05594435872133119
wired,internet,wired_internet_16,4,expert,8,expert,0.7800996265305401,0.7692201723419873,0.9860537631098161,0.2736691539286192,0.2105118337496583,0.9157963853586134,0.08420361464138659
wired,internet,wired_internet_16,4,expert,9,partner,0.8370066457849462,0.8158428984732543,0.974714959051706,0.5168393315989898,0.4216596983366992,0.9704481934596914,0.029551806540308645
wired,internet,wired_internet_16,4,expert,10,expert,1.1266094904091275,1.1244504675094023,0.9980836102313151,0.3919338595150561,0.4407102115644692,0.8783599011445332,0.12164009885546678
wired,internet,wired_internet_16,4,expert,11,partner,0.9962228552670858,0.9932333732201841,0.9969991834336133,0.3284413121596508,0.3262188723811934,0.8983665119050538,0.10163348809494621
wired,internet,wired_internet_16,4,expert,12,expert,0.9575831743156187,0.9382790159562744,0.9798407502574168,0.4349195405850331,0.4080758785602798,0.9334885806161793,0.06651141938382066
wired,internet,wired_internet_16,4,expert,13,partner,0.7411367817673818,0.7368360921496524,0.9941971715282194,0.30017696231858637,0.22118121986818065,0.9263297527492347,0.07367024725076532
wired,internet,wired_internet_16,4,expert,14,expert,0.9991087410989578,0.9452444840637689,0.9460876931405009,0.41229167861304,0.38971643503436826,0.9499177018315252,0.05008229816847476
wired,internet,wired_internet_16,4,expert,15,partner,0.9029190970966084,0.8665205834535076,0.9596879568046548,0.5610644862095863,0.4861739259453731,0.963588877865984,0.03641112213401598
wired,internet,wired_internet_16,4,expert,16,expert,0.9436633832677858,0.9307356071979147,0.986300436892984,0.5443158442629417,0.5066141378175146,0.9527808463243221,0.04721915367567786
wired,internet,wired_internet_16,4,expert,17,partner,1.2482587241232477,1.2429044514940446,0.9957106066821527,0.41480956139483166,0.5155686503799285,0.9191440481270643,0.0808559518729357
wired,internet,wired_internet_16,4,expert,18,expert,1.1619132761922066,1.1439558620015768,0.9845449616941602,0.36114502804032195,0.4131339718594501,0.9013513737247355,0.0986486262752645
wired,internet,wired_internet_16,4,expert,19,partner,1.1084776829335135,1.097503424026781,0.9900997024327273,0.1792912472549058,0.1967727577602913,0.8642949018595567,0.1357050981404433
wired,internet,wired_internet_16,4,expert,20,expert,1.103731774878697,1.0743200398731654,0.9733524614621722,0.46734970618301175,0.5020831549812453,0.9476190978220371,0.052380902177962874
wired,internet,wired_internet_16,4,expert,21,partner,0.9381368407450531,0.9252001005069712,0.9862101777936852,0.5820222317433501,0.5384870273062392,0.9711068216773497,0.02889317832265026
wired,internet,wired_internet_16,4,expert,22,expert,1.292425136536036,1.279302796434376,0.9898467309775323,0.12019518370878265,0.1537660346365892,0.7534372770239441,0.24656272297605586
wired,internet,wired_internet_16,4,expert,23,partner,0.9422732723182763,0.8863699557345672,0.9406718642808252,0.3302608066345063,0.29273325655748983,0.9148801432348049,0.08511985676519507
wired,laser,wired_laser_12,0,child,4,expert,1.1083026362512787,0.823308959868885,0.7428557263500709,0.6004511230822003,0.49435678959691015,0.9684676134794026,0.03153238652059742
wired,laser,wired_laser_12,0,child,5,partner,1.0026802953876803,0.9161522662159289,0.9137032715505697,0.47001822796587966,0.43060826471373576,0.9308173677871555,0.06918263221284449
wired,laser,wired_laser_12,0,child,6,expert,0.9875093881368529,0.9775380489034354,0.9899025372779288,0.5482656752122058,0.5359505584276643,0.8982866917486364,0.1017133082513636
wired,laser,wired_laser_12,0,child,7,partner,1.2598894553541187,1.2342718514766646,0.9796667844392479,0.31955266272401517,0.39441485666466836,0.879719097224429,0.12028090277557102
wired,laser,wired_laser_12,0,child,8,expert,0.9901091947495768,0.9460847758996599,0.9555357943504329,0.4973266129489657,0.4705131371607591,0.8085563213884516,0.19144367861154843
wired,laser,wired_laser_12,0,child,9,partner,1.009974660339618,0.9748648623049961,0.9652369515649224,0.1168287044899984,0.11389219891591337,0.7583671191309405,0.24163288086905954
wired,laser,wired_laser_12,0,child,10,expert,0.9750726527866828,0.8004408395960714,0.8209037934841594,0.834359543853342,0.6678554538069642,0.9588092187006609,0.04119078129933906
wired,laser,wired_laser_12,0,child,11,partner,1.0538183265109164,1.0126296094995992,0.960914783909054,0.48772094951480777,0.49388067465195357,0.8987677367367792,0.10123226326322077
wired,laser,wired_laser_12,0,child,12,expert,0.8062711721186154,0.7513215534108981,0.931847223851177,0.3893211029717376,0.29250533586037014,0.9374230010159935,0.06257699898400648
wired,laser,wired_laser_12,0,child,13,partner,0.8477408387484936,0.8376085450792284,0.9880478877421887,0.8867024640066599,0.7427095607947853,0.8958087303199344,0.10419126968006565
wired,laser,wired_laser_12,0,child,14,expert,0.7855903977347074,0.7593673678828992,0.9666199715164666,0.3611422496744674,0.27423963956660913,0.9490414729399821,0.05095852706001791
wired,laser,wired_laser_12,0,child,15,partner,0.6075577330119079,0.522789337452522,0.860476805817259,0.10884109824498532,0.05690096563910073,0.8984894915844669,0.10151050841553311
wired,laser,wired_laser_12,0,child,16,expert,1.2104825908647259,1.1649360529049009,0.962373239975099,0.2656807065803032,0.3095010336566435,0.8914290319972605,0.10857096800273947
wired,laser,wired_laser_12,0,child,17,partner,1.0423215416400566,1.0195016798809005,0.9781066965916985,0.5526319370339617,0.56340918816196,0.5513139174610981,0.44868608253890185
wired,laser,wired_laser_12,0,child,18,expert,0.9522405342087186,0.8983305349442267,0.9433861536778281,0.2501791214437522,0.22474354399844257,0.854718829539961,0.14528117046003897
wired,laser,wired_laser_12,0,child,19,partner,0.945692857535519,0.38653426738955965,0.40873129611707276,0.8291020540364245,0.3204763550481484,0.9836444873655592,0.016355512634440794
wired,laser,wired_laser_12,0,child,20,expert,0.8329661999718154,0.8142298588535256,0.9775064809113487,0.20481957455954714,0.16677021328405922,0.8950180049951986,0.10498199500480143
wired,laser,wired_laser_12,0,child,21,partner,0.763560072274241,0.36954081459844385,0.48397084658616774,0.8408318008223508,0.310721668616168,0.9856813891389152,0.014318610861084768
wired,laser,wired_laser_12,0,child,22,expert,0.9287994835962824,0.756961528209642,0.8149891785877139,0.49313613530515543,0.37328508259598725,0.9636801073717746,0.036319892628225436
wired,laser,wired_laser_12,0,child,23,partner,1.2200255627934058,1.217194315666872,0.9976793542579149,0.4189269027639783,0.5099154447242429,0.8734024327536111,0.12659756724638893
wired,laser,wired_laser_12,0,child,24,expert,0.9363293822637216,0.7620574438056935,0.8138775288269684,0.3921589712405406,0.2988476631890368,0.9314373420071784,0.06856265799282157
wired,laser,wired_laser_12,0,child,25,partner,0.8933479018489354,0.42502397570124,0.4757653483274599,0.9704637810634092,0.41247037450162793,0.9785627727881354,0.021437227211864585
wired,laser,wired_laser_12,0,child,26,expert,1.0683877882079122,1.0493649543089667,0.9821948227882347,0.22566236010679486,0.23680217220272037,0.8435558003223569,0.15644419967764311
wired,laser,wired_laser_12,0,child,27,partner,0.8490326821398924,0.4545955564645271,0.5354276296151924,0.5862087297764582,0.26648788371709264,0.915408035464854,0.08459196453514595
wired,laser,wired_laser_12,0,child,28,expert,0.975338189912035,0.8680151242056086,0.889963228326991,0.4972400866878762,0.43161191560638446,0.9465046369233097,0.05349536307669034
wired,laser,wired_laser_12,0,child,29,partner,1.0914085511377138,1.0674106760656719,0.9780120147968384,0.3813253925849941,0.4070307951001563,0.9120998277948359,0.0879001722051641
wired,laser,wired_laser_12,0,child,30,expert,0.8146301108536993,0.7886569999950803,0.9681166820210362,0.5146207998558738,0.40585929614940214,0.9298107538372009,0.07018924616279909
wired,laser,wired_laser_13,1,teenager,4,expert,0.8870533959453321,0.8190145403475746,0.9232979030240093,0.5800373936198099,0.4750590593199338,0.983382338818192,0.016617661181807963
wired,laser,wired_laser_13,1,teenager,5,partner,1.3872632952997095,1.334630460556837,0.962059952914372,0.3091216620287862,0.4125631861615739,0.8535105524139439,0.1464894475860561
wired,laser,wired_laser_13,1,teenager,6,expert,0.9901456433167601,0.9775918989404874,0.9873213153418442,0.3118315346977605,0.30484398215471015,0.8810689874208281,0.11893101257917194
wired,laser,wired_laser_13,1,teenager,7,partner,1.2339275927323707,1.2094632479075964,0.9801735977298461,0.34843594717988563,0.4214204723639442,0.8462614030371849,0.1537385969628151
wired,laser,wired_laser_13,1,teenager,8,expert,0.7410763961023462,0.7313508603926879,0.9868764735163661,0.653241891614041,0.47774901947647586,0.9868688434400152,0.013131156559984758
wired,laser,wired_laser_13,1,teenager,9,partner,0.9869313245708968,0.9708939758351571,0.9837502890652536,0.5216837988144603,0.5064996575597596,0.9240863900769744,0.07591360992302565
wired,laser,wired_laser_13,1,teenager,10,expert,0.7643278869377279,0.7569038199210928,0.990286803419708,0.9031019959468929,0.6835613505105664,0.9890976406351183,0.010902359364881709
wired,laser,wired_laser_13,1,teenager,11,partner,1.3178176732887485,1.314708053155696,0.9976403259744652,0.5046422742343807,0.6634572618987455,0.8905295732614732,0.1094704267385268
wired,laser,wired_laser_13,1,teenager,12,expert,1.0163066345438978,0.9549630219639863,0.9396406453566238,0.31733041429881903,0.303038811399884,0.8283617187609948,0.17163828123900515
wired,laser,wired_laser_13,1,teenager,13,partner,0.800846928924224,0.718553925155123,0.8972425306287404,0.3102532685553614,0.2229337039126614,0.9415306108063133,0.058469389193686716
wired,laser,wired_laser_13,1,teenager,14,expert,0.7942845295024942,0.75961499594542,0.9563512415635919,0.374052309145801,0.2841357432951626,0.950206341538407,0.049793658461593004
wired,laser,wired_laser_13,1,teenager,15,partner,0.8539602704314689,0.8524219697187781,0.998198627305095,0.2566854749479752,0.21880433815335312,0.9065220890585315,0.09347791094146851
wired,laser,wired_laser_13,1,teenager,16,expert,1.0890690880974945,1.0452039089244227,0.959722317295168,0.5458208317780627,0.5704940669468109,0.9329931054137681,0.06700689458623188
wired,laser,wired_laser_13,1,teenager,17,partner,1.0595177623342213,0.9354882863353109,0.8829378039623004,0.18501030884899627,0.17307497677951414,0.814420376462991,0.18557962353700896
wired,laser,wired_laser_13,1,teenager,18,expert,0.8751646086924934,0.860013719271276,0.9826879546182339,0.42332831496672496,0.3640681586273753,0.9487392108116959,0.05126078918830412
wired,laser,wired_laser_13,1,teenager,19,partner,0.9112645858307511,0.9025762988302759,0.9904656812779079,0.30718023830333274,0.27725360256162424,0.9079197886496414,0.0920802113503586
wired,laser,wired_laser_13,1,teenager,20,expert,0.6895347776889951,0.641547793799412,0.9304067242970051,0.494754990783867,0.3174089728086383,0.962710375230843,0.03728962476915698
wired,laser,wired_laser_13,1,teenager,21,partner,1.1273469201076987,1.1240073202608278,0.9970376467187679,0.20457358883493637,0.22994221138249724,0.8137597908056644,0.1862402091943356
wired,laser,wired_laser_14,2,undergraduate,4,expert,0.945735868716552,0.9159216223801546,0.9684750813376398,0.6878097294758845,0.6299798033104074,0.9052772265636598,0.09472277343634017
wired,laser,wired_laser_14,2,undergraduate,5,partner,1.0320441057920706,1.010162727904288,0.978798020582688,0.37415414291572247,0.377956569664437,0.91850617758397,0.08149382241602998
wired,laser,wired_laser_14,2,undergraduate,6,expert,1.0502743859225823,0.9514804506477219,0.9059351188604073,0.6597735466911179,0.6277616315311106,0.9077681621505722,0.09223183784942779
wired,laser,wired_laser_14,2,undergraduate,7,partner,1.1475555556973493,1.131319545717426,0.985851656679887,0.3218369209567249,0.36410039921185716,0.8760669735488686,0.12393302645113136
wired,laser,wired_laser_14,2,undergraduate,8,expert,1.0712879989242388,0.9460295144620734,0.8830767407188076,0.8069145388756676,0.7633649694249356,0.9634629950838155,0.0365370049161845
wired,laser,wired_laser_14,2,undergraduate,9,partner,1.0698444428599958,1.039622701796379,0.9717512753687841,0.3200618372527471,0.33274355198661393,0.888093138367804,0.11190686163219599
wired,laser,wired_laser_15,3,graduate,4,expert,1.1734141547270742,1.1319897116603928,0.9646975086325925,0.8218808913464642,0.9303607132144707,0.9512910306010551,0.04870896939894487
wired,laser,wired_laser_15,3,graduate,5,partner,0.9847562003053109,0.8296559599592729,0.8424988435728623,0.4159262100902117,0.3450756591046168,0.926547221321248,0.073452778678752
wired,laser,wired_laser_15,3,graduate,6,expert,0.8627955734525316,0.8221163892477017,0.9528518858262075,0.7186333986467586,0.5908002948882773,0.988443137510384,0.01155686248961596
wired,laser,wired_laser_15,3,graduate,7,partner,1.3157718139331362,1.297919991375665,0.9864324327596783,0.21878219563169976,0.28396178546744477,0.7790652709958705,0.22093472900412947
wired,laser,wired_laser_15,3,graduate,8,expert,0.9125586093971333,0.8846671558960868,0.9694359866700047,0.7121874105288533,0.6300488109375594,0.9782935760807939,0.021706423919206075
wired,laser,wired_laser_15,3,graduate,9,partner,1.0250553845910568,1.0199207884041974,0.9949909085254911,0.3042613740093631,0.31032250046057397,0.8957676059767602,0.1042323940232398
wired,laser,wired_laser_15,3,graduate,10,expert,1.0750531792695934,1.0632252830163251,0.9889978500763158,0.5195545184227737,0.5524034998924641,0.9482831396585915,0.051716860341408544
wired,laser,wired_laser_15,3,graduate,11,partner,1.0994132775090013,1.062491434967631,0.9664167758406625,0.5602156374227518,0.5952243164966057,0.9044682645336407,0.09553173546635929
wired,laser,wired_laser_15,3,graduate,12,expert,1.2416449253828277,1.2279024504428162,0.9889320411495555,0.4331174910145691,0.5318260285464338,0.9221040522763723,0.07789594772362773
wired,laser,wired_laser_15,3,graduate,13,partner,1.230466335369213,1.2069985028651538,0.980927692346822,0.39400001416761327,0.47555742722915856,0.9180410162130228,0.08195898378697719
wired,laser,wired_laser_15,3,graduate,14,expert,1.068037352203225,1.0513193005388761,0.9843469410214484,0.35700097428159816,0.37532201457342707,0.9227630529158073,0.07723694708419271
wired,laser,wired_laser_15,3,graduate,15,partner,1.2197036399448986,1.2015009883171746,0.9850761684784908,0.4654238977072293,0.5592072730816675,0.9010981420054313,0.09890185799456874
wired,laser,wired_laser_15,3,graduate,16,expert,0.8838979220343757,0.8678796503258609,0.9818776905000195,0.4195130759277126,0.36408686164326953,0.9554065437431113,0.04459345625688871
wired,laser,wired_laser_15,3,graduate,17,partner,1.1119433363737787,1.1024866652479886,0.9914953659800494,0.6479126659708851,0.7143150744781751,0.8772189763757766,0.12278102362422338
wired,laser,wired_laser_15,3,graduate,18,expert,0.87452966426264,0.8475267342603331,0.9691229113125127,0.33503595745695336,0.2839519308832756,0.9448342158592736,0.05516578414072637
wired,laser,wired_laser_15,3,graduate,19,partner,1.0253320381371622,0.9120080607357781,0.88947582520862,0.2415691158309211,0.22031298086261492,0.9168774586644067,0.08312254133559327
wired,laser,wired_laser_16,4,expert,4,partner,0.795121059123397,0.40750076112858635,0.5125015322538863,1.0,0.40750076112858635,0.9575320893392176,0.04246791066078237
wired,laser,wired_laser_16,4,expert,5,expert,1.2855630388110744,1.2699611228261614,0.9878637487895342,0.24055522899921317,0.30549578872154515,0.8161507961954755,0.18384920380452452
wired,laser,wired_laser_16,4,expert,6,partner,1.0492479446853322,1.0217608729155192,0.9738030730391087,0.7154878685880557,0.731057509168996,0.9483922288132209,0.05160777118677906
wired,laser,wired_laser_16,4,expert,7,expert,0.8170138732682428,0.5982077258313839,0.7321879657167677,0.6602269644841359,0.3949528709566128,0.9867851936431212,0.013214806356878772
wired,laser,wired_laser_16,4,expert,8,partner,1.1589927252640801,1.1392846300794772,0.9829954970760533,0.35672223959399824,0.40640816477697095,0.9273804417374356,0.07261955826256439
wired,laser,wired_laser_16,4,expert,9,expert,1.3553434120727763,1.30326112633089,0.9615726278086255,0.4549443663188327,0.5929113072665749,0.8521117720971322,0.14788822790286782
wired,laser,wired_laser_16,4,expert,10,partner,1.2293104283033962,1.214432867106097,0.9878976368736903,0.3199938006399586,0.3886109887673618,0.890596750642414,0.10940324935758605
wired,laser,wired_laser_16,4,expert,11,expert,1.1307669770993747,1.0637001264390555,0.940689061478167,0.35231093757480114,0.3747531888441782,0.8979390566967859,0.10206094330321414
wired,laser,wired_laser_16,4,expert,12,partner,1.0185722555969894,0.9408754150465926,0.9237198538205007,0.6156965993272258,0.5792937934347792,0.881516709028808,0.11848329097119203
wired,laser,wired_laser_16,4,expert,13,expert,1.1633671997455368,1.15010618556088,0.9886011792419916,0.36054477611045743,0.41466477717629974,0.8917939379325073,0.10820606206749273
wired,laser,wired_laser_16,4,expert,14,partner,1.0800079331214067,0.9613559311455896,0.8901378421973412,0.35771047386881205,0.3438870856866819,0.92093923006505,0.07906076993495004
wired,laser,wired_laser_16,4,expert,15,expert,1.114872777206513,1.0657887607965588,0.9559734371361207,0.49076535146332734,0.5230521957779873,0.9018018860834048,0.09819811391659516
wired,laser,wired_laser_16,4,expert,16,partner,1.1403321094682581,1.1206310231224836,0.9827233784060119,0.3687415362052984,0.4132232049854999,0.9057546886289215,0.0942453113710785
wired,laser,wired_laser_16,4,expert,17,expert,1.1317723469372731,1.0793466560743752,0.9536782366120513,0.34156510555926733,0.3686671545170862,0.8964339075511544,0.10356609244884563
wired,laser,wired_laser_16,4,expert,18,partner,0.8359008055249203,0.8041301185992802,0.9619922762167323,0.5393572205578484,0.43371338573456075,0.963353007706642,0.036646992293357994
wired,laser,wired_laser_16,4,expert,19,expert,1.120648385775508,1.118187185949267,0.9978037715857362,0.3420018140461193,0.3824220460377746,0.9003779595527078,0.09962204044729217
wired,laser,wired_laser_16,4,expert,20,partner,1.1178908134556858,1.1144075698720144,0.9968840932023578,0.39889921191007155,0.44453630136856453,0.9174900821885187,0.08250991781148131
wired,laser,wired_laser_16,4,expert,21,expert,1.0837097678578187,1.0831521078442672,0.9994854157163745,0.49778102575798777,0.5391725672946459,0.953900107897877,0.04609989210212295
wired,laser,wired_laser_16,4,expert,22,partner,1.0329170273950834,0.9962704440337518,0.9645212709343021,0.3635155663199053,0.3621598146707128,0.9459599555161577,0.05404004448384225
wired,laser,wired_laser_16,4,expert,23,expert,1.2348991862326946,1.2054811039876001,0.9761777458645702,0.27493020133019275,0.3314231626190539,0.8813578707151596,0.11864212928484041
wired,laser,wired_laser_16,4,expert,24,partner,1.0859394443239374,1.0155179621264705,0.9351515569615912,0.32720448200548025,0.3322820287648527,0.9325647373895345,0.06743526261046551
wired,laser,wired_laser_16,4,expert,25,expert,1.100950603811666,1.086539897705162,0.9869106696907208,0.3808686020104841,0.4138289318675794,0.8338288447944658,0.16617115520553416
wired,laser,wired_laser_16,4,expert,26,partner,1.061245990527713,0.9897486029937955,0.932628826706523,0.493586629773539,0.488526677274776,0.8287309494820407,0.17126905051795926
wired,laser,wired_laser_16,4,expert,27,expert,1.1135562229310567,1.043547789223688,0.9371307597527203,0.3580762149466864,0.37366964248120066,0.923667781172933,0.07633221882706698
wired,laser,wired_laser_16,4,expert,28,partner,0.9965895099784369,0.8428107885206135,0.8456950229568477,0.29276549956521825,0.24674592154019293,0.9394825538608668,0.060517446139133235
wired,laser,wired_laser_16,4,expert,29,expert,0.8813628419172866,0.8319188505287763,0.9439005265051844,0.27786568448440474,0.23116170083765764,0.9494692280395527,0.05053077196044731
wired,laser,wired_laser_16,4,expert,30,partner,1.1850533435757804,1.1631414088292293,0.9815097481760479,0.4570029734997286,0.5315590824356213,0.764733611386494,0.23526638861350602
wired,laser,wired_laser_16,4,expert,31,expert,1.0579409526363146,1.0264795054970082,0.9702616227664909,0.15959973765243707,0.16382585978292583,0.8538676079483525,0.14613239205164752
wired,laser,wired_laser_16,4,expert,32,partner,1.0305836247257807,0.8323617353696403,0.807660548255178,0.45386146612346767,0.37777691755993875,0.9223038818567321,0.07769611814326793
wired,laser,wired_laser_16,4,expert,33,expert,0.9325249417011513,0.9241581742080619,0.9910278351602935,0.2961370024936858,0.27367743154001295,0.8862008560376039,0.1137991439623961
wired,laser,wired_laser_16,4,expert,34,partner,0.8416808525432421,0.7482766213771688,0.8890265462440663,0.5273392493578559,0.39459563182906876,0.9641826851402224,0.03581731485977757
wired,laser,wired_laser_16,4,expert,35,expert,1.0518305866285313,1.0485234921454678,0.9968558677356391,0.2916975193508737,0.30585170163994824,0.8640731026277652,0.13592689737223485
wired,laser,wired_laser_16,4,expert,36,partner,0.7594405521515492,0.7083121715109081,0.9326762568884116,0.3903206946196414,0.27646889879168424,0.9687236838457599,0.03127631615424009
wired,laser,wired_laser_16,4,expert,37,expert,0.79906952425492,0.7938820202001776,0.9935080692001452,0.33615767167403254,0.266869531494369,0.9205480197022397,0.07945198029776035
wired,machine,wired_machine_12,0,child,4,expert,1.2604748792828637,1.2551351457175663,0.9957637128243831,0.6187080679567887,0.7765622410315779,0.859125545024873,0.14087445497512696
wired,machine,wired_machine_12,0,child,5,partner,1.073978899237994,1.0684250508334296,0.9948287173896063,0.46844928991266777,0.500502956387826,0.8687898321472984,0.13121016785270156
wired,machine,wired_machine_12,0,child,6,expert,1.193375729924472,1.0416761882636407,0.8728819952863418,0.42206596445292405,0.4396560650471392,0.9034348842682841,0.09656511573171589
wired,machine,wired_machine_12,0,child,7,partner,1.0344775521292517,0.9450899185289583,0.913591519296652,0.4298770523014541,0.40627246833705,0.9489012750479177,0.05109872495208234
wired,machine,wired_machine_12,0,child,8,expert,1.2669707495173497,1.2520096289612963,0.9881914238645675,0.5649786582355214,0.7073587202685062,0.8315695443641942,0.16843045563580583
wired,machine,wired_machine_12,0,child,9,partner,1.003123472397723,0.8357209378287863,0.8331187145191262,0.3933221097503843,0.328707522429388,0.9591362044306382,0.040863795569361816
wired,machine,wired_machine_12,0,child,10,expert,1.1971922162147945,1.1706190675697854,0.9778037742928163,0.30155560721552455,0.3530067437390778,0.8496813429332979,0.1503186570667021
wired,machine,wired_machine_12,0,child,11,partner,1.0836993130466333,0.9521106738481593,0.878574584651702,0.5865751048010576,0.5584844182946895,0.9244297806147539,0.0755702193852461
wired,machine,wired_machine_12,0,child,12,expert,0.9805930247166544,0.97368736296131,0.9929576678782385,0.5219495029742303,0.5082156351499447,0.9324265205874309,0.06757347941256908
wired,machine,wired_machine_12,0,child,13,partner,1.01216250140713,0.9929257589378497,0.9809944130082688,0.4556400846801392,0.4524167768835334,0.9448927461936205,0.055107253806379486
wired,machine,wired_machine_12,0,child,14,expert,1.052194677497045,1.0395465720896913,0.9879793105982735,0.3742318315272223,0.38903141763097077,0.9016783036911323,0.09832169630886767
wired,machine,wired_machine_12,0,child,15,partner,1.0797344965405409,1.0605062375779744,0.982191678579173,0.41833329034677813,0.44364506379927604,0.8364884951340774,0.16351150486592259
wired,machine,wired_machine_12,0,child,16,expert,0.8757624796089212,0.7223341228810571,0.8248059715949426,0.3309985556233488,0.23909155135108845,0.9410933017984879,0.058906698201512064
wired,machine,wired_machine_12,0,child,17,partner,1.037044166175674,0.8976183890537442,0.8655546391655061,0.3518483871145562,0.31582558243292613,0.9349478730714077,0.0650521269285923
wired,machine,wired_machine_12,0,child,18,expert,0.8102284497974073,0.7783773381914114,0.9606887272164774,0.3988036735872917,0.3104197419078326,0.9541802263490614,0.04581977365093859
wired,machine,wired_machine_12,0,child,19,partner,1.1799187485956197,1.1575095616476798,0.9810078558582164,0.528459102201036,0.6116964637374476,0.9035132797357943,0.09648672026420568
wired,machine,wired_machine_12,0,child,20,expert,0.9374207611093144,0.7704912048655096,0.8219267556576328,0.32560487209431466,0.25087569021002865,0.9530299056138745,0.04697009438612554
wired,machine,wired_machine_12,0,child,21,partner,1.051461148921203,1.0178753477691713,0.9680579722917402,0.3739624750682089,0.3806471843626732,0.8519900613230147,0.1480099386769853
wired,machine,wired_machine_12,0,child,22,expert,0.9602006278567109,0.9235572409235328,0.9618377806980478,0.5275878234555562,0.4872575545754654,0.9680477691774796,0.03195223082252041
wired,machine,wired_machine_12,0,child,23,partner,1.0529089856471234,1.0118032767539962,0.960959865045862,0.2665449217281234,0.26969102520665267,0.874835475359111,0.125164524640889
wired,machine,wired_machine_12,0,child,24,expert,0.8675522126685267,0.866556270446217,0.9988520088949516,0.6929462656677817,0.6004769315967063,0.9627155450156527,0.03728445498434729
wired,machine,wired_machine_12,0,child,25,partner,1.1374673310679135,1.1331186115727157,0.9961768400925314,0.6989548584396372,0.7919987587471258,0.9611922309339185,0.03880776906608152
wired,machine,wired_machine_12,0,child,26,expert,1.272411404329934,1.2370439408799856,0.9722043803359767,0.6796979445263776,0.8408162239049359,0.8109034412023374,0.18909655879766263
wired,machine,wired_machine_12,0,child,27,partner,1.110096591484085,1.0449045282402636,0.9412735218314582,0.29364595071061306,0.3068319835969368,0.9149478498185214,0.0850521501814786
wired,machine,wired_machine_12,0,child,28,expert,1.056005983384821,0.855008674773064,0.809662718038482,0.4092479052048265,0.3499105090828312,0.9252520182420721,0.07474798175792785
wired,machine,wired_machine_12,0,child,29,partner,1.011122324919546,0.9906947514946433,0.9797971294645205,0.3654651240032596,0.36206438020436826,0.8154646262042676,0.18453537379573237
wired,machine,wired_machine_12,0,child,30,expert,0.9501425691363472,0.8766513487089186,0.922652428366458,0.4687422984187236,0.41092356810569247,0.8369358476402491,0.1630641523597509
wired,machine,wired_machine_13,1,teenager,4,partner,0.9717012322943179,0.9286398182825122,0.9556845122949081,0.4789598017949621,0.44478114330350166,0.9556082380862232,0.044391761913776806
wired,machine,wired_machine_13,1,teenager,5,expert,1.2362682401485894,1.1956728138216661,0.9671629303337832,0.67538593010496,0.8075405954641606,0.9445863099068024,0.05541369009319763
wired,machine,wired_machine_13,1,teenager,6,partner,1.178450978831235,1.1302523549060908,0.9591000179117286,0.3523948413907483,0.3982950993386516,0.8899031357621183,0.11009686423788168
wired,machine,wired_machine_13,1,teenager,7,expert,0.9744200021736917,0.9244369980947472,0.9487048665171144,0.507169859763541,0.46884658268394175,0.9359648114200583,0.06403518857994173
wired,machine,wired_machine_13,1,teenager,8,partner,1.2045120238191505,1.1952699048679405,0.992327084521001,0.612063954847044,0.7315816250831217,0.9197623272848692,0.08023767271513083
wired,machine,wired_machine_13,1,teenager,9,expert,0.9660865717184224,0.8037194804566415,0.8319331869256779,0.6410965205382821,0.5152617624095888,0.9814037009167894,0.018596299083210588
wired,machine,wired_machine_13,1,teenager,10,partner,1.1660219558460083,1.1653561206569332,0.9994289685655262,0.29593785264299377,0.3448729879115824,0.8877132925699507,0.11228670743004932
wired,machine,wired_machine_13,1,teenager,11,expert,1.0192753575252018,1.0011952831102091,0.9822618350551774,0.41462052778458014,0.41511611669858706,0.936389509711159,0.06361049028884103
wired,machine,wired_machine_13,1,teenager,12,partner,1.1588961988817459,1.1459640056672151,0.9888409391384678,0.4891096577580831,0.5605020626149736,0.8699771145991583,0.13002288540084173
wired,machine,wired_machine_13,1,teenager,13,expert,1.0857825543792958,1.0845933838766857,0.9989047802446145,0.4774641115819317,0.5178544164603227,0.9220742206985125,0.07792577930148747
wired,machine,wired_machine_13,1,teenager,14,partner,1.0814701419064254,1.0535500401667992,0.9741831968736717,0.45943828629743855,0.48404122498283175,0.9371796846622686,0.06282031533773136
wired,machine,wired_machine_13,1,teenager,15,expert,0.8490606752670367,0.8240939196664135,0.9705948510761714,0.5554725387278335,0.457761541707274,0.970286586464024,0.029713413535976008
wired,machine,wired_machine_13,1,teenager,16,partner,1.027632594040998,1.024073979751139,0.9965370753015316,0.3192432607189346,0.3269287165131698,0.9111211467674305,0.0888788532325695
wired,machine,wired_machine_13,1,teenager,17,expert,0.9275782667102909,0.9237045924510633,0.9958238841947412,0.6394683267175267,0.5906798301159765,0.9589220478873812,0.041077952112618776
wired,machine,wired_machine_14,2,undergraduate,4,partner,0.9846945794497401,0.8717251093746645,0.8852746095758041,0.8779632658188844,0.7653426239229046,0.9968279558082896,0.003172044191710355
wired,machine,wired_machine_14,2,undergraduate,5,expert,1.146018171834898,1.1059635280460003,0.9650488580597888,0.6540663376628761,0.723373514377761,0.9544373158026291,0.04556268419737086
wired,machine,wired_machine_14,2,undergraduate,6,partner,1.0673548092408516,0.9667026906917485,0.9056994753023159,0.48672346502966013,0.4705168832669836,0.9381868976388027,0.0618131023611973
wired,machine,wired_machine_14,2,undergraduate,7,expert,0.9263858222539594,0.9189058720693478,0.9919256642255122,0.5956219680531454,0.5473205239775368,0.9649200745931723,0.035079925406827694
wired,machine,wired_machine_14,2,undergraduate,8,partner,0.9059742790376561,0.8754526671125968,0.9663107301915389,0.385289096098562,0.3373023667888877,0.9121193734766834,0.08788062652331663
wired,machine,wired_machine_14,2,undergraduate,9,expert,0.8926344320664988,0.8903585698930305,0.9974503984019562,0.6877488600754602,0.6123430915023487,0.9781207495582946,0.021879250441705356
wired,machine,wired_machine_14,2,undergraduate,10,partner,0.9552916706147324,0.9000367032407631,0.942159060866348,0.3597788115678134,0.3238141354593745,0.8899562412566537,0.11004375874334626
wired,machine,wired_machine_14,2,undergraduate,11,expert,0.7103235354682297,0.7094402893541427,0.9987565580035251,0.8104095934050267,0.5749372164406353,0.9846094510496197,0.015390548950380278
wired,machine,wired_machine_14,2,undergraduate,12,partner,1.0608877360922369,1.0603131552255163,0.9994583961637292,0.4563403542355097,0.4838636808561831,0.9277788475675725,0.07222115243242755
wired,machine,wired_machine_14,2,undergraduate,13,expert,1.0702683148022771,1.0499980335552441,0.9810605611997782,0.48213120576117036,0.5062368179648477,0.9544220392346942,0.04557796076530585
wired,machine,wired_machine_14,2,undergraduate,14,partner,1.297440187983444,1.2889028014207289,0.9934198226301453,0.3703064388014593,0.4772890063553346,0.8827614818093413,0.11723851819065867
wired,machine,wired_machine_14,2,undergraduate,15,expert,1.1957756695903592,1.172530346158481,0.9805604646222464,0.2065563568461584,0.24219359659406084,0.811740142721353,0.18825985727864702
wired,machine,wired_machine_14,2,undergraduate,16,partner,1.0128139146967534,0.9489100458900886,0.9369046298828396,0.26442517179487746,0.2509157019023717,0.8810580126882152,0.11894198731178485
wired,machine,wired_machine_14,2,undergraduate,17,expert,0.8897604061050676,0.8787392214139408,0.9876133118348571,0.47355722468505673,0.41613330691469336,0.955117543204656,0.04488245679534397
wired,machine,wired_machine_15,3,graduate,4,partner,0.9832789266183887,0.9666885710442633,0.983127518422301,0.5295969186433466,0.5119552885127817,0.9663796169397657,0.03362038306023429
wired,machine,wired_machine_15,3,graduate,5,expert,1.0619934313577732,1.059467026036202,0.9976210725528322,0.535461666815805,0.5673039796977286,0.9283186947006092,0.07168130529939076
wired,machine,wired_machine_15,3,graduate,6,partner,1.1029430164634346,1.0984328231573977,0.9959107648901983,0.4499218292879156,0.4942089051448658,0.932837852404301,0.06716214759569905
wired,machine,wired_machine_15,3,graduate,7,expert,1.0513968049232767,1.0467564883990121,0.995586522135571,0.43746554520457503,0.45791989789390025,0.904623731966647,0.09537626803335297
wired,machine,wired_machine_15,3,graduate,8,partner,1.164747924486093,1.1565835453171434,0.9929904325233763,0.3512833921902504,0.4062885911504323,0.8589182397604558,0.14108176023954422
wired,machine,wired_machine_15,3,graduate,9,expert,0.9196617536151162,0.9148287915428549,0.9947448482507204,0.27343226710310686,0.25014371048275835,0.9163980991318386,0.08360190086816144
wired,machine,wired_machine_16,4,expert,4,expert,0.8618380942876628,0.8519888904076655,0.9885718629215078,0.5036527387680299,0.42910653805375554,0.9603594809127809,0.039640519087219106
wired,machine,wired_machine_16,4,expert,5,partner,0.9881574287176187,0.9771542434782804,0.9888649471019951,0.5617791385622377,0.5489448691436635,0.9623240035403815,0.0376759964596185
wired,machine,wired_machine_16,4,expert,6,expert,1.0503330690664636,1.0463696405727376,0.9962265031812766,0.39431314028311976,0.4125972988711555,0.9246713022744071,0.07532869772559292
wired,machine,wired_machine_16,4,expert,7,partner,1.072365883140098,1.0703037781561389,0.9980770509232175,0.5018662001854697,0.5371492901873733,0.8369651663767277,0.1630348336232723
wired,machine,wired_machine_16,4,expert,8,expert,0.8704101547728591,0.8685019634735188,0.9978077102043507,0.2230140696786394,0.19368815739811845,0.887785550089866,0.11221444991013396
wired,machine,wired_machine_16,4,expert,9,partner,0.8533990456826762,0.7122287235040814,0.8345787672325081,0.5039300668825134,0.3589134682710589,0.9574990922988299,0.0425009077011701
wired,machine,wired_machine_16,4,expert,10,expert,0.8653385227060918,0.8560254501881442,0.989237654080379,0.37366956105678506,0.3198706542252407,0.9449672150736237,0.05503278492637631
wired,machine,wired_machine_16,4,expert,11,partner,1.0834080599488867,1.0747307701250137,0.9919907464734253,0.3870405302276066,0.4159643671211093,0.8933701611084378,0.10662983889156219
wired,machine,wired_machine_16,4,expert,12,expert,0.8956476958198696,0.8812060228794135,0.9838757214373001,0.24501476895369953,0.21590849009640797,0.8971961987035884,0.10280380129641165
wired,machine,wired_machine_16,4,expert,13,partner,0.8070252526703416,0.7803732727984489,0.9669750360541114,0.45251311836467256,0.3531291431624714,0.9533715643297294,0.04662843567027064
wired,memory,wired_memory_12,0,child,4,expert,0.8189148141055406,0.7953290829544754,0.9711987977921759,0.4204940850035682,0.3344311750136691,0.9628289204584304,0.03717107954156962
wired,memory,wired_memory_12,0,child,5,partner,1.1063576001960373,1.104688563618856,0.9984914131037883,0.4680403722774214,0.5170388465667792,0.8537081274965558,0.14629187250344422
wired,memory,wired_memory_12,0,child,6,expert,0.872398536043744,0.8601697860981533,0.9859826106517406,0.6233668800843613,0.5362013559028382,0.9183464852786156,0.08165351472138438
wired,memory,wired_memory_12,0,child,7,partner,1.301372019474196,1.2513296007790367,0.9615464156695639,0.2653953826239516,0.33209709818742905,0.7698132490597757,0.23018675094022434
wired,memory,wired_memory_12,0,child,8,expert,0.9565916967096055,0.9258325969472164,0.9678451110655056,0.7035052479480424,0.6513280906737314,0.9705401361708103,0.029459863829189747
wired,memory,wired_memory_12,0,child,9,partner,1.160477445476334,1.1545912926518382,0.9949278179869538,0.43055674452041126,0.4971170682157889,0.8520123882578629,0.14798761174213715
wired,memory,wired_memory_12,0,child,10,expert,0.8003972265335991,0.773122847782357,0.9659239464505277,0.5734477170039314,0.44334553202437055,0.9647269214893894,0.03527307851061057
wired,memory,wired_memory_12,0,child,11,partner,0.8640796847268298,0.8537603846908746,0.9880574671302386,0.5533915343249032,0.47246376922990263,0.9562011118900575,0.04379888810994248
wired,memory,wired_memory_12,0,child,12,expert,0.7358982449330179,0.7244058295787086,0.9843831461286611,0.3473022790990231,0.25158779560530403,0.9633230824034361,0.036676917596563885
wired,memory,wired_memory_13,1,teenager,4,expert,0.9088013298683173,0.8565714827309954,0.9425288614555258,0.6749628074967662,0.5781538928057804,0.981406278824991,0.018593721175009015
wired,memory,wired_memory_13,1,teenager,5,partner,1.2485087311082999,1.2463467021455525,0.9982683108977328,0.3026765954388183,0.3772399765418148,0.769840090830273,0.23015990916972695
wired,memory,wired_memory_13,1,teenager,6,expert,1.0117702252053518,1.0066068328744902,0.9948966749532399,0.5102270799702648,0.5135980650156675,0.9570995610860107,0.042900438913989314
wired,memory,wired_memory_14,2,undergraduate,4,expert,0.9099141311874763,0.8834202959907828,0.9708831478822195,0.5296364196084964,0.46789156257803627,0.9474101798644723,0.05258982013552771
wired,memory,wired_memory_14,2,undergraduate,5,partner,0.9673199039904856,0.9280352301685264,0.9593881262435958,0.6967271853926029,0.6465873738604938,0.7233148436396492,0.27668515636035085
wired,memory,wired_memory_14,2,undergraduate,6,expert,0.7666831964956708,0.759881169151161,0.9911279817053622,0.2553543274411755,0.19403894488380882,0.9219998840129726,0.07800011598702739
wired,memory,wired_memory_14,2,undergraduate,7,partner,1.0188812452316724,0.8341240436220543,0.8186665988061965,0.20485679328013176,0.17087597677427077,0.868870275668102,0.13112972433189796
wired,memory,wired_memory_14,2,undergraduate,8,expert,0.6536922770256047,0.5907941693056501,0.9037802496198151,0.49665462764190993,0.29342065816950913,0.9582535286268214,0.04174647137317855
wired,memory,wired_memory_15,3,graduate,4,expert,0.9546805398471644,0.8757449376448881,0.9173172606871923,0.44792576956842783,0.39226872514024136,0.9387015515580672,0.061298448441932774
wired,memory,wired_memory_15,3,graduate,5,partner,0.8894541964906323,0.8770172924237284,0.9860173754680567,0.39054560769004826,0.3425152514243058,0.8610713597374272,0.1389286402625728
wired,memory,wired_memory_15,3,graduate,6,expert,0.9612208950045495,0.9080841515613828,0.9447195293815789,0.34396241466563077,0.31234681749064386,0.9118752370664626,0.08812476293353744
wired,memory,wired_memory_15,3,graduate,7,partner,0.9190085189123175,0.9049461548453147,0.9846983311051014,0.2112362844360927,0.19115746336425327,0.8537542115242873,0.14624578847571268
wired,memory,wired_memory_15,3,graduate,8,expert,0.7801399608093583,0.7151770914293673,0.9167292118794788,0.44501585649339925,0.31826514588689797,0.9472541622279502,0.052745837772049775
wired,memory,wired_memory_15,3,graduate,9,partner,0.8755912679281986,0.8712615830404222,0.9950551301190838,0.3492130231748606,0.3042558913896607,0.9127083817083672,0.08729161829163279
wired,memory,wired_memory_15,3,graduate,10,expert,0.8138788688073616,0.8092620814247479,0.9943274268929314,0.49696394286943213,0.40217407479956613,0.9179850090838648,0.08201499091613518
wired,memory,wired_memory_16,4,expert,4,expert,0.9410762847571188,0.9111432556785799,0.9681927708047255,0.40793723733680587,0.37168926253958284,0.8564578363018046,0.1435421636981954
wired,memory,wired_memory_16,4,expert,5,partner,0.9533345751794587,0.9466808098139856,0.9930205349310722,0.45139946702536143,0.4273312129931707,0.9140566137496564,0.08594338625034359
wired,memory,wired_memory_16,4,expert,6,expert,0.9599910559319738,0.9455915788301285,0.9850004049372616,0.3792342255458354,0.35860069008030754,0.8956464154562085,0.10435358454379151
wired,memory,wired_memory_16,4,expert,7,partner,0.6611981294500204,0.6527211211367302,0.9871793219963757,0.5996549120094119,0.3914074264619306,0.9791962313424115,0.020803768657588484
wired,memory,wired_memory_16,4,expert,8,expert,0.8850320932319036,0.878927635646111,0.9931025579372,0.38564883816553724,0.33895742151850533,0.8790870714955435,0.12091292850445645
wired,memory,wired_memory_16,4,expert,9,partner,0.7988222541734014,0.7918206674800407,0.991235113120882,0.4738217230977376,0.3751818330497936,0.9348304320894751,0.06516956791052486
wired,memory,wired_memory_16,4,expert,10,expert,0.6537474823030229,0.6156882709224754,0.9417830088654197,0.46344718113345423,0.28533899361595166,0.9717736301990009,0.02822636980099913
wired,memory,wired_memory_16,4,expert,11,partner,0.7926545141687534,0.7774044773473651,0.9807608024053687,0.46885766248542193,0.36449204605478674,0.9684596243583783,0.03154037564162171
wired,memory,wired_memory_16,4,expert,12,expert,0.6548113625010821,0.6236689014538639,0.9524405610048968,0.5882429289382021,0.3668688212788918,0.9506882842074424,0.04931171579255755
wired,memory,wired_memory_16,4,expert,13,partner,1.272199812725022,1.2709651895403127,0.9990295367336488,0.19053809708706176,0.24216728867890797,0.7470311158155672,0.25296888418443275
wired,moravec,wired_moravec_12,0,child,4,expert,1.2655400456483747,1.260974709083361,0.9963925783449458,0.8128920857238751,1.0250363613118298,0.9002095637990247,0.09979043620097527
wired,moravec,wired_moravec_12,0,child,5,partner,1.2315057680524224,1.161816692654416,0.9434114908701074,0.41797509382395925,0.48561044111847157,0.9038054256053923,0.09619457439460766
wired,moravec,wired_moravec_12,0,child,6,expert,1.0018006573945348,0.957880032663179,0.9561583191145632,0.6190543538820668,0.5929798047168373,0.8845584491498163,0.1154415508501837
wired,moravec,wired_moravec_12,0,child,7,partner,1.140784945295657,1.0944461167076407,0.9593798736737656,0.41079521136667385,0.4495932238423507,0.8924601895722711,0.10753981042772887
wired,moravec,wired_moravec_12,0,child,8,expert,1.1065180988059875,1.0876872246503573,0.9829818652067841,0.4911414314457492,0.5342082604800307,0.9277020942734995,0.07229790572650052
wired,moravec,wired_moravec_12,0,child,9,partner,1.1282849960995174,1.116851919276364,0.9898668537969861,0.24426567484417072,0.27280858776304834,0.8481246503900431,0.15187534960995686
wired,moravec,wired_moravec_12,0,child,10,expert,0.8209361214586979,0.7068694525340751,0.8610529297665669,0.5611095359733452,0.39663119050512746,0.9751808236337159,0.024819176366284057
wired,moravec,wired_moravec_12,0,child,11,partner,1.0858392047985894,1.0341884352257946,0.9524323957493063,0.35657034689434913,0.36876092910258573,0.8696246358047566,0.13037536419524343
wired,moravec,wired_moravec_12,0,child,12,expert,0.9396482400721242,0.8926669741731537,0.9500012197156732,0.45526514037556665,0.4064001553055731,0.9327041965013778,0.06729580349862219
wired,moravec,wired_moravec_12,0,child,13,partner,0.9696986085585717,0.9248268694386114,0.9537260972379711,0.5070123477337757,0.46889864232134837,0.9457797687053278,0.05422023129467224
wired,moravec,wired_moravec_12,0,child,14,expert,1.0742983347633137,1.0694886145391151,0.9955229194074345,0.37447210629508454,0.4004936541450742,0.8842025481321972,0.11579745186780277
wired,moravec,wired_moravec_12,0,child,15,partner,0.9803785743385016,0.9075290826003498,0.9256924889568994,0.24927919761983255,0.22622812152727795,0.9093711009819816,0.0906288990180184
wired,moravec,wired_moravec_12,0,child,16,expert,1.0068107119136194,0.9400814463486231,0.933722133886419,0.42521387092732277,0.39973567078885436,0.8981380564892132,0.10186194351078681
wired,moravec,wired_moravec_12,0,child,17,partner,1.0103617863514835,0.9926628119567095,0.9824825378049289,0.310374317364364,0.30809704263405374,0.9118928502816537,0.08810714971834632
wired,moravec,wired_moravec_12,0,child,18,expert,1.1542250446192388,1.1272239500898749,0.9766067331009545,0.48310464843328565,0.5445671301137486,0.948514302748859,0.05148569725114105
wired,moravec,wired_moravec_12,0,child,19,partner,0.9633232532913747,0.9462100882534671,0.9822352829328894,0.31782720720236746,0.3007313097763051,0.9430851173691636,0.05691488263083644
wired,moravec,wired_moravec_12,0,child,20,expert,1.1669200232963235,1.1406029808804592,0.9774474326505245,0.5600897819415537,0.6388400748432225,0.8079514304865659,0.19204856951343408
wired,moravec,wired_moravec_12,0,child,21,partner,1.0115429048978155,0.9890245523128439,0.9777386085385827,0.36808491933402343,0.3640450225574418,0.8931305296409986,0.1068694703590014
wired,moravec,wired_moravec_12,0,child,22,expert,1.1739803622375564,0.9690763275409893,0.8254621275718323,0.4341429875515256,0.42071769200410586,0.9373113140053076,0.06268868599469235
wired,moravec,wired_moravec_12,0,child,23,partner,1.1044412323527475,1.1029558683761926,0.9986550991270134,0.34122737838257955,0.3763587394376897,0.8789963666677153,0.1210036333322847
wired,moravec,wired_moravec_12,0,child,24,expert,1.0611447245432328,1.0396804188327586,0.9797724992500968,0.5644432594388917,0.5868406043807544,0.9248420474259139,0.07515795257408608
wired,moravec,wired_moravec_13,1,teenager,4,expert,1.3966022759142918,1.378820475312708,0.987267813529138,0.5898291924281405,0.8132685674570793,0.8894293014389898,0.1105706985610102
wired,moravec,wired_moravec_13,1,teenager,5,partner,1.2755700863890904,1.274533973717219,0.9991877257988985,0.5441679861363637,0.6935605857400762,0.8131937138429398,0.1868062861570602
wired,moravec,wired_moravec_13,1,teenager,6,expert,1.0103966153113078,0.9214987232412546,0.9120168350489026,0.41556772259504043,0.3829451257916056,0.9284582407577102,0.07154175924228978
wired,moravec,wired_moravec_13,1,teenager,7,partner,1.1177088355305431,0.9933996120098957,0.8887821053480978,0.5042895652328343,0.5009610584429366,0.9342508583401873,0.06574914165981272
wired,moravec,wired_moravec_13,1,teenager,8,expert,1.069429735097967,1.0663639239156586,0.997133228034823,0.3752921559997745,0.40019801608668704,0.8886380623392084,0.11136193766079161
wired,moravec,wired_moravec_13,1,teenager,9,partner,0.9523722071352777,0.8600996163192054,0.903112889975517,0.48919996582997904,0.42076070291373335,0.941460147376175,0.058539852623824995
wired,moravec,wired_moravec_13,1,teenager,10,expert,1.0095158995005304,1.0043365965598172,0.9948695182074193,0.4239665808762426,0.425805152892348,0.9352688094640775,0.06473119053592247
wired,moravec,wired_moravec_13,1,teenager,11,partner,1.0544480103160656,1.0421544322337826,0.9883412193270804,0.31521573820308924,0.32850347867819313,0.8473948198609053,0.15260518013909474
wired,moravec,wired_moravec_13,1,teenager,12,expert,0.8974621262678371,0.8190696446529285,0.9126509305280412,0.6702978594588,0.549020629558538,0.9837440325902118,0.016255967409788186
wired,moravec,wired_moravec_13,1,teenager,13,partner,1.1824838971038403,1.179177938737919,0.9972042254655514,0.32796288294297493,0.3867265962912426,0.8564135028911685,0.14358649710883153
wired,moravec,wired_moravec_13,1,teenager,14,expert,1.200470068253362,1.194863178966515,0.9953294218355646,0.5551235390975204,0.6632966766452058,0.893296604019399,0.10670339598060097
wired,moravec,wired_moravec_13,1,teenager,15,partner,1.0566967317490907,1.0085256897695902,0.9544135601699835,0.44221771087495065,0.44598792188848885,0.865006380018986,0.134993619981014
wired,moravec,wired_moravec_13,1,teenager,16,expert,0.7772985480763641,0.7698634496409351,0.9904346940376776,0.33682614999719146,0.2593101417661129,0.9518083040407851,0.04819169595921491
wired,moravec,wired_moravec_13,1,teenager,17,partner,0.9549888327957154,0.8615835495039242,0.9021922769303482,0.1987341391438793,0.1712260650111903,0.9161868621368989,0.08381313786310107
wired,moravec,wired_moravec_13,1,teenager,18,expert,0.9156211879016907,0.8983263416597589,0.9811113520837726,0.3296904237247234,0.29616959222488654,0.8808511663530425,0.1191488336469575
wired,moravec,wired_moravec_13,1,teenager,19,partner,1.019370958665283,0.9746433816412888,0.9561223746421865,0.19792594702043148,0.1929072143185479,0.8689935399956945,0.1310064600043055
wired,moravec,wired_moravec_13,1,teenager,20,expert,1.0129695728950538,0.9450898182978421,0.9329893449769223,0.28669151349542454,0.27094923039692415,0.8679045213751626,0.1320954786248374
wired,moravec,wired_moravec_13,1,teenager,21,partner,1.039659272370909,0.9741875688769177,0.9370258071708221,0.49015527711705975,0.47750317778686036,0.9306054525162559,0.06939454748374407
wired,moravec,wired_moravec_13,1,teenager,22,expert,0.9537204027052076,0.9211751387992825,0.9658754664212099,0.286596083193403,0.2640051867150137,0.853409905656787,0.14659009434321302
wired,moravec,wired_moravec_13,1,teenager,23,partner,1.0035371252904113,0.9827295181858683,0.9792657325960902,0.6691374900322067,0.6575811631794517,0.9623138219652098,0.03768617803479024
wired,moravec,wired_moravec_14,2,undergraduate,4,expert,1.0807316923557122,1.061160283985227,0.9818905945759704,0.7403588689109593,0.785639427584535,0.9663327316338794,0.03366726836612055
wired,moravec,wired_moravec_14,2,undergraduate,5,partner,0.9685774820901728,0.8694350566231778,0.897641203413128,0.5856672274025843,0.5091996190191054,0.9581548477134789,0.04184515228652108
wired,moravec,wired_moravec_14,2,undergraduate,6,expert,1.0075534537324267,1.000694359104594,0.993192326815598,0.6697486693344537,0.6702137154207958,0.9671185665710211,0.03288143342897887
wired,moravec,wired_moravec_14,2,undergraduate,7,partner,0.8663056391463044,0.790423972230567,0.9124077421550356,0.43685521939954564,0.34530083780744475,0.9653672404109185,0.03463275958908152
wired,moravec,wired_moravec_14,2,undergraduate,8,expert,0.9012902716554708,0.8952449610425314,0.9932926041653275,0.5016738503817612,0.44912098664107647,0.9506518463613001,0.04934815363869993
wired,moravec,wired_moravec_14,2,undergraduate,9,partner,1.1576802447060344,1.1517456547401477,0.9948737226932739,0.3207289596182236,0.36939818558961734,0.8387675010554567,0.16123249894454328
wired,moravec,wired_moravec_14,2,undergraduate,10,expert,0.8213306532369612,0.7451363548007564,0.9072306650959375,0.5088648313112625,0.3791736854895759,0.9764131917674669,0.02358680823253312
wired,moravec,wired_moravec_14,2,undergraduate,11,partner,1.2634010446510835,1.2410933481182016,0.9823431390781974,0.21267124220177278,0.26394486403265516,0.8227689418246616,0.17723105817533835
wired,moravec,wired_moravec_14,2,undergraduate,12,expert,1.0772186761904894,1.0683905242627967,0.9918046798446675,0.24630378648388246,0.26314863156942714,0.835765180139386,0.16423481986061395
wired,moravec,wired_moravec_14,2,undergraduate,13,partner,0.9032995861804965,0.8779834113647219,0.9719736672040411,0.31507056828877067,0.27662673236679647,0.876677558410995,0.12332244158900496
wired,moravec,wired_moravec_14,2,undergraduate,14,expert,0.6598126156571938,0.6452382737877638,0.977911392530906,0.42050845065077846,0.27132814681107537,0.9538306727105952,0.046169327289404816
wired,moravec,wired_moravec_15,3,graduate,4,expert,0.898594430543896,0.8612315600671088,0.9584207633524605,0.5905926303079387,0.5086370123642433,0.9716958057630183,0.028304194236981717
wired,moravec,wired_moravec_15,3,graduate,5,partner,1.3111391650673774,1.2966268757028518,0.9889315415539671,0.29260040204054527,0.37939354512723056,0.8587288743946832,0.14127112560531685
wired,moravec,wired_moravec_15,3,graduate,6,expert,1.1441530239951696,1.1385621096388416,0.995113490730636,0.32741565782387133,0.37278306210073603,0.8773298054077129,0.12267019459228712
wired,moravec,wired_moravec_15,3,graduate,7,partner,1.0578938569236522,1.0569922190679895,0.9991477047997197,0.5794212080806702,0.6124437085042429,0.9446154396253531,0.055384560374646896
wired,moravec,wired_moravec_15,3,graduate,8,expert,0.9983625955825659,0.9873928845844844,0.9890122976886274,0.4830293384937113,0.47693973187424094,0.892678970266736,0.10732102973326396
wired,moravec,wired_moravec_15,3,graduate,9,partner,0.9513382536868032,0.9414094293198141,0.9895633079722164,0.45949063121973166,0.4325688129143687,0.9201538696376392,0.07984613036236077
wired,moravec,wired_moravec_15,3,graduate,10,expert,1.0070135617830878,0.9786742858736525,0.971858099050595,0.30754036624462683,0.3009818483117817,0.9024022208240551,0.09759777917594492
wired,moravec,wired_moravec_15,3,graduate,11,partner,0.9178249420003453,0.9015426996657895,0.9822599696407772,0.30727788218687496,0.2770241314543417,0.9039097165732467,0.0960902834267533
wired,moravec,wired_moravec_15,3,graduate,12,expert,0.9790933565572003,0.9777522111744248,0.9986302170525495,0.21827168725879825,0.2134156248540625,0.8122338096317507,0.18776619036824926
wired,moravec,wired_moravec_15,3,graduate,13,partner,1.044263655759131,1.0116693297417803,0.968787263792471,0.6693715881178848,0.6771827058994115,0.9656498724113445,0.03435012758865552
wired,moravec,wired_moravec_16,4,expert,4,expert,1.1673022415826584,1.1122000946317252,0.952795304430173,0.3983692166438411,0.44306628044964635,0.8638109680134166,0.1361890319865834
wired,moravec,wired_moravec_16,4,expert,5,partner,0.8673379750980247,0.854868043336217,0.9856227536199094,0.5239434559395773,0.44790251699788186,0.9601191487235585,0.039880851276441476
wired,moravec,wired_moravec_16,4,expert,6,expert,0.8117369233517316,0.8095297736114748,0.9972809543612473,0.2884660842082739,0.2335218838437126,0.919561673061119,0.08043832693888098
wired,moravec,wired_moravec_16,4,expert,7,partner,0.8001653776064236,0.7844765464814007,0.9803930142879538,0.5848867435445189,0.45882993265855687,0.9273907706190094,0.07260922938099057
wired,moravec,wired_moravec_16,4,expert,8,expert,0.9405500800674996,0.9296612998936964,0.988422966085963,0.42618270103531,0.39620556383669286,0.9303174739762091,0.06968252602379088
wired,nano,wired_nano_12,0,child,4,expert,1.2373992736461903,1.2128770874174395,0.9801824788877784,0.43978754214281424,0.533408233196651,0.8005315052347803,0.19946849476521966
wired,nano,wired_nano_12,0,child,5,partner,1.0243819621061285,0.8455632506262553,0.8254374656177588,0.5159994018016647,0.4363101315086188,0.9580440316891845,0.041955968310815495
wired,nano,wired_nano_12,0,child,6,expert,1.209349843358463,1.1109140028052644,0.9186043301740107,0.6680373512643092,0.7421320479164601,0.9223548170329068,0.07764518296709322
wired,nano,wired_nano_12,0,child,7,partner,1.2477411201419348,1.2466859236202927,0.9991543145404062,0.3933541431010291,0.49038907320177527,0.8663014474930603,0.13369855250693974
wired,nano,wired_nano_12,0,child,8,expert,1.1020713236698942,1.042855844735113,0.946268923195878,0.6672212243241334,0.6958155535177405,0.9511149647882361,0.048885035211763905
wired,nano,wired_nano_12,0,child,9,partner,1.1818909387581913,1.1804652166715317,0.9987936940364764,0.4713682457225834,0.5564338183189892,0.9182524054243508,0.08174759457564917
wired,nano,wired_nano_12,0,child,10,expert,0.9500085771601772,0.9367727529375393,0.9860676792380241,0.7409885227280574,0.6941378583310827,0.9399843198687571,0.06001568013124292
wired,nano,wired_nano_12,0,child,11,partner,1.0019559026341844,0.9951315110934437,0.9931889302475364,0.28822289744188134,0.28681968746307,0.9084758745719878,0.09152412542801225
wired,nano,wired_nano_12,0,child,12,expert,0.8790254795101258,0.8490337966015302,0.9658807581706556,0.4359637419872372,0.37014795104003395,0.8768262209156169,0.1231737790843831
wired,nano,wired_nano_12,0,child,13,partner,0.9781149104019375,0.9667781683842447,0.9884096010620852,0.4545866416049972,0.4394844407428243,0.9319143824642424,0.06808561753575759
wired,nano,wired_nano_12,0,child,14,expert,1.0088858691867466,1.002572008373489,0.9937417491838388,0.39407167944010213,0.39508523509937693,0.8555583649043516,0.14444163509564845
wired,nano,wired_nano_12,0,child,15,partner,1.0554956324075886,1.007077833850753,0.9541279025026861,0.14833618396471648,0.14938608282887347,0.8523139623670962,0.14768603763290378
wired,nano,wired_nano_12,0,child,16,expert,0.9408910775918847,0.796875604870852,0.8469371469751071,0.45556456148472063,0.3630282854908612,0.9633928191488307,0.03660718085116932
wired,nano,wired_nano_12,0,child,17,partner,1.035813262459157,0.9924099501747063,0.9580973580292228,0.4436917478999241,0.440324105426292,0.9540498184400734,0.045950181559926584
wired,nano,wired_nano_13,1,teenager,4,expert,1.3019458760339773,1.2942511834435793,0.9940898521720181,0.7409467428093022,0.9589711987496047,0.9781920971028811,0.02180790289711887
wired,nano,wired_nano_13,1,teenager,5,partner,1.1192475155599313,0.9702621803648088,0.8668879464776333,0.2985392893713562,0.28966138183001267,0.8177931344582999,0.18220686554170007
wired,nano,wired_nano_13,1,teenager,6,expert,1.1602853202047014,1.0537761018777527,0.908204286934298,0.6585537502413743,0.6939682038063306,0.9580517613939239,0.041948238606076105
wired,nano,wired_nano_13,1,teenager,7,partner,1.0621522553587806,1.0512070628485854,0.9896952697167811,0.3996190516582039,0.42008236955195766,0.9227230729499565,0.07727692705004352
wired,nano,wired_nano_13,1,teenager,8,expert,0.7799102057620956,0.6806980589353196,0.8727902954793331,0.7559728791688387,0.5145892714579734,0.9928496706592317,0.007150329340768313
wired,nano,wired_nano_13,1,teenager,9,partner,1.322531386707844,1.3076136322024712,0.9887203020992218,0.3979253707847782,0.5203326394373989,0.8896941549877053,0.11030584501229468
wired,nano,wired_nano_13,1,teenager,10,expert,0.9566544938244465,0.952139365174912,0.9952802932723607,0.46498801179948696,0.442733390368708,0.9577194752718885,0.0422805247281115
wired,nano,wired_nano_13,1,teenager,11,partner,1.1706125150295372,1.1446646135613654,0.9778339107638064,0.3676283110373505,0.42081111858778625,0.884243714332403,0.11575628566759699
wired,nano,wired_nano_13,1,teenager,12,expert,1.045059014953202,1.027988118302742,0.983665136219883,0.5470790586844083,0.5623907720998202,0.8783365202653253,0.12166347973467473
wired,nano,wired_nano_13,1,teenager,13,partner,1.224060155389399,1.1703093104034252,0.9560880690787368,0.31001433797859945,0.36281266609490914,0.870818908383101,0.12918109161689895
wired,nano,wired_nano_13,1,teenager,14,expert,0.9779643088664861,0.8925530809002766,0.912664268836029,0.4921352837980818,0.4392568637737099,0.9564518733395964,0.04354812666040364
wired,nano,wired_nano_13,1,teenager,15,partner,1.1790866528828263,1.167668217393611,0.9903158640102592,0.4724540639100563,0.5516695946062226,0.8183798530130773,0.18162014698692275
wired,nano,wired_nano_13,1,teenager,16,expert,0.7931890314218909,0.7660354373784537,0.9657665537863948,0.451684799457599,0.346006562909701,0.9024436544557058,0.09755634554429415
wired,nano,wired_nano_14,2,undergraduate,4,expert,1.1084067627476921,1.1006785364001328,0.9930276261312277,0.6689718004684362,0.73632290223256,0.9671106189305135,0.03288938106948647
wired,nano,wired_nano_14,2,undergraduate,5,partner,1.168708379854213,1.1163569275116432,0.9552057183417684,0.41641713202432096,0.4648701500698812,0.8723874659358065,0.12761253406419348
wired,nano,wired_nano_14,2,undergraduate,6,expert,1.1153477546409103,1.0904771888570925,0.9777015144547427,0.6356963890651125,0.6932124113143284,0.8700154036932868,0.12998459630671322
wired,nano,wired_nano_14,2,undergraduate,7,partner,1.2644504167376183,1.19306802630465,0.9435467065461657,0.3151169794394343,0.37595599271488883,0.866983632519481,0.13301636748051904
wired,nano,wired_nano_14,2,undergraduate,8,expert,1.1706143268433948,1.0775677639572165,0.9205147581458341,0.5477724136245445,0.590261894906848,0.9349411629446613,0.06505883705533866
wired,nano,wired_nano_14,2,undergraduate,9,partner,1.0546967510013,1.0459101269631599,0.9916690517622341,0.3297676546246533,0.3449073295168146,0.889857229558459,0.11014277044154097
wired,nano,wired_nano_14,2,undergraduate,10,expert,0.9717671911700486,0.9544163260297075,0.9821450391626907,0.3314854892425413,0.31637516277502636,0.9260047289366042,0.07399527106339576
wired,nano,wired_nano_14,2,undergraduate,11,partner,1.0810064894228821,1.0643080800304536,0.9845529055035295,0.46972511726680966,0.49993223770031786,0.9464693793210354,0.053530620678964635
wired,nano,wired_nano_14,2,undergraduate,12,expert,0.8842666720919936,0.8640583193281538,0.9771467664646818,0.5149440135199986,0.4449416588701841,0.9670208358982484,0.03297916410175161
wired,nano,wired_nano_14,2,undergraduate,13,partner,1.220113936895661,1.1984446600393157,0.9822399562843608,0.3044832819140037,0.3649063632810833,0.877289677201518,0.12271032279848204
wired,nano,wired_nano_14,2,undergraduate,14,expert,0.8691237526742384,0.8689050861931815,0.999748405815186,0.39340754078135765,0.34183381313167316,0.9291417491725888,0.07085825082741115
wired,nano,wired_nano_14,2,undergraduate,15,partner,1.2719319828970443,1.2481359847984868,0.981291453930312,0.255652358001627,0.31908890762041603,0.8556752158007037,0.14432478419929629
wired,nano,wired_nano_14,2,undergraduate,16,expert,1.272682114630717,1.2678964732156353,0.9962397197532185,0.19830014868211393,0.25142405915218835,0.7367621688567076,0.26323783114329236
wired,nano,wired_nano_14,2,undergraduate,17,partner,0.8755315599428423,0.8431680488451163,0.9630355859464372,0.7047408303325138,0.5942149508529528,0.96850451495882,0.03149548504118005
wired,nano,wired_nano_14,2,undergraduate,18,expert,0.8241403734823483,0.8097643202794663,0.9825563051314675,0.2892548725573949,0.23422827526396253,0.9268338097189652,0.07316619028103477
wired,nano,wired_nano_14,2,undergraduate,19,partner,0.8282925153623467,0.820720511449742,0.9908582973126552,0.22929265249559683,0.1881851830278542,0.9143710261804615,0.08562897381953849
wired,nano,wired_nano_15,3,graduate,4,expert,0.8093451357648309,0.8057717297942827,0.9955848181280945,0.2522573227408037,0.20326181929813203,0.8396102504323986,0.16038974956760144
wired,nano,wired_nano_16,4,expert,4,expert,0.730707469594966,0.6958887332183941,0.952349280900571,0.10564483493226254,0.07351705035207852,0.9134537313899441,0.08654626861005588
wired,nano,wired_nano_16,4,expert,5,partner,0.6792974365582488,0.602353505222166,0.8867301314622704,0.1507951908215133,0.09083201176198392,0.918549004530819,0.081450995469181
wired,nano,wired_nano_16,4,expert,6,expert,0.8448489034760099,0.7884342368588065,0.9332251407488055,0.3522490025602161,0.27772517351783976,0.8751472400924996,0.12485275990750044
wired,nano,wired_nano_16,4,expert,7,partner,0.858590653107935,0.8324128539495106,0.9695107335904074,0.4036238339143027,0.33598166751064795,0.9597917820831121,0.04020821791688789
wired,nano,wired_nano_16,4,expert,8,expert,1.2008791826302074,1.1843052378930763,0.9861984910906553,0.4077892617331258,0.48294695862709147,0.8614442859914723,0.13855571400852773
wired,nano,wired_nano_16,4,expert,9,partner,0.957516302670475,0.9479354273033406,0.9899940342097531,0.32324644088984394,0.30641675306919824,0.8915308921293891,0.10846910787061093
wired,nano,wired_nano_16,4,expert,10,expert,0.8577050298475207,0.8205057839165486,0.9566293251905706,0.3418866136018117,0.28051994390392865,0.932083399956222,0.06791660004377797
wired,nuclear,wired_nuclear_12,0,child,4,expert,1.0621002708234517,0.9884676188874064,0.9306725984733172,0.4590570534454981,0.45376303255274036,0.7858670526720913,0.21413294732790866
wired,nuclear,wired_nuclear_12,0,child,5,partner,0.9737213221959902,0.3289463638332881,0.3378239300450896,1.0,0.3289463638332881,0.9895806144574466,0.010419385542553394
wired,nuclear,wired_nuclear_12,0,child,6,expert,1.1084882146993096,0.9624884434059819,0.8682892886382196,0.3064499228760506,0.29495450925085315,0.8578664462685686,0.14213355373143144
wired,nuclear,wired_nuclear_12,0,child,7,partner,0.9825205419399213,0.8381831603564788,0.8530947950469198,0.7125157830255763,0.5972187308202487,0.8685709427500621,0.13142905724993792
wired,nuclear,wired_nuclear_12,0,child,8,expert,0.7905629535691219,0.7430808722595329,0.9399388991146581,0.4937815082929153,0.3669195938879273,0.9031870273280641,0.09681297267193589
wired,nuclear,wired_nuclear_12,0,child,9,partner,0.793022391246298,0.5565306481615643,0.7017842803735089,0.5914740977552362,0.329173462994498,0.9884443913657887,0.011555608634211345
wired,nuclear,wired_nuclear_12,0,child,10,expert,1.131532257467916,1.0292423434442002,0.9096005320665584,0.444059734791614,0.4570450820661308,0.9406906683421244,0.05930933165787555
wired,nuclear,wired_nuclear_12,0,child,11,partner,1.1380787909587766,1.0938588019248157,0.9611450548185078,0.3470696637168317,0.37964520653774214,0.8661238233724647,0.13387617662753526
wired,nuclear,wired_nuclear_12,0,child,12,expert,0.866067174403415,0.8171080509932549,0.9434696004442973,0.4082753638737215,0.3336050868434185,0.9614521052947025,0.038547894705297514
wired,nuclear,wired_nuclear_12,0,child,13,partner,1.0181634379966864,1.008346314821724,0.9903580085381294,0.3848162867005696,0.38802808457789933,0.8810273305814253,0.11897266941857465
wired,nuclear,wired_nuclear_12,0,child,14,expert,1.044731167910241,1.042130017203216,0.9975102200566816,0.21554783943113037,0.22462887361447992,0.7771500288312606,0.2228499711687394
wired,nuclear,wired_nuclear_12,0,child,15,partner,1.1092675391077889,1.0737155893754813,0.9679500675176423,0.1682863720216904,0.1806917011191308,0.8776589760753267,0.12234102392467328
wired,nuclear,wired_nuclear_12,0,child,16,expert,0.9734217963436655,0.9472582979991713,0.9731221363197929,0.2718433655797494,0.25750588380143996,0.9039876510051572,0.09601234899484279
wired,nuclear,wired_nuclear_12,0,child,17,partner,0.9066568443431836,0.7356749335899159,0.8114149671721225,0.5510625584644284,0.4054029111022075,0.8350517584945847,0.16494824150541532
wired,nuclear,wired_nuclear_12,0,child,18,expert,0.9227460039144827,0.7949154679693445,0.8614672559905807,0.11488689222385245,0.09132536769566732,0.8996089296291246,0.10039107037087536
wired,nuclear,wired_nuclear_12,0,child,19,partner,0.8699772595562137,0.37811256512382296,0.43462350420086643,1.0,0.37811256512382296,0.9925104179333453,0.007489582066654732
wired,nuclear,wired_nuclear_12,0,child,20,expert,1.1137574064350997,1.095682330274284,0.9837710833100953,0.26081968670041955,0.28577552210532436,0.9042614411463601,0.09573855885363991
wired,nuclear,wired_nuclear_12,0,child,21,partner,1.229779441720397,1.201414245727912,0.976934729081354,0.31046893804851106,0.37300180502749775,0.8705231447062374,0.12947685529376263
wired,nuclear,wired_nuclear_12,0,child,22,expert,0.9578435766128232,0.9231242404306067,0.9637526032111041,0.34931593233872416,0.32246200471049397,0.8899941820974798,0.11000581790252018
wired,nuclear,wired_nuclear_12,0,child,23,partner,0.9006281173419615,0.7876164224800581,0.8745190243490164,0.35894305307995533,0.28270944334090403,0.9477856254127216,0.0522143745872784
wired,nuclear,wired_nuclear_12,0,child,24,expert,1.13617567114567,1.037909271255435,0.9135112620462458,0.6694237876353843,0.6948011555856949,0.881441609854266,0.118558390145734
wired,nuclear,wired_nuclear_12,0,child,25,partner,1.03191781634553,1.014866214318437,0.9834758139088404,0.3890434346231496,0.3948270377014382,0.9445695948451149,0.055430405154885065
wired,nuclear,wired_nuclear_12,0,child,26,expert,1.1137051333861043,1.0509495135942206,0.9436514945369556,0.5059141991940145,0.5316902815633592,0.9351392056944947,0.06486079430550529
wired,nuclear,wired_nuclear_13,1,teenager,4,partner,1.1964557848022286,1.1751424702143713,0.9821862914956255,0.3312005079672429,0.3892077830688804,0.8883621134230744,0.11163788657692564
wired,nuclear,wired_nuclear_13,1,teenager,5,expert,0.8828912958252165,0.8564063159994603,0.9700019923721511,0.541718585362934,0.46393121799910947,0.9574850229168336,0.04251497708316643
wired,nuclear,wired_nuclear_13,1,teenager,6,partner,1.2511102527564517,1.2236589475166493,0.9780584443454925,0.40670513208344494,0.4976683738748481,0.8291316407419651,0.1708683592580349
wired,nuclear,wired_nuclear_13,1,teenager,7,expert,0.8318707511689292,0.8003082521176679,0.9620584099057788,0.6428184814469136,0.5144529353157129,0.9859695516193064,0.014030448380693561
wired,nuclear,wired_nuclear_13,1,teenager,8,partner,1.2860101192598352,1.243511189670252,0.9669528808878964,0.3947030458524782,0.49081765411448713,0.74829475799815,0.25170524200184996
wired,nuclear,wired_nuclear_13,1,teenager,9,expert,1.106307515094471,1.057973933311548,0.9563108980781424,0.24274338635209208,0.2568161752442876,0.9086455554733747,0.09135444452662533
wired,nuclear,wired_nuclear_13,1,teenager,10,partner,1.0720891816221148,1.0692019793602683,0.9973069383477264,0.30352396997543873,0.3245284294810257,0.8964738474988556,0.10352615250114439
wired,nuclear,wired_nuclear_13,1,teenager,11,expert,0.927205872728644,0.9162857109737661,0.9882225058349453,0.32139133578786094,0.29448628861318854,0.8971263970936704,0.10287360290632963
wired,nuclear,wired_nuclear_13,1,teenager,12,partner,1.0845728796374146,0.5497294362979137,0.5068626061175232,0.9310636068022761,0.5118330717249175,0.9869832259566229,0.013016774043377088
wired,nuclear,wired_nuclear_13,1,teenager,13,expert,1.0769252064597532,1.0558059553125483,0.9803893055696856,0.43401283830662607,0.4582333393662379,0.9220680273061749,0.07793197269382512
wired,nuclear,wired_nuclear_14,2,undergraduate,4,expert,0.89045285682831,0.8867715071992609,0.9958657557198958,0.737910195987421,0.6543577366734673,0.96405455231626,0.03594544768373997
wired,nuclear,wired_nuclear_14,2,undergraduate,5,partner,1.2122937851488953,1.1918844461958953,0.9831646922519885,0.25764136689762285,0.3070787379019267,0.8377097535028221,0.16229024649717794
wired,nuclear,wired_nuclear_14,2,undergraduate,6,expert,0.7726627714533506,0.7596829390847036,0.9832011676384828,0.5989292935788861,0.45499636604993354,0.9609481803736544,0.03905181962634563
wired,nuclear,wired_nuclear_14,2,undergraduate,7,partner,0.954034459786779,0.947552634198601,0.9932058789672861,0.24310250795508148,0.23035242179312382,0.9026026147651417,0.0973973852348583
wired,nuclear,wired_nuclear_14,2,undergraduate,8,expert,0.8847651220779855,0.8620495376181461,0.9743258590398961,0.6721652972946482,0.5794397837358152,0.8243991521023906,0.17560084789760944
wired,nuclear,wired_nuclear_14,2,undergraduate,9,partner,0.9032093343346973,0.9014615099783028,0.9980648734562957,0.47838383100878357,0.4312446106503833,0.8490494892257124,0.15095051077428756
wired,nuclear,wired_nuclear_14,2,undergraduate,10,expert,1.1652870893607472,1.0447883972507166,0.8965931286709523,0.1754253676700902,0.1832823887251512,0.7828345472721524,0.2171654527278476
wired,nuclear,wired_nuclear_14,2,undergraduate,11,partner,1.0555206878257808,0.934346432582583,0.8851995449812694,0.2469892579888211,0.23077353208807422,0.8756880754522883,0.12431192454771167
wired,nuclear,wired_nuclear_14,2,undergraduate,12,expert,0.6757105885875274,0.6715424202206048,0.993831429552363,0.4123039175884166,0.2768795706837621,0.9371128538947332,0.0628871461052668
wired,nuclear,wired_nuclear_14,2,undergraduate,13,partner,1.0840454866863454,0.870379668417562,0.8028995822650311,0.48768230697058557,0.42446876463416994,0.941832386762855,0.05816761323714503
wired,nuclear,wired_nuclear_14,2,undergraduate,14,expert,0.795969457995247,0.7836248107136707,0.9844910540742954,0.4598568952359423,0.3603552724846416,0.9263636226923122,0.0736363773076878
wired,nuclear,wired_nuclear_14,2,undergraduate,15,partner,1.0906747245875694,0.8246479253875478,0.7560897000694925,0.3531865107669114,0.2912545233788003,0.834561085308542,0.165438914691458
wired,nuclear,wired_nuclear_14,2,undergraduate,16,expert,0.9801444377719982,0.8937876744977369,0.9118938393697628,0.4000356635385111,0.35754694543024496,0.9627178361480759,0.037282163851924066
wired,nuclear,wired_nuclear_14,2,undergraduate,17,partner,1.2141453720429833,1.1511179792004391,0.9480890885928764,0.2109683841713536,0.24284950006251046,0.8258019165124353,0.17419808348756471
wired,nuclear,wired_nuclear_14,2,undergraduate,18,expert,0.6659904192719392,0.6024252844495585,0.9045554816047132,0.30613891018213407,0.18442582004754995,0.9599536246611325,0.04004637533886746
wired,nuclear,wired_nuclear_15,3,graduate,4,partner,1.2881953349678907,1.286317606277773,0.998542357171971,0.26705804651414516,0.3435214671292934,0.7687483380088345,0.23125166199116554
wired,nuclear,wired_nuclear_15,3,graduate,5,expert,0.9347690087831242,0.8944356610608621,0.9568520700362921,0.5784743423255285,0.5174080807846816,0.96058460787375,0.039415392126250004
wired,nuclear,wired_nuclear_15,3,graduate,6,partner,1.0638771170115076,1.0578474023973867,0.9943323204168043,0.3887982991947801,0.4112892708597201,0.9065245627716381,0.09347543722836194
wired,nuclear,wired_nuclear_15,3,graduate,7,expert,0.6497105238094347,0.6331934618987,0.9745778138010369,0.5350970057840119,0.33881992554400714,0.9775678726423285,0.022432127357671527
wired,nuclear,wired_nuclear_15,3,graduate,8,partner,1.2539154655769988,1.1243950500874937,0.8967072190701452,0.2823173621836341,0.3174362445930364,0.8587826047815462,0.14121739521845378
wired,nuclear,wired_nuclear_15,3,graduate,9,expert,0.9017983141566298,0.8690755393103312,0.9637138655799496,0.47814600883961256,0.41554500050136867,0.9574262605470752,0.04257373945292475
wired,nuclear,wired_nuclear_15,3,graduate,10,partner,1.1123536311269857,1.069073557521846,0.961091443948224,0.3669061034469939,0.39224961328855623,0.9024078006037688,0.0975921993962312
wired,nuclear,wired_nuclear_15,3,graduate,11,expert,0.914672687315082,0.906786813443021,0.9913784745271006,0.43365394230059706,0.3932316764757621,0.9250407246913027,0.07495927530869728
wired,nuclear,wired_nuclear_15,3,graduate,12,partner,1.1648004414162056,1.0762747120427034,0.9239992309182219,0.2134159449899431,0.22969418473937245,0.8609267009651531,0.1390732990348469
wired,nuclear,wired_nuclear_15,3,graduate,13,expert,0.9735722924701251,0.9331712540255186,0.9585022717285222,0.30177837421629294,0.2816109039052003,0.9183768146276035,0.08162318537239655
wired,nuclear,wired_nuclear_16,4,expert,4,partner,0.8331032454144198,0.8220760981958781,0.9867637687402802,0.34803290990332236,0.28610953661708083,0.9325412425887578,0.06745875741124219
wired,nuclear,wired_nuclear_16,4,expert,5,expert,1.0258838019181777,1.0227915419273195,0.9969857599992578,0.5280942344441462,0.5401303163300556,0.9440322087182901,0.05596779128170992
wired,nuclear,wired_nuclear_16,4,expert,6,partner,0.9854386673640713,0.9584366724359332,0.9725990101430283,0.6718658724106921,0.6439408910765689,0.9519082553317516,0.04809174466824839
wired,sensing,wired_sensing_12,0,child,4,expert,1.2221151726504238,1.1815759588348804,0.9668286469853802,0.37173173688398475,0.4392292834380498,0.9112403336978774,0.08875966630212262
wired,sensing,wired_sensing_12,0,child,5,partner,1.1444394562092435,1.137829983989102,0.9942247078381686,0.504699234776055,0.5742619222245507,0.8785774905009223,0.12142250949907774
wired,sensing,wired_sensing_12,0,child,6,expert,0.7891119572799741,0.7525443077809078,0.9536597447768164,0.6060398827171872,0.4560718640270282,0.9699838813172565,0.030016118682743453
wired,sensing,wired_sensing_12,0,child,7,partner,1.242679177358662,1.2170127977190333,0.9793459324753774,0.30176602180341394,0.3672531104515156,0.8970262754359812,0.10297372456401876
wired,sensing,wired_sensing_12,0,child,8,expert,1.0733204055726608,1.062128883843466,0.9895729908123628,0.4927948118723164,0.5234116034977941,0.8180931157970102,0.18190688420298984
wired,sensing,wired_sensing_12,0,child,9,partner,1.0712718938392494,1.068376688285761,0.99729741294331,0.3190347814166911,0.3408493232179361,0.8773967043725542,0.12260329562744576
wired,sensing,wired_sensing_12,0,child,10,expert,1.2002661279175129,1.1858039168354053,0.9879508296146057,0.4594442714049374,0.5448108165995638,0.9342917063307506,0.06570829366924935
wired,sensing,wired_sensing_12,0,child,11,partner,1.2903840245535088,1.2848218206948878,0.9956894972707514,0.3341597563525239,0.4293357465598098,0.8935370122998731,0.10646298770012685
wired,sensing,wired_sensing_12,0,child,12,expert,1.1671439937083516,1.16493850474519,0.9981103540128305,0.490939156059455,0.5719139263807669,0.8999657790584153,0.10003422094158465
wired,sensing,wired_sensing_12,0,child,13,partner,1.0979498462070094,1.0784241322504828,0.9822162059360338,0.4315450087980482,0.4653885516400621,0.9214482330641852,0.07855176693581478
wired,sensing,wired_sensing_12,0,child,14,expert,1.0863400840847899,1.0564026443523626,0.9724419266378989,0.2463863159974417,0.2602831557519342,0.8752481636027112,0.12475183639728882
wired,sensing,wired_sensing_12,0,child,15,partner,1.0918777882705648,1.0671359352369203,0.9773400894308778,0.3506656547527738,0.37420792144006826,0.8899113749023337,0.11008862509766626
wired,sensing,wired_sensing_12,0,child,16,expert,1.0436225835877673,1.0412387524925664,0.9977158111239759,0.477629335194089,0.4973261731313471,0.9362492169078153,0.06375078309218474
wired,sensing,wired_sensing_12,0,child,17,partner,0.9871057381523647,0.9570025223099776,0.9695035550095141,0.45366087252918796,0.43415459928377814,0.9318761032062242,0.06812389679377584
wired,sensing,wired_sensing_12,0,child,18,expert,0.9889330497914038,0.9299054778259862,0.9403118623866311,0.4649303266705458,0.4323412575783657,0.9007627853320015,0.09923721466799851
wired,sensing,wired_sensing_12,0,child,19,partner,1.0925563057927177,1.0489077747547708,0.9600491701823667,0.39739579865662467,0.41683154286581514,0.9099826444281376,0.09001735557186241
wired,sensing,wired_sensing_12,0,child,20,expert,0.8674711248312386,0.8296426605659326,0.9563922496283417,0.38766599737477947,0.32162424947295787,0.9628483644393476,0.037151635560652374
wired,sensing,wired_sensing_12,0,child,21,partner,1.0305623852450756,1.0259580985975139,0.9955322581975836,0.21813146469880007,0.22379374276667163,0.6696981325808067,0.3303018674191933
wired,sensing,wired_sensing_12,0,child,22,expert,0.9873478013208237,0.8362100710087843,0.8469255412219464,0.4026576597572986,0.33670639025788157,0.9653824238799327,0.03461757612006733
wired,sensing,wired_sensing_12,0,child,23,partner,1.1015336777979903,1.0969551547800385,0.9958435015549407,0.21148029354812375,0.23198439814201005,0.8883478102873581,0.1116521897126419
wired,sensing,wired_sensing_12,0,child,24,expert,0.9205129459909579,0.547039907231823,0.5942772555385682,0.8420621822406823,0.46064161805636933,0.9886110166821753,0.011388983317824675
wired,sensing,wired_sensing_12,0,child,25,partner,1.0299885710963894,0.8879357340373882,0.8620830938845732,0.33686995275930426,0.2991188687784731,0.9084334476351356,0.09156655236486444
wired,sensing,wired_sensing_12,0,child,26,expert,0.9233822533843601,0.4562314464217828,0.49408730214287677,0.9004069177232037,0.4107939504410364,0.9939522236184014,0.006047776381598591
wired,sensing,wired_sensing_13,1,teenager,4,expert,1.074095669219006,1.0002678283490885,0.9312651163331378,0.4592253429889278,0.4593483365544001,0.9254243897488349,0.0745756102511651
wired,sensing,wired_sensing_13,1,teenager,5,partner,1.174083018433147,1.1493035797140727,0.9788946451562495,0.5471019500689179,0.6287862296827572,0.8835640537401082,0.11643594625989184
wired,sensing,wired_sensing_13,1,teenager,6,expert,0.9766579833281466,0.7689488015843008,0.7873265920206531,0.6236481038765264,0.4795534620861765,0.9427508593973343,0.05724914060266573
wired,sensing,wired_sensing_13,1,teenager,7,partner,1.1064687413280059,0.9542685669011486,0.8624451204603881,0.4059708967153891,0.38740526581216855,0.8911473328268589,0.10885266717314113
wired,sensing,wired_sensing_13,1,teenager,8,expert,1.085231499074604,0.9787416636487624,0.9018736228007118,0.5793388859075629,0.5670231050095886,0.973726781575523,0.02627321842447705
wired,sensing,wired_sensing_13,1,teenager,9,partner,1.2589710753601726,1.2516571624734278,0.9941905632060318,0.4320941820897687,0.5408337778757565,0.8975197408543665,0.10248025914563352
wired,sensing,wired_sensing_13,1,teenager,10,expert,1.1633173004066815,1.135550669415098,0.9761315068701782,0.6245085166850858,0.7091610641771791,0.9528403743527267,0.04715962564727327
wired,sensing,wired_sensing_13,1,teenager,11,partner,1.0961707208027882,1.0672500157614437,0.9736166050657348,0.48933656805202785,0.5222444599661775,0.9098709407262797,0.09012905927372028
wired,sensing,wired_sensing_13,1,teenager,12,expert,1.143696307151801,1.134487890577538,0.9919485474267316,0.7210074664819337,0.8179742397397439,0.9418855843046375,0.058114415695362465
wired,sensing,wired_sensing_13,1,teenager,13,partner,1.0418739705676363,0.9759404446526758,0.9367164092985496,0.6051130886997539,0.5905543368507918,0.8744615001361458,0.12553849986385424
wired,sensing,wired_sensing_13,1,teenager,14,expert,0.8954915911004063,0.8255013541095658,0.9218415474948723,0.22061615289685804,0.18211893295479933,0.8864955959008206,0.11350440409917939
wired,sensing,wired_sensing_13,1,teenager,15,partner,1.0571634901230251,1.0345173215386603,0.9785783667361534,0.1640992413559654,0.16976350763409948,0.8020757732445924,0.19792422675540755
wired,sensing,wired_sensing_13,1,teenager,16,expert,1.1468308373805098,1.1440674273182918,0.9975903943518578,0.27394591027530024,0.31341259279303035,0.8654807347013277,0.1345192652986723
wired,sensing,wired_sensing_13,1,teenager,17,partner,0.9559206896568399,0.7873869219100041,0.8236948215775513,0.3888102495141088,0.3061441055719748,0.9668400927436709,0.03315990725632911
wired,sensing,wired_sensing_13,1,teenager,18,expert,1.124509995737209,1.0023644679706145,0.8913788865990387,0.2527770096660346,0.2533746928090977,0.9018738352888446,0.09812616471115543
wired,sensing,wired_sensing_13,1,teenager,19,partner,0.8054633922678808,0.6510814099700665,0.808331472565201,0.6393338800932789,0.41625840409276543,0.9705790706697961,0.029420929330203904
wired,sensing,wired_sensing_13,1,teenager,20,expert,1.1117018778812533,0.9848294366922041,0.8858754818047658,0.5282126774114715,0.5201993935488204,0.940897261863346,0.05910273813665401
wired,sensing,wired_sensing_13,1,teenager,21,partner,1.2625070473938937,1.2575907887759008,0.9961059555040604,0.2346451939286417,0.2950876345151947,0.8435689341325443,0.1564310658674557
wired,sensing,wired_sensing_13,1,teenager,22,expert,1.108773547828507,1.0167903950568122,0.9170406320093426,0.2969855934416368,0.3019720988817037,0.8932067366651464,0.10679326333485362
wired,sensing,wired_sensing_13,1,teenager,23,partner,0.9473307453388089,0.9096243115807251,0.9601971814547638,0.3770439191704781,0.3429683154111447,0.9197131965178967,0.08028680348210326
wired,sensing,wired_sensing_13,1,teenager,24,expert,1.1392937658435829,1.1077490521849087,0.9723120457555655,0.2990645903309555,0.33128851648118396,0.9248100431724556,0.07518995682754437
wired,sensing,wired_sensing_13,1,teenager,25,partner,1.0578714522330128,1.034955356030355,0.9783375417161853,0.3867046746760739,0.4002220742579787,0.8335394331034501,0.16646056689654987
wired,sensing,wired_sensing_13,1,teenager,26,expert,0.9640058379573102,0.8997056980626535,0.9332990140061399,0.22606862706831102,0.20339523192656045,0.8729759890928824,0.12702401090711757
wired,sensing,wired_sensing_13,1,teenager,27,partner,0.9769872740367053,0.8460208164144799,0.8659486555214118,0.6034636753055425,0.5105428312584777,0.7501867395274416,0.24981326047255836
wired,sensing,wired_sensing_13,1,teenager,28,expert,1.090314861907114,0.9743445040998995,0.8936359010962579,0.34270380228654895,0.33391156629203755,0.8392398705999106,0.16076012940008944
wired,sensing,wired_sensing_13,1,teenager,29,partner,0.8753547339922403,0.564159808318937,0.6444927826520369,0.779758472901579,0.4399083906072218,0.9707561448108414,0.02924385518915862
wired,sensing,wired_sensing_13,1,teenager,30,expert,1.000486688142536,0.7831351606682248,0.7827542034780889,0.24717548307706622,0.19357181165280432,0.9506353434476471,0.04936465655235289
wired,sensing,wired_sensing_13,1,teenager,31,partner,0.8132002320287421,0.4167041125267071,0.5124249798682626,1.0,0.4167041125267071,0.9969780122684133,0.003021987731586684
wired,sensing,wired_sensing_13,1,teenager,32,expert,1.1700888383038817,1.126110422979124,0.962414464708962,0.4691472083861008,0.5283115612751471,0.8710191204234435,0.12898087957655646
wired,sensing,wired_sensing_13,1,teenager,33,partner,1.126389743091717,1.1236561749223326,0.9975731595683046,0.24150966697192158,0.27137382859643583,0.8945693416111434,0.10543065838885657
wired,sensing,wired_sensing_13,1,teenager,34,expert,1.178465240833882,1.0954249810351446,0.929535248964231,0.38538931934184306,0.4221650878311857,0.8524105237335584,0.1475894762664416
wired,sensing,wired_sensing_13,1,teenager,35,partner,0.9106720959007915,0.8431002681387386,0.9258000458484017,0.4850017927601091,0.4089051415238169,0.9652815856242212,0.03471841437577883
wired,sensing,wired_sensing_13,1,teenager,36,expert,1.2088651289035752,1.190590402681598,0.9848827418493434,0.35271426041704984,0.4199382133414774,0.750954908467354,0.24904509153264598
wired,sensing,wired_sensing_13,1,teenager,37,partner,0.8401721822807474,0.7684175030567013,0.9145952689957265,0.15168645693427907,0.11655852848495658,0.8524493891302763,0.14755061086972365
wired,sensing,wired_sensing_13,1,teenager,38,expert,1.0281529467978696,0.7362228571233215,0.7160635578738885,0.8058617835585702,0.5932938647379863,0.9249010342543769,0.07509896574562314
wired,sensing,wired_sensing_13,1,teenager,39,partner,1.2246108256984232,1.2064893081589727,0.9852022233021657,0.4382804072520694,0.528780625325182,0.9093841596269642,0.09061584037303583
wired,sensing,wired_sensing_13,1,teenager,40,expert,1.1218851649882398,1.026871102120896,0.91530856647948,0.37756790943487195,0.3877135752868696,0.9097516282716234,0.09024837172837663
wired,sensing,wired_sensing_13,1,teenager,41,partner,1.0560072455887983,0.9485907648416424,0.8982805457095495,0.4083976406600912,0.38740223031327814,0.9361792433916838,0.06382075660831621
wired,sensing,wired_sensing_13,1,teenager,42,expert,1.1147982569229078,1.0767862584248413,0.9659023520507163,0.45305997969547623,0.4878487603783264,0.9328453829852037,0.0671546170147963
wired,sensing,wired_sensing_13,1,teenager,43,partner,1.2054484327592385,1.1888483274124526,0.9862291037122384,0.35221565522133963,0.4187309925983707,0.8989611882276154,0.1010388117723846
wired,sensing,wired_sensing_13,1,teenager,44,expert,1.1147276817117995,1.113228817259579,0.9986553985535574,0.30850890274986775,0.34344100092228574,0.8877983890495036,0.11220161095049641
wired,sensing,wired_sensing_13,1,teenager,45,partner,1.2139317067392483,1.1782632125390815,0.9706173798714369,0.4419941932985503,0.5207854981195696,0.9131897347456799,0.08681026525432012
wired,sensing,wired_sensing_13,1,teenager,46,expert,0.8727745885740019,0.8600255649476282,0.9853925357196875,0.39229945260024857,0.33738755835117407,0.831389824475778,0.16861017552422197
wired,sensing,wired_sensing_13,1,teenager,47,partner,0.8676797657323786,0.8524079757017005,0.982399278357298,0.17984622316902163,0.153302355029102,0.8576339403780251,0.1423660596219749
wired,sensing,wired_sensing_13,1,teenager,48,expert,1.0211717248610452,0.9761130097033189,0.9558754770997859,0.19435194629048627,0.18970946323530435,0.8762115376987114,0.1237884623012886
wired,sensing,wired_sensing_13,1,teenager,49,partner,1.193878311094297,1.1791652584723806,0.9876762543668137,0.33405763608216965,0.39390915879550403,0.8999925568393987,0.10000744316060128
wired,sensing,wired_sensing_13,1,teenager,50,expert,1.11666905643552,1.0667178241942536,0.9552676489472456,0.48744844653783237,0.5199699462977055,0.8638338846689565,0.1361661153310435
wired,sensing,wired_sensing_13,1,teenager,51,partner,1.014952534768876,0.9219760928059125,0.9083933102496814,0.2955356540089193,0.2724768075679834,0.932023141644201,0.06797685835579903
wired,sensing,wired_sensing_13,1,teenager,52,expert,1.1318470166825825,0.9743397926732517,0.8608405361425595,0.26296596465856026,0.25621820348554325,0.926838923344141,0.07316107665585903
wired,sensing,wired_sensing_13,1,teenager,53,partner,0.9203943558379624,0.8180828693572391,0.8888395112022782,0.2912063870470706,0.23823095669062225,0.8812539516327572,0.11874604836724278
wired,sensing,wired_sensing_13,1,teenager,54,expert,1.0692190261180996,0.990662585648577,0.926529140848105,0.6370454749503132,0.6310971173900031,0.72809953455047,0.27190046544952995
wired,sensing,wired_sensing_13,1,teenager,55,partner,1.198995981624318,1.181982093908567,0.9858098876247378,0.18972255857561787,0.22424866704689958,0.8762033963687287,0.12379660363127132
wired,sensing,wired_sensing_13,1,teenager,56,expert,1.157575339689211,0.9962455163641863,0.8606312541443741,0.3971083426417215,0.3956174058676281,0.9325334714411192,0.0674665285588808
wired,sensing,wired_sensing_13,1,teenager,57,partner,0.8925625682580042,0.4661205896664879,0.5222273555294656,0.9320049251892029,0.43442668530126216,0.9950423769831221,0.0049576230168778546
wired,sensing,wired_sensing_13,1,teenager,58,expert,1.000856545129397,0.6880601525119867,0.6874713023157005,0.5031697579239185,0.3462110603765508,0.9501393311177565,0.0498606688822435
wired,sensing,wired_sensing_13,1,teenager,59,partner,0.9068622845829973,0.47122332363008895,0.5196194964114668,0.9083380848585294,0.428030091326826,0.9843281676373338,0.015671832362666227
wired,sensing,wired_sensing_13,1,teenager,60,expert,1.2501327546093182,1.1905535421061009,0.9523416914847664,0.3128751227445652,0.3724945856204232,0.8407075088436506,0.15929249115634936
wired,sensing,wired_sensing_13,1,teenager,61,partner,0.9713183171149817,0.921137525856941,0.9483374395656035,0.3565625876080414,0.32844317976242,0.9501901226464159,0.04980987735358411
wired,sensing,wired_sensing_13,1,teenager,62,expert,1.2688664976077666,1.232389703190987,0.9712524568293656,0.3530009581550435,0.43503474604682807,0.8034909013505968,0.19650909864940325
wired,sensing,wired_sensing_14,2,undergraduate,4,expert,0.8815423382915384,0.8380401908824142,0.9506522312990848,0.5976035331569112,0.500815778998823,0.9705973130995637,0.029402686900436348
wired,sensing,wired_sensing_14,2,undergraduate,5,partner,1.0190984151225364,0.980224139664615,0.9618542479489489,0.40894499090465164,0.40085775187966594,0.8998423741183865,0.10015762588161348
wired,sensing,wired_sensing_14,2,undergraduate,6,expert,1.069562799584003,0.9723271519560748,0.9090884166253199,0.5084038050017101,0.4943348237609444,0.9314363666843507,0.0685636333156493
wired,sensing,wired_sensing_14,2,undergraduate,7,partner,1.323302211541096,1.3163426204936357,0.9947407395017122,0.6733865740016258,0.8864074474265317,0.8575274383038424,0.14247256169615763
wired,sensing,wired_sensing_14,2,undergraduate,8,expert,1.0006179996040814,0.4216796280189809,0.42141919112529175,0.9550147446040268,0.4027102622572681,0.9920499629267346,0.00795003707326536
wired,sensing,wired_sensing_14,2,undergraduate,9,partner,1.233611442277326,1.1949407656797475,0.9686524660251539,0.3416124661809934,0.4082066619040631,0.9055988507816282,0.09440114921837184
wired,sensing,wired_sensing_14,2,undergraduate,10,expert,1.0339314202504033,1.0273317483137419,0.9936169151953456,0.5756906319391086,0.5914252633978474,0.7947852396478086,0.20521476035219144
wired,sensing,wired_sensing_14,2,undergraduate,11,partner,1.1575573400851733,1.1212932624474927,0.968671895220343,0.256755547765778,0.2878982658057823,0.8545951963593922,0.14540480364060782
wired,sensing,wired_sensing_14,2,undergraduate,12,expert,1.0850906122072876,0.9373734008556335,0.8638664737389699,0.6397545541085032,0.5996889020975671,0.9465500187595419,0.05344998124045808
wired,sensing,wired_sensing_14,2,undergraduate,13,partner,0.9167839074304196,0.9055131924415061,0.9877062469153817,0.5750149077162974,0.5206835847876424,0.9601265075866361,0.03987349241336391
wired,sensing,wired_sensing_14,2,undergraduate,14,expert,0.9700538477495153,0.9261415634075332,0.9547321167326829,0.36809562229570547,0.3409086551164135,0.9460578103664706,0.05394218963352937
wired,sensing,wired_sensing_14,2,undergraduate,15,partner,1.1524602593912856,1.1381519296602325,0.9875845352449739,0.4231016738202172,0.48155398650095443,0.8780904682917337,0.12190953170826635
wired,sensing,wired_sensing_14,2,undergraduate,16,expert,1.188296777340053,1.184556460167749,0.9968523711882199,0.19150095141358112,0.22684368912522773,0.7899414030790105,0.2100585969209895
wired,sensing,wired_sensing_14,2,undergraduate,17,partner,1.088628716367328,1.030343539630714,0.9464600043511125,0.3679721392264552,0.37913771641607175,0.8731438081328413,0.12685619186715869
wired,sensing,wired_sensing_14,2,undergraduate,18,expert,0.8454848112642196,0.813298605551714,0.9619316570982028,0.4828053682128095,0.3926649327203598,0.9159984227114878,0.08400157728851221
wired,sensing,wired_sensing_14,2,undergraduate,19,partner,1.2093218472517364,1.114864472691406,0.921892278076417,0.20823161168806864,0.23215002596230028,0.8144287661433652,0.18557123385663477
wired,sensing,wired_sensing_14,2,undergraduate,20,expert,0.9075038300044335,0.8216028418505299,0.9053436632279676,0.639949766787651,0.525784547034318,0.9668893986142518,0.03311060138574817
wired,sensing,wired_sensing_14,2,undergraduate,21,partner,0.8729884755695296,0.8465540020480037,0.9697195618702182,0.4856793340916407,0.41115378398728786,0.922056188491537,0.07794381150846297
wired,sensing,wired_sensing_14,2,undergraduate,22,expert,0.8081531858289177,0.8078695898986265,0.9996490814659105,0.5162340431322832,0.41704978471698745,0.9448155876883648,0.05518441231163518
wired,sensing,wired_sensing_14,2,undergraduate,23,partner,1.0474818287882741,1.044129843009363,0.9967999580634391,0.38204534977840743,0.39890495108658575,0.8959395867963418,0.10406041320365822
wired,sensing,wired_sensing_14,2,undergraduate,24,expert,0.8249530127604835,0.7835666913679182,0.9498319046620282,0.36589738400114274,0.2867050025619521,0.8944481113168129,0.1055518886831871
wired,sensing,wired_sensing_14,2,undergraduate,25,partner,1.1895253204979108,1.1892441637063473,0.9997636395058446,0.25276085483269967,0.3005943714232154,0.76061949792467,0.23938050207533002
wired,sensing,wired_sensing_14,2,undergraduate,26,expert,0.9430488275584641,0.877457617464538,0.9304477051684896,0.5572919667137566,0.48900008134477946,0.9641953114553914,0.03580468854460861
wired,sensing,wired_sensing_14,2,undergraduate,27,partner,1.102266969587319,1.0800421901001411,0.9798372081343609,0.5513623362648226,0.5954945851981894,0.8290286061859251,0.1709713938140749
wired,sensing,wired_sensing_14,2,undergraduate,28,expert,0.8527911812098019,0.5550686635882124,0.6508846196088942,0.7342346633121235,0.40755065332480145,0.9759399423552519,0.024060057644748056
wired,sensing,wired_sensing_14,2,undergraduate,29,partner,0.9735038459039348,0.8529469699847806,0.8761618904462686,0.2903731911548773,0.2476729335603641,0.9426810520064999,0.057318947993500124
wired,sensing,wired_sensing_14,2,undergraduate,30,expert,1.1635306094027165,1.1588329672212971,0.9959625968200124,0.23844295549338568,0.27631555762741583,0.8587936709161419,0.1412063290838581
wired,sensing,wired_sensing_15,3,graduate,4,expert,0.9739640324647205,0.9697524442242291,0.9956758277502002,0.42074320112619945,0.40801674768285834,0.934117374615873,0.06588262538412704
wired,sensing,wired_sensing_15,3,graduate,5,partner,1.1299724281970156,1.1274716343113844,0.997786854064555,0.6255573165960396,0.7052981300979809,0.9462576463746983,0.053742353625301664
wired,sensing,wired_sensing_15,3,graduate,6,expert,1.031408245225871,0.9988333933125605,0.968417111202029,0.5886223885333027,0.5879356977184632,0.9678422395666328,0.032157760433367155
wired,sensing,wired_sensing_15,3,graduate,7,partner,1.1966793508168168,1.1562523412564818,0.9662173417351048,0.20286946027911795,0.23456828841716898,0.8325971882976059,0.16740281170239413
wired,sensing,wired_sensing_15,3,graduate,8,expert,1.0153928984776064,1.002180433526464,0.9869878300587495,0.6461234466522359,0.6475322758775508,0.9770452597471804,0.022954740252819628
wired,sensing,wired_sensing_15,3,graduate,9,partner,0.9916460109683944,0.958830767321288,0.9669083087259863,0.38523375908275814,0.3693739808193852,0.9453861917567975,0.0546138082432025
wired,sensing,wired_sensing_15,3,graduate,10,expert,0.879520665728308,0.876851209203416,0.996964873447654,0.4018994286859373,0.3524060000214262,0.9557792315500762,0.04422076844992384
wired,sensing,wired_sensing_15,3,graduate,11,partner,1.2032755052998947,1.1844749300478088,0.9843755023930412,0.33964848735332964,0.4023051182986792,0.9037277628052881,0.0962722371947119
wired,sensing,wired_sensing_15,3,graduate,12,expert,1.0700371991476503,1.0470098850573513,0.9784798938675962,0.17926620788317785,0.18769349171043329,0.8585601994232042,0.14143980057679584
wired,sensing,wired_sensing_15,3,graduate,13,partner,1.114283569615429,1.08137859856668,0.9704698409390744,0.43463143905615764,0.4700011364595671,0.9113106043592482,0.08868939564075184
wired,sensing,wired_sensing_15,3,graduate,14,expert,0.8581678832030838,0.8484026570717922,0.9886208440989054,0.4644900264050485,0.3940745725853901,0.9665016966708108,0.03349830332918924
wired,sensing,wired_sensing_15,3,graduate,15,partner,1.1134424117086745,1.1131761169482661,0.999760836520499,0.250811360779298,0.2791972166788096,0.8825481802546756,0.11745181974532437
wired,sensing,wired_sensing_15,3,graduate,16,expert,1.1249358696337597,1.0232016683247007,0.9095644435774906,0.42610543069458784,0.43599178756891743,0.9496763498454476,0.050323650154552424
wired,sensing,wired_sensing_15,3,graduate,17,partner,1.0804244490430317,1.0041321251454005,0.9293867109670322,0.45281211847715586,0.4546831948180574,0.9566997633710774,0.04330023662892257
wired,sensing,wired_sensing_15,3,graduate,18,expert,1.261930797078218,1.2464979189726182,0.9877704243827634,0.3629860234247404,0.45246132281508494,0.8903652368491926,0.10963476315080745
wired,sensing,wired_sensing_15,3,graduate,19,partner,1.164188356819479,1.1480479757029003,0.9861359366609198,0.5486205311180941,0.6298426901791779,0.8099371146444236,0.19006288535557636
wired,sensing,wired_sensing_15,3,graduate,20,expert,1.0660313701145514,1.05655451769508,0.9911101561491156,0.4719812263338675,0.4986738969503117,0.943731018788758,0.05626898121124202
wired,sensing,wired_sensing_15,3,graduate,21,partner,1.0803825644835814,1.0511188768297761,0.9729135876338709,0.29377482166362734,0.30879226058793974,0.913875271401995,0.08612472859800502
wired,sensing,wired_sensing_15,3,graduate,22,expert,1.0110295908352167,0.966096997026478,0.9555575878124642,0.46387075890136553,0.4481441471830026,0.8777733601410987,0.12222663985890125
wired,sensing,wired_sensing_15,3,graduate,23,partner,0.8289791859953409,0.8237587323896521,0.9937025516504201,0.49988305119120446,0.4117830285923382,0.8788095561465368,0.12119044385346323
wired,sensing,wired_sensing_15,3,graduate,24,expert,1.1422484798856545,1.0794666561691997,0.9450366318511672,0.15396745450961258,0.16620273327837484,0.7187193167943867,0.2812806832056133
wired,sensing,wired_sensing_15,3,graduate,25,partner,1.086617263650321,1.0176956207880878,0.9365722916718271,0.2616211469591564,0.2662506955658902,0.8896970219657564,0.1103029780342436
wired,sensing,wired_sensing_15,3,graduate,26,expert,0.8976337653195522,0.8806744009982882,0.9811065882573974,0.37561654094862323,0.33079587220497775,0.8849633424611422,0.11503665753885783
wired,sensing,wired_sensing_15,3,graduate,27,partner,1.0836783886572867,0.7566971934027111,0.6982673100453591,0.29631332861919213,0.22421946413395794,0.9448821982072864,0.05511780179271364
wired,sensing,wired_sensing_15,3,graduate,28,expert,1.015023647511096,0.9282179432065258,0.9144791310839525,0.37015413041379563,0.3435837056020935,0.9302117723468827,0.06978822765311732
wired,sensing,wired_sensing_16,4,expert,4,expert,1.0458075889672287,0.8717011069794086,0.8335195844576058,0.432893255343784,0.3773535298870963,0.9416422320447945,0.05835776795520553
wired,sensing,wired_sensing_16,4,expert,5,partner,1.0422791150125632,1.0261210588420775,0.9844973808467077,0.3573914309417747,0.3667268735390591,0.9283835659498486,0.07161643405015139
wired,sensing,wired_sensing_16,4,expert,6,expert,1.1728645565705056,1.1392418007839138,0.9713327889403724,0.20643485699027975,0.23517921822217602,0.8254872970151235,0.17451270298487653
wired,sensing,wired_sensing_16,4,expert,7,partner,0.9100629260677755,0.8671523410440114,0.9528487714469085,0.3418381977796231,0.29642579346286596,0.9117222641640704,0.08827773583592957
wired,sensing,wired_sensing_16,4,expert,8,expert,1.0097218647039294,0.975193900413418,0.9658044799281418,0.39252090826043057,0.38278399552030673,0.8882303114153929,0.11176968858460712
wired,sensing,wired_sensing_16,4,expert,9,partner,0.8941252770632898,0.8917482993657893,0.9973415607863084,0.48723174102182054,0.4344880764532411,0.9618447937899391,0.038155206210060855
wired,sensing,wired_sensing_16,4,expert,10,expert,1.1860107546184155,1.1783767728986778,0.9935633115542974,0.5205599230042098,0.613415722170085,0.8222235504984107,0.17777644950158933
wired,sensing,wired_sensing_16,4,expert,11,partner,0.9036071581755911,0.9003320661292344,0.9963755355214698,0.4395448733373579,0.3957363439683361,0.9582923310004251,0.0417076689995749
wired,sensing,wired_sensing_16,4,expert,12,expert,1.169681452989142,1.075670636446072,0.9196269922005317,0.3789966691352503,0.40767558829965606,0.9254832744686796,0.07451672553132038
wired,sensing,wired_sensing_16,4,expert,13,partner,0.847370120784531,0.8348989272835826,0.9852824719729469,0.32837555933113294,0.27416040223170934,0.9168729729998883,0.08312702700011165
wired,sensing,wired_sensing_16,4,expert,14,expert,1.1752573866944385,1.1667044138358893,0.9927224683236424,0.5850484601770334,0.6825786207964354,0.558787329406424,0.44121267059357605
wired,sensing,wired_sensing_16,4,expert,15,partner,1.03739174888677,0.9705545233661984,0.9355718554796385,0.1719742782883173,0.16691041369536375,0.8686421088977174,0.13135789110228258
wired,sensing,wired_sensing_16,4,expert,16,expert,1.0585189346113342,0.46666562037680936,0.44086657793015127,1.0,0.46666562037680936,0.9891246302836034,0.010875369716396577
wired,sensing,wired_sensing_16,4,expert,17,partner,0.7505670594923255,0.43182184016992814,0.5753274603623452,1.0,0.43182184016992814,0.9774069146988916,0.022593085301108373
wired,sensing,wired_sensing_16,4,expert,18,expert,1.2285155501704053,1.1768771328026142,0.9579668182778912,0.41149982603026114,0.4842847354072683,0.9048779974656171,0.09512200253438285
wired,sensing,wired_sensing_16,4,expert,19,partner,1.1277929171816112,1.1111688936847863,0.9852596844291643,0.4955558044047813,0.5506461949395353,0.9157875413437174,0.08421245865628257
wired,sensing,wired_sensing_16,4,expert,20,expert,1.1014556041363397,1.0914113367521006,0.9908809149025067,0.25581984252384643,0.27920467629666307,0.803898826768452,0.19610117323154796
wired,sensing,wired_sensing_16,4,expert,21,partner,1.0170834534970536,0.9846067030305763,0.9680687456316587,0.36616829149289254,0.36053175424115597,0.9128433130399838,0.08715668696001622
wired,sensing,wired_sensing_16,4,expert,22,expert,1.1058399659404874,1.0755305382509857,0.9725914882587038,0.2038097620433419,0.2192036230712808,0.8320182351703445,0.16798176482965554
wired,sleep,wired_sleep_12,0,child,4,partner,1.1696346457079645,1.1315378893276657,0.967428498701655,0.4951123667918944,0.5602384024997252,0.9332759068471149,0.06672409315288508
wired,sleep,wired_sleep_12,0,child,5,expert,0.9321542405192074,0.875499385201526,0.9392215870980065,0.7534611454882527,0.6596547696482028,0.966463116209728,0.033536883790271976
wired,sleep,wired_sleep_12,0,child,6,partner,1.0533897524778626,1.0313977252061937,0.9791226113402786,0.49872029622444786,0.5143789790400546,0.954735446079296,0.045264553920704054
wired,sleep,wired_sleep_12,0,child,7,expert,1.1534128478708872,1.1240433875053517,0.9745369054794873,0.5356998818057614,0.6021499098311647,0.9320256907662418,0.06797430923375825
wired,sleep,wired_sleep_12,0,child,8,partner,1.1325301761597013,1.1201282631413558,0.9890493752127751,0.49619679115634174,0.5558040498542671,0.9268071005443513,0.07319289945564866
wired,sleep,wired_sleep_12,0,child,9,expert,1.1236307171644826,1.1107233999572657,0.9885128476722517,0.41488267068265844,0.460819890563993,0.9235648145794584,0.07643518542054162
wired,sleep,wired_sleep_12,0,child,10,partner,1.1389379011870673,1.121781550013135,0.9849365350322998,0.3862744109084969,0.43331550739934427,0.9255922442991453,0.07440775570085467
wired,sleep,wired_sleep_12,0,child,11,expert,1.2033941300222895,1.2001649709860747,0.997316623908451,0.5582573643484965,0.6700009334860758,0.9313948692992973,0.06860513070070273
wired,sleep,wired_sleep_12,0,child,12,partner,1.1093891767886885,1.0984908664780182,0.9901762965245365,0.4513558789660338,0.49581031057534597,0.9213049877738284,0.07869501222617159
wired,sleep,wired_sleep_12,0,child,13,expert,1.0661619244314575,1.049861215991131,0.9847108510745176,0.5580025412684904,0.5858252265022785,0.9230029411349634,0.0769970588650366
wired,sleep,wired_sleep_12,0,child,14,partner,1.186747819123385,1.1865050058027449,0.9997953960245579,0.4075955069502992,0.48361410933923754,0.907404984447346,0.09259501555265404
wired,sleep,wired_sleep_12,0,child,15,expert,0.9267166210736124,0.9122587767536158,0.9843988507465945,0.2847067864914734,0.2597262647781644,0.9208352054446942,0.07916479455530578
wired,sleep,wired_sleep_12,0,child,16,partner,1.1728784771476515,1.1566908374815184,0.9861983658302892,0.37663704229248607,0.43565261587585774,0.8820544190897126,0.1179455809102874
wired,sleep,wired_sleep_12,0,child,17,expert,0.9095377434622988,0.9083884405696679,0.9987363879048553,0.6113404180063258,0.5553345689699752,0.93561266388228,0.06438733611771996
wired,sleep,wired_sleep_12,0,child,18,partner,1.2072587563335175,1.198113537943817,0.9924248067427837,0.5342765241606128,0.640123936602397,0.8965985222533205,0.10340147774667952
wired,sleep,wired_sleep_12,0,child,19,expert,1.0759588351219738,0.9385173553962909,0.8722613958451538,0.5952381553499306,0.5586413393899835,0.9504004426543563,0.0495995573456437
wired,sleep,wired_sleep_12,0,child,20,partner,1.0353746139363393,0.9596950225403571,0.9269060778792066,0.5175020363901661,0.49664412847814116,0.9569343651280533,0.0430656348719467
wired,sleep,wired_sleep_12,0,child,21,expert,1.2055244260405118,1.2036963200953714,0.998483559597259,0.33375096840522356,0.40173481249763415,0.8961683904687323,0.10383160953126769
wired,sleep,wired_sleep_12,0,child,22,partner,1.131493871301025,1.104921343320749,0.9765155352094849,0.3367458551009898,0.37207768257588,0.8981655567822833,0.10183444321771673
wired,sleep,wired_sleep_12,0,child,23,expert,1.128917797374703,1.0709691556789518,0.9486688562874467,0.49598493445701564,0.5311845664849103,0.9376009945162893,0.06239900548371069
wired,sleep,wired_sleep_12,0,child,24,partner,1.141169663973113,1.1277258084892934,0.9882192316276603,0.45981134766295373,0.518541123795756,0.9411637664936049,0.05883623350639511
wired,sleep,wired_sleep_12,0,child,25,expert,1.0215858987264566,1.0156238082139177,0.9941638872257677,0.3732815167527864,0.37911359558033225,0.9313513437388669,0.06864865626113315
wired,sleep,wired_sleep_12,0,child,26,partner,1.2338047276272723,1.2242135842265682,0.9922263684139538,0.4347211476950422,0.5321915343588349,0.9034374761694912,0.09656252383050878
wired,sleep,wired_sleep_12,0,child,27,expert,1.1353319596638336,1.106500844285355,0.9746055634794337,0.4097219032589946,0.4533576318782801,0.8817217353567741,0.11827826464322588
wired,sleep,wired_sleep_12,0,child,28,partner,1.1182743733007305,1.1115550636006692,0.993991358595456,0.5501584431645569,0.6115314032822242,0.9414372598459877,0.058562740154012305
wired,sleep,wired_sleep_12,0,child,29,expert,0.8770707850531656,0.7590785582375497,0.8654701207390815,0.3773155725661491,0.286412160824088,0.9417987304673624,0.0582012695326376
wired,sleep,wired_sleep_12,0,child,30,partner,1.0281556246485235,1.0207375356798178,0.9927850523871476,0.22633820780292774,0.23103190446294697,0.8823004379519938,0.11769956204800625
wired,sleep,wired_sleep_12,0,child,31,expert,1.1323682874221395,1.1116254279121351,0.9816818788185886,0.3346532589249529,0.37200907215464135,0.9181604459065047,0.0818395540934953
wired,sleep,wired_sleep_12,0,child,32,partner,1.1547118995417487,1.150442373742356,0.9963025185744743,0.22429335816656787,0.25803658338379076,0.8122332443836181,0.1877667556163819
wired,sleep,wired_sleep_12,0,child,33,expert,0.8751096542098382,0.8506150076289366,0.9720096259205476,0.6019216371626022,0.5120035779870888,0.9729897424303462,0.027010257569653806
wired,sleep,wired_sleep_12,0,child,34,partner,1.1839784842927359,1.1814301222803132,0.997847628105385,0.4816695244976448,0.5690588852259528,0.9360925220590987,0.06390747794090135
wired,sleep,wired_sleep_12,0,child,35,expert,1.0184633168211923,1.008980750562991,0.9906893394169671,0.4672401447341563,0.4714363119270296,0.9155588555616297,0.08444114443837025
wired,sleep,wired_sleep_12,0,child,36,partner,1.2291910082979045,1.2024335139404845,0.9782316221175014,0.28526854022675624,0.34301645324153096,0.8544039414746848,0.1455960585253152
wired,sleep,wired_sleep_12,0,child,37,expert,0.8840829568650913,0.8766696524859109,0.9916146959709989,0.39953117732509497,0.35025685838287784,0.9277971386587639,0.0722028613412361
wired,sleep,wired_sleep_12,0,child,38,partner,1.079646734213479,1.0623948281386484,0.9840207861246552,0.38829141717230387,0.412518793414482,0.925860273308096,0.07413972669190405
wired,sleep,wired_sleep_12,0,child,39,expert,1.1781892464466723,1.1560908061200992,0.9812437260022516,0.2438554388597065,0.2819190308880887,0.860295874016301,0.13970412598369897
wired,sleep,wired_sleep_12,0,child,40,partner,1.012226366772229,1.0076145192704102,0.9954438575656545,0.2781939644549194,0.2803122777581732,0.8995381910056408,0.10046180899435919
wired,sleep,wired_sleep_12,0,child,41,expert,1.066844606662217,1.0612963631448216,0.9947993892608701,0.3356336463712051,0.35620676824279507,0.9179490570595478,0.08205094294045223
wired,sleep,wired_sleep_12,0,child,42,partner,1.111582902026321,1.0956466401365337,0.9856634517661952,0.4704319303564005,0.5154271639079341,0.9409723063776776,0.05902769362232241
wired,sleep,wired_sleep_12,0,child,43,expert,0.8778868267290914,0.8273036134665808,0.9423807127258984,0.5070171922981503,0.41945715527794003,0.9026595248884706,0.09734047511152943
wired,sleep,wired_sleep_12,0,child,44,partner,1.1736338867392975,1.1557316303541976,0.9847463024130784,0.24518679193934484,0.28337013078937445,0.8740650718071643,0.1259349281928357
wired,sleep,wired_sleep_12,0,child,45,expert,0.9882714792031614,0.9453296285779546,0.9565485278794171,0.22332091950179728,0.2111118818863213,0.8830760648618282,0.11692393513817179
wired,sleep,wired_sleep_12,0,child,46,partner,1.0834600920275155,1.0465566608393293,0.9659392796645665,0.21789399848801944,0.22803841547455148,0.8689285668663111,0.13107143313368885
wired,sleep,wired_sleep_13,1,teenager,4,expert,1.1423602776319597,1.1327612171874726,0.9915971689199689,0.6985145698491064,0.7912502143654576,0.975921850751924,0.024078149248076053
wired,sleep,wired_sleep_13,1,teenager,5,partner,1.1625536510368788,1.1145035078641101,0.9586684510165431,0.39619601071974364,0.4415618437489209,0.8699023438459853,0.1300976561540147
wired,sleep,wired_sleep_13,1,teenager,6,expert,1.1689358208894183,1.1535219418272502,0.9868137507742496,0.47022045588484723,0.5424096133591838,0.9405628401115121,0.059437159888487856
wired,sleep,wired_sleep_13,1,teenager,7,partner,1.2350182455388354,1.2298096435762984,0.9957825708386515,0.4890259196639998,0.6014087919615551,0.9403806782541397,0.059619321745860265
wired,sleep,wired_sleep_13,1,teenager,8,expert,1.2016877815589244,1.1857038715118264,0.9866987829173488,0.5944261301361029,0.70481336383017,0.9646502905503399,0.035349709449660094
wired,sleep,wired_sleep_13,1,teenager,9,partner,1.210645016312791,1.2053990535046313,0.9956668034490135,0.4435978140519481,0.5347123851949417,0.858504333107174,0.141495666892826
wired,sleep,wired_sleep_13,1,teenager,10,expert,1.100654142992275,1.0960794719134483,0.9958436797708445,0.5659391898775454,0.6203143283761048,0.867776862444475,0.13222313755552495
wired,sleep,wired_sleep_13,1,teenager,11,partner,1.1335544367306287,1.1054869261210123,0.9752393800411179,0.31855082225903425,0.35215376931246073,0.8559980128211354,0.1440019871788646
wired,sleep,wired_sleep_13,1,teenager,12,expert,1.0011646890803652,0.9070655738379414,0.9060103534716492,0.6594670698261937,0.5981798761191222,0.9390865293145294,0.060913470685470594
wired,sleep,wired_sleep_13,1,teenager,13,partner,1.0618017885547206,1.0298255407376793,0.9698849181055383,0.3149894295734465,0.3243841596371277,0.8993534831723836,0.10064651682761638
wired,sleep,wired_sleep_13,1,teenager,14,expert,0.9640490114496544,0.8945183501960929,0.9278764249237339,0.6304683559983657,0.5639655136585011,0.9430553394878177,0.05694466051218228
wired,sleep,wired_sleep_13,1,teenager,15,partner,1.1392173275144954,1.131948213356378,0.9936192033042803,0.3117700245584313,0.3529075222769904,0.9023643834384931,0.09763561656150688
wired,sleep,wired_sleep_13,1,teenager,16,expert,0.9620375547892,0.9569371393334204,0.9946983197990729,0.43253750028871496,0.41391119818071137,0.9372816987109825,0.06271830128901745
wired,sleep,wired_sleep_13,1,teenager,17,partner,1.0614677857553203,1.0048601312827312,0.9466703980721799,0.4635378247295354,0.4657906794122326,0.7825604797276473,0.2174395202723527
wired,sleep,wired_sleep_13,1,teenager,18,expert,0.9746423507782758,0.8928854061474227,0.9161159531324653,0.5940284198661306,0.5303993069352818,0.9388687518569768,0.061131248143023176
wired,sleep,wired_sleep_13,1,teenager,19,partner,0.8057100462846732,0.6891746555997857,0.8553631157720868,0.4861456998462378,0.33503929526284776,0.9798440593771555,0.020155940622844537
wired,sleep,wired_sleep_13,1,teenager,20,expert,0.8880918822289022,0.712101762267875,0.8018334324595614,0.3716597323001268,0.26465955033492694,0.9315237920067488,0.06847620799325116
wired,sleep,wired_sleep_13,1,teenager,21,partner,1.17273554723743,1.1505576850778956,0.981088778102822,0.2025091311328666,0.23299843712336699,0.8339281857071739,0.16607181429282614
wired,sleep,wired_sleep_13,1,teenager,22,expert,0.9760917828765701,0.9415737649553636,0.9646365039356796,0.30033354047092875,0.28278618244358644,0.9146810582521939,0.08531894174780608
wired,sleep,wired_sleep_13,1,teenager,23,partner,1.002874161670286,0.8371680562786417,0.8347687958013636,0.4048679075774485,0.3389424792362133,0.9635751460684318,0.036424853931568246
wired,sleep,wired_sleep_13,1,teenager,24,expert,0.9163356801880539,0.8781736376027228,0.9583536433084678,0.24521748200680932,0.21534352817769997,0.9098481064417722,0.09015189355822784
wired,sleep,wired_sleep_13,1,teenager,25,partner,1.0606826311144382,0.8763776238544052,0.8262392521057749,0.21095720233044252,0.1848781717133262,0.9088568845703026,0.09114311542969744
wired,sleep,wired_sleep_13,1,teenager,26,expert,0.7171207283856719,0.6590875064486058,0.9190746834656068,0.2866214675924518,0.1889086283701489,0.9636299188109003,0.03637008118909968
wired,sleep,wired_sleep_13,1,teenager,27,partner,1.0924714975158372,0.9417574517327014,0.8620430408237603,0.24234969557448138,0.22823463173241954,0.8886706751506205,0.11132932484937952
wired,sleep,wired_sleep_13,1,teenager,28,expert,1.0611597567281426,1.0181074317450254,0.9594289882262221,0.4616520193298898,0.4700113517598589,0.9185588220049309,0.08144117799506911
wired,sleep,wired_sleep_13,1,teenager,29,partner,1.059240740914225,1.0477484935252301,0.9891504858658805,0.2829373036976971,0.2964471337113527,0.8074300819416015,0.19256991805839851
wired,sleep,wired_sleep_13,1,teenager,30,expert,0.8200869084618446,0.7951199997593482,0.9695557770208845,0.6833348644514041,0.5433332172581546,0.9797223873835259,0.020277612616474094
wired,sleep,wired_sleep_13,1,teenager,31,partner,1.1939918027576388,1.1882979188306662,0.9952312202522517,0.39378476410608587,0.46793361565448666,0.832302440287616,0.16769755971238398
wired,sleep,wired_sleep_13,1,teenager,32,expert,0.8074593409263786,0.742118378844846,0.9190783253464038,0.4790317151138953,0.3554982398355901,0.9333342544733015,0.06666574552669846
wired,sleep,wired_sleep_13,1,teenager,33,partner,0.8086996766052419,0.7776024560662733,0.961546639080567,0.4104761083437304,0.31918723000461047,0.9358571195121,0.06414288048789996
wired,sleep,wired_sleep_14,2,undergraduate,4,expert,1.2264239785543758,1.2097833208268955,0.986431561988798,0.6122200175369541,0.7406535658925566,0.8918804855349982,0.10811951446500179
wired,sleep,wired_sleep_14,2,undergraduate,5,partner,1.1737189508085717,1.1623531826673623,0.9903164482993395,0.3629439433744689,0.42186904771115685,0.8468466914744323,0.15315330852556774
wired,sleep,wired_sleep_14,2,undergraduate,6,expert,1.2046468522745353,1.038815287482803,0.8623401003543217,0.5509996628335281,0.572386873149339,0.9491981703201076,0.05080182967989244
wired,sleep,wired_sleep_14,2,undergraduate,7,partner,1.0518047415473355,1.038447302884616,0.9873004578358751,0.6651460715679791,0.6907191440440656,0.9736708795481859,0.026329120451814125
wired,sleep,wired_sleep_14,2,undergraduate,8,expert,1.0129401331022587,0.9885035684417175,0.9758756081796492,0.3220802210420696,0.318377447824583,0.8871199960501713,0.11288000394982867
wired,sleep,wired_sleep_14,2,undergraduate,9,partner,1.065113993646238,1.0435977448116414,0.9797991116782541,0.3616124106209851,0.37737789621996126,0.9242673498723104,0.0757326501276896
wired,sleep,wired_sleep_14,2,undergraduate,10,expert,1.22228827320518,1.216002987379359,0.994857771309272,0.42578447866952507,0.5177551980419054,0.9130005672750917,0.08699943272490829
wired,sleep,wired_sleep_14,2,undergraduate,11,partner,1.0654954914530346,1.0474830428213513,0.9830947678548104,0.38113189456844376,0.39922919663881995,0.9030241580647997,0.09697584193520026
wired,sleep,wired_sleep_14,2,undergraduate,12,expert,1.1576533563803553,1.1344705122404146,0.9799742781263929,0.43897214362968684,0.49800095264284366,0.9206853597848476,0.07931464021515244
wired,sleep,wired_sleep_14,2,undergraduate,13,partner,1.1579032550186703,1.1434711913723155,0.9875360367243204,0.4323928853418967,0.4944288077428116,0.8979611510399815,0.10203884896001847
wired,sleep,wired_sleep_14,2,undergraduate,14,expert,0.9941483586768614,0.9656190408412163,0.9713027561856192,0.707543286847446,0.6832172699992725,0.9733129531584991,0.026687046841500917
wired,sleep,wired_sleep_14,2,undergraduate,15,partner,1.2034871562492035,1.1952221418080675,0.9931324448298327,0.5412149705772835,0.6468721163119711,0.8963373300323105,0.10366266996768947
wired,sleep,wired_sleep_14,2,undergraduate,16,expert,0.823926839324331,0.7592933116468278,0.9215542878401339,0.4757834181908198,0.36125916722475515,0.9396287291027444,0.06037127089725558
wired,sleep,wired_sleep_14,2,undergraduate,17,partner,0.9677240896092741,0.964377258325145,0.996541543895557,0.2823282532219564,0.27227094678991764,0.9235855063241254,0.0764144936758746
wired,sleep,wired_sleep_15,3,graduate,4,expert,1.1086639019278774,1.103133814217071,0.9950119349045413,0.592580620851378,0.6536957205109006,0.9557629759811254,0.04423702401887464
wired,sleep,wired_sleep_15,3,graduate,5,partner,1.0077490028681266,0.9672920034689113,0.9598540913610119,0.3971726509033212,0.38418192921533206,0.9129234801650232,0.08707651983497677
wired,sleep,wired_sleep_15,3,graduate,6,expert,1.2371635406658756,1.1926881743466171,0.9640505358763767,0.7374175744361651,0.8795092205853804,0.9194376867472147,0.08056231325278529
wired,sleep,wired_sleep_15,3,graduate,7,partner,0.920673262731207,0.5845566386749651,0.6349230094292345,0.7875910668915933,0.4603915867125794,0.9950444286543657,0.004955571345634291
wired,sleep,wired_sleep_15,3,graduate,8,expert,1.111948595287174,1.1086999116624814,0.9970783868611743,0.6653404365408856,0.7376628832183567,0.9208524591323398,0.07914754086766018
wired,sleep,wired_sleep_15,3,graduate,9,partner,0.9161242030288232,0.7720396646483035,0.8427237945411762,0.3889067464288252,0.30025143409237304,0.9654336482613388,0.03456635173866118
wired,sleep,wired_sleep_15,3,graduate,10,expert,1.059664089473032,1.0512958223332318,0.9921029057944637,0.5421011448917081,0.5699086689067148,0.8750394977930372,0.12496050220696275
wired,sleep,wired_sleep_15,3,graduate,11,partner,1.1288719031821166,1.1228038767854835,0.9946246988869836,0.21509945959449425,0.24151450712716063,0.7603791478437851,0.23962085215621487
wired,sleep,wired_sleep_15,3,graduate,12,expert,1.0241344675294424,0.8594141058472035,0.8391613924678863,0.8873895489742516,0.7626350957698596,0.9858404711249812,0.014159528875018812
wired,sleep,wired_sleep_15,3,graduate,13,partner,1.1246606897344407,1.1075708182080366,0.9848044199611669,0.5247241357874417,0.5811691404076017,0.8653905222933493,0.13460947770665066
wired,sleep,wired_sleep_15,3,graduate,14,expert,0.9675366610524904,0.9177286214531876,0.9485207727983456,0.4613638573079722,0.42340681675557046,0.9412236327704568,0.05877636722954316
wired,sleep,wired_sleep_15,3,graduate,15,partner,0.8866654488889831,0.8446185528586104,0.9525786235563694,0.4149748371135747,0.35049544639560504,0.8969198602905087,0.10308013970949126
wired,sleep,wired_sleep_15,3,graduate,16,expert,0.6923317635082598,0.6737406045621829,0.9731470374075533,0.5147287781768769,0.3467936781944428,0.9728044226457471,0.02719557735425293
wired,sleep,wired_sleep_15,3,graduate,17,partner,1.042640411555688,1.0177870339296575,0.9761630401511833,0.34384676977927064,0.3499627839399377,0.8721794481463913,0.12782055185360874
wired,sleep,wired_sleep_15,3,graduate,18,expert,0.8819510449929595,0.868928862737753,0.9852348014891285,0.33346610822451617,0.2897583261811133,0.9307715166801853,0.06922848331981468
wired,sleep,wired_sleep_16,4,expert,4,expert,1.2592969653901425,1.2564326680304345,0.9977254790256574,0.29767443532899385,0.37400788498486076,0.7917409442988461,0.20825905570115388
wired,sleep,wired_sleep_16,4,expert,5,partner,1.065180962943416,0.9618531470705275,0.9029950595547017,0.6816576792893003,0.6556545840492058,0.9711090782177517,0.02889092178224828
wired,sleep,wired_sleep_16,4,expert,6,expert,0.764620086604448,0.6882731365636731,0.900150478153511,0.7976737527797889,0.5490174157802612,0.9919132733389697,0.008086726661030275
wired,sleep,wired_sleep_16,4,expert,7,partner,0.8928457913567796,0.8853066242924984,0.9915560255329019,0.6375275186477346,0.5644073354275988,0.9356481283566292,0.06435187164337075
wired,sleep,wired_sleep_16,4,expert,8,expert,0.8990667076016547,0.8891679294952995,0.988989940319612,0.3605143776020526,0.3205578226857037,0.8796961946448949,0.1203038053551051
wired,time,wired_time_12,0,child,4,expert,0.9764304585571586,0.8511905614489076,0.8717370028643044,0.7542950903318751,0.6420488614377433,0.9715357857383601,0.02846421426163992
wired,time,wired_time_12,0,child,5,partner,1.2253687926362011,1.2104375825435933,0.9878149254466703,0.5900349317792586,0.7142004564391597,0.9441871657551697,0.0558128342448303
wired,time,wired_time_12,0,child,6,expert,1.1405192052431976,1.0925842483889776,0.9579709340843965,0.557495878712251,0.6091112156227774,0.920117919394966,0.07988208060503399
wired,time,wired_time_12,0,child,7,partner,1.0619930929459978,1.0444828653442042,0.9835119195039176,0.5195523638921484,0.5426635417344259,0.9578470555416745,0.042152944458325514
wired,time,wired_time_12,0,child,8,expert,0.9873114630957237,0.9469274678380212,0.9590970055872367,0.5343384159535285,0.505979723187454,0.9430127020588274,0.05698729794117263
wired,time,wired_time_12,0,child,9,partner,1.1422262472709521,1.1419585006203121,0.9997655922788681,0.694881044689556,0.7935253159031616,0.817041732333509,0.18295826766649104
wired,time,wired_time_12,0,child,10,expert,1.041090208394152,1.0402743348084884,0.9992163276725834,0.45194046103760976,0.4701420624789411,0.8628859538291144,0.13711404617088563
wired,time,wired_time_12,0,child,11,partner,0.9755280045238623,0.7187133565394002,0.73674292609309,0.5729942321790964,0.41181860788715474,0.9721270728806751,0.027872927119324875
wired,time,wired_time_12,0,child,12,expert,1.0194250604850579,0.9652931059780802,0.946899525422528,0.30626868834572807,0.29563905343708047,0.8997951161679418,0.10020488383205817
wired,time,wired_time_12,0,child,13,partner,0.9016288649422868,0.8534648634088549,0.9465811228908899,0.3970811954722916,0.33889484825598415,0.9427670352555557,0.05723296474444428
wired,time,wired_time_12,0,child,14,expert,1.1641025724038132,1.099667994978772,0.9446487114164418,0.373886650126423,0.4111511828938532,0.826188735707526,0.17381126429247395
wired,time,wired_time_12,0,child,15,partner,0.8217188025848733,0.647127845305152,0.7875295578836706,0.66461324539693,0.4300897374549795,0.9807136984336305,0.019286301566369457
wired,time,wired_time_12,0,child,16,expert,1.257017992622365,1.192718570942295,0.9488476520953539,0.41687093549644305,0.4972097064526952,0.9082835500530527,0.09171644994694728
wired,time,wired_time_12,0,child,17,partner,1.202251217587618,1.168433253524943,0.9718711334462156,0.3276917317196445,0.382885916246407,0.8673250391931291,0.1326749608068709
wired,time,wired_time_12,0,child,18,expert,0.8982989950178268,0.8688577586583761,0.9672255713034237,0.6799175799196395,0.5907516645614053,0.9850222642482754,0.014977735751724564
wired,time,wired_time_12,0,child,19,partner,1.1963132420934617,1.1931732303974305,0.9973752596004589,0.42440330925814373,0.506386667498899,0.9133252618566793,0.08667473814332072
wired,time,wired_time_12,0,child,20,expert,0.7817923884195229,0.7208893025884907,0.922098134064625,0.5470332263763404,0.394350401055172,0.9786083375398424,0.021391662460157557
wired,time,wired_time_12,0,child,21,partner,1.16622913241125,1.1599201446836476,0.9945902674240757,0.28965571984885147,0.3359775044755259,0.7969500646589962,0.2030499353410038
wired,time,wired_time_12,0,child,22,expert,0.881293995545939,0.8577107656131762,0.9732402239741497,0.7383887560815487,0.6333239852988659,0.9530896438983559,0.04691035610164407
wired,time,wired_time_12,0,child,23,partner,1.0533346326663842,1.0027700012652483,0.951995662314748,0.4521617338640327,0.4534142224389329,0.9102080666652296,0.08979193333477042
wired,time,wired_time_12,0,child,24,expert,0.9403362823680963,0.9378873867992127,0.9973957236195186,0.20049620534568052,0.18804286209481863,0.8744871243035047,0.12551287569649527
wired,time,wired_time_13,1,teenager,4,expert,0.7486645163856643,0.7091953332725435,0.9472805478953191,0.5784862797572948,0.4102597699660685,0.9800647872113236,0.019935212788676382
wired,time,wired_time_13,1,teenager,5,partner,1.2579200410526368,1.2530334946857666,0.9961153760108812,0.41030704348545727,0.5141284685927673,0.8763202763151559,0.12367972368484415
wired,time,wired_time_13,1,teenager,6,expert,1.0590347124565722,1.0574244452946626,0.9984794953895582,0.5523126331094064,0.5840288796949485,0.9602399310127925,0.03976006898720752
wired,time,wired_time_13,1,teenager,7,partner,1.198192112999179,1.1741983049785412,0.9799749908538795,0.3142786912199519,0.36902550652134186,0.817970523732009,0.18202947626799104
wired,time,wired_time_13,1,teenager,8,expert,0.8293598247376734,0.808961546671747,0.9754047911913821,0.593888867559385,0.4804332568519724,0.9469587505570033,0.05304124944299671
wired,time,wired_time_14,2,undergraduate,4,expert,1.1085658691183071,1.0478618605056147,0.9452409547283659,0.5597129821046686,0.5865018867773438,0.9330062258078916,0.06699377419210839
wired,time,wired_time_14,2,undergraduate,5,partner,1.0962989253369735,1.095058965035596,0.9988689578419542,0.35736847334179955,0.391339550554022,0.8756645688255452,0.12433543117445478
wired,time,wired_time_14,2,undergraduate,6,expert,1.007895391250171,1.0038209441884343,0.9959574702909606,0.6092615357620215,0.6115894900863279,0.9484711360117107,0.051528863988289264
wired,time,wired_time_14,2,undergraduate,7,partner,0.8667305345974012,0.8545864413134665,0.9859886172228123,0.42175472959350174,0.36042587347043403,0.9289871856544826,0.07101281434551743
wired,time,wired_time_14,2,undergraduate,8,expert,0.8255566948168204,0.8189601200437688,0.9920095436019604,0.45892061481126734,0.3758376817963957,0.9502135179983212,0.04978648200167879
wired,time,wired_time_15,3,graduate,4,expert,1.2430631203547509,1.2391751691814024,0.9968722817766198,0.5439209803930326,0.6740133728998504,0.9260443519307421,0.07395564806925792
wired,time,wired_time_15,3,graduate,5,partner,1.1650684149699058,1.1331084694265752,0.9725681812899126,0.45448696220546503,0.5149830261189682,0.9284705551383512,0.0715294448616488
wired,time,wired_time_15,3,graduate,6,expert,1.2328313439925578,1.221893809373399,0.9911281176671511,0.3837682019171544,0.4689239901569316,0.8515948000867837,0.14840519991321632
wired,time,wired_time_15,3,graduate,7,partner,0.9943448221868183,0.9892795010657626,0.9949058706707894,0.36645517252867776,0.3625265902421383,0.9036734614681204,0.09632653853187956
wired,time,wired_time_15,3,graduate,8,expert,1.0592129620770414,1.057959234526666,0.9988163593193612,0.7152076748284177,0.7566605641890695,0.9585480120930109,0.04145198790698912
wired,time,wired_time_15,3,graduate,9,partner,0.8528615475768381,0.7248054862449552,0.8498512898177115,0.6771220868489053,0.4907818034057196,0.9866093659191073,0.013390634080892694
wired,time,wired_time_15,3,graduate,10,expert,0.9462230129030078,0.9436065198176501,0.9972348029474283,0.2975779834893385,0.2807965253747288,0.9221879572169424,0.07781204278305764
wired,time,wired_time_15,3,graduate,11,partner,1.2076595331564934,1.1466238508669975,0.9494595284393484,0.17675677928575906,0.202673538931485,0.8207568988145727,0.1792431011854273
wired,time,wired_time_15,3,graduate,12,expert,0.9491572125423471,0.9410482857877892,0.99145670849002,0.5172786518234443,0.486784188573071,0.9548979158458368,0.04510208415416317
wired,time,wired_time_15,3,graduate,13,partner,0.9147245272051351,0.9101283305788714,0.9949753215415553,0.435466207181281,0.39633013216541224,0.9409274548213941,0.05907254517860594
wired,time,wired_time_15,3,graduate,14,expert,1.0793276825168434,1.0614759450927933,0.9834603172750968,0.4053437995486463,0.4302626927134031,0.94452434302289,0.05547565697710999
wired,time,wired_time_15,3,graduate,15,partner,1.1948400684148255,1.1838671615229595,0.9908164220610591,0.30721445862540775,0.36370110911167414,0.8362376605119816,0.16376233948801844
wired,time,wired_time_15,3,graduate,16,expert,0.8765810621112038,0.8651427749554822,0.9869512499743492,0.48618887592995613,0.4206227932745289,0.9648032797050923,0.035196720294907724
wired,time,wired_time_15,3,graduate,17,partner,1.0651689817365815,1.014500557094342,0.9524315620225952,0.37253701461285843,0.3779390088630079,0.9335882920794546,0.0664117079205454
wired,time,wired_time_15,3,graduate,18,expert,1.187571461123877,1.1813570829411761,0.9947671543253367,0.3745396228156748,0.442465036255414,0.9227144578397617,0.07728554216023831
wired,time,wired_time_15,3,graduate,19,partner,1.1201360542093437,1.1073742500326886,0.9886069159816021,0.1874598170281694,0.20758817429283413,0.8252296044486608,0.17477039555133922
wired,time,wired_time_15,3,graduate,20,expert,0.8680781637919808,0.818930394915418,0.9433832448188576,0.381805460750116,0.3126720967529556,0.9508870732833852,0.049112926716614824
wired,time,wired_time_15,3,graduate,21,partner,0.9950591006739855,0.9929277012510838,0.9978580172549993,0.25858681589819604,0.256758012683633,0.8816280376097266,0.11837196239027337
wired,time,wired_time_15,3,graduate,22,expert,0.999956689231313,0.9711728679912044,0.9712149320555008,0.4537264534337454,0.4406468210647282,0.9306226690641445,0.06937733093585552
wired,time,wired_time_15,3,graduate,23,partner,1.0324413955692124,1.030469989408165,0.9980905394044582,0.3254267240027834,0.33534247283628205,0.8911221807384211,0.10887781926157891
wired,time,wired_time_15,3,graduate,24,expert,0.9857498260734342,0.9773646685798592,0.9914936251848327,0.1763599955004454,0.17236802855303826,0.9059332701113755,0.09406672988862452
wired,time,wired_time_15,3,graduate,25,partner,1.1105809602081573,1.0463673427942526,0.9421801564085779,0.2294760349011328,0.2401162288744595,0.8597848806713557,0.14021511932864428
wired,time,wired_time_15,3,graduate,26,expert,0.9017975661507847,0.8332227242496273,0.9239576103595124,0.29065780877903935,0.2421826912552984,0.9520955773827372,0.0479044226172628
wired,time,wired_time_15,3,graduate,27,partner,1.0294980562231313,1.0273370546663778,0.9979009173016999,0.33447365413739427,0.34361717870501135,0.8773321522906049,0.1226678477093951
wired,time,wired_time_15,3,graduate,28,expert,1.0185634349780186,0.8762968242452567,0.8603262145016107,0.559109130814205,0.4899455557390136,0.7829680597628553,0.21703194023714467
wired,time,wired_time_15,3,graduate,29,partner,1.0770523823052205,0.9956923520298147,0.9244604704348779,0.24867651413095654,0.24760530324962757,0.8384075007008278,0.1615924992991722
wired,time,wired_time_15,3,graduate,30,expert,0.9868722598458458,0.4386946750551678,0.44453035403310404,0.9449055010039942,0.41452501172078776,0.9891071742967952,0.010892825703204823
wired,time,wired_time_15,3,graduate,31,partner,1.1849270238299565,1.16427894502266,0.9825743877951743,0.384865775654282,0.44809111925409517,0.9167417985957931,0.08325820140420692
wired,time,wired_time_15,3,graduate,32,expert,0.8839794260293453,0.7959847063826975,0.9004561451811129,0.3081051801914684,0.24524701138969404,0.943133057527805,0.05686694247219504
wired,time,wired_time_15,3,graduate,33,partner,1.1196958354395108,1.0768040665349916,0.9616933746220063,0.4052616903388946,0.4363874361677662,0.8956504040308566,0.1043495959691434
wired,time,wired_time_15,3,graduate,34,expert,1.1272035513276197,1.1141053045004603,0.9883798744133473,0.4307532150142137,0.4799044417779628,0.9317967893730259,0.0682032106269741
wired,time,wired_time_15,3,graduate,35,partner,1.198815832898381,1.1879139143993218,0.9909060939963626,0.5598379241420312,0.6650392598967508,0.944910117342443,0.05508988265755699
wired,time,wired_time_15,3,graduate,36,expert,1.0033757829576817,0.851107155112301,0.8482436685910615,0.4301311744319576,0.3660877201958963,0.9642067672922462,0.03579323270775381
wired,time,wired_time_15,3,graduate,37,partner,1.1364904391208301,1.1344238953781611,0.998181644409375,0.35586821847037997,0.40370541063845494,0.8602173070778105,0.13978269292218948
wired,time,wired_time_15,3,graduate,38,expert,1.0521257736592293,1.0292512249791121,0.9782587317469287,0.2935310825584515,0.30211722629273113,0.9051012074110412,0.09489879258895884
wired,time,wired_time_15,3,graduate,39,partner,1.019663333675474,0.960390572657401,0.9418702633884456,0.28346791157686546,0.27223990992930336,0.9184573202215098,0.08154267977849017
wired,time,wired_time_15,3,graduate,40,expert,1.0636231452188831,1.0354827723756646,0.9735429104089295,0.3397146725131514,0.35176869091060897,0.9157955025737261,0.0842044974262739
wired,time,wired_time_15,3,graduate,41,partner,1.155289104613689,1.1481922175240606,0.9938570466368283,0.3029199928675909,0.3478103783430119,0.8257373955972894,0.17426260440271057
wired,time,wired_time_15,3,graduate,42,expert,0.8858470179021981,0.8556311523472963,0.9658904247062626,0.35166434129416624,0.30089496558098033,0.9458788038149549,0.05412119618504507
wired,time,wired_time_15,3,graduate,43,partner,1.1079252681880043,1.091660921280293,0.9853199964151943,0.4481582201939528,0.4892368155362669,0.9292535764990881,0.07074642350091187
wired,time,wired_time_15,3,graduate,44,expert,1.1947385454868302,1.155829861742553,0.9674333067329052,0.42666497385234664,0.4931521177381478,0.9279766652028837,0.07202333479711631
wired,time,wired_time_15,3,graduate,45,partner,0.9869235936228304,0.9450668438289795,0.9575886623186711,0.24208532481836764,0.22878681386340805,0.8656584110187092,0.13434158898129078
wired,time,wired_time_15,3,graduate,46,expert,1.0239003416677335,1.017657642662398,0.9939030208778314,0.6881737778184711,0.7003253044768222,0.7690550363603752,0.2309449636396248
wired,time,wired_time_16,4,expert,4,expert,0.9605119381172541,0.93730930346303,0.9758434708259008,0.6259754159000906,0.5867325810622944,0.9232452096127165,0.0767547903872835
wired,time,wired_time_16,4,expert,5,partner,0.9787199152993862,0.9450484371978932,0.9655964106011283,0.6061711973757502,0.5728611427543284,0.9594335650445107,0.04056643495548928
wired,time,wired_time_16,4,expert,6,expert,1.1062824839125802,1.0411316893778062,0.941108355701975,0.27426531312588837,0.28554630879248916,0.896805139922857,0.10319486007714296
wired,time,wired_time_16,4,expert,7,partner,0.9504474019891809,0.8799193886527173,0.9257949327971416,0.4390784465063096,0.3863536382204168,0.9643148666511797,0.035685133348820286
wired,time,wired_time_16,4,expert,8,expert,1.0062315288942711,1.002445348196589,0.996237266881471,0.24388368715310646,0.24448006768766375,0.8966506980951398,0.10334930190486025
wired,time,wired_time_16,4,expert,9,partner,1.013935043154328,0.9926956948974469,0.979052555288172,0.3519323091709525,0.3493616882093218,0.8979994425533723,0.10200055744662773
wired,time,wired_time_16,4,expert,10,expert,0.9538755514215327,0.9480188346079047,0.9938600828945728,0.3835695634565453,0.36363117053913685,0.9213981377047243,0.07860186229527566
wired,time,wired_time_16,4,expert,11,partner,1.137755105989793,1.1282606744024708,0.9916551184535848,0.22403381272190653,0.25276854063057513,0.8342109024624703,0.16578909753752968
wired,time,wired_time_16,4,expert,12,expert,0.9157169480222214,0.9073327321110849,0.9908440966062323,0.46147455609031507,0.41871096977717565,0.930584913564548,0.06941508643545202
wired,time,wired_time_16,4,expert,13,partner,0.7471007092294712,0.7423416035799332,0.9936299007727619,0.46005335724486013,0.3415167469494813,0.9664683216597952,0.03353167834020476
wired,time,wired_time_16,4,expert,14,expert,1.1342922815901584,1.1290702521739595,0.995396222382935,0.534913515637715,0.6039549379923341,0.9221051843166862,0.0778948156833138
wired,time,wired_time_16,4,expert,15,partner,0.8721689284642468,0.7892740253457678,0.9049554502413325,0.15481114169752622,0.12218841297598057,0.9013268966781145,0.0986731033218855
wired,time,wired_time_16,4,expert,16,expert,1.1138247239031656,1.112875173945824,0.9991474870884413,0.30185526394513895,0.3359272293694091,0.8313033973519363,0.16869660264806374
wired,time,wired_time_16,4,expert,17,partner,0.6298172937900643,0.6221646967039064,0.987849496730878,0.4226992741815053,0.26298856571809764,0.9734318480224989,0.026568151977501064
wired,time,wired_time_16,4,expert,18,expert,0.9148729446156286,0.8995746266080825,0.9832782048058523,0.3915753419522491,0.3522512420256267,0.9527061503185738,0.04729384968142625
wired,zero,wired_zero_12,0,child,4,expert,0.891965584553841,0.8526605071618543,0.9559343117340082,0.5144272799939409,0.4386318254575268,0.7779758152829628,0.22202418471703722
wired,zero,wired_zero_12,0,child,5,partner,0.7890727332033582,0.44678556494028393,0.5662159470723633,0.5604865536318351,0.2504173015058322,0.9671730977274694,0.0328269022725306
wired,zero,wired_zero_12,0,child,6,expert,1.023927328899745,0.8900717509462458,0.8692723846933529,0.6666858444563486,0.5933982369063386,0.9747799392808913,0.02522006071910865
wired,zero,wired_zero_12,0,child,7,partner,1.0606338335098886,1.0152560542891553,0.9572163570612068,0.3798958490527052,0.385691560750078,0.9103869237206315,0.08961307627936854
wired,zero,wired_zero_12,0,child,8,expert,0.886516929543164,0.8351709839772079,0.942081257722447,0.4260304872773,0.35580830126367197,0.9613149857875469,0.03868501421245307
wired,zero,wired_zero_12,0,child,9,partner,1.1957011378312274,1.1908626298432483,0.9959534135781193,0.1963633703058668,0.23384179956732817,0.8037653891973652,0.19623461080263482
wired,zero,wired_zero_12,0,child,10,expert,1.0360972414377962,1.009044277544992,0.9738895512777963,0.37147025083329077,0.3748299308815348,0.9220523016587119,0.07794769834128812
wired,zero,wired_zero_12,0,child,11,partner,0.9575001317310694,0.9557056658922201,0.9981258844982055,0.6046500661558788,0.577867494107279,0.6939518158049831,0.3060481841950169
wired,zero,wired_zero_13,1,teenager,4,expert,0.9906716256016962,0.9879811946747624,0.9972842354031317,0.36206939136355787,0.35771774983453203,0.7914054709203223,0.20859452907967768
wired,zero,wired_zero_13,1,teenager,5,partner,0.7959275484196932,0.6743901648500437,0.8473009461579661,0.08762068629054177,0.059090529071752426,0.9217270879497742,0.0782729120502258
wired,zero,wired_zero_13,1,teenager,6,expert,0.8521611693270505,0.7405760002603593,0.8690562617917936,0.2666908809625925,0.19750486592918837,0.8982180055850123,0.1017819944149877
wired,zero,wired_zero_13,1,teenager,7,partner,0.8572141517773832,0.8271403701096798,0.964916839501177,0.6564773777888829,0.5429989412329287,0.9855526350858095,0.01444736491419052
wired,zero,wired_zero_13,1,teenager,8,expert,1.098969281020553,1.0790188333596489,0.9818462189922551,0.5141020515326769,0.5547257958725911,0.9172578963004787,0.08274210369952129
wired,zero,wired_zero_13,1,teenager,9,partner,1.1344882703558228,1.1343630289661482,0.9998896053895424,0.4080585964420151,0.4628865854556393,0.8994007353456411,0.10059926465435887
wired,zero,wired_zero_13,1,teenager,10,expert,0.9696639067714791,0.9435507924374154,0.9730699326305946,0.3709933905046432,0.3500511075996996,0.9274454409212369,0.07255455907876307
wired,zero,wired_zero_13,1,teenager,11,partner,1.1536991003271457,1.1427300902628212,0.9904923128897261,0.35709588040711376,0.4080642076501027,0.8101831705223894,0.18981682947761058
wired,zero,wired_zero_14,2,undergraduate,4,expert,1.0450342222696087,0.8028470683880687,0.7682495475063721,0.751264950313713,0.6031508629420725,0.9916996332843874,0.008300366715612628
wired,zero,wired_zero_14,2,undergraduate,5,partner,1.0805073719221465,1.0655460222438562,0.9861534034213377,0.39238655055962096,0.4181059281307919,0.9122101994764866,0.08778980052351337
wired,zero,wired_zero_14,2,undergraduate,6,expert,1.1408768525390949,1.0932102825076222,0.9582193556418066,0.5096341303718473,0.5571372716393336,0.905995869664994,0.09400413033500599
wired,zero,wired_zero_14,2,undergraduate,7,partner,1.01654308800413,0.9454279757637799,0.9300422057062954,0.37392605123603057,0.35352014970542384,0.8810203245322996,0.11897967546770039
wired,zero,wired_zero_14,2,undergraduate,8,expert,0.8544459218726375,0.6644474594283265,0.7776354739587493,0.5630348097075923,0.374107048879921,0.9794349119140753,0.02056508808592472
wired,zero,wired_zero_14,2,undergraduate,9,partner,1.3017825253524116,1.2690695152609182,0.9748706028423507,0.3146719284381214,0.3993405516891851,0.8521312639757737,0.14786873602422634
wired,zero,wired_zero_14,2,undergraduate,10,expert,0.9076767437120707,0.8926028227247123,0.9833928531354732,0.5269689152650145,0.4703739412537317,0.8936427406968308,0.1063572593031692
wired,zero,wired_zero_14,2,undergraduate,11,partner,1.0096677163004133,0.8553285550048793,0.8471386587837977,0.23779979434827642,0.2033969544803687,0.9374460811048979,0.06255391889510209
wired,zero,wired_zero_14,2,undergraduate,12,expert,1.1651363245269666,1.1291978055803837,0.9691550952527871,0.32050693692762067,0.3619157298519597,0.8727190209795864,0.12728097902041358
wired,zero,wired_zero_14,2,undergraduate,13,partner,0.9976313869461907,0.9846109773004279,0.9869486768187938,0.28646549133214044,0.28205706738338604,0.8129099632098911,0.18709003679010894
wired,zero,wired_zero_14,2,undergraduate,14,expert,0.984003093633373,0.9122761952875793,0.9271070397940788,0.5489851795888961,0.5008261109046266,0.9179959263166102,0.0820040736833898
wired,zero,wired_zero_14,2,undergraduate,15,partner,1.3267170203892586,1.3239776050357073,0.9979351924242702,0.4958775304343555,0.656530745135499,0.8492400583038777,0.15075994169612228
wired,zero,wired_zero_14,2,undergraduate,16,expert,1.151755384274567,0.9561598045601859,0.8301761099745958,0.36027018320687576,0.3444758679639487,0.9193141051102851,0.0806858948897149
wired,zero,wired_zero_14,2,undergraduate,17,partner,1.0167784289990678,1.0045029654760078,0.9879271007586853,0.4664890748645133,0.46858965906356304,0.8333766671215102,0.16662333287848985
wired,zero,wired_zero_14,2,undergraduate,18,expert,0.7298669240604004,0.7155500488019534,0.9803842662443454,0.5012421482388438,0.35866384363390064,0.9679001352459451,0.03209986475405491
wired,zero,wired_zero_14,2,undergraduate,19,partner,1.1171477989203225,1.092304616087034,0.9777619551698744,0.21530061833030545,0.23517385924858533,0.8736985872115094,0.1263014127884906
wired,zero,wired_zero_14,2,undergraduate,20,expert,0.9781940011472946,0.9665088220618234,0.9880543337285304,0.33100473295221094,0.3199189945425298,0.8390166450762573,0.16098335492374272
wired,zero,wired_zero_14,2,undergraduate,21,partner,0.7712919675040808,0.5294900784316476,0.6864975920135713,0.43329880140839117,0.22942741634206795,0.9712467789421966,0.028753221057803424
wired,zero,wired_zero_14,2,undergraduate,22,expert,0.8419799733853741,0.752487703360743,0.8937121156626795,0.3021137318000761,0.22733686819598276,0.9549903171578981,0.04500968284210194
wired,zero,wired_zero_14,2,undergraduate,23,partner,1.1146585437557694,1.0926538698156618,0.9802588209058671,0.16361381638522826,0.1787732696286288,0.8544185406228906,0.14558145937710942
wired,zero,wired_zero_14,2,undergraduate,24,expert,0.783757891027376,0.7604705872182124,0.9702876308146535,0.34220621670644846,0.2602377625684757,0.9534709341668953,0.04652906583310468
wired,zero,wired_zero_14,2,undergraduate,25,partner,1.0671215338421918,1.0507542722447243,0.9846622328578437,0.17375120291031204,0.18256981876567036,0.8459352440459169,0.1540647559540831
wired,zero,wired_zero_14,2,undergraduate,26,expert,0.9233092980128047,0.8909319194852726,0.9649333342595149,0.2830807229183414,0.2522056518389165,0.8974767919773112,0.10252320802268877
wired,zero,wired_zero_14,2,undergraduate,27,partner,1.079192142503908,1.053492708444088,0.9761864147739537,0.15327716633948746,0.16147637710962162,0.7992118330450065,0.20078816695499346
wired,zero,wired_zero_14,2,undergraduate,28,expert,0.6422443869824698,0.6170833018503284,0.9608231918517508,0.4004126891210186,0.24708798430556722,0.9563044628791973,0.04369553712080265
wired,zero,wired_zero_14,2,undergraduate,29,partner,0.7141654987196046,0.7112465344691937,0.9959127621585753,0.4489809254107474,0.31933612724116567,0.9079122324805422,0.0920877675194578
wired,zero,wired_zero_14,2,undergraduate,30,expert,0.746063981885449,0.7382000640503135,0.9894594592058293,0.35315220767572086,0.26069698232572674,0.9445327054407734,0.05546729455922661
wired,zero,wired_zero_15,3,graduate,4,expert,0.9440552324557219,0.9402630313715837,0.9959830728597631,0.5388342580681891,0.5066459328980537,0.9560671120575146,0.0439328879424854
wired,zero,wired_zero_15,3,graduate,5,partner,0.9154024278963964,0.9070960038192504,0.9909259317814733,0.24307501089739958,0.2204923710133519,0.8771449006657513,0.12285509933424865
wired,zero,wired_zero_15,3,graduate,6,expert,0.98268691981733,0.8149748406007981,0.8293331519579634,0.5628949708767009,0.4587452391652302,0.9795262708535202,0.020473729146479824
wired,zero,wired_zero_15,3,graduate,7,partner,1.224074451925614,1.2124779950949347,0.9905263468137684,0.6465503943776646,0.7839281259028701,0.900556015043721,0.09944398495627904
wired,zero,wired_zero_15,3,graduate,8,expert,1.1333997131586262,1.0908514626620835,0.9624596247876849,0.43660164880623664,0.47626754720096054,0.8313041029037883,0.1686958970962117
wired,zero,wired_zero_15,3,graduate,9,partner,0.9446447931926552,0.8530613139329313,0.9030498236791223,0.4269492656838094,0.3642139015669306,0.8899115909019336,0.11008840909806639
wired,zero,wired_zero_15,3,graduate,10,expert,1.0950589996009779,1.0200165496506295,0.9314717745997027,0.38162914090505257,0.38926803955210565,0.9253511995420265,0.07464880045797351
wired,zero,wired_zero_15,3,graduate,11,partner,0.716765294097791,0.7056854165554788,0.9845418331013875,0.2634259231671202,0.1858958323217008,0.9263188683955975,0.07368113160440248
wired,zero,wired_zero_15,3,graduate,12,expert,0.8809724163545802,0.39490819459306875,0.4482639720171159,0.8951736257923406,0.35351140040898454,0.9621082224465665,0.03789177755343354
wired,zero,wired_zero_15,3,graduate,13,partner,1.1370041875675623,1.0971152093238987,0.9649174746401202,0.21461579116240304,0.23545824864535395,0.8495973343054481,0.15040266569455185
wired,zero,wired_zero_15,3,graduate,14,expert,1.0341683440793397,0.8951332721623805,0.8655585691499775,0.24385462517111228,0.21828238856134852,0.9193429041163745,0.08065709588362546
wired,zero,wired_zero_15,3,graduate,15,partner,1.1692630799944084,1.0705012150473816,0.9155349496296293,0.3015387524297444,0.322797600859913,0.8411667134152394,0.1588332865847606
wired,zero,wired_zero_15,3,graduate,16,expert,0.6045426560577208,0.5748093359357218,0.9508168367856065,0.6313657664867207,0.36291493696677996,0.9751219142001192,0.024878085799880822
wired,zero,wired_zero_15,3,graduate,17,partner,1.0594495091175071,1.042884363424911,0.9843643840022362,0.533901774903667,0.5567978126518408,0.891298994248131,0.10870100575186903
wired,zero,wired_zero_15,3,graduate,18,expert,1.2742202807864238,1.2676647055324533,0.9948552260909553,0.26221733778447254,0.33240366428805723,0.864204157291601,0.13579584270839895
wired,zero,wired_zero_15,3,graduate,19,partner,0.862788896280986,0.8477905150239723,0.9826163951313628,0.342042256007013,0.28998018038014695,0.8329540039496215,0.1670459960503785
wired,zero,wired_zero_15,3,graduate,20,expert,1.0034670291323722,0.8212351402857131,0.8183977315078894,0.468981360200292,0.3851439731354714,0.9628062477096344,0.03719375229036559
wired,zero,wired_zero_15,3,graduate,21,partner,1.0257785426878516,0.9748852772302175,0.9503857184171266,0.39485782079022713,0.3849410760876001,0.945855169608921,0.05414483039107898
wired,zero,wired_zero_15,3,graduate,22,expert,1.0791638755456803,1.0467184627251103,0.9699346748378378,0.25605089088645516,0.2680131948880653,0.8935899756586853,0.10641002434131475
wired,zero,wired_zero_15,3,graduate,23,partner,1.0881946997473926,1.0510613927980443,0.9658762288045198,0.46901291156199526,0.4929613640666167,0.947908580141325,0.05209141985867505
wired,zero,wired_zero_15,3,graduate,24,expert,1.0141616987402748,1.007732989845274,0.993661061244987,0.24224556230371214,0.24411884477706944,0.9112289783457863,0.08877102165421369
wired,zero,wired_zero_15,3,graduate,25,partner,1.108243574956748,1.0942678232383538,0.9873892779212122,0.3202946145296958,0.35048809063637787,0.8213437583658364,0.1786562416341636
wired,zero,wired_zero_15,3,graduate,26,expert,0.985924530724568,0.9601135055164393,0.9738204858437454,0.2089884117019133,0.2006525965714368,0.8489981627115584,0.15100183728844163
wired,zero,wired_zero_15,3,graduate,27,partner,1.0789275705736598,0.9907144308365905,0.9182399800098859,0.229432957995016,0.22730254239518766,0.9022474901647568,0.0977525098352432
wired,zero,wired_zero_15,3,graduate,28,expert,0.8946379150900624,0.8930933236956777,0.9982735010786711,0.37773500641032465,0.33735261235120495,0.9084723670421628,0.09152763295783717
wired,zero,wired_zero_15,3,graduate,29,partner,0.9047360275512869,0.8425967252138098,0.9313177540784006,0.5075558792927848,0.42766492175511617,0.7806694902488347,0.2193305097511653
wired,zero,wired_zero_16,4,expert,4,expert,0.9781464536866202,0.9456411360984539,0.9667684553099171,0.6767524025032063,0.6399649107604902,0.9704332680679139,0.029566731932086143
wired,zero,wired_zero_16,4,expert,5,partner,0.9338114324999482,0.9124770224984667,0.9771534067158041,0.5057021136154639,0.46144155890301986,0.9046471599345184,0.09535284006548161
wired,zero,wired_zero_16,4,expert,6,expert,1.2339458811533324,1.210302773647803,0.9808394291292485,0.28784358444742025,0.3483778886334383,0.8869269343970239,0.11307306560297614
wired,zero,wired_zero_16,4,expert,7,partner,1.1661990016474755,1.165543752664943,0.999438132786423,0.4115872287049977,0.47972292309378717,0.8298558731382255,0.1701441268617745
wired,zero,wired_zero_16,4,expert,8,expert,1.0715587916284495,1.0666050694765288,0.9953770878540523,0.6085045439286857,0.6490340313538393,0.8576511144386909,0.1423488855613091
wired,zero,wired_zero_16,4,expert,9,partner,0.7515885201937603,0.7246202664111858,0.9641183266389085,0.28820365942604775,0.20883821247398138,0.9552974939344929,0.044702506065507075
wired,zero,wired_zero_16,4,expert,10,expert,1.0005233655524728,0.9348348417970316,0.934345837370721,0.20701447891031555,0.19352434764181978,0.8716682036411988,0.1283317963588012
wired,zero,wired_zero_16,4,expert,11,partner,0.8378092893087323,0.754690375487891,0.9007901739901658,0.3150309001897644,0.23775078835450159,0.9474166543090863,0.05258334569091372
wired,zero,wired_zero_16,4,expert,12,expert,0.795924636156729,0.7931424972607469,0.9965045196861695,0.12316242102526301,0.09768535018065662,0.9061282699117621,0.0938717300882379
wired,zero,wired_zero_16,4,expert,13,partner,1.162813077394708,1.115520272824952,0.9593289708465652,0.5877178861740513,0.6556112167289818,0.5290040099756083,0.47099599002439174
wired,zero,wired_zero_16,4,expert,14,expert,0.800672149070813,0.7474278186263332,0.933500458949142,0.09608027090900231,0.07181306729854274,0.8936697244715033,0.10633027552849672
wired,zero,wired_zero_16,4,expert,15,partner,1.0001277076310455,0.3397677718775356,0.33972438648059,0.8157840672016312,0.27717713484629203,0.9951095151430102,0.004890484856989841
wired,zero,wired_zero_16,4,expert,16,expert,1.0092769815005613,0.8716838906745902,0.86367162498617,0.250557172564391,0.21840665101735302,0.8783001664441745,0.12169983355582548
wired,zero,wired_zero_16,4,expert,17,partner,0.6326412874159497,0.5908025474706503,0.9338665673922021,0.24683777076083052,0.14583238377747507,0.959565227745117,0.04043477225488301
wired,zero,wired_zero_16,4,expert,18,expert,0.7179534462803917,0.6968246361074165,0.9705707796467711,0.37355974341251863,0.2603056322678082,0.9366456762735711,0.06335432372642891
wired,zero,wired_zero_16,4,expert,19,partner,0.9729065827321842,0.2960180184300903,0.30426150226930065,1.0,0.2960180184300903,0.9690423075209356,0.030957692479064436
wired,zero,wired_zero_16,4,expert,20,expert,1.2528039999490614,1.2208035475656633,0.9744569362919708,0.2683868259126372,0.3276475891940356,0.8811176484961242,0.11888235150387583
wired,zero,wired_zero_16,4,expert,21,partner,1.1763382304598966,1.1667010731078074,0.9918074945593552,0.2522717007554001,0.294325663986057,0.8950527532798667,0.10494724672013334
wired,zero,wired_zero_16,4,expert,22,expert,0.8270728553402814,0.8234515846815883,0.995621582021092,0.27408318351713423,0.22569423180175877,0.8888457877590222,0.11115421224097777
wired,zero,wired_zero_16,4,expert,23,partner,0.9572476742730089,0.6212680417999347,0.6490149399120909,0.7296463345212725,0.453305949454531,0.9557147001351451,0.044285299864854855
wired,zero,wired_zero_16,4,expert,24,expert,1.074480635017576,1.0110103651745244,0.9409293497011657,0.3644737349596191,0.3684867238780473,0.8107614095933878,0.18923859040661217
wired,zero,wired_zero_16,4,expert,25,partner,0.9452284522173705,0.4909691788057844,0.5194185359671746,0.7465353685012698,0.3665258568225421,0.9634452306787591,0.03655476932124091
wired,zero,wired_zero_16,4,expert,26,expert,1.164402975052005,1.0780246437817547,0.9258174934950519,0.20639077213505766,0.22249433861073684,0.848053743162631,0.15194625683736895
wired,zero,wired_zero_16,4,expert,27,partner,0.9412400731968689,0.9283799665403252,0.9863370599874149,0.6323984880938129,0.5871060872166863,0.9419077782248363,0.05809222177516371
wired,zero,wired_zero_16,4,expert,28,expert,1.0180625747667165,0.9436198287030005,0.9268780250745382,0.2638424240861944,0.2489669430207992,0.9139717641484646,0.0860282358515354
wired,zero,wired_zero_16,4,expert,29,partner,1.1003014044561368,1.0657124055254719,0.9685640690891143,0.3452035118899129,0.3678876650520399,0.8606144121343913,0.13938558786560873
wired,zero,wired_zero_16,4,expert,30,expert,1.0032934933488347,0.9971966919139174,0.993923212423554,0.28759462481549075,0.28678840847823156,0.8825617944522506,0.11743820554774942
wired,zero,wired_zero_16,4,expert,31,partner,1.141177708838154,1.0841533238220742,0.9500302322982744,0.5560348500608753,0.6028270308544066,0.9336569204230957,0.06634307957690433
wired,zero,wired_zero_16,4,expert,32,expert,0.9327101080352576,0.9008660955932091,0.9658586176254771,0.22777772844482685,0.20519723288718142,0.929280894700554,0.07071910529944603
wired,zero,wired_zero_16,4,expert,33,partner,1.1431263318755625,1.1112769359511367,0.9721383411113086,0.2304300521962744,0.25607160235573634,0.8773275595944974,0.12267244040550263
wired,zero,wired_zero_16,4,expert,34,expert,0.8150215198188417,0.8042459489864551,0.9867787897971473,0.3428853200191304,0.2757641295923099,0.9158323105225581,0.08416768947744191
wired,zero,wired_zero_16,4,expert,35,partner,1.065505106649759,1.0515715254804943,0.9869230273198195,0.2672399404968859,0.2810219118976268,0.9159301524048711,0.08406984759512892
wired,zero,wired_zero_16,4,expert,36,expert,1.1848616499797497,1.176611252683058,0.9930368264532607,0.28293482786864904,0.33290430224619655,0.8866710791283938,0.11332892087160618
wired,zero,wired_zero_16,4,expert,37,partner,1.1468199923106992,1.1093974134534088,0.9673683933754451,0.31769901282632074,0.3524544630862216,0.8995786460430844,0.10042135395691565
wired,zero,wired_zero_16,4,expert,38,expert,0.9124936543318977,0.9115045662293425,0.9989160602938348,0.23920164697176693,0.21803339346434475,0.875174368595444,0.12482563140455605
wired,zero,wired_zero_16,4,expert,39,partner,1.0381455150088243,1.017825694588663,0.9804268090288198,0.18344658675640876,0.18671664958526119,0.8323715850170217,0.1676284149829783
wired,zero,wired_zero_16,4,expert,40,expert,1.0346257750911099,0.954232586977651,0.9222973271593763,0.4915805076889065,0.4690821395597723,0.9469457921613731,0.05305420783862691
wired,zero,wired_zero_16,4,expert,41,partner,0.9951401816600988,0.9478341925986591,0.9524629897031431,0.25984054410843843,0.24628575232941802,0.8968214938641398,0.10317850613586022
wired,zero,wired_zero_16,4,expert,42,expert,0.73856754272354,0.7351308775125053,0.9953468504730698,0.30297165622049493,0.22272381949878953,0.943846839457509,0.056153160542490976
wired,zero,wired_zero_16,4,expert,43,partner,1.0023872226259714,0.978047061480662,0.9757178058569813,0.22220990102307914,0.2173317407275313,0.8195266018748385,0.1804733981251615
wired,zero,wired_zero_16,4,expert,44,expert,0.9357869223200873,0.8896664669328258,0.9507147895656992,0.2817118145997748,0.2506295547882169,0.930802257552635,0.06919774244736498
