dataset,video_id,conversation_id,level,level_label,episode_id,turn_order,speaker_role,innovation_magnitude,directional_innovation_magnitude,directional_innovation_fraction,directional_persistence,within_episode_sdi
wired,talia,wired_Talia_12,0,child,0,4,partner,1.1925471467965454,1.180263172532574,0.989699380609011,0.3585972188708638,0.42323909120588354
wired,talia,wired_Talia_12,0,child,0,5,expert,1.1665000971202037,1.1618665578658927,0.9960278278015182,0.45380131416292635,0.5272565708414978
wired,talia,wired_Talia_12,0,child,0,6,partner,1.026603361521317,1.0128311904328648,0.9865847204425379,0.41223938055588394,0.4175289025517227
wired,talia,wired_Talia_12,0,child,0,7,expert,0.8347030771776702,0.8327702872252699,0.9976844580950471,0.47058238466283636,0.39188702763882266
wired,talia,wired_Talia_12,0,child,0,8,partner,1.1499513567941357,1.1241817814376889,0.9775907257248988,0.35577325255939096,0.39995380885009696
wired,talia,wired_Talia_12,0,child,0,9,expert,1.0502291344445571,1.0083925692092945,0.9601643452232457,0.38075813016897286,0.38395366912841755
wired,talia,wired_Talia_12,0,child,0,10,partner,1.1716275316696427,1.1223231066221473,0.9579180040450299,0.4006412588140622,0.44964894223320606
wired,talia,wired_Talia_12,0,child,0,11,expert,1.021401914102426,0.9981085420755702,0.9771947049381609,0.6490344087845703,0.6478067875088471
wired,talia,wired_Talia_13,1,teenager,0,4,expert,1.0657121281430317,1.0253294166290785,0.9621072985391647,0.6165858897179024,0.6322036506061782
wired,talia,wired_Talia_13,1,teenager,0,5,partner,1.3033880052449403,1.2391057795242506,0.9506806680259727,0.5301742462806457,0.6569419727212615
wired,talia,wired_Talia_13,1,teenager,0,6,expert,1.2297505166073053,1.211674651094131,0.9853011929899178,0.32425095288147743,0.39288666019960367
wired,talia,wired_Talia_13,1,teenager,0,7,partner,1.0799391320556337,1.052297636613443,0.9744045802002282,0.388923562752048,0.4092633459072602
wired,talia,wired_Talia_13,1,teenager,0,8,expert,1.0757199358170155,1.0368552989124893,0.9638710452307716,0.5977514300821012,0.6197817377131449
wired,talia,wired_Talia_13,1,teenager,0,9,partner,1.1945922488827077,1.1739994819971853,0.9827616771281034,0.43585065042928905,0.5116884378321216
wired,talia,wired_Talia_13,1,teenager,0,10,expert,1.1882489934120595,1.1714187028144796,0.9858360573483529,0.5121478182330831,0.599939532883864
wired,talia,wired_Talia_13,1,teenager,0,11,partner,1.2084785964639662,1.2061153187264624,0.9980444190361195,0.4436142057189777,0.5350498891223312
wired,talia,wired_Talia_13,1,teenager,0,12,expert,1.080109401647775,1.0754406532200502,0.9956775226457634,0.6370325628986822,0.6850907155662015
wired,talia,wired_Talia_13,1,teenager,0,13,partner,1.1245804043832714,1.1168405721506842,0.9931175821636115,0.2647688506784067,0.29570459467935084
wired,talia,wired_Talia_13,1,teenager,0,14,expert,0.9716248283276689,0.9180575922082888,0.9448683951268275,0.7170981384720748,0.658337390382719
wired,talia,wired_Talia_13,1,teenager,0,15,partner,1.238946665287767,1.1843568649255265,0.9559385388470156,0.40038851142018195,0.47420288213780504
wired,talia,wired_Talia_13,1,teenager,0,16,expert,1.0542281178539965,1.0043814861686302,0.952717413961802,0.47220966300377,0.47427864311091456
wired,talia,wired_Talia_13,1,teenager,0,17,partner,1.1322050014026284,1.0533264721172362,0.9303319370709331,0.3526934565599362,0.3715013543371113
wired,talia,wired_Talia_13,1,teenager,0,18,expert,1.0389793437326393,0.9414230460997691,0.9061037178243646,0.4633880386265746,0.43624417885002736
wired,talia,wired_Talia_13,1,teenager,0,19,partner,1.119862924489587,1.0654839747682414,0.9514414232910853,0.3514894912109915,0.37450642018475405
wired,talia,wired_Talia_13,1,teenager,0,20,expert,1.1313978981923516,1.0691274540177735,0.9449614991551484,0.6624424771267664,0.708235439003767
wired,talia,wired_Talia_13,1,teenager,0,21,partner,1.2009391256985693,1.1931352305418927,0.9935018395265199,0.4372044431871594,0.5216440241160513
wired,talia,wired_Talia_13,1,teenager,0,22,expert,1.1415009065914283,1.0914253422790305,0.9561318225643098,0.46721519099903625,0.5099304997540858
wired,talia,wired_Talia_13,1,teenager,0,23,partner,1.042926851571664,0.8591278032529313,0.8237661174006823,0.4328558437812078,0.371878490192943
wired,talia,wired_Talia_13,1,teenager,0,24,expert,1.0906988616058104,0.9774036607755927,0.8961260483353655,0.5556734475132238,0.5431172617952191
wired,talia,wired_Talia_13,1,teenager,0,25,partner,1.0112242872975972,0.9218468262841446,0.911614602084749,0.3991040863297572,0.3679128353401199
wired,talia,wired_Talia_13,1,teenager,0,26,expert,1.111616044957489,0.9917973167945171,0.8922121278229244,0.6034759444958677,0.5985258225010386
wired,talia,wired_Talia_13,1,teenager,0,27,partner,1.06746469671753,1.0562144755158416,0.9894608025564943,0.22768637291849103,0.24048564295420832
wired,talia,wired_Talia_13,1,teenager,0,28,expert,0.9790126982065297,0.9112423946800752,0.9307768901756485,0.2509905092380192,0.22871319268002413
wired,talia,wired_Talia_13,1,teenager,0,29,partner,1.164315481675067,1.1471658154423932,0.9852706019085253,0.35266258139666795,0.40456245776392796
wired,talia,wired_Talia_13,1,teenager,0,30,expert,0.9669890847486386,0.9636707776880222,0.9965684131145333,0.5711965767005927,0.5504454492817962
wired,talia,wired_Talia_13,1,teenager,0,31,partner,0.9794806326796094,0.9780839813605103,0.998574089906937,0.4297869750831202,0.4203677557261887
wired,talia,wired_Talia_13,1,teenager,0,32,expert,0.946941497216347,0.9227206984918512,0.9744220748624173,0.35506048774573756,0.32762166125960435
wired,talia,wired_Talia_13,1,teenager,0,33,partner,1.067164487248945,1.0210480433132376,0.9567860020758858,0.22089119743792912,0.22554052492911558
wired,talia,wired_Talia_13,1,teenager,0,34,expert,0.9435219564353662,0.7820592191022404,0.8288723052678475,0.35339419023271673,0.27637518444866704
wired,talia,wired_Talia_13,1,teenager,0,35,partner,1.160659985790084,1.140838665422007,0.9829223712269471,0.37935042801583385,0.43277763602485103
wired,talia,wired_Talia_13,1,teenager,0,36,expert,1.1783090976560888,1.1558737317427121,0.9809596938876339,0.6593171066092557,0.7620873244182479
wired,talia,wired_Talia_13,1,teenager,0,37,partner,1.1758908651319633,1.167471159911973,0.9928397222304823,0.3341161715080036,0.39007099429579667
wired,talia,wired_Talia_14,2,undergraduate,0,4,expert,1.1615991623730124,1.1341255713975096,0.9763484755616094,0.6785307026209606,0.7695390208207505
wired,talia,wired_Talia_14,2,undergraduate,1,11,partner,1.1701844492880729,1.1488091432959227,0.9817333874107312,0.4403679859577441,0.5058987686830669
wired,talia,wired_Talia_14,2,undergraduate,1,12,expert,1.0399253007997318,1.018928432074044,0.9798092529237239,0.5762216610472448,0.5871286336179704
wired,talia,wired_Talia_14,2,undergraduate,1,13,partner,1.3442671683415683,1.3317034717801877,0.9906538693659599,0.37124054519295524,0.49438232289902817
wired,talia,wired_Talia_14,2,undergraduate,1,14,expert,0.9979773495548715,0.9545107249545591,0.9564452794237702,0.545467107925714,0.52065420462504
wired,talia,wired_Talia_14,2,undergraduate,1,15,partner,1.3203659074763867,1.2257349159394746,0.928329722085366,0.3794042189853196,0.46504899846505277
wired,talia,wired_Talia_14,2,undergraduate,1,16,expert,1.2402242927865716,1.2401005601147408,0.999900233632295,0.5267812846432752,0.6532617661440883
wired,talia,wired_Talia_14,2,undergraduate,1,17,partner,1.1216874994701613,1.113205632255107,0.9924382974580234,0.3954245928917001,0.4401888839392233
wired,talia,wired_Talia_14,2,undergraduate,2,24,expert,0.8934980100002747,0.8649939829851271,0.9680983878004307,0.39126055203414783,0.3384380232889771
wired,talia,wired_Talia_14,2,undergraduate,2,25,partner,1.284464088651859,1.247565754891362,0.9712733628853758,0.31450249954734055,0.3923625482629981
wired,talia,wired_Talia_14,2,undergraduate,2,26,expert,0.9597043861970118,0.9200982560730788,0.9587309064181341,0.3509352807966667,0.32289493985552925
wired,talia,wired_Talia_15,3,graduate,0,4,partner,1.3365020264469896,1.3303586221218258,0.9954033707360017,0.2551049225385252,0.3393810332448475
wired,talia,wired_Talia_15,3,graduate,0,5,expert,1.0017327075398088,0.9734459124533043,0.9717621328777943,0.6405924315231014,0.6235820840146863
wired,talia,wired_Talia_15,3,graduate,1,12,partner,1.1938444431504902,1.143748799171995,0.958038382415004,0.35148167825671195,0.4020067474370718
wired,talia,wired_Talia_15,3,graduate,1,13,expert,0.9346708124991983,0.9225640589417342,0.9870470400952406,0.40089278931185546,0.36984927890801883
wired,talia,wired_Talia_15,3,graduate,1,14,partner,1.112016844579328,1.0011781230455201,0.9003264005621803,0.3898554303007685,0.390314727967627
wired,talia,wired_Talia_15,3,graduate,1,15,expert,1.06921305404358,1.006156421256565,0.9410251936697867,0.6523627716104363,0.6563789916445705
wired,talia,wired_Talia_15,3,graduate,1,16,partner,1.2903722967834725,1.2742548546926575,0.9875094636393088,0.2667923650308544,0.33996146633550184
wired,talia,wired_Talia_15,3,graduate,2,23,expert,0.9538749342756744,0.924746556320165,0.9694631057911198,0.5177557990579446,0.4787928921936296
wired,talia,wired_Talia_16,4,expert,0,4,partner,0.8626508946966428,0.8254013211014597,0.9568196430037449,0.46018982968070465,0.37984129337590933
wired,talia,wired_Talia_16,4,expert,0,5,expert,1.0802679827522939,1.079529035576897,0.9993159593839728,0.3489911458286239,0.3767460750812506
wired,talia,wired_Talia_16,4,expert,0,6,partner,0.6267192800663252,0.6123208827393958,0.9770257629119331,0.45154727315375265,0.2764918248960729
wired,talia,wired_Talia_16,4,expert,0,7,expert,0.7482864996342202,0.748088979315271,0.9997360365046737,0.4239953582604924,0.3171862547955044
wired,talia,wired_Talia_16,4,expert,0,8,partner,1.240829453906355,1.2394601148441147,0.9988964324960788,0.31054233185297586,0.38490483430244865
wired,talia,wired_Talia_16,4,expert,0,9,expert,0.8766160153665823,0.8708553563005691,0.9934285263262073,0.5351403766335084,0.4660298633639947
wired,talia,wired_Talia_16,4,expert,0,10,partner,1.0633911017536863,1.0281608843068533,0.9668699339408612,0.3365459656249572,0.34602339762685985
wired,talia,wired_Talia_16,4,expert,0,11,expert,0.8133427631431238,0.8130022288748301,0.9995813151788832,0.4399323070964691,0.3576659462234756
wired,talia,wired_Talia_16,4,expert,0,12,partner,0.8798826564701648,0.8457085108910664,0.9611605646176089,0.13867255916500432,0.11727656351288909
wired,talia,wired_Talia_16,4,expert,0,13,expert,0.8104794144635887,0.7361577640646454,0.9082991510042967,0.4742356972814912,0.34911229055038057
wired,talia,wired_Talia_16,4,expert,0,14,partner,0.7673123337466909,0.7467946813805648,0.9732603641767177,0.3058354407219107,0.22839628050880392
wired,astro,wired_astro_12,0,child,0,4,partner,1.1913096529681035,1.1397005362361377,0.9566786715743129,0.525412350776935,0.5988127379255626
wired,astro,wired_astro_12,0,child,0,5,expert,1.098632978099624,1.0083426667538433,0.9178157645487035,0.7704671308838147,0.7768948814015681
wired,astro,wired_astro_12,0,child,0,6,partner,1.2588428233419648,1.2580779230568728,0.9993923782446001,0.40021649584505026,0.5035035378658405
wired,astro,wired_astro_12,0,child,1,13,expert,0.8327975085940217,0.8206271889587851,0.9853862199266559,0.3578043100030273,0.293623945115122
wired,astro,wired_astro_12,0,child,1,14,partner,0.9862431333377241,0.9712269368581324,0.9847743462306731,0.5210118793444396,0.506020771642399
wired,astro,wired_astro_12,0,child,1,15,expert,0.988721222055176,0.9697678191907186,0.9808303873299683,0.5326067364535659,0.5165048732968605
wired,astro,wired_astro_12,0,child,1,16,partner,1.2504501397943533,1.2257555638469464,0.9802514509275448,0.22022491438539166,0.26994191410561125
wired,astro,wired_astro_12,0,child,1,17,expert,0.6819927917964504,0.6622744333556613,0.97108714537903,0.4522528986693306,0.29951553219968624
wired,astro,wired_astro_12,0,child,1,18,partner,0.9368561988013462,0.8984053948651873,0.9589576244611356,0.41038090261129667,0.36868841685563397
wired,astro,wired_astro_12,0,child,1,19,expert,0.8650692410576473,0.8635008203576909,0.9981869420082062,0.45572627053302855,0.3935200084638211
wired,astro,wired_astro_12,0,child,1,20,partner,0.8870427014506329,0.8545293844723629,0.9633463902853128,0.2753664360347411,0.2353087110891156
wired,astro,wired_astro_13,1,teenager,0,4,expert,1.0677189998826657,1.0316637546234102,0.9662315222786294,0.5847099265545597,0.6032240381948555
wired,astro,wired_astro_13,1,teenager,0,5,partner,0.8184551328569902,0.8008394892106624,0.978476958674796,0.38375677255844665,0.3073275777168388
wired,astro,wired_astro_13,1,teenager,0,6,expert,1.0914680203267257,1.019629674884882,0.934181905374311,0.40733245123945655,0.4153282548273492
wired,astro,wired_astro_13,1,teenager,0,7,partner,1.2415904242119769,1.1976929473679052,0.9646441564069749,0.25660569655742194,0.30733483302125303
wired,astro,wired_astro_13,1,teenager,0,8,expert,0.9237193263523108,0.8658768315055845,0.9373808762061103,0.30430467498252006,0.26349036778620116
wired,astro,wired_astro_13,1,teenager,0,9,partner,1.2240154370375753,1.2067327694762644,0.9858803516366385,0.3164969754644087,0.3819272717330272
wired,astro,wired_astro_13,1,teenager,0,10,expert,0.8414324758686866,0.8258010228759668,0.9814228076025192,0.38709562152030286,0.3196639602022742
wired,astro,wired_astro_14,2,undergraduate,0,4,partner,1.2295624906343336,1.0790080604386618,0.8775544705183076,0.659562683526822,0.7116734518899952
wired,astro,wired_astro_14,2,undergraduate,0,5,expert,0.9419425546326632,0.7864273828633447,0.8348995158937257,0.4144927226209565,0.3259684270667011
wired,astro,wired_astro_14,2,undergraduate,0,6,partner,1.1874965347591748,1.1541473536784557,0.9719163971384098,0.3471987773845764,0.4007185501188041
wired,astro,wired_astro_14,2,undergraduate,0,7,expert,0.8051883361990285,0.8016312806690814,0.9955823310261371,0.5115684332970492,0.41008925833378906
wired,astro,wired_astro_14,2,undergraduate,0,8,partner,1.0701710388047114,1.0529471148905665,0.9839054475494248,0.36532844761585925,0.38467153490456846
wired,astro,wired_astro_14,2,undergraduate,0,9,expert,0.7220067936696475,0.7063186380443858,0.9782714570502808,0.7527552999030339,0.5316850982082041
wired,astro,wired_astro_14,2,undergraduate,0,10,partner,0.7808591450319521,0.7708194873843505,0.9871428058280883,0.3780254575102475,0.29138938937628356
wired,astro,wired_astro_14,2,undergraduate,0,11,expert,0.6017726276015956,0.5937087395700568,0.9865997759574666,0.29067918823855643,0.17257877446836062
wired,astro,wired_astro_14,2,undergraduate,0,12,partner,0.9503621653577714,0.9175213782463447,0.9654439241065232,0.3266175584577931,0.2996785923956504
wired,astro,wired_astro_14,2,undergraduate,0,13,expert,0.7468739531738956,0.7213425266001324,0.9658156152504297,0.3004603590187257,0.21673483451775047
wired,astro,wired_astro_14,2,undergraduate,0,14,partner,0.628061259822145,0.6209980459770891,0.9887539412189746,0.45235905343085636,0.28091408826060743
wired,astro,wired_astro_15,3,graduate,0,4,partner,1.272809882917255,1.2648745597864832,0.9937655079220645,0.4058276429739227,0.5133210612558265
wired,astro,wired_astro_15,3,graduate,0,5,expert,1.033682188918731,0.9964653582827071,0.9639958673604329,0.4706434767230239,0.46897992065622696
wired,astro,wired_astro_15,3,graduate,0,6,partner,0.8884588110192875,0.8641417595408496,0.9726300744865002,0.7032033761770868,0.6076674028047337
wired,astro,wired_astro_15,3,graduate,0,7,expert,0.909628402606841,0.9090381747893694,0.9993511330376456,0.59193684544187,0.5380931895710546
wired,astro,wired_astro_15,3,graduate,0,8,partner,0.9740739138190144,0.9543570043302727,0.9797583025168818,0.21090147940153028,0.20127530409046715
wired,astro,wired_astro_15,3,graduate,0,9,expert,0.7885983470704018,0.7531052500330999,0.9549921741909406,0.47375079253366964,0.3567842090644485
wired,astro,wired_astro_15,3,graduate,1,16,partner,1.0727189853064574,1.059248576403507,0.9874427421454746,0.4656901896695077,0.49328167045250515
wired,astro,wired_astro_15,3,graduate,1,17,expert,1.0565192222471622,1.0137395854203095,0.9595088892591824,0.14542710261953226,0.14742521071840145
wired,astro,wired_astro_15,3,graduate,1,18,partner,0.9902627389882149,0.9514399513130204,0.960795467558618,0.7079762317454212,0.6735968714626392
wired,astro,wired_astro_15,3,graduate,1,19,expert,1.0025212436519377,0.9544501477898585,0.9520497982786676,0.5133716669908492,0.48998766343054206
wired,astro,wired_astro_15,3,graduate,1,20,partner,1.0398843573982022,1.0263441137622689,0.986979087106572,0.36010877927890755,0.3695955259270229
wired,astro,wired_astro_15,3,graduate,1,21,expert,1.021104227236806,1.0019549034839776,0.9812464553147239,0.41097143441397854,0.41177484390292973
wired,astro,wired_astro_15,3,graduate,1,22,partner,0.9049185705069337,0.898571562518705,0.9929861004115916,0.39064725506304676,0.351024514375645
wired,astro,wired_astro_15,3,graduate,1,23,expert,0.9842841467198667,0.9673566587109208,0.9828022344296211,0.638735901446728,0.6178854274222148
wired,astro,wired_astro_15,3,graduate,1,24,partner,0.9478981202290351,0.9339891722617406,0.9853265370281364,0.48426086277614616,0.45229440238304913
wired,astro,wired_astro_15,3,graduate,1,25,expert,1.06632216770017,1.027756519760879,0.9638330242881166,0.44215152125596546,0.4544241086930093
wired,astro,wired_astro_15,3,graduate,1,26,partner,1.218320566223524,1.2132913517105797,0.9958720104926657,0.1892047258137443,0.22956045753258744
wired,astro,wired_astro_16,4,expert,0,4,expert,0.9000335200814662,0.8929409071783817,0.9921196124968383,0.5054739399465757,0.4513583584909262
wired,astro,wired_astro_16,4,expert,0,5,partner,0.9117086620144841,0.8740763219748768,0.958723283425415,0.34699008148493987,0.30329581418611906
wired,astro,wired_astro_16,4,expert,0,6,expert,0.7586951478393654,0.7545859842049464,0.9945839067942956,0.29678850120303985,0.22395244328100675
wired,astro,wired_astro_16,4,expert,0,7,partner,0.8364041015589235,0.8268826393330829,0.9886161937643745,0.1966104089699869,0.16257373388945962
wired,astro,wired_astro_16,4,expert,0,8,expert,0.8350746805026087,0.8138670921047002,0.9746039619041991,0.5109507161594564,0.41584597356951086
wired,astro,wired_astro_16,4,expert,0,9,partner,0.8689067245672051,0.8094474106619368,0.9315699692210162,0.3117630697272207,0.2523558095307156
wired,astro,wired_astro_16,4,expert,0,10,expert,0.8748047760969222,0.8693436274000133,0.9937572943734162,0.2412261633946156,0.20970842790926342
wired,astro,wired_astro_16,4,expert,0,11,partner,0.7362854929842865,0.7151008516282539,0.9712276806227175,0.7195363111981221,0.5145410289152295
wired,blockchain,wired_blockchain_12,0,child,0,4,expert,0.976796455634156,0.8959471403181894,0.9172301303403126,0.5275528368953993,0.4726594555831813
wired,blockchain,wired_blockchain_12,0,child,0,5,partner,1.0619029831686522,1.0322585543185236,0.9720836749486816,0.4629759437015458,0.4779108783296119
wired,blockchain,wired_blockchain_12,0,child,0,6,expert,0.9444647201196437,0.9298575563042069,0.9845339232845343,0.24936305662667718,0.2318721224674296
wired,blockchain,wired_blockchain_13,1,teenager,0,4,expert,0.956934204812939,0.9460067448283014,0.9885807614246976,0.38547704393158755,0.36466388353575724
wired,blockchain,wired_blockchain_13,1,teenager,0,5,partner,1.1875253380302007,1.1806802967171692,0.9942358776736673,0.34941570265023103,0.41254823548271297
wired,blockchain,wired_blockchain_13,1,teenager,0,6,expert,1.0380125827725741,1.0043753530633217,0.9675945838533347,0.36381590339220304,0.3654077264195953
wired,blockchain,wired_blockchain_13,1,teenager,0,7,partner,1.1412128480595969,1.0477423359915328,0.9180954611333809,0.37339780779456666,0.39122469139279664
wired,blockchain,wired_blockchain_13,1,teenager,0,8,expert,1.1356690398877103,1.0833764395268182,0.9539543665229999,0.3761977815402167,0.4075638131229277
wired,blockchain,wired_blockchain_13,1,teenager,0,9,partner,1.1649607177800112,1.1570994376486632,0.993251892521044,0.5206542458916354,0.6024487351306002
wired,blockchain,wired_blockchain_13,1,teenager,0,10,expert,1.052048494550384,1.0510411795543406,0.9990425203759518,0.5100927764733667,0.536128513466716
wired,blockchain,wired_blockchain_13,1,teenager,0,11,partner,1.1803657549177928,1.1757695113803295,0.9961060853220198,0.319101903061632,0.37519028864330833
wired,blockchain,wired_blockchain_13,1,teenager,0,12,expert,0.9108781026043818,0.889097778202619,0.9760886507860222,0.5574864608117641,0.4956599736857809
wired,blockchain,wired_blockchain_13,1,teenager,0,13,partner,0.9128163374751437,0.9020597163395093,0.9882160072130441,0.3882119005177196,0.35019031686063595
wired,blockchain,wired_blockchain_13,1,teenager,0,14,expert,1.137381500312749,1.1359009468312367,0.9986982789133602,0.3482676243146522,0.39559752420967886
wired,blockchain,wired_blockchain_13,1,teenager,0,15,partner,1.0429867008444542,1.0258807772958256,0.9835990971545826,0.5737906824111365,0.5886408312770389
wired,blockchain,wired_blockchain_13,1,teenager,0,16,expert,0.9711722975153645,0.9478021536046971,0.9759361505971359,0.11050170222157964,0.10473375134259812
wired,blockchain,wired_blockchain_14,2,undergraduate,0,4,expert,0.7291464212739142,0.7220544690444375,0.9902736240300318,0.36741216063418813,0.26529159256718826
wired,blockchain,wired_blockchain_15,3,graduate,0,4,expert,1.0701183847513407,1.044647638201858,0.9761981974018906,0.3842092584020872,0.4013632943650277
wired,blockchain,wired_blockchain_15,3,graduate,0,5,partner,1.1147858804738435,1.1141741286044535,0.9994512382322877,0.20102781214573057,0.22397998742272912
wired,blockchain,wired_blockchain_15,3,graduate,0,6,expert,1.0378845916957427,1.0161637137487587,0.979071971853369,0.49764342059561545,0.5056871863950761
wired,blockchain,wired_blockchain_15,3,graduate,0,7,partner,0.9412039549267952,0.9336492903645918,0.9919734032951626,0.3999029435449677,0.3733690994554705
wired,blockchain,wired_blockchain_15,3,graduate,0,8,expert,0.9613037600358048,0.944044488407021,0.9820459751149596,0.1492488310340989,0.14089753633893182
wired,blockchain,wired_blockchain_15,3,graduate,0,9,partner,0.9220891672590102,0.6303947467256851,0.6836592046720431,0.7135545342426939,0.44982102988888717
wired,blockchain,wired_blockchain_15,3,graduate,0,10,expert,0.8546719823628955,0.8113037007410857,0.9492573963839792,0.4416592821586607,0.3583198100819728
wired,blockchain,wired_blockchain_16,4,expert,0,4,expert,0.9494313296977794,0.8877414741421845,0.9350244155349635,0.49150343253545115,0.4363279817449651
wired,blockchain,wired_blockchain_16,4,expert,0,5,partner,0.9466380161132595,0.9367481472037106,0.989552639190274,0.5041911323464163,0.47230010906204634
wired,blockchain,wired_blockchain_16,4,expert,0,6,expert,1.1106665975724646,1.0993629338497657,0.9898226310682299,0.3837269859332043,0.4218552250528553
wired,blockchain,wired_blockchain_16,4,expert,0,7,partner,0.9066230945655105,0.8738976254626757,0.9639039979237657,0.2524246421382015,0.22059329537283995
wired,blockchain,wired_blockchain_16,4,expert,0,8,expert,0.9973795026302092,0.9394417650513109,0.9419100378270744,0.4373230527327013,0.4108395405568364
wired,blockchain,wired_blockchain_16,4,expert,0,9,partner,0.7809103087171456,0.761870290846475,0.9756181757890677,0.48139776936324585,0.3667626585576204
wired,blockchain,wired_blockchain_16,4,expert,0,10,expert,0.6530882571197053,0.6526300266089287,0.9992983635721812,0.2976420151001354,0.1942501162347365
wired,blockchain,wired_blockchain_16,4,expert,0,11,partner,0.839377423396145,0.8176337222985476,0.9740954420591922,0.4138606978021165,0.33838646285701884
wired,blockchain,wired_blockchain_16,4,expert,0,12,expert,1.101108230515929,1.0927103990365399,0.9923732915188122,0.3089956769871006,0.3376427895011405
wired,blockchain,wired_blockchain_16,4,expert,0,13,partner,0.9337287962071734,0.9172974160870451,0.9824024061506346,0.4017633708085791,0.36853650192113097
wired,blockchain,wired_blockchain_16,4,expert,0,14,expert,1.0986168491491752,1.0948917594038836,0.9966092912654915,0.38190529333364476,0.41814495854373057
wired,crispr,wired_crispr_12,0,child,0,4,expert,1.1432486493771516,1.1297906107671554,0.9882282488430522,0.33637567628023735,0.3800340807518643
wired,crispr,wired_crispr_12,0,child,0,5,partner,0.9487978900703219,0.3566438665605623,0.37589023994746984,1.0,0.3566438665605623
wired,crispr,wired_crispr_12,0,child,0,6,expert,1.239796901730202,1.2006575887641449,0.9684308672554314,0.4660034934675865,0.5595106308224603
wired,crispr,wired_crispr_12,0,child,0,7,partner,1.2335648676322417,1.2137636175164301,0.9839479457980973,0.8453707841896332,1.0260803011607105
wired,crispr,wired_crispr_12,0,child,0,8,expert,0.9703651836012951,0.6920705963509433,0.7132063351466956,0.7257473771299296,0.5022684200904434
wired,crispr,wired_crispr_12,0,child,0,9,partner,0.9533532186042238,0.9158748472614038,0.9606878430654991,0.43082897948757015,0.39458542578396477
wired,crispr,wired_crispr_13,1,teenager,0,4,expert,0.7800033470689849,0.7505779792100313,0.9622753312912216,0.5724537934816246,0.4296712115025544
wired,crispr,wired_crispr_13,1,teenager,0,5,partner,0.9305252172622567,0.9150922603708594,0.9834147891899301,0.42228834816721383,0.3864327990526122
wired,crispr,wired_crispr_13,1,teenager,0,6,expert,1.178674995589951,1.176327985263047,0.9980087722767655,0.34474420506695735,0.4055322561775247
wired,crispr,wired_crispr_13,1,teenager,0,7,partner,1.1659016904551722,1.1560028017973563,0.9915096712357085,0.35926330148278673,0.4153093830970698
wired,crispr,wired_crispr_13,1,teenager,0,8,expert,0.868353737697422,0.8578452852090518,0.9878984196956152,0.35763399511684846,0.3067946365414655
wired,crispr,wired_crispr_14,2,undergraduate,0,4,expert,1.342450432585831,1.3374932352379723,0.9963073516693598,0.2728605854605811,0.36494918721659986
wired,crispr,wired_crispr_14,2,undergraduate,0,5,partner,1.0490212897782296,1.0155411898598774,0.9680844419026059,0.34573070725126576,0.35110377381304736
wired,crispr,wired_crispr_14,2,undergraduate,0,6,expert,0.6035309376709383,0.5864353354687989,0.9716740250813255,0.5160093686910407,0.3026061272333736
wired,crispr,wired_crispr_14,2,undergraduate,0,7,partner,1.1654634068365788,1.1278433311332081,0.9677209293027477,0.5363872283441211,0.6049607583929423
wired,crispr,wired_crispr_14,2,undergraduate,0,8,expert,0.8707218997276738,0.8487141476695764,0.9747247059411792,0.49213936092925137,0.41768563824571964
wired,crispr,wired_crispr_14,2,undergraduate,0,9,partner,1.1143338511290652,1.0651524495246194,0.9558647513439799,0.4376276249861014,0.46614013673358745
wired,crispr,wired_crispr_14,2,undergraduate,0,10,expert,1.2246328905119475,1.2130977735450132,0.9905807552146483,0.5953677855912712,0.722239335141196
wired,crispr,wired_crispr_14,2,undergraduate,0,11,partner,1.007759494580991,0.8057807424740715,0.7995764334706682,0.4676176237402134,0.37679727605135016
wired,crispr,wired_crispr_15,3,graduate,0,4,expert,1.1085240141789312,0.9686629028392052,0.8738312300395286,0.36207287089289353,0.350726558158435
wired,crispr,wired_crispr_15,3,graduate,0,5,partner,0.8788450171331729,0.8606259134048734,0.9792692643479847,0.5299003740941656,0.4560459934683753
wired,crispr,wired_crispr_15,3,graduate,0,6,expert,1.134944881574668,1.1179048326302576,0.9849860119006365,0.2877961670230135,0.32172872592749163
wired,crispr,wired_crispr_15,3,graduate,0,7,partner,0.9926834585445767,0.989946006965361,0.9972423721210923,0.3198684169252348,0.3166524620894675
wired,crispr,wired_crispr_15,3,graduate,0,8,expert,0.992941521956863,0.9880851243948837,0.9951090799854925,0.6761891958891822,0.668132485734639
wired,crispr,wired_crispr_15,3,graduate,0,9,partner,0.954284455425757,0.9352501204694875,0.9800538143013581,0.39244820077250986,0.3670372270505235
wired,crispr,wired_crispr_16,4,expert,0,4,expert,0.7792779092375428,0.7585953731999425,0.9734593579602303,0.5628806095354892,0.4269986260575856
wired,crispr,wired_crispr_16,4,expert,0,5,partner,1.1278716361118337,1.1111507452431193,0.9851748281148887,0.46749274891463055,0.5194549163522462
wired,crispr,wired_crispr_16,4,expert,1,12,expert,0.9610257694709593,0.9460035983700577,0.9843686073994086,0.30173160017345624,0.28543917950604514
wired,crispr,wired_crispr_16,4,expert,1,13,partner,0.8465974527323953,0.8288629643912981,0.9790520414574387,0.45305836979778225,0.37552330343287876
wired,crispr,wired_crispr_16,4,expert,1,14,expert,0.9180800275503188,0.8986409595247767,0.9788263904635967,0.4413042061405492,0.396574035248463
wired,crispr,wired_crispr_16,4,expert,1,15,partner,0.6693560671191071,0.6374329956662201,0.9523077880040209,0.18946605126828375,0.12077191263699176
wired,crispr,wired_crispr_16,4,expert,1,16,expert,0.9273044753272845,0.9252951606167159,0.9978331661659917,0.4391410980928116,0.4063351328931891
wired,crispr,wired_crispr_16,4,expert,1,17,partner,0.90923399048551,0.8878629362888778,0.9764955397386793,0.2330998620403713,0.2069607279596964
wired,crispr,wired_crispr_16,4,expert,1,18,expert,1.0181336515550221,0.966564749197275,0.9493495748029406,0.4222255109608647,0.4081082951065795
wired,crispr,wired_crispr_16,4,expert,2,25,partner,0.6368990641375463,0.5894814255255437,0.9255492097839106,0.567272674321024,0.33439670472044475
wired,crispr,wired_crispr_16,4,expert,2,26,expert,0.7818987041634662,0.7489130259704322,0.9578133612214099,0.7402162016467579,0.5543575554476131
wired,crispr,wired_crispr_16,4,expert,2,27,partner,1.0760642599973018,1.0515168716973837,0.9771878044709366,0.5409834532748857,0.5688532284276556
wired,crispr,wired_crispr_16,4,expert,2,28,expert,1.1896036809674486,1.120448238827836,0.9418668223316915,0.2746794495567328,0.3077641054980407
wired,dimension,wired_dimension_12,0,child,0,4,expert,1.094660729019883,0.9758994595833702,0.891508605096541,0.42122552297233473,0.41107376023142395
wired,dimension,wired_dimension_12,0,child,1,11,partner,0.9095565215652632,0.8394429452825595,0.9229145472312511,0.48491459090812833,0.4070581324024067
wired,dimension,wired_dimension_12,0,child,2,18,expert,1.1923086843104638,1.1910752197157746,0.9989654821675633,0.3964774910723092,0.4722345147913097
wired,dimension,wired_dimension_12,0,child,2,19,partner,1.218246972723893,1.197497425322893,0.9829677004199002,0.38841017143927226,0.465120180267752
wired,dimension,wired_dimension_12,0,child,2,20,expert,1.050191722397137,1.0346516697155794,0.9852026517148015,0.31043427387671596,0.32119133980348763
wired,dimension,wired_dimension_12,0,child,2,21,partner,0.8952057083279064,0.8858445389178179,0.9895429962923683,0.6115817533061318,0.541766356268021
wired,dimension,wired_dimension_12,0,child,3,28,expert,1.0760058313035965,0.8224892659281607,0.7643910859952671,0.559298166334359,0.4600167382633133
wired,dimension,wired_dimension_12,0,child,3,29,partner,1.1773876408623862,1.0937474450932954,0.9289612079597191,0.2605118647861512,0.2849341865263429
wired,dimension,wired_dimension_12,0,child,3,30,expert,0.9557022927424874,0.912939990174125,0.9552556241686867,0.5827534725801893,0.5320189495312952
wired,dimension,wired_dimension_12,0,child,3,31,partner,1.1598162677441144,1.1536901397341375,0.9947180185505698,0.3814913622926803,0.44012282307080886
wired,dimension,wired_dimension_12,0,child,3,32,expert,0.9949434443981283,0.9404248171720632,0.945204295245153,0.5659226628550107,0.5322077167489506
wired,dimension,wired_dimension_12,0,child,3,33,partner,0.9827504565341935,0.9216291732435323,0.9378058968223209,0.4436686492826166,0.40889797043241266
wired,dimension,wired_dimension_12,0,child,3,34,expert,1.167864095388464,1.084378053128874,0.9285139062069129,0.2807681949267512,0.3044588685951787
wired,dimension,wired_dimension_12,0,child,3,35,partner,1.1232217318523812,1.0462238975942377,0.9314491234672849,0.30698189782342833,0.3211717976317032
wired,dimension,wired_dimension_12,0,child,3,36,expert,1.1259376092908882,1.114926795695858,0.990220760453188,0.2628229464519892,0.2930283455230604
wired,dimension,wired_dimension_12,0,child,3,37,partner,1.1015686436666987,1.0650145095641987,0.9668162902841967,0.20072551617750578,0.21377558716880696
wired,dimension,wired_dimension_12,0,child,3,38,expert,0.9439198279625659,0.9080194246058394,0.9619666816034802,0.4338673394371665,0.39395997191100235
wired,dimension,wired_dimension_12,0,child,3,39,partner,1.0906185950932608,1.0721807270163797,0.9830941190982649,0.3004318993762296,0.32211729229211766
wired,dimension,wired_dimension_12,0,child,3,40,expert,0.9197408010206075,0.917145268964074,0.9971779744307847,0.5254916991016716,0.48195222571099083
wired,dimension,wired_dimension_12,0,child,3,41,partner,1.0570309595912357,1.0326377826238158,0.9769229304524534,0.2857894314738154,0.2951169648144417
wired,dimension,wired_dimension_12,0,child,3,42,expert,1.1916817833129574,1.1876222303956834,0.9965934253798989,0.34090346786899245,0.404864536860196
wired,dimension,wired_dimension_12,0,child,3,43,partner,1.0631629486656107,1.0505187287116489,0.988106978360354,0.528649890381652,0.5553566107772856
wired,dimension,wired_dimension_12,0,child,3,44,expert,0.9503282518474568,0.8563821663901788,0.9011435414284,0.33049389623125647,0.2830290788332544
wired,dimension,wired_dimension_12,0,child,3,45,partner,0.9669736430026332,0.45597078781024813,0.47154417404170645,0.7279406337257813,0.3319196642390358
wired,dimension,wired_dimension_12,0,child,3,46,expert,0.872656836815029,0.7595601375287928,0.87039957229937,0.3415139476402105,0.2594003810375992
wired,dimension,wired_dimension_12,0,child,3,47,partner,0.8664954936864615,0.7769732449518587,0.8966846920869357,0.38659285431218693,0.300372304490141
wired,dimension,wired_dimension_12,0,child,3,48,expert,0.9255362285173379,0.8837207484946165,0.9548202666354157,0.5663541137039036,0.5004988812754189
wired,dimension,wired_dimension_12,0,child,3,49,partner,1.2146454399477289,1.1868060162472964,0.9770802056420616,0.24530205427197002,0.2911259538077948
wired,dimension,wired_dimension_13,1,teenager,0,4,expert,1.0961587581832868,1.092884541368928,0.9970130085711468,0.6866848276791122,0.7504672329630879
wired,dimension,wired_dimension_13,1,teenager,1,11,partner,0.759769887120408,0.47796163955111637,0.629087369284932,0.414660962889512,0.19819203368051577
wired,dimension,wired_dimension_13,1,teenager,1,12,expert,1.0821426162181254,0.9301971140392005,0.8595882835565574,0.24372084612350764,0.22670842769527885
wired,dimension,wired_dimension_13,1,teenager,1,13,partner,0.8428379358021963,0.8186058331520445,0.9712493925323147,0.2966234366005792,0.2428176754508398
wired,dimension,wired_dimension_13,1,teenager,1,14,expert,0.9006578426027715,0.7437938330787107,0.825833960351056,0.23860630254883636,0.17747389636953753
wired,dimension,wired_dimension_13,1,teenager,1,15,partner,0.8196143645314553,0.7792981705988937,0.9508107767772472,0.3035973166291842,0.23659283344785637
wired,dimension,wired_dimension_13,1,teenager,1,16,expert,0.9065168370645978,0.8260559500486611,0.9112417070184937,0.6663191198317405,0.550416873568196
wired,dimension,wired_dimension_13,1,teenager,1,17,partner,1.242981852392409,1.2418495485980268,0.9990890423756372,0.33869878423259003,0.4206129323099424
wired,dimension,wired_dimension_13,1,teenager,1,18,expert,1.041690074224601,1.040651303923463,0.9990028029182191,0.27056881006059597,0.281567784990579
wired,dimension,wired_dimension_13,1,teenager,1,19,partner,1.2381702218084105,1.1859589877724415,0.9578319417497622,0.30417038797320134,0.36073360543104865
wired,dimension,wired_dimension_13,1,teenager,1,20,expert,0.9577975527999796,0.9447083198966835,0.9863340297059457,0.3399373376270478,0.3211416310998
wired,dimension,wired_dimension_13,1,teenager,1,21,partner,1.0335490015067954,1.0191863107283636,0.9861035221760374,0.3090423230593556,0.3149717050977877
wired,dimension,wired_dimension_13,1,teenager,1,22,expert,1.1049211537642396,0.9618070602114687,0.8704757411276984,0.3190668057467829,0.306880706446377
wired,dimension,wired_dimension_13,1,teenager,1,23,partner,0.8579231242480216,0.7614064680292341,0.8874996447912825,0.25368471729581216,0.1931571845891991
wired,dimension,wired_dimension_13,1,teenager,1,24,expert,1.066094728200823,0.8772379280542698,0.8228517643398376,0.49693258926842004,0.43592811499247225
wired,dimension,wired_dimension_13,1,teenager,1,25,partner,1.143280714220801,1.1369311027970954,0.9944461483993214,0.4633771440536715,0.5268278873999093
wired,dimension,wired_dimension_13,1,teenager,1,26,expert,0.8988199547593202,0.8136720923952518,0.905267053858663,0.38936816970189414,0.3168180133534497
wired,dimension,wired_dimension_13,1,teenager,1,27,partner,1.1759688092670348,1.1738073492862764,0.9981619750755941,0.2791896739335383,0.3277148911080264
wired,dimension,wired_dimension_13,1,teenager,1,28,expert,1.145067438031871,1.058305659631237,0.9242299837373041,0.4737985719444319,0.5014237102139901
wired,dimension,wired_dimension_13,1,teenager,1,29,partner,1.0149795346163821,0.9830283751357464,0.9685203904198123,0.3682944264249623,0.3620438715800824
wired,dimension,wired_dimension_13,1,teenager,1,30,expert,1.1273438619923273,0.9205127766381861,0.8165323888051067,0.33471399714352434,0.3081085108902515
wired,dimension,wired_dimension_13,1,teenager,1,31,partner,0.901651871922075,0.7632308470746452,0.8464806327599581,0.7792253062114393,0.5947287905217565
wired,dimension,wired_dimension_13,1,teenager,2,38,expert,1.179317569837266,1.1613356329954223,0.9847522522323569,0.2866912569303765,0.33294477234149206
wired,dimension,wired_dimension_13,1,teenager,2,39,partner,0.9518459803984124,0.8890183463417755,0.9339939072587423,0.5403346372899096,0.48036740571465847
wired,dimension,wired_dimension_13,1,teenager,2,40,expert,1.0247470412393342,1.0164119770002387,0.9918662226826173,0.21792754855421076,0.22150417046880086
wired,dimension,wired_dimension_13,1,teenager,2,41,partner,1.0064569685197542,0.8508417499765103,0.8453831376686076,0.5876476310821575,0.4999951387994936
wired,dimension,wired_dimension_13,1,teenager,2,42,expert,1.0563428224189084,1.0272213535686472,0.9724318012739948,0.1454704915100089,0.14943039519320775
wired,dimension,wired_dimension_13,1,teenager,2,43,partner,0.9341764860887609,0.4643829410090284,0.4971040782163381,0.9100042468222014,0.42259044846999966
wired,dimension,wired_dimension_13,1,teenager,2,44,expert,1.1662483130240786,1.1441452294174677,0.9810477036830357,0.26243858488180843,0.3002678549075923
wired,dimension,wired_dimension_13,1,teenager,2,45,partner,0.9326113390235301,0.8608433054725201,0.923046149506314,0.7626161754924825,0.6564930293177601
wired,dimension,wired_dimension_13,1,teenager,2,46,expert,1.1372508840921358,1.131679142982167,0.995100693093405,0.2241460242321261,0.2536613806058725
wired,dimension,wired_dimension_13,1,teenager,2,47,partner,0.7651863794788871,0.6128644297022444,0.80093483906342,0.19447718466437686,0.1191881488694314
wired,dimension,wired_dimension_13,1,teenager,2,48,expert,1.1298885219981414,1.0742605371573495,0.9507668378262947,0.33797330831232963,0.36307138773244974
wired,dimension,wired_dimension_13,1,teenager,2,49,partner,0.7883631226197397,0.77863411535582,0.9876592308978408,0.38978556137021914,0.30350033575597224
wired,dimension,wired_dimension_13,1,teenager,2,50,expert,1.2896732487288964,1.2801582872977495,0.9926221921393519,0.3096987137193086,0.39646337493322614
wired,dimension,wired_dimension_13,1,teenager,2,51,partner,0.8348987491025377,0.7154859477671353,0.8569733138723462,0.5222074294508208,0.3736320775916599
wired,dimension,wired_dimension_14,2,undergraduate,0,4,expert,0.8750195404107755,0.8406886586974663,0.9607655827912673,0.40601413342904513,0.3413314772446781
wired,dimension,wired_dimension_14,2,undergraduate,0,5,partner,1.256503437993216,1.235434671799375,0.983232225589073,0.49725924471493654,0.6143313117936027
wired,dimension,wired_dimension_14,2,undergraduate,0,6,expert,1.0462058154955314,1.0370049872674838,0.9912055275427035,0.47476452307377187,0.4923331782051698
wired,dimension,wired_dimension_14,2,undergraduate,0,7,partner,1.196400378196132,1.068108261375816,0.8927682411680269,0.20171554912883444,0.21545404447246733
wired,dimension,wired_dimension_14,2,undergraduate,0,8,expert,1.1006984544999114,0.9561959259156152,0.8687174239280476,0.5265080579174333,0.5034448599423924
wired,dimension,wired_dimension_14,2,undergraduate,0,9,partner,0.9740726184233065,0.9606845913089,0.9862556170226164,0.3748055132565947,0.3600698813232342
wired,dimension,wired_dimension_14,2,undergraduate,0,10,expert,1.0689253084064394,1.0673349435414818,0.9985121833551428,0.29058370269666245,0.31015013991181695
wired,dimension,wired_dimension_14,2,undergraduate,0,11,partner,1.0927871542641248,0.9539986634311383,0.8729958617354733,0.38185330386395516,0.36428754151297754
wired,dimension,wired_dimension_14,2,undergraduate,0,12,expert,0.9699767733923079,0.9051138811393257,0.9331294377007917,0.3641255027006669,0.32957504697120865
wired,dimension,wired_dimension_14,2,undergraduate,0,13,partner,1.1602258339299831,1.1103957084167921,0.9570513566782419,0.2689294428295936,0.2986180991848998
wired,dimension,wired_dimension_14,2,undergraduate,0,14,expert,0.9194224139918658,0.7971257566490331,0.8669853426645072,0.4070477239009791,0.3244682249068347
wired,dimension,wired_dimension_14,2,undergraduate,0,15,partner,1.0492242205094642,0.9280816806731819,0.8845408469713513,0.43186554382349074,0.400806499736543
wired,dimension,wired_dimension_14,2,undergraduate,0,16,expert,0.6958458319380642,0.6390248177085136,0.9183425241303645,0.5386051477264236,0.3441820563427449
wired,dimension,wired_dimension_14,2,undergraduate,0,17,partner,1.1584956381839293,1.120469197963716,0.9671760177873512,0.2109313529929307,0.23634208391339054
wired,dimension,wired_dimension_14,2,undergraduate,0,18,expert,0.7888146746671093,0.7424761039294242,0.9412554403121597,0.43725832983635526,0.32465386114758416
wired,dimension,wired_dimension_14,2,undergraduate,0,19,partner,0.9271348069468818,0.37229430656507395,0.40155358613993036,0.72632248421809,0.2704057256045957
wired,dimension,wired_dimension_14,2,undergraduate,0,20,expert,0.9129163090546085,0.8159129969444373,0.8937434777438482,0.3962791518496205,0.3233293104122236
wired,dimension,wired_dimension_14,2,undergraduate,0,21,partner,0.9816501723817064,0.845037407137908,0.8608335544696074,0.6369321006798514,0.5382314508814026
wired,dimension,wired_dimension_14,2,undergraduate,1,28,expert,1.0380328515650241,1.022198250646082,0.9847455686050269,0.4369362930028418,0.44663551435128884
wired,dimension,wired_dimension_14,2,undergraduate,1,29,partner,1.1672319834708476,1.1409363216565882,0.9774717775150019,0.2923982025331599,0.33360772965718155
wired,dimension,wired_dimension_14,2,undergraduate,1,30,expert,1.0294249034266658,1.0278075701122154,0.9984288962603631,0.17881645980488875,0.18378891104813133
wired,dimension,wired_dimension_14,2,undergraduate,1,31,partner,1.0498068946846166,0.6480992704712305,0.6173509373505451,0.9275385217482993,0.6011370392790364
wired,dimension,wired_dimension_14,2,undergraduate,2,38,expert,0.9391034568334197,0.7728992577270273,0.8230182224356384,0.42978650084226516,0.3321816674820831
wired,dimension,wired_dimension_14,2,undergraduate,2,39,partner,1.0194213087800923,0.4174269843166947,0.40947445449792125,0.9288309790058942,0.3877191145063536
wired,dimension,wired_dimension_14,2,undergraduate,2,40,expert,0.9902793634390775,0.8618903228757694,0.8703506855698735,0.5386170464559269,0.4642288200762921
wired,dimension,wired_dimension_14,2,undergraduate,2,41,partner,0.9820066886680187,0.9606192964804838,0.9782207265639681,0.4944728994560288,0.4750002088041154
wired,dimension,wired_dimension_14,2,undergraduate,2,42,expert,0.9059642894204581,0.9037963833897711,0.9976070734166891,0.6122552820243331,0.5533541096048766
wired,dimension,wired_dimension_14,2,undergraduate,2,43,partner,1.2888748872065514,1.2845449803726752,0.9966405530297379,0.4638698180354841,0.5958616463038673
wired,dimension,wired_dimension_15,3,graduate,0,4,expert,0.8854486836913839,0.8020294930932513,0.9057887914506026,0.5833374174533499,0.4678538132224366
wired,dimension,wired_dimension_15,3,graduate,0,5,partner,1.199098053409498,1.180949915269627,0.9848651758801095,0.4181691548721619,0.4938368280146511
wired,dimension,wired_dimension_15,3,graduate,0,6,expert,1.283039477148627,1.2364554258984475,0.9636924256183684,0.4278894660965621,0.529066252039884
wired,dimension,wired_dimension_15,3,graduate,0,7,partner,0.9427918466553082,0.9123981722357128,0.9677620521132113,0.3585755694932008,0.32716369421397623
wired,dimension,wired_dimension_15,3,graduate,0,8,expert,1.2886699392518588,1.176293867629401,0.9127968549583683,0.25629986162499774,0.3014839555037489
wired,dimension,wired_dimension_15,3,graduate,0,9,partner,1.0987779290875994,1.0940082164595002,0.9956590749569791,0.45362606166717356,0.4962706386640518
wired,dimension,wired_dimension_15,3,graduate,0,10,expert,0.8677147027370232,0.8546604023013563,0.9849555385019122,0.41959564021076157,0.35861177866642463
wired,dimension,wired_dimension_15,3,graduate,0,11,partner,1.018771916337772,1.0168262210021968,0.9980901560934584,0.27120594255732217,0.27576931368390073
wired,dimension,wired_dimension_15,3,graduate,0,12,expert,1.182406681790758,1.0951298412711064,0.9261871216860879,0.2994607344735161,0.32794838661091064
wired,dimension,wired_dimension_15,3,graduate,0,13,partner,1.2062345026240975,1.2044338811614288,0.9985072376393229,0.2955574098518218,0.3559793582538488
wired,dimension,wired_dimension_15,3,graduate,0,14,expert,0.9807751868975523,0.9627649721268489,0.9816367552806305,0.28275646862692916,0.27222802363629167
wired,dimension,wired_dimension_15,3,graduate,0,15,partner,1.1892374732822208,1.1347148408740062,0.9541532842396147,0.25846604315309174,0.2932852550277945
wired,dimension,wired_dimension_15,3,graduate,0,16,expert,0.9357694203149624,0.8988754218009664,0.9605736223967025,0.5345893321793409,0.480529211453002
wired,dimension,wired_dimension_15,3,graduate,0,17,partner,0.8604460328709714,0.8498807709726433,0.9877211800674311,0.3365074107289619,0.28599117766833804
wired,dimension,wired_dimension_15,3,graduate,0,18,expert,0.7596411536741297,0.7570707347456347,0.9966162721476327,0.17026838647746262,0.1289052124544463
wired,dimension,wired_dimension_15,3,graduate,0,19,partner,1.0662234972686975,0.8604415107738632,0.8069992013655816,0.2919992871840762,0.2512483078095577
wired,dimension,wired_dimension_15,3,graduate,0,20,expert,0.6854127793621198,0.6401766020987545,0.9340015555204583,0.4286429902523951,0.27440721301322785
wired,dimension,wired_dimension_15,3,graduate,0,21,partner,1.1032977438958298,1.0818913422849998,0.9805978016992739,0.4396593970145183,0.47566369518425083
wired,dimension,wired_dimension_15,3,graduate,0,22,expert,1.2407299287056808,1.2103697081071805,0.9755303552392361,0.343301037111587,0.4155211760816439
wired,dimension,wired_dimension_15,3,graduate,0,23,partner,1.0810371386168012,1.0454203980577068,0.967053175799646,0.254959620581926,0.266539988037399
wired,dimension,wired_dimension_15,3,graduate,1,30,expert,0.7404471467264728,0.6744945705548732,0.9109287185937742,0.5782267129012448,0.3900107784016811
wired,dimension,wired_dimension_15,3,graduate,1,31,partner,1.3274548322115762,1.3248256008457842,0.9980193440085567,0.27374874286127016,0.3626693427419603
wired,dimension,wired_dimension_15,3,graduate,1,32,expert,0.9397728983283067,0.9375950222101308,0.9976825506214878,0.5390151633971372,0.5053779340969361
wired,dimension,wired_dimension_15,3,graduate,1,33,partner,0.8470732846600588,0.8328219864851285,0.9831758379894691,0.5377923462190479,0.4478852900946455
wired,dimension,wired_dimension_16,4,expert,0,4,expert,0.9721487933564809,0.8966471205003574,0.9223352707188315,0.42800400789285764,0.38376856123974307
wired,dimension,wired_dimension_16,4,expert,0,5,partner,1.230178157494686,1.152748164426391,0.9370579028756926,0.20421940447169745,0.23541354364499995
wired,dimension,wired_dimension_16,4,expert,0,6,expert,0.8905578208303315,0.8088679438757723,0.9082711138516508,0.47648841183012774,0.3854162019576677
wired,dimension,wired_dimension_16,4,expert,1,13,partner,1.1188178715327084,1.0759744163579312,0.961706497307693,0.5248335122839994,0.5647074320648594
wired,dimension,wired_dimension_16,4,expert,1,14,expert,0.8177686694729511,0.8090929600621334,0.9893909980466743,0.5908357663450121,0.47804105910266487
wired,dimension,wired_dimension_16,4,expert,1,15,partner,1.3061352098270287,1.2859610407361903,0.9845543026939036,0.39736673921233095,0.5109981455114354
wired,dimension,wired_dimension_16,4,expert,1,16,expert,1.251506247804857,1.2464745701628934,0.9959795025779653,0.336120764567597,0.41896598553721853
wired,dimension,wired_dimension_16,4,expert,1,17,partner,1.1798668239717969,1.1689648297090456,0.9907599789719973,0.571961538012087,0.6686029218824231
wired,dimension,wired_dimension_16,4,expert,2,24,expert,1.0712362851753576,1.0275093587948143,0.9591808763513414,0.5977496043338781,0.614193312668957
wired,dimension,wired_dimension_16,4,expert,2,25,partner,1.2890774723966287,1.283362190372902,0.995566378168027,0.42437520768405596,0.5446270960733652
wired,dimension,wired_dimension_16,4,expert,2,26,expert,1.191644469783215,1.1866761496157485,0.9958307026177311,0.6151482978519975,0.7299818135376901
wired,dimension,wired_dimension_16,4,expert,2,27,partner,1.1362135123752755,1.1172201936258617,0.9832836711203238,0.25585957936706294,0.2858514888015016
wired,dimension,wired_dimension_16,4,expert,2,28,expert,1.0954418860920072,0.7502594739301333,0.684892081866617,0.6109871367565725,0.4583988878010644
wired,dimension,wired_dimension_16,4,expert,3,35,partner,1.1869513671634886,1.1852622236733248,0.9985769058969963,0.32444339647526566,0.3845505015623995
wired,dimension,wired_dimension_16,4,expert,3,36,expert,1.0932447449766693,1.0727905620823266,0.981290389924755,0.5889007865380926,0.6317672058009246
wired,dimension,wired_dimension_16,4,expert,3,37,partner,1.0891446787401338,1.0727245482466605,0.9849238298501791,0.34439575395936184,0.3694417795841245
wired,dimension,wired_dimension_16,4,expert,3,38,expert,1.1000617672067714,1.0622937534098658,0.9656673698479947,0.46501623683117366,0.49398384361991854
wired,dimension,wired_dimension_16,4,expert,3,39,partner,1.1849798436240757,1.1636880130411227,0.9820319048475817,0.6361754194003584,0.7403097097476059
wired,dimension,wired_dimension_16,4,expert,4,46,expert,1.3974092040024735,1.3789477413640074,0.9867887927268724,0.4730666110445533,0.6523341348146121
wired,dimension,wired_dimension_16,4,expert,4,47,partner,1.1222837977122448,0.9690818618335126,0.8634909136246152,0.45656897850496914,0.4424527157450205
wired,fractal,wired_fractal_12,0,child,0,4,expert,1.1387641324835371,0.9310341398011066,0.817582950887109,0.46069659258526036,0.42892425578691873
wired,fractal,wired_fractal_12,0,child,0,5,partner,1.1273973104045207,1.0243728793533107,0.9086174589017313,0.7245685447942847,0.7422283665197597
wired,fractal,wired_fractal_12,0,child,0,6,expert,0.8865450563180324,0.8328217346285436,0.9394014762052253,0.5010152249468631,0.4172563687155565
wired,fractal,wired_fractal_12,0,child,0,7,partner,0.849402824069246,0.49212800833879605,0.5793811774495546,0.8206559061210841,0.40386775661083907
wired,fractal,wired_fractal_12,0,child,1,14,expert,1.1651057175866837,1.1643222962972648,0.9993275963901018,0.30074773033954166,0.3501672879951257
wired,fractal,wired_fractal_12,0,child,1,15,partner,1.0422880631141584,0.3701691738267607,0.3551505451577469,1.0,0.3701691738267607
wired,fractal,wired_fractal_12,0,child,1,16,expert,1.1367258508113496,1.0607973562476363,0.9332042158534075,0.41959388115947405,0.44510407983165495
wired,fractal,wired_fractal_12,0,child,1,17,partner,1.1559641456920702,1.1304255618985184,0.9779071142563509,0.3851737068248547,0.43541020396602154
wired,fractal,wired_fractal_12,0,child,1,18,expert,1.0416344429575406,0.983186481197214,0.943888220904718,0.4742246499413564,0.46625126487282276
wired,fractal,wired_fractal_12,0,child,2,25,partner,0.937464261490175,0.8132139271392791,0.8674612575051581,0.6665526561461425,0.542049903149722
wired,fractal,wired_fractal_12,0,child,2,26,expert,0.7507831796459147,0.7502017587350504,0.9992255807966586,0.6766844378567064,0.5076498553887401
wired,fractal,wired_fractal_12,0,child,2,27,partner,1.1326501208982407,1.1011427036913257,0.9721825684502639,0.31613920710098675,0.3481143812500125
wired,fractal,wired_fractal_13,1,teenager,0,4,expert,0.8852199621739841,0.8746592316956249,0.9880699363654074,0.9208853966094135,0.8054609134781104
wired,fractal,wired_fractal_13,1,teenager,0,5,partner,1.1684975615975748,1.1656201848464405,0.9975375415005591,0.42598451137825344,0.4965361448944404
wired,fractal,wired_fractal_13,1,teenager,0,6,expert,0.7496879625200088,0.6992617414259995,0.9327370537931025,0.7122381004966778,0.49804085446325297
wired,fractal,wired_fractal_13,1,teenager,0,7,partner,1.1013580731256505,1.0898208962654505,0.9895245904645279,0.3751120570988372,0.40880495826743163
wired,fractal,wired_fractal_13,1,teenager,0,8,expert,0.8727751811628135,0.8485363706867628,0.9722278875474791,0.6119194841311489,0.5192359382171613
wired,fractal,wired_fractal_13,1,teenager,0,9,partner,1.1540319385189752,1.1476440779180348,0.99446474539506,0.23673120474333906,0.27168316518209484
wired,fractal,wired_fractal_13,1,teenager,0,10,expert,0.6753417399816276,0.6488371549227033,0.9607538176736921,0.3398420483891821,0.22050214779994057
wired,fractal,wired_fractal_14,2,undergraduate,0,4,expert,0.9318901181016284,0.9175511518967131,0.9846130290177236,0.7503644701649228,0.6884977839421917
wired,fractal,wired_fractal_14,2,undergraduate,0,5,partner,1.1313943253544239,1.1272022325192221,0.9962947552924265,0.47393868668118133,0.5342247457042557
wired,fractal,wired_fractal_14,2,undergraduate,0,6,expert,0.7833119301469175,0.7644968940663904,0.9759801487027345,0.5288406630779772,0.404297044379124
wired,fractal,wired_fractal_14,2,undergraduate,0,7,partner,1.3444449760268855,1.2873505089290063,0.9575330577919501,0.3485065018223675,0.4486500224860924
wired,fractal,wired_fractal_14,2,undergraduate,0,8,expert,1.0427080488040095,1.0099640718341465,0.9685971763540244,0.4812770626849562,0.4860725419096761
wired,fractal,wired_fractal_14,2,undergraduate,0,9,partner,1.3356350071054435,1.304287837840947,0.976530138025202,0.40435092252100524,0.5273899904639142
wired,fractal,wired_fractal_14,2,undergraduate,0,10,expert,0.7870853877507866,0.7684811061718633,0.976363070805997,0.47974061953364483,0.3686716019747904
wired,fractal,wired_fractal_14,2,undergraduate,0,11,partner,1.361322560497599,1.303505906825141,0.9575290564109346,0.28846421487834745,0.3760148080016026
wired,fractal,wired_fractal_14,2,undergraduate,0,12,expert,1.1014140404597903,1.0990041696932682,0.9978120210211647,0.3040731568502671,0.3341776672702387
wired,fractal,wired_fractal_14,2,undergraduate,0,13,partner,1.0969546656835927,1.093717392960261,0.9970488545920798,0.5765619064702349,0.6305957852248232
wired,fractal,wired_fractal_15,3,graduate,0,4,expert,0.91629252674896,0.7802874293923607,0.8515702208769486,0.7804449171266956,0.6089713581671233
wired,fractal,wired_fractal_15,3,graduate,0,5,partner,1.334027076422364,1.2975816063437307,0.9726801121778227,0.3413002262391559,0.4428648958088826
wired,fractal,wired_fractal_15,3,graduate,0,6,expert,1.1900693531837312,1.1821740833186798,0.993365706086857,0.781758307617026,0.9241744106839203
wired,fractal,wired_fractal_15,3,graduate,1,13,partner,1.1518526990603384,1.1060846911768596,0.9602657458529412,0.3857496037694223,0.4266717313568974
wired,fractal,wired_fractal_15,3,graduate,1,14,expert,0.9256144882397221,0.8985582268917315,0.9707694059538595,0.6414658035380022,0.576394375038787
wired,fractal,wired_fractal_15,3,graduate,1,15,partner,1.2176833380675298,1.209087260651509,0.9929406298433419,0.5000903617992949,0.6046528856261315
wired,fractal,wired_fractal_15,3,graduate,2,22,expert,1.0419348738955947,1.0002064345907333,0.9599510100378857,0.5155317120796956,0.5156381356576888
wired,fractal,wired_fractal_15,3,graduate,2,23,partner,1.2835034188065204,1.252523368155065,0.9758628997800111,0.5587296359013665,0.6998219254472327
wired,fractal,wired_fractal_15,3,graduate,2,24,expert,0.894324318911333,0.6111785637093737,0.6833970079810444,0.4450807746968145,0.27202382861385443
wired,fractal,wired_fractal_16,4,expert,0,4,partner,1.1906701093836554,1.162145573842032,0.9760432924973946,0.4015635401396627,0.4666752907896462
wired,fractal,wired_fractal_16,4,expert,0,5,expert,1.1714900227266756,1.1376354503701473,0.9711012712863726,0.653574903032061,0.7435299791615041
wired,fractal,wired_fractal_16,4,expert,0,6,partner,1.1275926291495126,1.118548729108013,0.9919794615460433,0.5688579658513218,0.6362953547459654
wired,fractal,wired_fractal_16,4,expert,0,7,expert,1.0965460218248362,1.0608070091342414,0.9674076491271324,0.20380904065586974,0.21620205885267219
wired,fractal,wired_fractal_16,4,expert,0,8,partner,1.0314861979949763,1.0008379656744353,0.9702873074006361,0.4266247500576582,0.42698224695407105
wired,fractal,wired_fractal_16,4,expert,0,9,expert,1.1113089931507116,1.1081442415835354,0.9971522307587911,0.17646677246445452,0.19555063773731726
wired,fractal,wired_fractal_16,4,expert,0,10,partner,0.9999753556706044,0.9423985582031599,0.942421783555081,0.3413851579486578,0.32172088064277315
wired,fractal,wired_fractal_16,4,expert,0,11,expert,1.0097204436175125,0.9921501904911426,0.9825988933487334,0.3967833675193313,0.3936686936680216
wired,fractal,wired_fractal_16,4,expert,0,12,partner,0.9537525844404046,0.914917626213582,0.9592819365720854,0.7033407759815624,0.6434988731802698
wired,fractal,wired_fractal_16,4,expert,0,13,expert,0.947988954207092,0.8994790532146321,0.9488286221288487,0.29423313111072447,0.26465653819585117
wired,fractal,wired_fractal_16,4,expert,0,14,partner,1.1163245856321615,1.03031709543573,0.9229547648557345,0.4521029889502724,0.46580943841305655
wired,fractal,wired_fractal_16,4,expert,0,15,expert,1.1624039527763055,1.150598961943382,0.989844330100807,0.336887576111325,0.3876224953653127
wired,fractal,wired_fractal_16,4,expert,0,16,partner,1.039224988469181,1.0390733154307934,0.9998540517779397,0.2053008731053819,0.21332265887844576
wired,fractal,wired_fractal_16,4,expert,0,17,expert,0.9418278949124826,0.9069134386108665,0.9629290484055758,0.130847242964752,0.11866712304991475
wired,fractal,wired_fractal_16,4,expert,0,18,partner,1.086247255452438,1.0414085957859789,0.9587214978520319,0.39784294981485613,0.414317067710041
wired,fractal,wired_fractal_16,4,expert,0,19,expert,0.9533251234275536,0.9360692493245784,0.9818992768784736,0.29710057302253623,0.2781067103631076
wired,fractal,wired_fractal_16,4,expert,0,20,partner,1.152400272367385,1.1239394130133207,0.9753029741163005,0.4231982392106912,0.47564918056673516
wired,fractal,wired_fractal_16,4,expert,0,21,expert,1.2168437047248515,1.2022206145369292,0.9879827703984244,0.26720738890863505,0.3212422313025475
wired,fractal,wired_fractal_16,4,expert,0,22,partner,1.020535330434813,1.010134605979129,0.9898085601286899,0.41929077130819653,0.42354011806609015
wired,fractal,wired_fractal_16,4,expert,1,29,expert,1.0559521591198344,1.0511902976063285,0.9954904571448856,0.4852754859328946,0.5101168824788552
wired,fractal,wired_fractal_16,4,expert,1,30,partner,1.0913713377112957,1.063852906617278,0.9747854555602484,0.333861521288767,0.355179549830721
wired,fractal,wired_fractal_16,4,expert,1,31,expert,1.2320551076579058,1.191874340812877,0.9673871999748627,0.32599016341310877,0.38853931112948104
wired,fractal,wired_fractal_16,4,expert,1,32,partner,1.155889667505995,1.1474752675283169,0.9927204124967858,0.2603186829764352,0.29870925039100404
wired,fractal,wired_fractal_16,4,expert,1,33,expert,0.844194249604443,0.8410523645005415,0.9962782438918888,0.4030561738114091,0.3389913480106269
wired,fractal,wired_fractal_16,4,expert,1,34,partner,1.0797661509153709,1.0718232511123353,0.9926438703442457,0.5357510962428391,0.5742304817619975
wired,fractal,wired_fractal_16,4,expert,1,35,expert,1.1441535032068684,1.1383803404063035,0.994954206069921,0.20413447131900708,0.2323826689487921
wired,fractal,wired_fractal_16,4,expert,1,36,partner,0.9866548300029966,0.9801615204092272,0.9934188640269028,0.43260905703364116,0.4240267510848958
wired,fractal,wired_fractal_16,4,expert,1,37,expert,0.6938117620932799,0.6858824375198586,0.9885713604069113,0.4969768251461226,0.3408676762221031
wired,gravity,wired_gravity_12,0,child,0,4,expert,1.2825793966961996,1.218579883078898,0.9501009342711194,0.6699243617351524,0.8163563503949274
wired,gravity,wired_gravity_12,0,child,0,5,partner,1.211691709284726,1.104780715144039,0.9117671654246859,0.3961953035428174,0.43770893078474343
wired,gravity,wired_gravity_12,0,child,0,6,expert,1.0753865789100103,1.0536123743104044,0.9797522072270461,0.7248064808243956,0.7636650771769601
wired,gravity,wired_gravity_12,0,child,0,7,partner,1.0814215502884768,1.0726410892928955,0.9918806306437753,0.38975922254493367,0.41807175703254973
wired,gravity,wired_gravity_12,0,child,0,8,expert,0.946519273468864,0.9311177022365609,0.9837282011418086,0.4556350622896035,0.4242498722575079
wired,gravity,wired_gravity_12,0,child,0,9,partner,1.0973314630613504,1.022277221056253,0.9316029435658012,0.39780247529082224,0.4066644089696005
wired,gravity,wired_gravity_12,0,child,0,10,expert,1.0027430612926396,0.9854780707384891,0.9827822388191079,0.24315593322552215,0.23962483996370446
wired,gravity,wired_gravity_12,0,child,0,11,partner,1.1572751840295206,1.1382613520880822,0.9835701722418192,0.31582130101539296,0.3594871811119984
wired,gravity,wired_gravity_12,0,child,0,12,expert,0.9647885013818075,0.9094041139312851,0.9425942707939188,0.4847903238610134,0.4408703149132856
wired,gravity,wired_gravity_12,0,child,0,13,partner,1.202288405845958,1.1869946430162663,0.9872794557808965,0.6909043370848766,0.8200997469564533
wired,gravity,wired_gravity_12,0,child,0,14,expert,1.0032221024380676,0.850695358287072,0.8479631342041134,0.5012174888157622,0.42638339122787133
wired,gravity,wired_gravity_12,0,child,0,15,partner,1.1669372874503239,1.1556256137397283,0.990306528180018,0.3997646932818892,0.4619783190253574
wired,gravity,wired_gravity_12,0,child,0,16,expert,1.1923010216319736,1.1825014628985144,0.9917809692714699,0.3546895755975274,0.4194209420189294
wired,gravity,wired_gravity_12,0,child,0,17,partner,1.1508834552893388,1.1491380089883327,0.9984833857034066,0.48447890115318065,0.5567331198680213
wired,gravity,wired_gravity_12,0,child,0,18,expert,1.1292406102729131,1.092989608665114,0.9678978941432101,0.4917767350940576,0.5375068612410615
wired,gravity,wired_gravity_12,0,child,0,19,partner,1.2081655119172354,1.1302737259339874,0.935528878108284,0.326312188697574,0.3688220933368814
wired,gravity,wired_gravity_12,0,child,0,20,expert,0.9870399497019667,0.8520083994483624,0.8631954559739554,0.5699717413632419,0.4856207110896917
wired,gravity,wired_gravity_12,0,child,0,21,partner,1.2018622437990982,1.1300376839638142,0.9402389415202975,0.3705452977349981,0.4187301500561392
wired,gravity,wired_gravity_12,0,child,0,22,expert,1.136507626606903,1.1091617824193671,0.9759387059547026,0.42244679931045703,0.4685618449005432
wired,gravity,wired_gravity_12,0,child,0,23,partner,1.0700489979958168,0.9165127966899724,0.8565147936269539,0.392009496783028,0.35928172022564175
wired,gravity,wired_gravity_12,0,child,0,24,expert,1.1642215424464673,1.1354354284686006,0.9752743675242844,0.34095721663381273,0.3871349033580746
wired,gravity,wired_gravity_12,0,child,0,25,partner,0.9901028728123779,0.9131824738125828,0.9223107001172255,0.2137955343699634,0.19523433496604625
wired,gravity,wired_gravity_12,0,child,0,26,expert,1.007078050836776,0.8714627052429923,0.8653378003006151,0.4930095448902374,0.42963943170066277
wired,gravity,wired_gravity_12,0,child,0,27,partner,1.0001889032839055,0.9565411194944156,0.9563604598619938,0.26517427221648016,0.2536500952070688
wired,gravity,wired_gravity_12,0,child,0,28,expert,0.863178091917027,0.7281682823205844,0.8435898560661523,0.3585339482139465,0.2610730492245668
wired,gravity,wired_gravity_12,0,child,0,29,partner,1.0929502662426382,1.0921079592302134,0.9992293272260961,0.346833532268408,0.37877966111825745
wired,gravity,wired_gravity_12,0,child,0,30,expert,1.0210734404972006,1.0084732462508326,0.987659855062707,0.3301591206868318,0.3329566402183697
wired,gravity,wired_gravity_12,0,child,0,31,partner,0.8720818451114605,0.8631570346175956,0.9897660861249624,0.3895982412700845,0.33628446262691675
wired,gravity,wired_gravity_12,0,child,0,32,expert,1.2288672209983862,1.219561280963184,0.9924272208769356,0.4888966199102973,0.5962393880363731
wired,gravity,wired_gravity_12,0,child,0,33,partner,1.0525308210604163,1.0476277780887808,0.9953416632800443,0.3071978959524457,0.32182904917020916
wired,gravity,wired_gravity_12,0,child,0,34,expert,1.1505623977236132,0.98989906072597,0.8603610396825274,0.29771818578862425,0.29471095247319895
wired,gravity,wired_gravity_12,0,child,0,35,partner,0.8632167973748855,0.7123985754026086,0.825283494909097,0.24646956536973638,0.17558456724950033
wired,gravity,wired_gravity_12,0,child,0,36,expert,1.120983155332198,1.0281297847825508,0.9171679162983962,0.35586889875674466,0.36587941428957527
wired,gravity,wired_gravity_12,0,child,0,37,partner,1.060829463223964,1.0533199185802977,0.9929210632764317,0.33915799175415073,0.3572418682603393
wired,gravity,wired_gravity_12,0,child,0,38,expert,1.0707636645032683,1.0493399047080751,0.979992074342463,0.2517895919991925,0.26421286647491776
wired,gravity,wired_gravity_12,0,child,0,39,partner,0.9758156712619132,0.8943306771704452,0.9164955057680013,0.19245428626041278,0.17211777215562968
wired,gravity,wired_gravity_12,0,child,0,40,expert,1.0045140488712831,0.9399819937191413,0.9357579366604292,0.5391041701776739,0.5067482127059131
wired,gravity,wired_gravity_13,1,teenager,0,4,expert,1.0543377605834106,1.0453141213600148,0.9914414151121799,0.576041416403914,0.6021442270552358
wired,gravity,wired_gravity_13,1,teenager,0,5,partner,1.0732486373484005,1.0600552043084488,0.9877070116077338,0.5411044506827309,0.5736005890206933
wired,gravity,wired_gravity_13,1,teenager,1,12,expert,0.7364404910396228,0.6913781851997951,0.9388106623833886,0.5772655473019871,0.3991088064720143
wired,gravity,wired_gravity_13,1,teenager,1,13,partner,1.3152203141627592,1.3116950864335624,0.9973196675171199,0.1761212757443084,0.23101741201021986
wired,gravity,wired_gravity_13,1,teenager,1,14,expert,0.8705645394921167,0.8648986903440519,0.9934917528890349,0.34185507011638117,0.2956700024311321
wired,gravity,wired_gravity_13,1,teenager,1,15,partner,0.8758220411375609,0.8603142703736879,0.982293468265867,0.378672269950936,0.32577715763358767
wired,gravity,wired_gravity_13,1,teenager,1,16,expert,0.6159915764356962,0.6032996237964098,0.979395899025592,0.5096991633361911,0.30750131349006893
wired,gravity,wired_gravity_13,1,teenager,1,17,partner,1.005852351203152,0.9986430286586572,0.992832623459234,0.42282534867249866,0.4222515867919568
wired,gravity,wired_gravity_13,1,teenager,1,18,expert,0.8910476204045784,0.8769203872947675,0.984145366883556,0.5165358131313444,0.45296078530275624
wired,gravity,wired_gravity_13,1,teenager,1,19,partner,1.2519513058203502,1.2290373607254965,0.9816974150757238,0.26032252355541535,0.3199461072879486
wired,gravity,wired_gravity_13,1,teenager,1,20,expert,0.9815666399650395,0.9595466173252069,0.977566451686261,0.5437127754480642,0.5217177544776898
wired,gravity,wired_gravity_13,1,teenager,1,21,partner,0.9361514821648518,0.928547093125368,0.9918769673654839,0.22344193459714443,0.20747635885248705
wired,gravity,wired_gravity_13,1,teenager,1,22,expert,0.799646541345352,0.7920550037785534,0.9905063835391362,0.35516085845520196,0.28130693508572924
wired,gravity,wired_gravity_13,1,teenager,1,23,partner,1.154047053265385,0.9874377862180025,0.8556304384844482,0.25301550613932955,0.24983707126104698
wired,gravity,wired_gravity_13,1,teenager,1,24,expert,0.723432000573592,0.6794753226344082,0.9392386873883505,0.5549596354970612,0.3770813773784392
wired,gravity,wired_gravity_13,1,teenager,1,25,partner,1.2241595633176798,1.2087347960396706,0.9873997085500905,0.373043191689158,0.45091028622038215
wired,gravity,wired_gravity_13,1,teenager,1,26,expert,1.1473311007966172,1.1411967270910905,0.9946533535940392,0.2400163268393643,0.273905846637508
wired,gravity,wired_gravity_13,1,teenager,1,27,partner,1.1689027317816307,1.1469803802953913,0.9812453586674342,0.3414413018018328,0.39162647418921964
wired,gravity,wired_gravity_13,1,teenager,1,28,expert,0.8973453408635119,0.8956304409348149,0.998088918667539,0.4488581385787954,0.4020110125725068
wired,gravity,wired_gravity_13,1,teenager,1,29,partner,1.205913208411419,1.181627329156922,0.9798610056792815,0.3521474891130045,0.4161070970299157
wired,gravity,wired_gravity_13,1,teenager,1,30,expert,0.9717111186949976,0.9503558281238483,0.9780230048197789,0.3477838116233655,0.33051837230339204
wired,gravity,wired_gravity_13,1,teenager,1,31,partner,1.0869727377366198,1.0134003598267523,0.9323144221040923,0.2888290610774432,0.29269947442430394
wired,gravity,wired_gravity_13,1,teenager,1,32,expert,0.910872639646697,0.8647499957207838,0.9493643327076415,0.4740029946761334,0.40989408761782503
wired,gravity,wired_gravity_13,1,teenager,1,33,partner,1.0246424336358115,1.0120364481277908,0.9876971857740873,0.21785217603786375,0.22047434245426983
wired,gravity,wired_gravity_13,1,teenager,1,34,expert,0.9842984145050161,0.9387309017096528,0.9537055915921271,0.43301719296380825,0.40648662000669844
wired,gravity,wired_gravity_14,2,undergraduate,0,4,expert,1.2473862053281806,1.2012436527677945,0.9630086076274915,0.6131737117644258,0.7365710293010856
wired,gravity,wired_gravity_14,2,undergraduate,0,5,partner,0.9642319064110161,0.9155117676594091,0.9494725921963125,0.5495401836225178,0.5031105049081275
wired,gravity,wired_gravity_14,2,undergraduate,0,6,expert,0.9110074966381443,0.8082183388790544,0.8871698003152598,0.7431568929878101,0.600633029577127
wired,gravity,wired_gravity_14,2,undergraduate,0,7,partner,1.1927611947070982,1.1892107771355753,0.9970233626074733,0.3560494366521293,0.42341782725976246
wired,gravity,wired_gravity_14,2,undergraduate,0,8,expert,0.798238079707508,0.7948215389117144,0.9957198975047128,0.4288185791824826,0.3408342430197557
wired,gravity,wired_gravity_14,2,undergraduate,0,9,partner,0.9689742413773059,0.9682911536203005,0.9992950403335451,0.27018695236861967,0.2616196358021639
wired,gravity,wired_gravity_14,2,undergraduate,0,10,expert,1.189272208882572,1.1735919193124789,0.9868152224074814,0.4309104422283452,0.5057130129465527
wired,gravity,wired_gravity_14,2,undergraduate,0,11,partner,1.067406703981553,0.9596349227052726,0.8990340037446103,0.3014878240603605,0.2893182447387449
wired,gravity,wired_gravity_14,2,undergraduate,0,12,expert,0.9532158367684079,0.8706615189677711,0.9133938877039373,0.5852974307870237,0.5095959501369639
wired,gravity,wired_gravity_14,2,undergraduate,0,13,partner,1.150934821619032,1.1449514485383665,0.9948012928540614,0.49338998580237237,0.5649075789387503
wired,gravity,wired_gravity_14,2,undergraduate,0,14,expert,0.9410422215890515,0.9141483682061342,0.9714212043127295,0.49674438857901554,0.4540980722350609
wired,gravity,wired_gravity_14,2,undergraduate,1,21,partner,1.0853012865393443,1.0821586150837852,0.997104332690347,0.1873271877528373,0.20271773006615063
wired,gravity,wired_gravity_14,2,undergraduate,1,22,expert,1.1144751918968092,0.9413600944651151,0.8446667106713239,0.5789523840884675,0.5450026709763234
wired,gravity,wired_gravity_14,2,undergraduate,2,29,partner,0.8645040104661165,0.2818638749839618,0.32604114217082997,1.0,0.2818638749839618
wired,gravity,wired_gravity_14,2,undergraduate,2,30,expert,1.1914432049789736,1.175030560439949,0.9862245682619,0.3870350504306625,0.45477801221744524
wired,gravity,wired_gravity_14,2,undergraduate,2,31,partner,1.2166967053799074,1.1940558151684675,0.9813915085720958,0.26863790469405147,0.3207686522746047
wired,gravity,wired_gravity_15,3,graduate,0,4,expert,1.0200325064427456,0.9869636151666069,0.9675805515331756,0.638942252631102,0.6306127555394879
wired,gravity,wired_gravity_15,3,graduate,0,5,partner,1.0605838423505893,0.9594567041106054,0.904649557910708,0.30403543408990064,0.29170883552473326
wired,gravity,wired_gravity_15,3,graduate,0,6,expert,1.0697789930152115,1.0598187837539477,0.9906894701360872,0.4093801155423814,0.43386873614717725
wired,gravity,wired_gravity_15,3,graduate,0,7,partner,0.8490624554059509,0.8142859784826797,0.9590413205732868,0.2623771021246603,0.21364999533502899
wired,gravity,wired_gravity_15,3,graduate,0,8,expert,0.978054015253801,0.9591823085274555,0.9807048420301929,0.3985080582209837,0.38224187925119674
wired,gravity,wired_gravity_15,3,graduate,0,9,partner,0.9825227555597342,0.38156660317445096,0.38835396026699415,0.9333275380789552,0.35612661835396
wired,gravity,wired_gravity_15,3,graduate,0,10,expert,0.9778971350177885,0.8037198816397216,0.821885915050032,0.7070740717795722,0.5682894892811937
wired,gravity,wired_gravity_15,3,graduate,0,11,partner,1.1005432712155765,1.097243235375261,0.9970014483504428,0.13280239237233002,0.1457165266721903
wired,gravity,wired_gravity_15,3,graduate,0,12,expert,1.0640018964141662,0.9818995911245336,0.9228363167704384,0.44209315076538735,0.4340910839754906
wired,gravity,wired_gravity_15,3,graduate,0,13,partner,0.7949102952304486,0.7768339380394427,0.977259877874971,0.7425101119832076,0.5768070543260228
wired,gravity,wired_gravity_15,3,graduate,0,14,expert,0.7615534206265857,0.7351167898835663,0.9652859142537455,0.5658150961478118,0.4159401771478408
wired,gravity,wired_gravity_15,3,graduate,1,21,partner,1.299614655666314,1.2896714884149612,0.9923491419483513,0.15345710523888917,0.19790925332128953
wired,gravity,wired_gravity_15,3,graduate,1,22,expert,0.7945638265545357,0.7217011939372533,0.9082985781845309,0.582218520683426,0.42018780150961
wired,gravity,wired_gravity_15,3,graduate,1,23,partner,0.9679696591464667,0.9626098897033756,0.9944628745400845,0.5164231173609559,0.49711400004310313
wired,gravity,wired_gravity_15,3,graduate,1,24,expert,1.0571589101488648,1.0334831091799244,0.9776043121401832,0.44351222205519547,0.45836239020890046
wired,gravity,wired_gravity_15,3,graduate,1,25,partner,0.7948218897459512,0.7755358662074987,0.9757354147032958,0.46870395002590076,0.36349672387821313
wired,gravity,wired_gravity_15,3,graduate,1,26,expert,1.0535821241175989,1.0454329148008983,0.9922652357788263,0.21149596412388721,0.2211048422426616
wired,gravity,wired_gravity_15,3,graduate,1,27,partner,0.8682735683114132,0.7608904880228425,0.8763257523797693,0.31686874416803623,0.24110241338920232
wired,gravity,wired_gravity_15,3,graduate,1,28,expert,1.0710953477287186,1.0460667522177516,0.9766327100897063,0.608041404612742,0.6360518973371708
wired,gravity,wired_gravity_15,3,graduate,1,29,partner,1.0019400493654993,0.9604040674982393,0.958544443956979,0.3698710866538293,0.35522569607233134
wired,gravity,wired_gravity_16,4,expert,0,4,expert,0.697029725737036,0.6869822625620816,0.9855853160848831,0.6303512257490634,0.4330401112738731
wired,gravity,wired_gravity_16,4,expert,0,5,partner,0.8695615762510672,0.8665576473121877,0.9965454672539386,0.4975598240849119,0.4311642705560872
wired,gravity,wired_gravity_16,4,expert,0,6,expert,0.970497784671315,0.9659739930466862,0.9953386893848952,0.3632573117178927,0.3508971159035376
wired,gravity,wired_gravity_16,4,expert,0,7,partner,0.7182455364514676,0.701322532116695,0.9764384134994308,0.5929765329120731,0.41586780354767383
wired,gravity,wired_gravity_16,4,expert,0,8,expert,1.1257985938175306,1.1186035232009819,0.9936089184539268,0.3262762568172227,0.36497377041257373
wired,gravity,wired_gravity_16,4,expert,0,9,partner,1.174091310076782,1.1631118084128111,0.9906485112608119,0.2879273844410075,0.33489174080875095
wired,gravity,wired_gravity_16,4,expert,0,10,expert,0.997129844624327,0.9740677286335965,0.9768715016243485,0.3581597287937116,0.3488718335141156
wired,gravity,wired_gravity_16,4,expert,0,11,partner,0.9206686229922021,0.9142444283937935,0.9930222509609128,0.4764982554831726,0.4356358752148529
wired,gravity,wired_gravity_16,4,expert,0,12,expert,1.2072565250691387,1.158425587828704,0.959552144695513,0.3488498321252903,0.4041165718436841
wired,gravity,wired_gravity_16,4,expert,0,13,partner,0.9372971048430379,0.9269271276847253,0.9889362966067861,0.4165618921051277,0.38612251815192045
wired,gravity,wired_gravity_16,4,expert,0,14,expert,1.1282062624249531,1.0380700322475471,0.9201066035703538,0.14347512027187714,0.14893722272734822
wired,gravity,wired_gravity_16,4,expert,0,15,partner,1.009690237097197,0.9733680623064203,0.964026417749502,0.25102958587127905,0.24434418158111001
wired,gravity,wired_gravity_16,4,expert,0,16,expert,0.7799435412943967,0.7556418715735574,0.9688417578515017,0.4394596112088348,0.33207408309483183
wired,gravity,wired_gravity_16,4,expert,0,17,partner,0.7929047666276751,0.7919142342428562,0.9987507549109202,0.4686463045153991,0.37112767937105673
wired,gravity,wired_gravity_16,4,expert,0,18,expert,1.0708603115765019,1.0672520140634254,0.9966304685353768,0.23735507541928677,0.25331768228941004
wired,gravity,wired_gravity_16,4,expert,0,19,partner,0.9357823991818297,0.933305479343668,0.9973531027711948,0.350380261303467,0.32701181772839194
wired,gravity,wired_gravity_16,4,expert,0,20,expert,1.0752824060209378,1.04869721093878,0.9752760810236715,0.15745818976847206,0.1651259644496658
wired,gravity,wired_gravity_16,4,expert,0,21,partner,0.8179094734535703,0.7455449080163171,0.9115249697101441,0.489312882693943,0.36480472811925474
wired,gravity,wired_gravity_16,4,expert,0,22,expert,0.8937547200823521,0.8883009903125121,0.993897956958111,0.5082228821409708,0.45145488950530344
wired,gravity,wired_gravity_16,4,expert,0,23,partner,1.068098891948312,1.0674874773116627,0.9994275673888833,0.1795796405656434,0.19169901748395382
wired,gravity,wired_gravity_16,4,expert,0,24,expert,0.7232214127064832,0.6945431947930607,0.9603465585911491,0.3569441511927809,0.24791313113213131
wired,gravity,wired_gravity_16,4,expert,0,25,partner,0.7876556433137406,0.7696799069294797,0.9771781786395735,0.2868991619023088,0.2208205202311148
wired,gravity,wired_gravity_16,4,expert,0,26,expert,0.9144055017805429,0.9083703574058876,0.9933999255648648,0.14885491558991365,0.1352153928760331
wired,gravity,wired_gravity_16,4,expert,0,27,partner,0.9206088109185013,0.8896307957076187,0.9663505119172802,0.3984285369171301,0.3544542963302088
wired,gravity,wired_gravity_16,4,expert,0,28,expert,0.6801774034803172,0.6468447677152642,0.9509942029896198,0.6884031870542496,0.4452899996245537
wired,gravity,wired_gravity_16,4,expert,0,29,partner,0.9412348321419286,0.9246223973538958,0.9823503824744662,0.2771183758344172,0.25622985701483675
wired,gravity,wired_gravity_16,4,expert,0,30,expert,0.9791026878762598,0.9762837419465988,0.9971208883750768,0.1867831685786426,0.18235337075259958
wired,gravity,wired_gravity_16,4,expert,0,31,partner,0.8777781390330816,0.8763738051262892,0.9984001265862719,0.24482039502933894,0.21455418116438302
wired,gravity,wired_gravity_16,4,expert,0,32,expert,0.8926978501342149,0.8763279423579621,0.9816624317233729,0.20051975896249596,0.17572106777371863
wired,gravity,wired_gravity_16,4,expert,0,33,partner,0.935597438349215,0.9113274649274689,0.9740593844874751,0.1416103351776492,0.1290533877649762
wired,gravity,wired_gravity_16,4,expert,0,34,expert,0.9692732454863944,0.962005125221347,0.9925014743779577,0.5768429779741623,0.5549259012590887
wired,gravity,wired_gravity_16,4,expert,0,35,partner,1.0201997852911728,1.0192311384740962,0.9990505322270781,0.24442018735952722,0.24912066582850284
wired,gravity,wired_gravity_16,4,expert,0,36,expert,0.9433058734837775,0.8093622104371168,0.8580061178323383,0.2458911138535761,0.19901497543537508
wired,gravity,wired_gravity_16,4,expert,0,37,partner,0.7393145986986529,0.6783265373688903,0.9175072946780277,0.32545843602665475,0.2207670939674552
wired,gravity,wired_gravity_16,4,expert,0,38,expert,1.0750576290250193,1.0194484979859404,0.9482733487594895,0.22516726503810006,0.22954643013869325
wired,gravity,wired_gravity_16,4,expert,0,39,partner,0.7795005710921805,0.7755530146506259,0.9949357876197339,0.4036238862648973,0.31303172177774247
wired,hacking,wired_hacking_12,0,child,0,4,expert,0.8832312671607588,0.8269350531360556,0.9362610721350371,0.6326619469878216,0.5231703407495347
wired,hacking,wired_hacking_12,0,child,0,5,partner,0.8729657004419762,0.8533187092866895,0.9774939712450134,0.4263743047282511,0.3638331713837209
wired,hacking,wired_hacking_12,0,child,0,6,expert,0.8325091566414712,0.8253748428469873,0.9914303479564636,0.7363221522162985,0.6077417806702828
wired,hacking,wired_hacking_12,0,child,0,7,partner,0.9890501501118761,0.9756551184943622,0.986456670961543,0.3895663979834597,0.38008245018597425
wired,hacking,wired_hacking_12,0,child,0,8,expert,0.9171411022122231,0.9121788023849762,0.9945893823575543,0.25751969511866746,0.23490400708389028
wired,hacking,wired_hacking_12,0,child,1,15,partner,1.3181865452516157,1.2831591181088047,0.9734275643534971,0.47082185236615626,0.604139352868511
wired,hacking,wired_hacking_12,0,child,1,16,expert,1.0681942979892096,0.9723885439490452,0.9103105547170384,0.3526634715647602,0.34292591961887264
wired,hacking,wired_hacking_12,0,child,1,17,partner,1.1725472155410237,1.1286149174921765,0.9625325978625611,0.307837299850168,0.34742976877141174
wired,hacking,wired_hacking_12,0,child,1,18,expert,0.8754475240463369,0.7377673829681628,0.8427317031606232,0.41888014553779684,0.30903610875074355
wired,hacking,wired_hacking_13,1,teenager,0,4,expert,0.959644557097516,0.9501287057489974,0.9900839834091388,0.6046613468343712,0.5745061028841868
wired,hacking,wired_hacking_13,1,teenager,0,5,partner,0.9354193697893637,0.8882295929524969,0.949552277447021,0.21204021530580244,0.18834039413063272
wired,hacking,wired_hacking_13,1,teenager,0,6,expert,0.9778672436474735,0.9518545688939408,0.9733985621018677,0.22034081910557768,0.20973241537947743
wired,hacking,wired_hacking_13,1,teenager,0,7,partner,1.017237943502687,0.35207748966873276,0.34611124360547074,0.8559467923188064,0.30135959792960954
wired,hacking,wired_hacking_13,1,teenager,0,8,expert,0.7516980124117019,0.7310876129865053,0.9725815432715539,0.5736718774625382,0.41940440353157404
wired,hacking,wired_hacking_13,1,teenager,0,9,partner,1.1939808905080762,1.1855226208054541,0.9929159086457273,0.4106583240913897,0.48684473263239986
wired,hacking,wired_hacking_13,1,teenager,0,10,expert,0.9849588952816668,0.9680848835641357,0.9828683087189253,0.43259230966719986,0.4187860757349117
wired,hacking,wired_hacking_13,1,teenager,0,11,partner,1.1340744709288395,1.1012189821106506,0.9710288083707145,0.20027318071441497,0.22054462821039042
wired,hacking,wired_hacking_13,1,teenager,0,12,expert,0.9008652255559603,0.8224452217269291,0.9129503486145245,0.5297063345474033,0.435654443766998
wired,hacking,wired_hacking_13,1,teenager,0,13,partner,0.9065566627153219,0.8997624398818211,0.9925054625773273,0.3895032260997121,0.3504603730573176
wired,hacking,wired_hacking_13,1,teenager,0,14,expert,0.9557376341607071,0.9434409556078733,0.9871338345228821,0.37652200139860326,0.3552262768068873
wired,hacking,wired_hacking_13,1,teenager,0,15,partner,1.3651310097568827,1.3430975884430647,0.9838598485000162,0.2982714470026885,0.40060766117073426
wired,hacking,wired_hacking_14,2,undergraduate,0,4,expert,0.9480120331869885,0.9394205022248886,0.9909373186601776,0.5721967947621104,0.5375334003068932
wired,hacking,wired_hacking_14,2,undergraduate,0,5,partner,0.8812557406370843,0.874604642838885,0.9924527041442209,0.33721840314336526,0.2949327810399021
wired,hacking,wired_hacking_14,2,undergraduate,0,6,expert,0.9685502406629233,0.9511940084339339,0.9820801941899349,0.4897246460875242,0.46582314914088174
wired,hacking,wired_hacking_14,2,undergraduate,0,7,partner,1.018832224659836,0.9119155921442668,0.8950596281422475,0.5220425436880447,0.47605873535178256
wired,hacking,wired_hacking_14,2,undergraduate,0,8,expert,1.2173247646918315,1.2117637431121935,0.9954317682988719,0.5778688187177798,0.7002404827972785
wired,hacking,wired_hacking_14,2,undergraduate,0,9,partner,1.1341630699219702,1.0868005742358364,0.9582401358824435,0.3971206807823995,0.43159098391523804
wired,hacking,wired_hacking_14,2,undergraduate,0,10,expert,1.0152749797929836,1.009218568216816,0.9940347081355273,0.27397716893676705,0.27650284615846077
wired,hacking,wired_hacking_14,2,undergraduate,0,11,partner,1.283734881133703,1.2789903532647517,0.9963041217157256,0.2531254931038224,0.32374506384517227
wired,hacking,wired_hacking_14,2,undergraduate,0,12,expert,0.9553041706532355,0.8367020726190671,0.8758488639760211,0.3738268489421996,0.3127816993105933
wired,hacking,wired_hacking_14,2,undergraduate,0,13,partner,1.0759124975759284,1.0749448743904204,0.9991006488086277,0.37180584664979077,0.39967078912458326
wired,hacking,wired_hacking_14,2,undergraduate,0,14,expert,0.8145956220048844,0.8033206382993819,0.986158796583342,0.7266630439487273,0.5837434202934634
wired,hacking,wired_hacking_14,2,undergraduate,0,15,partner,1.0043892552001459,0.9934033072087436,0.9890620614114373,0.4805026226274683,0.4773328944406019
wired,hacking,wired_hacking_14,2,undergraduate,0,16,expert,1.0684441365917934,1.0415106502955427,0.9747918628828456,0.5176116001125728,0.539097994233762
wired,hacking,wired_hacking_15,3,graduate,0,4,expert,1.2593326699534653,1.1846797228241133,0.9407202330953176,0.5198865980433035,0.615899110869912
wired,hacking,wired_hacking_15,3,graduate,0,5,partner,1.0421409055243467,1.0243239140153686,0.982903471674978,0.4198045486342754,0.43001583837851615
wired,hacking,wired_hacking_15,3,graduate,0,6,expert,1.0390235301868345,1.0158654085825896,0.9777116485503861,0.5284899830066581,0.5368746925188645
wired,hacking,wired_hacking_15,3,graduate,1,13,partner,1.162491332900974,1.136350014327771,0.9775126765814713,0.4645673895533395,0.5279111597751525
wired,hacking,wired_hacking_15,3,graduate,1,14,expert,1.0052046399848045,0.9926090409555746,0.9874696171016403,0.47183323355081364,0.46834593344584075
wired,hacking,wired_hacking_15,3,graduate,1,15,partner,1.1037230839121919,1.1015008653301286,0.9979866158319489,0.4943310776188946,0.5445061097567874
wired,hacking,wired_hacking_15,3,graduate,1,16,expert,1.038773701643192,1.0359534216810318,0.9972849909862983,0.44597181775348427,0.46200603057503153
wired,hacking,wired_hacking_15,3,graduate,1,17,partner,1.0696270093028617,1.0477584340992674,0.9795549523204103,0.5103533655589598,0.5347270431353467
wired,hacking,wired_hacking_15,3,graduate,1,18,expert,1.0780224859745253,1.0721418129356168,0.9945449439910458,0.5034412440111404,0.5397604080606664
wired,hacking,wired_hacking_15,3,graduate,1,19,partner,1.0853635760224218,1.040609382923289,0.9587657130856516,0.39029324865708076,0.40614281664417057
wired,hacking,wired_hacking_16,4,expert,0,4,expert,1.2805176747476852,1.265593329888332,0.9883450692211004,0.4284739036842046,0.5422737145339449
wired,hacking,wired_hacking_16,4,expert,0,5,partner,1.0640736751285844,1.0468932416211076,0.9838540940255996,0.5774951870667586,0.6045758084089069
wired,hacking,wired_hacking_16,4,expert,0,6,expert,0.8788383417422543,0.8623988098993479,0.9812940206826922,0.6193548031340637,0.5341308451282614
wired,hacking,wired_hacking_16,4,expert,0,7,partner,1.0845859985421786,1.081911093104246,0.9975337083066481,0.6305556418046632,0.6822051436879325
wired,hacking,wired_hacking_16,4,expert,1,14,expert,1.054876978158018,1.050569394631175,0.9959165062684742,0.1752012628297513,0.1840610846296692
wired,hacking,wired_hacking_16,4,expert,1,15,partner,0.8667810222175406,0.8127170610690747,0.9376267364378973,0.5900474013312782,0.4795415899014013
wired,infinity,wired_infinity_12,0,child,0,4,expert,0.9565425598833709,0.760960260434949,0.7955320467151359,0.559970327150644,0.42611516598439764
wired,infinity,wired_infinity_12,0,child,0,5,partner,1.2280539146222926,1.225167136420165,0.9976493066234692,0.37890499746178896,0.4642219507155499
wired,infinity,wired_infinity_12,0,child,0,6,expert,0.9585412453846387,0.9496383812147239,0.9907120698104827,0.38846844635721545,0.3689045465516649
wired,infinity,wired_infinity_12,0,child,0,7,partner,1.1153466041633944,1.0910091211227373,0.9781794439945504,0.1833869407403348,0.20007682504250016
wired,infinity,wired_infinity_12,0,child,0,8,expert,0.9620528149176406,0.9402225795812378,0.9773086934533329,0.3528584996031817,0.33176552872406867
wired,infinity,wired_infinity_12,0,child,0,9,partner,0.9027243979620857,0.8879578509381486,0.9836422422410911,0.3470553340517507,0.3081705085812138
wired,infinity,wired_infinity_12,0,child,0,10,expert,0.8480835271641096,0.7684425740900952,0.9060930314951048,0.49805032168367286,0.3827230712210015
wired,infinity,wired_infinity_12,0,child,0,11,partner,0.9118630575061456,0.8892669256924566,0.9752198187779836,0.4561798223151445,0.40566562815311963
wired,infinity,wired_infinity_12,0,child,0,12,expert,1.24144659785188,1.2239146219451864,0.9858777848857809,0.2079534367540501,0.25451725192703545
wired,infinity,wired_infinity_12,0,child,0,13,partner,0.9528606606737747,0.8703439894002549,0.9134011144755572,0.3268673917036879,0.2844870697002435
wired,infinity,wired_infinity_12,0,child,0,14,expert,0.9209827828243464,0.8875357381599844,0.963683311687158,0.4062665924495704,0.36057612001947104
wired,infinity,wired_infinity_12,0,child,0,15,partner,1.2515307440948413,1.185273402066424,0.947058957726776,0.3302446690324976,0.39143022237844866
wired,infinity,wired_infinity_12,0,child,0,16,expert,0.850261664884701,0.8410557687596265,0.9891728670052271,0.6455404487626382,0.5429355183994949
wired,infinity,wired_infinity_12,0,child,0,17,partner,1.1827875930598784,1.1632750764545183,0.9835029410852505,0.610431180713539,0.7100993784147639
wired,infinity,wired_infinity_12,0,child,0,18,expert,0.9670379331401185,0.5958499548054034,0.6161598572146723,0.556131423787992,0.3313708837299396
wired,infinity,wired_infinity_12,0,child,0,19,partner,1.0917778576362005,1.0725682489374602,0.9824052039841572,0.2533681352507071,0.2717546171624005
wired,infinity,wired_infinity_12,0,child,0,20,expert,1.0845785595076254,1.0636623030636605,0.9807148534685757,0.25975374474304475,0.2762902663627972
wired,infinity,wired_infinity_12,0,child,0,21,partner,1.0502740923325051,1.0382902192765413,0.9885897660958788,0.3737006690026381,0.3880097495625393
wired,infinity,wired_infinity_13,1,teenager,0,4,expert,1.0243410197446257,1.0166656831466518,0.9925070494581191,0.8022556723279713,0.8156258111655935
wired,infinity,wired_infinity_13,1,teenager,0,5,partner,1.041436846534038,1.0376702115364647,0.9963832324436135,0.3505609714978641,0.3637666774506172
wired,infinity,wired_infinity_13,1,teenager,0,6,expert,0.7725287549654494,0.7205510925909947,0.9327175046348767,0.439504402195117,0.31668537720024353
wired,infinity,wired_infinity_13,1,teenager,0,7,partner,1.0197099359023918,1.0159239336360297,0.9962871772314271,0.26367554331975285,0.2678742951730207
wired,infinity,wired_infinity_13,1,teenager,0,8,expert,1.0511012355531861,1.0192709230563834,0.9697171771651277,0.515138338642119,0.5250655299294845
wired,infinity,wired_infinity_13,1,teenager,0,9,partner,1.211410722035963,1.1978033023636399,0.98876729467076,0.37549522751657316,0.44976942354113764
wired,infinity,wired_infinity_13,1,teenager,0,10,expert,0.7328687650814562,0.6817743271868679,0.9302815997488452,0.46818869075664316,0.31919902963711094
wired,infinity,wired_infinity_13,1,teenager,0,11,partner,1.207435811722116,1.1951680055894824,0.9898397860867433,0.26019025489395764,0.31097106801543045
wired,infinity,wired_infinity_13,1,teenager,0,12,expert,0.7280982153037898,0.6889019095584443,0.9461661834592776,0.557912226715136,0.38434679835006086
wired,infinity,wired_infinity_13,1,teenager,0,13,partner,0.9469338938681849,0.9373329825274519,0.9898610542891187,0.565677363979529,0.5302280507271988
wired,infinity,wired_infinity_14,2,undergraduate,0,4,expert,0.937121591691038,0.7751779660366319,0.827190380532151,0.7654169602650127,0.5933343624281741
wired,infinity,wired_infinity_14,2,undergraduate,0,5,partner,1.012380451696491,0.9956956773873555,0.9835192646379535,0.581716236834951,0.5792123424825999
wired,infinity,wired_infinity_14,2,undergraduate,0,6,expert,1.0176550779809985,0.9933737309666585,0.9761399048256214,0.8835246051410446,0.8776701334098032
wired,infinity,wired_infinity_14,2,undergraduate,1,13,partner,1.282045293464381,1.2708709021061138,0.9912839340261819,0.39663036601440804,0.5040659910594089
wired,infinity,wired_infinity_14,2,undergraduate,1,14,expert,0.8614895583182491,0.814733407655227,0.9457263872643534,0.33335741104004624,0.271597419463781
wired,infinity,wired_infinity_14,2,undergraduate,1,15,partner,0.9539340344904508,0.900124429693021,0.9435919016904392,0.25190068251573144,0.2267419581887555
wired,infinity,wired_infinity_14,2,undergraduate,1,16,expert,0.8743734691222051,0.86928775189818,0.9941835869858621,0.4130103313948812,0.35902482248897855
wired,infinity,wired_infinity_14,2,undergraduate,1,17,partner,0.8454740161452781,0.8107990569874154,0.958987551957051,0.5289961941689462,0.42890961538211325
wired,infinity,wired_infinity_14,2,undergraduate,1,18,expert,0.9769716421309226,0.9735741115057239,0.9965223856254573,0.35909238404985433,0.34960304874980913
wired,infinity,wired_infinity_14,2,undergraduate,1,19,partner,0.8011668922889257,0.8010587134726165,0.9998649734301925,0.3343922488872467,0.26786782468883286
wired,infinity,wired_infinity_14,2,undergraduate,1,20,expert,0.7279284753508938,0.7165819292249911,0.9844125535528507,0.40723028484663404,0.2918138631542437
wired,infinity,wired_infinity_14,2,undergraduate,1,21,partner,1.1216833808341542,1.0757745894030588,0.9590715239108617,0.24808640908492602,0.26688505486981556
wired,infinity,wired_infinity_14,2,undergraduate,1,22,expert,0.9489488900894325,0.9218028520806134,0.9713935720950871,0.5228939515685098,0.48200513589155447
wired,infinity,wired_infinity_14,2,undergraduate,1,23,partner,1.2839397335566811,1.2681128642054147,0.9876731991863733,0.25170229184331594,0.3191869142364946
wired,infinity,wired_infinity_14,2,undergraduate,1,24,expert,0.8460833746677666,0.8061324684417631,0.9527813600608287,0.49529395078588734,0.3992725351513005
wired,infinity,wired_infinity_14,2,undergraduate,1,25,partner,1.1385361613860545,1.1217560387305192,0.9852616691277574,0.23578494949293302,0.2644931909354681
wired,infinity,wired_infinity_14,2,undergraduate,1,26,expert,0.8112292764734322,0.7916613610573101,0.975878686846506,0.5688690700113379,0.45035166222858203
wired,infinity,wired_infinity_14,2,undergraduate,1,27,partner,1.215732882331828,1.1829525502150757,0.9730365670007614,0.259216971177949,0.30664137711398254
wired,infinity,wired_infinity_14,2,undergraduate,1,28,expert,0.8871387133557075,0.8870385673370936,0.9998871134602673,0.37433953529399233,0.33205360508481635
wired,infinity,wired_infinity_14,2,undergraduate,1,29,partner,0.9691688615628434,0.9573670290240167,0.9878227283109536,0.2328380310871373,0.2229114540656943
wired,infinity,wired_infinity_14,2,undergraduate,1,30,expert,0.8741716669202974,0.8592516997644848,0.9829324516895424,0.3269630782658826,0.2809435807601879
wired,infinity,wired_infinity_14,2,undergraduate,1,31,partner,1.2399760201304233,1.2178521012594166,0.9821577848984032,0.21044517550530067,0.25629109918903714
wired,infinity,wired_infinity_14,2,undergraduate,1,32,expert,0.9273302120660599,0.9218789533254607,0.9941215559779422,0.4435216784434298,0.4088733007005806
wired,infinity,wired_infinity_15,3,graduate,0,4,expert,1.0520708594795185,1.0444464550145642,0.9927529553762956,0.6546278100094434,0.6837236955183108
wired,infinity,wired_infinity_15,3,graduate,0,5,partner,1.226513337907828,1.217467230835296,0.9926245342843517,0.6845914597001838,0.8334676686946759
wired,infinity,wired_infinity_15,3,graduate,0,6,expert,0.9332249321251764,0.7308460164725524,0.7831402605237497,0.5185422519101346,0.37897453918122864
wired,infinity,wired_infinity_15,3,graduate,0,7,partner,1.230533054748099,1.2160817929676726,0.9882560962294726,0.2831245975331827,0.34430266820140354
wired,infinity,wired_infinity_15,3,graduate,0,8,expert,0.9354508443200487,0.8613832338660429,0.9208214831333397,0.5540528107302455,0.4772518018393894
wired,infinity,wired_infinity_15,3,graduate,0,9,partner,1.0874054017741048,1.0643195176031075,0.97876975400866,0.22096567787559296,0.23517808368339474
wired,infinity,wired_infinity_15,3,graduate,0,10,expert,0.8267705908592504,0.8113657431444589,0.9813674459564861,0.5498869950154833,0.44615947035621095
wired,infinity,wired_infinity_15,3,graduate,0,11,partner,0.7502563932400802,0.6962214341505057,0.9279780091481188,0.45500651106066625,0.316785285678475
wired,infinity,wired_infinity_15,3,graduate,0,12,expert,0.8024380006216655,0.7865975970779672,0.9802596542880488,0.3837881028546315,0.30188679949256486
wired,infinity,wired_infinity_15,3,graduate,0,13,partner,1.2441834957943037,1.222092737668531,0.9822447748250737,0.33128484913006373,0.40486080822146586
wired,infinity,wired_infinity_15,3,graduate,0,14,expert,0.8319629757671876,0.8159809077778316,0.9807899288119174,0.36952142118000797,0.30152242469781737
wired,infinity,wired_infinity_15,3,graduate,0,15,partner,1.0488150651345172,1.0108222515486778,0.9637754883107724,0.6451168388125885,0.6520984555205062
wired,infinity,wired_infinity_15,3,graduate,0,16,expert,1.2687067292349115,1.2258446426631395,0.9662159224152724,0.2760529573737349,0.338398038887909
wired,infinity,wired_infinity_15,3,graduate,0,17,partner,1.0103179736236705,0.9822901078079147,0.9722583715736526,0.25560814082851163,0.25108134821101935
wired,infinity,wired_infinity_15,3,graduate,1,24,expert,0.8205573978472039,0.811102368675682,0.9884773092079647,0.5977148477597262,0.4848079288105385
wired,infinity,wired_infinity_16,4,expert,0,4,expert,0.8816074761403778,0.7939629513737372,0.9005855472650443,0.3940771263321976,0.3128826382915927
wired,infinity,wired_infinity_16,4,expert,0,5,partner,0.788136311898682,0.772819036409994,0.9805651950577331,0.3729245744818793,0.28820321030469304
wired,infinity,wired_infinity_16,4,expert,0,6,expert,0.81952680535788,0.8076427422943234,0.9854988720480565,0.808659277040619,0.6531077960908306
wired,infinity,wired_infinity_16,4,expert,0,7,partner,0.6704891038557587,0.6436038832410713,0.9599020767659917,0.32370162908818656,0.2083356254926178
wired,infinity,wired_infinity_16,4,expert,0,8,expert,0.7862652662859493,0.7650866580229779,0.9730642962724464,0.2615624259459952,0.20011792233140413
wired,internet,wired_internet_12,0,child,0,4,expert,1.142160252448115,1.0697972713353543,0.936643758212918,0.6810444948259711,0.7285795422227886
wired,internet,wired_internet_12,0,child,1,11,partner,1.1198491979549652,1.093576153678578,0.9765387658219135,0.36334780121845134,0.39734849090404256
wired,internet,wired_internet_12,0,child,1,12,expert,1.2504804767281616,1.2361143217655164,0.9885114919976821,0.5164551550818144,0.6383976137462616
wired,internet,wired_internet_12,0,child,1,13,partner,1.1117600996148942,1.0981038102705805,0.9877165142461651,0.5272856952859932,0.5790144310947214
wired,internet,wired_internet_12,0,child,1,14,expert,0.9865464023686035,0.9466189594651084,0.9595280639526002,0.4789590378812846,0.45339170606559104
wired,internet,wired_internet_12,0,child,1,15,partner,0.9568897835591864,0.8484301220450707,0.886653966445767,0.5504671748002519,0.46703293229758297
wired,internet,wired_internet_12,0,child,1,16,expert,0.918729396967259,0.8835108389214678,0.9616660159531089,0.45898455171340824,0.4055178263363071
wired,internet,wired_internet_12,0,child,1,17,partner,1.1303914576668983,1.1302222176656629,0.9998502819522498,0.2613691409379609,0.2954052101002713
wired,internet,wired_internet_12,0,child,1,18,expert,0.9137496040231863,0.8553494641534759,0.9360873705296133,0.4779315517445739,0.40879849668676055
wired,internet,wired_internet_12,0,child,1,19,partner,1.0263926138115425,1.0199392959304878,0.9937126224456314,0.437162127201314,0.44587883222518254
wired,internet,wired_internet_12,0,child,1,20,expert,1.1807284368434587,1.1737307524141283,0.9940734175514294,0.5657903896859378,0.6640855797947586
wired,internet,wired_internet_12,0,child,1,21,partner,1.1705647604923994,1.1352640551111683,0.9698430137540176,0.4769620950920372,0.5414779222085048
wired,internet,wired_internet_12,0,child,1,22,expert,1.2130267823823992,1.206452616699285,0.9945803622973624,0.6475846035417525,0.7812801394771164
wired,internet,wired_internet_12,0,child,1,23,partner,0.9987617924022681,0.758991883538943,0.759932838152149,0.3529869483023058,0.26791422875663057
wired,internet,wired_internet_12,0,child,1,24,expert,1.0175285312705722,1.0125704231448753,0.9951273030934071,0.6071927522161398,0.6148254220419981
wired,internet,wired_internet_13,1,teenager,0,4,expert,1.000096681346906,0.9388109400679275,0.9387201833352959,0.5000706310268501,0.4694717792146789
wired,internet,wired_internet_13,1,teenager,0,5,partner,1.1858318138522734,1.1856664581932999,0.999860557240882,0.3088513060767802,0.36619463418443077
wired,internet,wired_internet_13,1,teenager,0,6,expert,0.861844380175776,0.8507732262739429,0.9871541148756319,0.5750589342999415,0.4892447448320166
wired,internet,wired_internet_13,1,teenager,0,7,partner,1.101610947430491,1.0953087810550348,0.9942791360315089,0.5772749175504566,0.6322942862758363
wired,internet,wired_internet_13,1,teenager,0,8,expert,0.870482747031006,0.8300534781516207,0.9535553472849028,0.2907358897707695,0.2413263365277334
wired,internet,wired_internet_13,1,teenager,0,9,partner,1.118655660415238,1.0693266243110113,0.9559032883390837,0.48165944253149895,0.5150512657497314
wired,internet,wired_internet_13,1,teenager,0,10,expert,0.830596152429137,0.7709261784564251,0.9281600645522725,0.3978883509655099,0.30674254586216937
wired,internet,wired_internet_13,1,teenager,0,11,partner,1.2279345655390737,1.2264855003448685,0.9988199166015268,0.5344467388551052,0.6554911759123869
wired,internet,wired_internet_13,1,teenager,0,12,expert,0.9721059292532875,0.8948751477453452,0.9205531216457172,0.387147901330098,0.3464490354020718
wired,internet,wired_internet_14,2,undergraduate,0,4,expert,1.0448987692215126,1.0404741058196392,0.99576546213547,0.5705028334291062,0.5935934254797198
wired,internet,wired_internet_14,2,undergraduate,0,5,partner,0.8535925093549996,0.7576489104779329,0.887600233335632,0.3929764567393701,0.2977381842920623
wired,internet,wired_internet_14,2,undergraduate,0,6,expert,1.161241898498536,1.051984177581076,0.9059130392559603,0.823514653631745,0.8663243856267561
wired,internet,wired_internet_14,2,undergraduate,0,7,partner,1.1586671814368166,1.00493215525973,0.867317355112006,0.4674675527477562,0.46977317529679413
wired,internet,wired_internet_14,2,undergraduate,0,8,expert,1.164548920506048,1.1328762349333585,0.9728026148013609,0.6779349211481769,0.7680163610001899
wired,internet,wired_internet_14,2,undergraduate,0,9,partner,1.096123914703476,1.0720748527209711,0.9780599057634932,0.540746058656567,0.5797202511936846
wired,internet,wired_internet_14,2,undergraduate,0,10,expert,1.0327934770194633,0.9695473920993437,0.9387621181501066,0.5891168902109956,0.5711767445457462
wired,internet,wired_internet_14,2,undergraduate,0,11,partner,1.2463551229782268,1.2451228057951775,0.9990112631935081,0.40744375295790725,0.5073175088866666
wired,internet,wired_internet_14,2,undergraduate,0,12,expert,0.9765074212190427,0.9674279998636133,0.9907021481259348,0.46589376713714664,0.45071867529041376
wired,internet,wired_internet_14,2,undergraduate,0,13,partner,1.0853549117887515,1.0490429760031077,0.9665437218810154,0.22597575400067527,0.23705827748141456
wired,internet,wired_internet_14,2,undergraduate,0,14,expert,0.92769894229576,0.9229888738159956,0.9949228480641539,0.5333423821348919,0.4922690846450243
wired,internet,wired_internet_14,2,undergraduate,0,15,partner,1.1223592625184091,1.1185774415002543,0.9966304719482907,0.437843210125048,0.4897615377599344
wired,internet,wired_internet_14,2,undergraduate,0,16,expert,1.0606728187843233,1.0561279726843953,0.9957151290950089,0.2859767776788038,0.30202807444473107
wired,internet,wired_internet_14,2,undergraduate,0,17,partner,1.2555055883782082,1.200751719927566,0.9563889886604752,0.4095378920342815,0.4917533282356733
wired,internet,wired_internet_14,2,undergraduate,0,18,expert,0.9102279404157089,0.8839638333987233,0.9711455715082075,0.4583806790950609,0.4051919422487801
wired,internet,wired_internet_14,2,undergraduate,0,19,partner,0.970559250256529,0.9635296458639419,0.9927571609958672,0.3630954054031155,0.3498531873828883
wired,internet,wired_internet_14,2,undergraduate,0,20,expert,1.1955511491783741,1.1564088057239108,0.9672600009775151,0.2795441015201,0.3232672605860225
wired,internet,wired_internet_14,2,undergraduate,1,27,partner,1.234211022635157,1.1788160328465973,0.9551170838911798,0.3898619313446168,0.4595754952655736
wired,internet,wired_internet_14,2,undergraduate,1,28,expert,0.9648836076928198,0.9234236693332132,0.9570311506693533,0.5485565525915707,0.5065501046308859
wired,internet,wired_internet_14,2,undergraduate,1,29,partner,1.2749142798264406,1.2635170536493956,0.9910603980531243,0.42751095521685856,0.5401673825384439
wired,internet,wired_internet_15,3,graduate,0,4,partner,1.1819466841890978,1.1294144933772947,0.9555545173775756,0.6127245121680988,0.6920199444901833
wired,internet,wired_internet_15,3,graduate,0,5,expert,1.1885486862251733,1.167883231975104,0.982612866859762,0.3627662384919921,0.4236686070614791
wired,internet,wired_internet_15,3,graduate,0,6,partner,0.964579779543098,0.9592954502882973,0.9945216255120978,0.5600031290326426,0.5372084538282244
wired,internet,wired_internet_15,3,graduate,0,7,expert,1.0649626573986917,1.0524041007352336,0.9882075145290801,0.5887080641591586,0.6195587808569994
wired,internet,wired_internet_15,3,graduate,0,8,partner,1.0010719155952688,0.9777711080450485,0.976724142203768,0.30102889217209716,0.29433735345268486
wired,internet,wired_internet_15,3,graduate,0,9,expert,0.875974420404847,0.8754967924410976,0.9994547466756757,0.6229514603788726,0.5453920054082004
wired,internet,wired_internet_15,3,graduate,0,10,partner,0.875412179452602,0.8569968460104439,0.9789638139891403,0.47243185038767155,0.4048726057371124
wired,internet,wired_internet_15,3,graduate,0,11,expert,1.3174923558317977,1.31149682417538,0.9954492854316198,0.3539216365452396,0.46416710233603486
wired,internet,wired_internet_15,3,graduate,0,12,partner,0.9845441250881878,0.9748328514167047,0.99013627380936,0.2349731650611826,0.22905956050300064
wired,internet,wired_internet_16,4,expert,0,4,expert,1.2444693255728754,1.2389235709534616,0.9955436791357983,0.33495909659456785,0.4149887200762875
wired,internet,wired_internet_16,4,expert,0,5,partner,0.8886254037257441,0.809479850387624,0.9109348517303275,0.6411716965328008,0.5190155689821507
wired,internet,wired_internet_16,4,expert,0,6,expert,1.0314769217548931,1.0184997644035778,0.9874188582617784,0.5069554913385017,0.516334048491364
wired,internet,wired_internet_16,4,expert,0,7,partner,0.9629773905325596,0.9425280372879704,0.9787644513291649,0.4760324072992463,0.44867389053722634
wired,internet,wired_internet_16,4,expert,0,8,expert,0.7822594825503758,0.7707717298439851,0.9853146520257923,0.2772230680156408,0.2136757036870722
wired,internet,wired_internet_16,4,expert,0,9,partner,0.8340540190936713,0.8135649914238233,0.975434411678649,0.5148957473252278,0.41890115425681207
wired,internet,wired_internet_16,4,expert,0,10,expert,1.127740360743794,1.1246728951017309,0.9972799894817658,0.3921116619696808,0.44099735807059215
wired,internet,wired_internet_16,4,expert,0,11,partner,0.9952514461964319,0.991887840647371,0.9966203459809958,0.32696606498989433,0.3243136641677943
wired,internet,wired_internet_16,4,expert,0,12,expert,0.9579610767816888,0.9387248640665398,0.979919630157883,0.4348448950669074,0.4081997150117114
wired,internet,wired_internet_16,4,expert,0,13,partner,0.742819785131537,0.7384429143599069,0.9941077622591203,0.30269886605855273,0.2235258328257168
wired,internet,wired_internet_16,4,expert,0,14,expert,0.9976689347078449,0.9444089123614786,0.9466155349791368,0.41342724995044045,0.3904443794662926
wired,internet,wired_internet_16,4,expert,0,15,partner,0.9076317320733808,0.8662714194840414,0.9544305128074237,0.5609321350483039,0.4859194768625082
wired,internet,wired_internet_16,4,expert,0,16,expert,0.945443654970692,0.9311217786418943,0.9848516870841694,0.5449245614701421,0.5073911269017329
wired,internet,wired_internet_16,4,expert,0,17,partner,1.2495742231266012,1.2433763288731958,0.9950399951121811,0.4151791688613505,0.5162239508034506
wired,internet,wired_internet_16,4,expert,0,18,expert,1.1623448928728493,1.1420056242122025,0.982501520171557,0.35978514889380586,0.410876663544751
wired,internet,wired_internet_16,4,expert,0,19,partner,1.1083097065795735,1.0976391262502154,0.9903722034851795,0.1796175452707018,0.19715524545014165
wired,internet,wired_internet_16,4,expert,0,20,expert,1.1014125698871142,1.0763886836422443,0.977280188250973,0.4690046579617816,0.5048313064055631
wired,internet,wired_internet_16,4,expert,0,21,partner,0.9444297498888168,0.9282835483523817,0.9829037559020999,0.5848645994074053,0.5429201856436005
wired,internet,wired_internet_16,4,expert,0,22,expert,1.2934275991605688,1.28211860957143,0.9912565731568821,0.12312090930299821,0.15785560904473023
wired,internet,wired_internet_16,4,expert,0,23,partner,0.9345703451544318,0.8848244238224621,0.9467713462225293,0.328248935091896,0.29044267486302366
wired,internet,wired_internet_16,4,expert,0,24,expert,0.8178830662934417,0.8166877365781626,0.9985385078068744,0.3952509685815462,0.32279661891118944
wired,internet,wired_internet_16,4,expert,0,25,partner,0.8557694446112918,0.8217549875542094,0.9602527792126386,0.28818531149765114,0.23681771706305826
wired,laser,wired_laser_12,0,child,0,4,expert,1.1028939388093033,0.8250651797190852,0.7480911361332593,0.6025142009102309,0.49711348745730066
wired,laser,wired_laser_12,0,child,0,5,partner,1.0100897529201742,0.9161840272923903,0.9070322955388775,0.4701521479075405,0.430745888310098
wired,laser,wired_laser_12,0,child,0,6,expert,0.9863912079834792,0.9782589367893251,0.9917555315484097,0.5490227310034304,0.5370863931045874
wired,laser,wired_laser_12,0,child,0,7,partner,1.259433243324175,1.235460266188691,0.9809652657149257,0.3204395741806766,0.3958903616146495
wired,laser,wired_laser_12,0,child,0,8,expert,0.9883669350654154,0.9445072912607761,0.9556241288032445,0.4961895551770116,0.46865465271212864
wired,laser,wired_laser_12,0,child,0,9,partner,1.0096488674213095,0.9751568305246715,0.9658375916513449,0.11963445849271409,0.11666235936529044
wired,laser,wired_laser_12,0,child,0,10,expert,0.9674307447985191,0.8025408978511467,0.8295590171857289,0.8349785849093168,0.670104463219603
wired,laser,wired_laser_12,0,child,1,17,partner,1.2091804491125182,1.1739824622885655,0.9708910387603791,0.614392404763805,0.7212859081560048
wired,laser,wired_laser_12,0,child,1,18,expert,0.9735528261829229,0.9573045173824333,0.983310295687622,0.2982492808574708,0.2855153838709189
wired,laser,wired_laser_12,0,child,1,19,partner,1.0115723797611085,0.3316637286684327,0.3278694983214449,1.0,0.3316637286684327
wired,laser,wired_laser_12,0,child,2,26,expert,1.1378844406249282,1.1106494756205938,0.9760652628395612,0.2953889511214496,0.32807358366715517
wired,laser,wired_laser_12,0,child,2,27,partner,0.9809868912430516,0.3559406307810005,0.3628393345089552,1.0,0.3559406307810005
wired,laser,wired_laser_12,0,child,2,28,expert,1.0900948464979967,1.020995498660162,0.9366116186488196,0.5695754247325622,0.5815339447993958
wired,laser,wired_laser_12,0,child,2,29,partner,1.0957670088416893,1.075442542692205,0.9814518360322324,0.39427862247723355,0.424024004286096
wired,laser,wired_laser_12,0,child,2,30,expert,0.8271433217736005,0.8126195489786265,0.9824410444796752,0.5092774572379113,0.41384881760565323
wired,laser,wired_laser_12,0,child,2,31,partner,1.1138493267918903,1.1076813047595118,0.9944624269324306,0.3780658039710747,0.41877642302763385
wired,laser,wired_laser_12,0,child,2,32,expert,1.0525001359114097,1.0267529355434348,0.9755371049461625,0.3835766572147075,0.39383845880113877
wired,laser,wired_laser_13,1,teenager,0,4,expert,0.8922233720855393,0.82022622888556,0.9193059210804937,0.5819007297033649,0.47729024111034657
wired,laser,wired_laser_13,1,teenager,0,5,partner,1.3870898213811007,1.33744509925857,0.9642094395343017,0.3108634691131427,0.4157628233038906
wired,laser,wired_laser_13,1,teenager,0,6,expert,0.9903223540337213,0.9747106570452175,0.9842357421036703,0.3072771372012074,0.2995063002963623
wired,laser,wired_laser_13,1,teenager,0,7,partner,1.2326795586239667,1.2112182173568469,0.9825896834923914,0.3496445431174249,0.42349584022323655
wired,laser,wired_laser_13,1,teenager,0,8,expert,0.7427898698762258,0.7318567015394617,0.9852809404366659,0.6538151694242773,0.4784990133113159
wired,laser,wired_laser_13,1,teenager,1,15,partner,1.0004495413920491,0.9702815137134169,0.9698455280037155,0.370740593799708,0.35972274454699166
wired,laser,wired_laser_13,1,teenager,1,16,expert,1.0802171679354449,1.068619151531209,0.9892632548810607,0.5885249264708723,0.6289090075802707
wired,laser,wired_laser_13,1,teenager,1,17,partner,1.0419579844980202,0.9401603619043816,0.9023016051423766,0.2429667971506455,0.22842775193989934
wired,laser,wired_laser_13,1,teenager,1,18,expert,0.938942556286449,0.9091850492262618,0.9683074253457554,0.46404851807579495,0.42190597475011543
wired,laser,wired_laser_13,1,teenager,1,19,partner,0.961544490646011,0.9323641790171553,0.9696526661910146,0.3067728100791258,0.28602397921420986
wired,laser,wired_laser_13,1,teenager,1,20,expert,0.6650035463260692,0.6298999835924443,0.9472129691209799,0.4691847017257462,0.2955394359188734
wired,laser,wired_laser_13,1,teenager,1,21,partner,1.1145180874101863,1.1139692925566032,0.9995075944834076,0.2446532020353577,0.27253615439303513
wired,laser,wired_laser_13,1,teenager,1,22,expert,0.6484445979183404,0.6322438116223279,0.9750159283476247,0.4475614364357054,0.2829679485072746
wired,laser,wired_laser_13,1,teenager,1,23,partner,0.9439642244448615,0.9209129257760972,0.9755803259564247,0.6509049651540806,0.5994267958622329
wired,laser,wired_laser_14,2,undergraduate,0,4,expert,0.9464245100115706,0.9178535903325514,0.9698117289041472,0.6897101771903719,0.6330529624230831
wired,laser,wired_laser_14,2,undergraduate,0,5,partner,1.0338586781323553,1.0107514622128804,0.977649541074419,0.37552743151872314,0.3795649005085967
wired,laser,wired_laser_14,2,undergraduate,0,6,expert,1.0513211822143462,0.9512542504091154,0.9048179248178281,0.6597180777712139,0.6275596255515986
wired,laser,wired_laser_14,2,undergraduate,0,7,partner,1.1480409174443982,1.1313254587287231,0.9854400148438349,0.32258911584038547,0.3649532794590173
wired,laser,wired_laser_14,2,undergraduate,0,8,expert,1.0669452346566752,0.9451637699186931,0.8858596854054508,0.8064678536214744,0.7622441968471095
wired,laser,wired_laser_14,2,undergraduate,0,9,partner,1.0738331046080891,1.0401511756681645,0.9686339257037656,0.322814046068931,0.3357754095407956
wired,laser,wired_laser_14,2,undergraduate,0,10,expert,1.0711704736729375,1.0399151618382452,0.9708213467381229,0.46139913649248376,0.4798159576976078
wired,laser,wired_laser_14,2,undergraduate,0,11,partner,1.2829629053686153,1.2562016835406602,0.9791410790468291,0.3089406364468301,0.388091747618631
wired,laser,wired_laser_15,3,graduate,0,4,expert,1.1783282953038385,1.132071190948598,0.9607434493930458,0.8221266262943194,0.9307058689395632
wired,laser,wired_laser_15,3,graduate,0,5,partner,0.9943831895947192,0.83123997588741,0.8359352657855798,0.41809223144714874,0.3475349763868414
wired,laser,wired_laser_15,3,graduate,0,6,expert,0.8640997350727642,0.8196661980233735,0.9485782309068784,0.720350516878174,0.5904469694137048
wired,laser,wired_laser_15,3,graduate,0,7,partner,1.318293588263377,1.2991013432657899,0.9854416002858246,0.2200512079147384,0.28586881978929624
wired,laser,wired_laser_15,3,graduate,0,8,expert,0.9043775980866932,0.8819582884428191,0.9752102333225859,0.7090232337126521,0.6253289176714035
wired,laser,wired_laser_15,3,graduate,0,9,partner,1.0283383994078663,1.0223715277946746,0.9941975602412378,0.3071332176479668,0.31400425696324613
wired,laser,wired_laser_15,3,graduate,0,10,expert,1.0764986200555873,1.0635301193015358,0.9879530725693175,0.5198394516801403,0.5528649140630246
wired,laser,wired_laser_15,3,graduate,0,11,partner,1.1018573674779404,1.0638037818514734,0.9654641455867069,0.5610594332494796,0.5968571469342407
wired,laser,wired_laser_15,3,graduate,0,12,expert,1.2417862983220864,1.2285762792344104,0.9893620833902621,0.43347587178217317,0.5325581736920346
wired,laser,wired_laser_15,3,graduate,0,13,partner,1.2305201555860246,1.2059368564441209,0.9800220264322479,0.39347806744929126,0.4745097037395061
wired,laser,wired_laser_15,3,graduate,0,14,expert,1.0699509229818784,1.0503426292657443,0.9816736512900339,0.3581969452298797,0.37622952124770964
wired,laser,wired_laser_15,3,graduate,1,21,partner,1.0600314299340787,0.9952892606062835,0.9389242927138864,0.4400805470129181,0.43800744224369603
wired,laser,wired_laser_16,4,expert,0,4,partner,0.8124029387433528,0.41027183399211437,0.5050102780600833,1.0,0.41027183399211437
wired,laser,wired_laser_16,4,expert,0,5,expert,1.2859015029143388,1.2720728012225142,0.9892459090673175,0.24241807762472695,0.3083734430710633
wired,laser,wired_laser_16,4,expert,0,6,partner,1.0446758778357184,1.0208992901284177,0.9772402252098168,0.7149335959777018,0.7298752006225928
wired,laser,wired_laser_16,4,expert,1,13,expert,1.1886828714036188,1.1577323807972426,0.9739623651085312,0.3241477228069558,0.3752763148553016
wired,laser,wired_laser_16,4,expert,1,14,partner,0.9293187934749917,0.8256910877554007,0.8884906810794329,0.27719320164358985,0.22887595618349782
wired,laser,wired_laser_16,4,expert,1,15,expert,1.1421259889096769,1.0692910992494347,0.9362286732213231,0.5166088722704102,0.5524052689120377
wired,laser,wired_laser_16,4,expert,1,16,partner,1.1081020637767065,1.0999034386761688,0.9926012004042414,0.3943055834502155,0.43369806712610504
wired,laser,wired_laser_16,4,expert,1,17,expert,1.2080601648438483,1.1355315766266332,0.9399627681395073,0.35482034885032776,0.40290971014922466
wired,laser,wired_laser_16,4,expert,1,18,partner,0.8087696766831269,0.7881147712181545,0.9744613255647079,0.5624818381258228,0.4433002451688998
wired,laser,wired_laser_16,4,expert,1,19,expert,1.1012448774410233,1.0978058329367963,0.9968771300773582,0.3428445505578166,0.37637674739296545
wired,laser,wired_laser_16,4,expert,1,20,partner,1.1170509584164243,1.1128969961927049,0.9962813135842928,0.4225182086697621,0.4702192452653007
wired,laser,wired_laser_16,4,expert,1,21,expert,1.1013340358512753,1.1004692924673447,0.9992148218825713,0.5243167647606738,0.5769944991449459
wired,laser,wired_laser_16,4,expert,1,22,partner,1.0721692204395188,1.0230828166929804,0.9542176712297612,0.37399415946509185,0.38262699809226985
wired,laser,wired_laser_16,4,expert,1,23,expert,1.2487883724687683,1.2293492897085196,0.9844336452918733,0.262623153202857,0.322855586850944
wired,laser,wired_laser_16,4,expert,1,24,partner,1.0603702203308767,1.0009483478914851,0.9439612021339173,0.2828380442417875,0.28310627310467595
wired,laser,wired_laser_16,4,expert,1,25,expert,1.0481384449605713,1.0335944402689352,0.9861239660060658,0.34467370758222693,0.35625282786387047
wired,laser,wired_laser_16,4,expert,1,26,partner,1.0594626239955822,0.969178984220159,0.9147835537266537,0.48657748160889736,0.4715806693701142
wired,laser,wired_laser_16,4,expert,1,27,expert,1.0863307974813734,1.0299376510417835,0.9480884215275089,0.376171266789861,0.3874329509069615
wired,laser,wired_laser_16,4,expert,1,28,partner,1.013840690412394,0.851118866075089,0.8394996118453727,0.3022823921565452,0.2572782468467441
wired,laser,wired_laser_16,4,expert,1,29,expert,0.9114451486187318,0.8746282769259586,0.9596060478795375,0.30120458968271846,0.2634420512763864
wired,laser,wired_laser_16,4,expert,1,30,partner,1.1574443378465429,1.1408269018303123,0.9856429933830482,0.4449601485905599,0.5076225077545239
wired,laser,wired_laser_16,4,expert,1,31,expert,1.0777780443018266,1.0414072278633495,0.9662538899992121,0.14344935110322565,0.14938919107120655
wired,laser,wired_laser_16,4,expert,1,32,partner,0.9633676023630302,0.7806670865483464,0.8103522317261337,0.41020819484014875,0.32023603634411535
wired,laser,wired_laser_16,4,expert,1,33,expert,0.9259733136251681,0.9136310768756044,0.9866710664670986,0.277081837176826,0.25315057728253443
wired,laser,wired_laser_16,4,expert,1,34,partner,0.7892042755002984,0.7176611299106826,0.9093477470770519,0.5265492202170177,0.3778839083345338
wired,laser,wired_laser_16,4,expert,1,35,expert,1.0530699070811114,1.0521501924317433,0.9991266347616784,0.29007631758168684,0.3052038533634633
wired,laser,wired_laser_16,4,expert,1,36,partner,0.7252778954857465,0.6912872739939819,0.9531343479454136,0.39101906018690846,0.2703065001962967
wired,laser,wired_laser_16,4,expert,1,37,expert,0.7869000779018774,0.7818553962250975,0.9935891712055434,0.3639511018799848,0.28455713296693635
wired,laser,wired_laser_16,4,expert,1,38,partner,1.1328611195768479,1.1021319013842112,0.9728746819335738,0.410843706809337,0.45280395575751203
wired,laser,wired_laser_16,4,expert,1,39,expert,1.1647852082097974,1.1372740068457086,0.9763808802076493,0.5303897830446138,0.603198513753174
wired,machine,wired_machine_12,0,child,0,4,expert,1.2603348511936605,1.2546892675737464,0.9955205685095808,0.618449914668896,0.7759624704669631
wired,machine,wired_machine_12,0,child,0,5,partner,1.0749910612538447,1.067841475694779,0.9933491674324063,0.4678434059707034,0.49958259302582747
wired,machine,wired_machine_12,0,child,0,6,expert,1.190744206609804,1.0429695149268723,0.8758971986901029,0.4237281601282924,0.4419355536298612
wired,machine,wired_machine_12,0,child,0,7,partner,1.0306338484979436,0.9462468019508623,0.9181212157246863,0.4313014279604575,0.4081175968844231
wired,machine,wired_machine_12,0,child,0,8,expert,1.2656902708669064,1.2529300455617565,0.9899183666021228,0.565706015269067,0.7087900634856319
wired,machine,wired_machine_12,0,child,0,9,partner,1.0139567940448972,0.8348004204864848,0.8233096571654286,0.3920868074267707,0.3273142317070716
wired,machine,wired_machine_12,0,child,0,10,expert,1.1957262250158573,1.171526865027306,0.9797617887077703,0.3004820230901829,0.3520227625079046
wired,machine,wired_machine_12,0,child,0,11,partner,1.0759658043869609,0.951848266416727,0.8846454622767167,0.5864451939985774,0.5582068412559671
wired,machine,wired_machine_12,0,child,1,18,expert,0.9387818986308962,0.8719530916696072,0.9288132770138838,0.5143210871221905,0.4484638620270674
wired,machine,wired_machine_12,0,child,1,19,partner,1.222905007067759,1.2140331529708261,0.9927452630853166,0.5527616396186406,0.6710709561875418
wired,machine,wired_machine_12,0,child,1,20,expert,0.9423235833363703,0.7740909553552974,0.8214704259164844,0.3684715526525012,0.2852304962140244
wired,machine,wired_machine_12,0,child,1,21,partner,1.081714280452921,1.0253886838267885,0.9479293214068538,0.3903566704516275,0.4002673125374017
wired,machine,wired_machine_12,0,child,1,22,expert,1.0440633430907147,0.987760834897081,0.9460736663468052,0.5429776288952518,0.5363320360480114
wired,machine,wired_machine_12,0,child,2,29,partner,1.2230872583069012,1.1677341563213637,0.9547431292325645,0.5233341411224837,0.6111151517578289
wired,machine,wired_machine_12,0,child,2,30,expert,0.9775462360144159,0.972656639100596,0.994998091410233,0.5941210698327719,0.5778758030023944
wired,machine,wired_machine_12,0,child,2,31,partner,1.1278090925309066,0.9596448581988477,0.8508929964773259,0.3576163960799129,0.34318473570569097
wired,machine,wired_machine_12,0,child,2,32,expert,1.0923175868707986,1.0158359813663975,0.9299822630115928,0.6144265422238417,0.6241565894975185
wired,machine,wired_machine_13,1,teenager,0,4,partner,0.9770182169019551,0.9287599825425569,0.9506066176397696,0.4790750770442999,0.4449457601922381
wired,machine,wired_machine_13,1,teenager,0,5,expert,1.2350766369847925,1.1968073642458845,0.9690146573954275,0.6759075368005285,0.8089311175921687
wired,machine,wired_machine_13,1,teenager,1,12,partner,1.1147659736119955,1.112428063937233,0.9979027798380091,0.5529027283831935,0.6150645116809298
wired,machine,wired_machine_13,1,teenager,1,13,expert,1.166363515332997,1.158146988538956,0.9929554322584514,0.5587317395509437,0.6470934815620577
wired,machine,wired_machine_13,1,teenager,1,14,partner,1.1157971566873728,1.103534476950963,0.9890099381738838,0.5294910171281162,0.5843115926367091
wired,machine,wired_machine_13,1,teenager,1,15,expert,0.9315918444559718,0.8964027424727282,0.9622269106437322,0.6544959010893823,0.5866919206736817
wired,machine,wired_machine_13,1,teenager,1,16,partner,1.0750671451445957,1.059575138952066,0.9855897315219025,0.38874277895848874,0.411902184031553
wired,machine,wired_machine_13,1,teenager,1,17,expert,1.0096993792956483,1.007976339405148,0.9982935119830412,0.657470645142485,0.662714854157063
wired,machine,wired_machine_13,1,teenager,1,18,partner,1.2736309034014155,1.2685861928933195,0.9960391110991266,0.30188888898477917,0.382972076353995
wired,machine,wired_machine_13,1,teenager,1,19,expert,1.118540934885178,1.1102258317694482,0.9925661163955738,0.21894637337801226,0.24307991949650784
wired,machine,wired_machine_14,2,undergraduate,0,4,partner,0.9930116289185144,0.8729216301386534,0.8790648615952972,0.8786033068314936,0.7669518308445589
wired,machine,wired_machine_14,2,undergraduate,0,5,expert,1.1511587018743998,1.1074946383646505,0.9620694666690053,0.6549225337185234,0.7253231946374566
wired,machine,wired_machine_14,2,undergraduate,0,6,partner,1.0740804553732657,0.9656019610957116,0.8990033812311066,0.48547082291431043,0.4687715786608071
wired,machine,wired_machine_14,2,undergraduate,1,13,expert,1.0992370129334148,1.075469127612568,0.9783778338591435,0.5613313364054069,0.6036945226655199
wired,machine,wired_machine_14,2,undergraduate,1,14,partner,1.325023693854279,1.3171774772828893,0.9940784330055559,0.3980409650722243,0.5242905942290791
wired,machine,wired_machine_14,2,undergraduate,1,15,expert,1.2701247587467106,1.2445510712379884,0.9798652161265348,0.24662134997416862,0.3069328653005104
wired,machine,wired_machine_14,2,undergraduate,1,16,partner,0.962154579769977,0.9210234228509588,0.9572509887862212,0.3410577490726508,0.3141221754407363
wired,machine,wired_machine_14,2,undergraduate,1,17,expert,0.9667314918521188,0.956731824581376,0.9896562102755393,0.5139608805443137,0.4917227310066118
wired,machine,wired_machine_14,2,undergraduate,1,18,partner,0.9649368231312511,0.9604424389393187,0.9953423021225957,0.3542681574945571,0.3402541732226111
wired,machine,wired_machine_14,2,undergraduate,1,19,expert,0.9074491482426524,0.7875811196050819,0.8679066161772564,0.37106321728278546,0.29224238411183995
wired,machine,wired_machine_15,3,graduate,0,4,partner,0.9815651341660708,0.9664615056996113,0.9846127088853089,0.5298253736717978,0.5120558283967049
wired,machine,wired_machine_15,3,graduate,0,5,expert,1.0647062108629883,1.060960811783627,0.996482222943621,0.5368875042838763,0.5696166023815069
wired,machine,wired_machine_15,3,graduate,0,6,partner,1.1037382276342416,1.0988708147420885,0.9955900658586578,0.45014411496834206,0.49465023036661837
wired,machine,wired_machine_15,3,graduate,0,7,expert,1.0524224995747993,1.0463186939353353,0.994200232660434,0.43758407132015,0.45785239399060595
wired,machine,wired_machine_15,3,graduate,0,8,partner,1.163963561498542,1.1571173878261936,0.9941182233707312,0.35193098193022104,0.4072254585062047
wired,machine,wired_machine_15,3,graduate,0,9,expert,0.9185355429257029,0.9152760865880855,0.9964514641118493,0.27377558167563804,0.25058024299945475
wired,machine,wired_machine_15,3,graduate,0,10,partner,0.7975400482766549,0.7920722004745673,0.9931441087944163,0.23675725204597312,0.18752883760636568
wired,machine,wired_machine_15,3,graduate,0,11,expert,0.9840791952735798,0.9586527785510359,0.974162225107859,0.447204597454698,0.42871392993074375
wired,machine,wired_machine_16,4,expert,0,4,expert,0.8642477890876952,0.8546056836972592,0.988843355443694,0.5078510973753938,0.4340124342889018
wired,machine,wired_machine_16,4,expert,0,5,partner,0.9887073541295494,0.976948870330991,0.9881072151932171,0.5611764525462026,0.5482407013713656
wired,machine,wired_machine_16,4,expert,0,6,expert,1.0516257833985652,1.0463190986149717,0.9949538278079882,0.3943011316324685,0.41256480463254774
wired,machine,wired_machine_16,4,expert,0,7,partner,1.0725906337080051,1.0694706907051539,0.9970912080473213,0.5014471263739985,0.5362830045953147
wired,machine,wired_machine_16,4,expert,0,8,expert,0.8692502030463646,0.8682596831312441,0.9988604892899099,0.22249885148602394,0.1931867822883209
wired,machine,wired_machine_16,4,expert,0,9,partner,0.8504781771460772,0.7116246213247036,0.8367347222380745,0.5018312499326886,0.3571154732022522
wired,machine,wired_machine_16,4,expert,0,10,expert,0.8653769545763863,0.856727995714988,0.9900055590611122,0.37463699295869857,0.3209620000981959
wired,machine,wired_machine_16,4,expert,0,11,partner,1.08387648365758,1.0753911728543153,0.9921713304678195,0.38769859771124476,0.41692764970666885
wired,machine,wired_machine_16,4,expert,0,12,expert,0.8954107899438086,0.8809008847140606,0.9837952530908831,0.24447608610953375,0.21535920054531915
wired,machine,wired_machine_16,4,expert,0,13,partner,0.8055245281667707,0.7802997141750274,0.9686852316587813,0.4533703832483893,0.3537647804641408
wired,machine,wired_machine_16,4,expert,0,14,expert,1.0096769285393659,1.0019932772207165,0.9923899902013634,0.2771370519327361,0.2776894629053701
wired,machine,wired_machine_16,4,expert,0,15,partner,0.8728914543370757,0.8699299502510083,0.9966072481608688,0.3302302139366361,0.28727715358127764
wired,memory,wired_memory_12,0,child,0,4,expert,0.8179588315149559,0.7956105620859151,0.972678002157368,0.4212346920938877,0.33513877014690535
wired,memory,wired_memory_12,0,child,0,5,partner,1.1073959391954917,1.105917398113993,0.9986648487409375,0.4673487091211706,0.5168490684032183
wired,memory,wired_memory_12,0,child,1,12,expert,0.6897897506342716,0.6834465424404624,0.9908041425826242,0.3296446476592808,0.22529449467673995
wired,memory,wired_memory_12,0,child,1,13,partner,1.1674247630329804,1.1620779535084296,0.9954199964786979,0.14040640096604023,0.16316318309410002
wired,memory,wired_memory_12,0,child,1,14,expert,0.8015502711110881,0.7488502002973981,0.9342523198930832,0.6906663627455925,0.5172056440807123
wired,memory,wired_memory_13,1,teenager,0,4,expert,0.904796549677538,0.8567051334010269,0.9468483646466189,0.6758043107119734,0.5789650221614903
wired,memory,wired_memory_13,1,teenager,0,5,partner,1.2498198987104097,1.2483224335445176,0.9988018552365536,0.30451664377631676,0.3801349578136607
wired,memory,wired_memory_13,1,teenager,0,6,expert,1.0093284645170288,1.004880204742098,0.9955928521464465,0.5087579117577813,0.5112407545313215
wired,memory,wired_memory_13,1,teenager,0,7,partner,0.9748443554104563,0.9746809019127834,0.9998323286196761,0.27551218912256636,0.26853646898194833
wired,memory,wired_memory_13,1,teenager,0,8,expert,0.7379174078994688,0.717670998326376,0.9725627700914414,0.3697597802164624,0.26536587060888994
wired,memory,wired_memory_14,2,undergraduate,0,4,expert,0.9159257023876041,0.8880603502944928,0.9695768422903274,0.5319635917107038,0.4724157735985242
wired,memory,wired_memory_14,2,undergraduate,0,5,partner,0.9721058445140608,0.9290897851309785,0.9557496134533159,0.6973420125756116,0.647893340626679
wired,memory,wired_memory_14,2,undergraduate,0,6,expert,0.7685583692335921,0.7600394484759814,0.9889157140177984,0.25536043945655373,0.19408400756714334
wired,memory,wired_memory_14,2,undergraduate,0,7,partner,1.0168995701334327,0.8345361651286353,0.8206672415234778,0.2059651021774505,0.17188532652149707
wired,memory,wired_memory_14,2,undergraduate,0,8,expert,0.6490950814993084,0.5910238892744631,0.9105351528906669,0.49515362418138803,0.2926476207520298
wired,memory,wired_memory_14,2,undergraduate,0,9,partner,0.8073168634868041,0.805077601957508,0.9972262916438759,0.25417307168257763,0.20462904703238338
wired,memory,wired_memory_14,2,undergraduate,0,10,expert,0.6514056995213925,0.6302612468368002,0.9675402706775589,0.5787713557957468,0.36477715633725266
wired,memory,wired_memory_15,3,graduate,0,4,expert,0.9490543496668,0.8751489790570575,0.9221273569457725,0.44719646078345554,0.3913635260925706
wired,memory,wired_memory_15,3,graduate,0,5,partner,0.888938070798613,0.8772720076224154,0.9868764050495624,0.3899699303790235,0.3421097037359795
wired,memory,wired_memory_15,3,graduate,0,6,expert,0.9587468061090247,0.909605829260972,0.9487445730865742,0.3458115153492446,0.31455217018724296
wired,memory,wired_memory_15,3,graduate,0,7,partner,0.9187825477788738,0.9067467646739893,0.9869002919842487,0.21241815193671637,0.19260947202664547
wired,memory,wired_memory_15,3,graduate,0,8,expert,0.7758903137834543,0.7157198374163258,0.9224497647423343,0.44529059638269897,0.31870331324604406
wired,memory,wired_memory_15,3,graduate,0,9,partner,0.87596642366828,0.8716781468536567,0.9951045191918882,0.35069721134071064,0.30569509528821587
wired,memory,wired_memory_15,3,graduate,0,10,expert,0.8137886238303895,0.8092376065255292,0.9944076174419425,0.4966663513355989,0.4019210893965876
wired,memory,wired_memory_15,3,graduate,0,11,partner,0.8256968992676333,0.8252990809084151,0.9995182029137197,0.3908592488780789,0.322575778863632
wired,memory,wired_memory_15,3,graduate,0,12,expert,0.8095565378243146,0.8069178124365957,0.9967405298266045,0.28999213326356343,0.23399981779685633
wired,memory,wired_memory_16,4,expert,0,4,expert,0.9454091586883844,0.9112988091495129,0.9639200136508531,0.4085542307518202,0.37231498395712903
wired,memory,wired_memory_16,4,expert,0,5,partner,0.9514401654766899,0.9447361501576443,0.9929538235158701,0.45022784399251314,0.42534652002726336
wired,memory,wired_memory_16,4,expert,0,6,expert,0.9593001992679266,0.9454442937305473,0.9855562361511665,0.3782876846226513,0.35764993281502655
wired,memory,wired_memory_16,4,expert,0,7,partner,0.6631385267007966,0.6525106113652335,0.9839733103889734,0.599375909135027,0.3910991409072891
wired,memory,wired_memory_16,4,expert,0,8,expert,0.8870919252078193,0.881474019249069,0.9936670532104913,0.3876412198694369,0.3416956641049246
wired,memory,wired_memory_16,4,expert,0,9,partner,0.7983659527448774,0.7918627581231225,0.9918543687886638,0.4737819746114623,0.3751703011648517
wired,memory,wired_memory_16,4,expert,0,10,expert,0.6585680297434072,0.615968779183673,0.9353153377681162,0.4639375851811397,0.2857710679614479
wired,memory,wired_memory_16,4,expert,0,11,partner,0.7919280792113988,0.7780016536615442,0.982414532434934,0.46988860454744913,0.3655741113746308
wired,memory,wired_memory_16,4,expert,0,12,expert,0.6589380377027858,0.6235851800388821,0.946348737450188,0.5889619930854965,0.3672679704942781
wired,memory,wired_memory_16,4,expert,0,13,partner,1.2727060567357442,1.2718978462502297,0.9993649668890656,0.1912784432077001,0.24328663994997063
wired,memory,wired_memory_16,4,expert,0,14,expert,0.8729896134396358,0.8503074589023312,0.9740178414621573,0.40579637261642587,0.3450516824312566
wired,memory,wired_memory_16,4,expert,0,15,partner,0.780866129889446,0.7768512499390609,0.9948584273312655,0.3802754791335573,0.29541748128607925
wired,moravec,wired_moravec_12,0,child,0,4,expert,1.267007281455541,1.2606566865357118,0.994987720265089,0.8127286762445921,1.0245718400470627
wired,moravec,wired_moravec_12,0,child,0,5,partner,1.2378397811717787,1.161404906204343,0.9382513988231834,0.41768745957379527,0.485104264809034
wired,moravec,wired_moravec_12,0,child,0,6,expert,1.002398865766208,0.9541229393190701,0.9518396038774556,0.6200130139976893,0.591568639331551
wired,moravec,wired_moravec_12,0,child,0,7,partner,1.1401670419709384,1.0969415531161169,0.9620884596163537,0.41349916107358364,0.4535844119602682
wired,moravec,wired_moravec_12,0,child,0,8,expert,1.1029966957355746,1.087227969555669,0.9857037412334446,0.49076760845748557,0.5335762704669236
wired,moravec,wired_moravec_12,0,child,0,9,partner,1.1285951261534746,1.1190714022045816,0.9915614344513929,0.24468975393810394,0.27382530604460803
wired,moravec,wired_moravec_12,0,child,0,10,expert,0.8135042337352296,0.7068168089646797,0.868854493502068,0.5602540606199181,0.3959969873368747
wired,moravec,wired_moravec_12,0,child,0,11,partner,1.0855259793429035,1.0359024192723492,0.9542861607959423,0.35750592929057246,0.3703412570563134
wired,moravec,wired_moravec_12,0,child,0,12,expert,0.934685907855666,0.8930738474566975,0.9554801671340168,0.4551305947424094,0.4064652313418585
wired,moravec,wired_moravec_12,0,child,0,13,partner,0.9675312267643267,0.9262234511723395,0.9573060026898684,0.507957427245294,0.4704820813117588
wired,moravec,wired_moravec_12,0,child,0,14,expert,1.0738343590263317,1.0697665460958221,0.9962118804475634,0.37496170287005437,0.40112148579750595
wired,moravec,wired_moravec_12,0,child,0,15,partner,0.9866162540773865,0.9070878490999668,0.91939276831324,0.2492275822183648,0.22607131149084164
wired,moravec,wired_moravec_12,0,child,0,16,expert,1.0036884882667132,0.9406030301973805,0.9371463767814919,0.4257544228776563,0.4004659002786604
wired,moravec,wired_moravec_12,0,child,0,17,partner,1.010997303750021,0.9941939453766626,0.9833794231576934,0.31244278580541446,0.3106287259243605
wired,moravec,wired_moravec_12,0,child,0,18,expert,1.1529531250309697,1.1288258429645568,0.9790734926307225,0.48431432543354536,0.5467065266673325
wired,moravec,wired_moravec_12,0,child,0,19,partner,0.9678953931230321,0.9476210091347964,0.9790531248177585,0.3185005494217352,0.30181781205301184
wired,moravec,wired_moravec_12,0,child,0,20,expert,1.1654068822960924,1.140487929724065,0.9786178089802332,0.5593555353519343,0.6379382364932237
wired,moravec,wired_moravec_12,0,child,0,21,partner,1.0098935489482297,0.9888036288052434,0.9791166899066442,0.36720256876631224,0.3630912325027365
wired,moravec,wired_moravec_12,0,child,0,22,expert,1.1699183172708596,0.9703528103060886,0.8294192816545182,0.4359249495797849,0.42300099990728424
wired,moravec,wired_moravec_12,0,child,0,23,partner,1.1046071530702697,1.1033184476528337,0.9988333359829755,0.3413339821359082,0.3766000793013503
wired,moravec,wired_moravec_12,0,child,0,24,expert,1.062779531898373,1.0408167757744533,0.9793346075402218,0.5655393652195786,0.5886228586813728
wired,moravec,wired_moravec_12,0,child,0,25,partner,0.9482863430985015,0.9068117558848835,0.9562636459794864,0.34775824615030776,0.3153512658150081
wired,moravec,wired_moravec_12,0,child,0,26,expert,0.7973207924140353,0.78469557034002,0.9841654423224381,0.6399243532585773,0.5021458053547078
wired,moravec,wired_moravec_13,1,teenager,0,4,expert,1.395275916609288,1.379312973597376,0.9885592929521116,0.5900986528821558,0.813930727622692
wired,moravec,wired_moravec_13,1,teenager,0,5,partner,1.275861614412102,1.2754467942931105,0.9996748706009292,0.5449606765698976,0.6950683479468804
wired,moravec,wired_moravec_13,1,teenager,0,6,expert,1.0071082764197148,0.9213007671504526,0.9147981291790948,0.41709429582603724,0.38426929471860594
wired,moravec,wired_moravec_13,1,teenager,0,7,partner,1.1144224589377134,0.9935728471851247,0.8915585281108959,0.5047539131377177,0.5015097826040753
wired,moravec,wired_moravec_13,1,teenager,0,8,expert,1.068387472592719,1.0662986764710387,0.9980449076985063,0.3755597758096286,0.400458891881567
wired,moravec,wired_moravec_13,1,teenager,0,9,partner,0.9482310768225954,0.8603757092416346,0.9073481456901196,0.48985111307233553,0.42145599883241486
wired,moravec,wired_moravec_13,1,teenager,0,10,expert,1.0077393959706822,1.0035352594697704,0.9958281510887463,0.4255605220427801,0.4270649889082923
wired,moravec,wired_moravec_13,1,teenager,0,11,partner,1.0578574589656249,1.0430711549866352,0.986022404195709,0.3160477853934744,0.32966032854133953
wired,moravec,wired_moravec_13,1,teenager,1,18,expert,0.9461626322387917,0.9193568327889196,0.9716689303323928,0.44675239340312645,0.4107248654399677
wired,moravec,wired_moravec_13,1,teenager,1,19,partner,1.2256490399226048,1.1359176998541343,0.9267887158994034,0.26564564379606137,0.30175158867709273
wired,moravec,wired_moravec_13,1,teenager,1,20,expert,0.9823241914924311,0.9584567124198028,0.9757030527392974,0.26554199681595314,0.2545105092776082
wired,moravec,wired_moravec_13,1,teenager,1,21,partner,0.9604005028652346,0.929743512323237,0.9680789520085586,0.4560794171861126,0.42403687923295125
wired,moravec,wired_moravec_13,1,teenager,1,22,expert,0.8904513725435732,0.883026740097536,0.9916619450809309,0.22664850620455837,0.20013669158178735
wired,moravec,wired_moravec_13,1,teenager,1,23,partner,0.9523543432555688,0.943147286425637,0.9903323202166031,0.6400808481184412,0.6036905149959282
wired,moravec,wired_moravec_13,1,teenager,1,24,expert,0.6859508687066395,0.6016364371708374,0.8770838621494073,0.34924461733093104,0.21011828727207382
wired,moravec,wired_moravec_13,1,teenager,1,25,partner,0.8741049239262341,0.8720361009259097,0.9976332097615588,0.4758258994566215,0.41493736208171617
wired,moravec,wired_moravec_14,2,undergraduate,0,4,expert,1.0777165959124388,1.0614084471612366,0.9848678689610602,0.7405166654125561,0.7859906439325582
wired,moravec,wired_moravec_14,2,undergraduate,0,5,partner,0.9778782446690238,0.8722073520728908,0.8919385995413052,0.5879606704489606,0.5128236194952895
wired,moravec,wired_moravec_14,2,undergraduate,0,6,expert,1.0103770881411072,1.0020007314324557,0.99170967274698,0.6705475338136386,0.6718891193414952
wired,moravec,wired_moravec_14,2,undergraduate,0,7,partner,0.8734161940819998,0.7908893902308677,0.9055126245526315,0.4379648061368935,0.3463817184681879
wired,moravec,wired_moravec_14,2,undergraduate,0,8,expert,0.9004703874577704,0.8954423550510077,0.9944162157048246,0.5018050662842607,0.4493375103301054
wired,moravec,wired_moravec_14,2,undergraduate,0,9,partner,1.1586176490157891,1.1519027745928252,0.994204408650548,0.320888895207608,0.36963280872567
wired,moravec,wired_moravec_14,2,undergraduate,0,10,expert,0.819041595775094,0.744315562397328,0.9087640557401017,0.5067155628620333,0.37715627914713296
wired,moravec,wired_moravec_14,2,undergraduate,0,11,partner,1.2641297822848445,1.24329550700383,0.9835188794900938,0.21454118115953755,0.2667380866029478
wired,moravec,wired_moravec_14,2,undergraduate,0,12,expert,1.0779724689556336,1.0674296227492523,0.9902197444638028,0.2448732362411985,0.26138494618233105
wired,moravec,wired_moravec_14,2,undergraduate,0,13,partner,0.9014286942295181,0.8782868593201352,0.9743276034382982,0.31486156650857167,0.27653877636943125
wired,moravec,wired_moravec_14,2,undergraduate,0,14,expert,0.6627195289557676,0.6454287902247137,0.9739094172171561,0.41774578013333064,0.2696251534929348
wired,moravec,wired_moravec_14,2,undergraduate,0,15,partner,1.037899756752405,0.9757607081469996,0.9401300094714549,0.3442982976933146,0.33595275077103515
wired,moravec,wired_moravec_14,2,undergraduate,0,16,expert,0.805280843358992,0.7625181253973893,0.9468971374208065,0.17602755304235784,0.1342241997641482
wired,moravec,wired_moravec_15,3,graduate,0,4,expert,0.9004185336484724,0.8609701456575992,0.9561888316181304,0.590094074991927,0.5080533816974857
wired,moravec,wired_moravec_15,3,graduate,0,5,partner,1.3110144366896528,1.2970332449923008,0.9893355928759684,0.2932099370863561,0.38030303616310485
wired,moravec,wired_moravec_15,3,graduate,0,6,expert,1.1410420996448096,1.1372471606937196,0.9966741464199541,0.32605483191898293,0.3708049318303313
wired,moravec,wired_moravec_15,3,graduate,0,7,partner,1.058335415859715,1.0575686867514953,0.9992755329759081,0.5798922358475966,0.6132758703227311
wired,moravec,wired_moravec_15,3,graduate,0,8,expert,1.0019590269595795,0.9888366414342193,0.9869032713182228,0.4863184422445484,0.4808894950966206
wired,moravec,wired_moravec_15,3,graduate,0,9,partner,0.9516324673922302,0.9416421704902704,0.9895019377277808,0.45980442462010795,0.4329712364003084
wired,moravec,wired_moravec_15,3,graduate,0,10,expert,1.0050730120121523,0.9788708703404692,0.9739301111864495,0.3084952440237021,0.3019770080133767
wired,moravec,wired_moravec_15,3,graduate,0,11,partner,0.9163858870978009,0.9013752581161358,0.9836197510306631,0.30710964003499996,0.27682103105650163
wired,moravec,wired_moravec_15,3,graduate,0,12,expert,0.9792971166381378,0.9784729626566997,0.9991584229459732,0.21830872266077733,0.2136091826356906
wired,moravec,wired_moravec_15,3,graduate,0,13,partner,1.0410076406428364,1.0122578455802056,0.972382724255655,0.6697107878080295,0.6779199992283782
wired,moravec,wired_moravec_15,3,graduate,0,14,expert,0.800400603025048,0.6827823714414364,0.8530507958890382,0.6395542664724767,0.436676378727566
wired,moravec,wired_moravec_15,3,graduate,0,15,partner,0.7813699079724831,0.7592042674738451,0.9716323340924076,0.3745107366528293,0.28433014948160135
wired,moravec,wired_moravec_16,4,expert,0,4,expert,1.1741750403207005,1.1142263487893438,0.9489439909096244,0.3992978430543198,0.4449081777458752
wired,moravec,wired_moravec_16,4,expert,0,5,partner,0.8669808680955495,0.8545707275005461,0.9856857964775511,0.5243386247463421,0.44808444000611736
wired,moravec,wired_moravec_16,4,expert,0,6,expert,0.8135895998050784,0.811846089316307,0.9978570147772452,0.29072423292923744,0.23602333157308453
wired,moravec,wired_moravec_16,4,expert,0,7,partner,0.7981293062453794,0.7847862290767845,0.9832820608575976,0.585490326062492,0.4594847451515201
wired,moravec,wired_moravec_16,4,expert,0,8,expert,0.9415388940746611,0.9300756177753157,0.9878249572349327,0.42680314921725204,0.39695920267668594
wired,moravec,wired_moravec_16,4,expert,0,9,partner,1.0200864964581018,0.9878919484026301,0.9684393939452932,0.2815377810952071,0.2781289071150973
wired,moravec,wired_moravec_16,4,expert,0,10,expert,0.7267289500662187,0.7074274947278975,0.9734406406438935,0.3281129603214859,0.2321161295079828
wired,nano,wired_nano_12,0,child,0,4,expert,1.2380436304521818,1.213393838215919,0.9800897225017507,0.44011510632596923,0.5340329581216752
wired,nano,wired_nano_12,0,child,0,5,partner,1.0205845910482734,0.8447957965163049,0.8277567620806049,0.5159206381474477,0.4358475864429734
wired,nano,wired_nano_12,0,child,0,6,expert,1.2078713068016045,1.1123733814139458,0.9209370030972468,0.6691570212255314,0.744352458397528
wired,nano,wired_nano_12,0,child,0,7,partner,1.2483561963123855,1.2476511553406535,0.9994352245177985,0.39452057992199935,0.49222405734534713
wired,nano,wired_nano_12,0,child,0,8,expert,1.098522902371077,1.04141945800352,0.9480179755513047,0.6673266742801713,0.6949669834401476
wired,nano,wired_nano_12,0,child,0,9,partner,1.1835157918647439,1.1823040955986628,0.9989761891852993,0.4746274093914291,0.5611539300068699
wired,nano,wired_nano_12,0,child,0,10,expert,0.9524211378952853,0.935928744038541,0.9826837171063079,0.7407536445085776,0.693292628146885
wired,nano,wired_nano_12,0,child,1,17,partner,1.0188781795751611,0.9864776334164402,0.9681997840279599,0.49810952694984584,0.4913739073276665
wired,nano,wired_nano_12,0,child,1,18,expert,1.0244908228474678,1.0135766887490876,0.9893467722150648,0.36538481675089296,0.37034553268156223
wired,nano,wired_nano_12,0,child,1,19,partner,1.2151619702222807,1.2109241488800437,0.9965125461073652,0.34497588240434984,0.4177396267846294
wired,nano,wired_nano_13,1,teenager,0,4,expert,1.302015164061732,1.294108408855117,0.9939272940701065,0.7410182843659855,0.958957992913414
wired,nano,wired_nano_13,1,teenager,0,5,partner,1.1277067550856013,0.9686096923122215,0.8589198281762868,0.2960595386182059,0.28676613860707867
wired,nano,wired_nano_13,1,teenager,0,6,expert,1.1578911288675542,1.0533800199541536,0.9097401246898533,0.6584484685576792,0.69359646094807
wired,nano,wired_nano_13,1,teenager,1,13,partner,1.2692868370686117,1.2416476806573402,0.9782246568663063,0.34594192691046555,0.42953799119051067
wired,nano,wired_nano_13,1,teenager,1,14,expert,1.0086330919625426,0.9085553960804117,0.9007788890920622,0.49737484523197867,0.45189259951017385
wired,nano,wired_nano_13,1,teenager,1,15,partner,1.1770310362354763,1.166189800814275,0.9907893376738256,0.4862726780894555,0.5670862376025662
wired,nano,wired_nano_13,1,teenager,1,16,expert,0.7905673300019394,0.7629419761478977,0.965056292099828,0.4638526171874569,0.35389263239837265
wired,nano,wired_nano_13,1,teenager,1,17,partner,1.0511131927371749,0.9566300500158341,0.9101113530159297,0.4205728687126258,0.40233264443186206
wired,nano,wired_nano_13,1,teenager,1,18,expert,0.8288711736167357,0.812524249559951,0.9802780883470273,0.2948233457728122,0.23955111777680818
wired,nano,wired_nano_14,2,undergraduate,0,4,expert,1.1103326698149039,1.1030796638790796,0.9934677181587146,0.670105000907842,0.7391791991651127
wired,nano,wired_nano_14,2,undergraduate,0,5,partner,1.1715952709011952,1.1165981607338635,0.9530579274820896,0.4167521003334905,0.46534462871435006
wired,nano,wired_nano_14,2,undergraduate,0,6,expert,1.1121441342164518,1.088617094353006,0.9788453320567119,0.6358555116215758,0.6922031794898239
wired,nano,wired_nano_14,2,undergraduate,0,7,partner,1.2624294318345473,1.1939529570512584,0.9457581762136791,0.3176935443548147,0.37931114671852617
wired,nano,wired_nano_14,2,undergraduate,0,8,expert,1.165882090921544,1.0762340500935053,0.9231071121796701,0.5467625288940864,0.5884444509110498
wired,nano,wired_nano_14,2,undergraduate,0,9,partner,1.0569696436977027,1.0465262705309366,0.9901195145669263,0.32966956039111595,0.34500785554368796
wired,nano,wired_nano_14,2,undergraduate,0,10,expert,0.9691393633505673,0.9547817435996533,0.9851851856452708,0.33243990576605875,0.317407552869422
wired,nano,wired_nano_14,2,undergraduate,0,11,partner,1.0816478323167036,1.063660950934086,0.9833708524658379,0.4683389767854034,0.498153881407059
wired,nano,wired_nano_14,2,undergraduate,0,12,expert,0.8867363542097563,0.8629852844752198,0.9732151843975358,0.5133680265704876,0.44302905245041446
wired,nano,wired_nano_14,2,undergraduate,0,13,partner,1.2206369728234252,1.1997856872573587,0.9829177011418727,0.3061692126829606,0.3673374392558703
wired,nano,wired_nano_14,2,undergraduate,0,14,expert,0.8678779756214872,0.8678437635366572,0.9999605796128131,0.3915662775238392,0.3398183519603278
wired,nano,wired_nano_14,2,undergraduate,0,15,partner,1.2729558320026104,1.2512764629229496,0.9829692684258039,0.25816668359901257,0.3230378946983207
wired,nano,wired_nano_14,2,undergraduate,0,16,expert,1.2723009570185977,1.2670547797896246,0.9958766224288139,0.1977205228583637,0.25052273355019344
wired,nano,wired_nano_14,2,undergraduate,0,17,partner,0.8726529070932215,0.843481177318155,0.9665712111437259,0.7051284051685297,0.5947625373520244
wired,nano,wired_nano_14,2,undergraduate,0,18,expert,0.8324329263864497,0.8159001379371257,0.9801391944909337,0.2945559557825526,0.24032824495318658
wired,nano,wired_nano_14,2,undergraduate,0,19,partner,0.8319419367854379,0.8227016691054103,0.9888931339166286,0.23253406657191286,0.1913061646925813
wired,nano,wired_nano_14,2,undergraduate,0,20,expert,0.7992269386176702,0.795084490040627,0.9948169307390929,0.4591194258111556,0.36503873453880814
wired,nano,wired_nano_14,2,undergraduate,0,21,partner,1.05640808205757,1.052437640613724,0.9962415646829308,0.4526448848286599,0.47638051462494563
wired,nano,wired_nano_15,3,graduate,0,4,expert,0.8110780406567666,0.8066441726799853,0.9945333645401305,0.2528646544550528,0.20397179999290643
wired,nano,wired_nano_15,3,graduate,0,5,partner,0.5909712961838499,0.5576083973386459,0.9435456526203796,0.35843088257046174,0.19986406998679154
wired,nano,wired_nano_15,3,graduate,0,6,expert,0.628974542462403,0.6288828284179262,0.9998541848051312,0.4305378570197925,0.27075786526359985
wired,nano,wired_nano_16,4,expert,0,4,expert,0.7285190566159366,0.6969454156002498,0.9566605146016262,0.10862208532560287,0.07570366440061808
wired,nano,wired_nano_16,4,expert,0,5,partner,0.676471074349839,0.6039661375641652,0.8928188661189222,0.15317914930206222,0.09251501915933111
wired,nano,wired_nano_16,4,expert,0,6,expert,0.8426668502806859,0.789274968734405,0.9366393948813423,0.3538589049347608,0.2792919761287741
wired,nano,wired_nano_16,4,expert,0,7,partner,0.8549175962789137,0.8324443935482918,0.9737130188577101,0.4037175538018392,0.3360724142393719
wired,nano,wired_nano_16,4,expert,0,8,expert,1.2005571445368384,1.1845598177133445,0.986675080901166,0.40760026591605325,0.48282689669343076
wired,nano,wired_nano_16,4,expert,0,9,partner,0.9587290843608819,0.9465958759561,0.9873444869841853,0.32160032714302667,0.3044255433797216
wired,nano,wired_nano_16,4,expert,0,10,expert,0.8574171618633077,0.8202889546581859,0.9566976159826415,0.34242589017212477,0.280888175497191
wired,nano,wired_nano_16,4,expert,0,11,partner,0.8505227184374825,0.8471288103093727,0.9960096208419443,0.3653731111912951,0.309518089002516
wired,nano,wired_nano_16,4,expert,0,12,expert,1.0254833161366779,1.0089885510384289,0.9839151307099037,0.6400476048173344,0.6458007053802591
wired,neuro,wired_neuro_12,0,child,0,4,expert,0.9208728603753313,0.8890558078331772,0.9654490278602069,0.6261880576805261,0.5567161294766483
wired,neuro,wired_neuro_12,0,child,0,5,partner,1.2532895140748692,1.219017918373283,0.9726546856750358,0.3968936444849781,0.48382046431566383
wired,neuro,wired_neuro_12,0,child,0,6,expert,0.9267975364456392,0.8869831125337939,0.9570408613023567,0.5138411706521286,0.4557684408930334
wired,neuro,wired_neuro_13,1,teenager,0,4,partner,1.32165662939666,1.2989793688337359,0.982841791082863,0.3714404546602367,0.4824934873538701
wired,neuro,wired_neuro_13,1,teenager,0,5,expert,0.966185342965823,0.9544903878647802,0.9878957436198198,0.5545404907371563,0.5293035680904339
wired,neuro,wired_neuro_14,2,undergraduate,0,4,expert,0.9515837330721291,0.9020373833249522,0.9479327482951316,0.7911232354992926,0.7136227332373519
wired,neuro,wired_neuro_14,2,undergraduate,0,5,partner,0.9902903765441785,0.982901742134571,0.9925389213248904,0.5084831175243907,0.4997889420607414
wired,neuro,wired_neuro_14,2,undergraduate,0,6,expert,1.0335682144971488,1.0083571604901762,0.975607750263282,0.5918955505772727,0.5968421166868682
wired,neuro,wired_neuro_15,3,graduate,0,4,partner,1.0796812467716577,1.07410439652114,0.9948347252782358,0.3762016975912723,0.40407989736150196
wired,neuro,wired_neuro_15,3,graduate,0,5,expert,0.9529939461747402,0.9437714476277197,0.9903226053166136,0.2537736931836391,0.23950436578575587
wired,neuro,wired_neuro_15,3,graduate,0,6,partner,1.2277507112850061,1.2027875305967601,0.979667549397631,0.23796425398607127,0.2862204374222069
wired,neuro,wired_neuro_15,3,graduate,0,7,expert,1.0333688959681975,0.9610817446751263,0.9300470997568849,0.4460006949931101,0.42864312607029714
wired,neuro,wired_neuro_15,3,graduate,0,8,partner,0.9343619545423674,0.9145474947719857,0.9787935931305495,0.7644221660374816,0.6991003768977537
wired,neuro,wired_neuro_16,4,expert,0,4,expert,0.9112625303646577,0.8850340820874636,0.971217462142694,0.35808339152680846,0.3169160057306948
wired,neuro,wired_neuro_16,4,expert,0,5,partner,1.0108423161956628,1.0037152152145985,0.992949344454751,0.4561423890477204,0.4578370561915338
wired,neuro,wired_neuro_16,4,expert,0,6,expert,0.9943306559631899,0.9718012049829564,0.9773420935519815,0.21012656652674644,0.20420125054962354
wired,neuro,wired_neuro_16,4,expert,0,7,partner,1.0317513265961644,1.0179184449041954,0.9865928142408195,0.4731606856080168,0.48163898928391535
wired,neuro,wired_neuro_16,4,expert,0,8,expert,0.809409593934222,0.7759333414342969,0.9586411468905764,0.3756790249504344,0.29150188113656916
wired,nuclear,wired_nuclear_12,0,child,0,4,expert,1.060724376737966,0.9867870936539007,0.9302954804221865,0.4588949617935109,0.45283162564063645
wired,nuclear,wired_nuclear_12,0,child,0,5,partner,0.968328720717207,0.3313214436135059,0.3421580260138991,1.0,0.3313214436135059
wired,nuclear,wired_nuclear_12,0,child,0,6,expert,1.1034374395778546,0.9632838178346813,0.8729845329539794,0.30727312824806663,0.2959912320968033
wired,nuclear,wired_nuclear_12,0,child,0,7,partner,0.973356373656562,0.8379231798963562,0.860859601450709,0.7123819433681299,0.5969213432877694
wired,nuclear,wired_nuclear_12,0,child,1,14,expert,1.2420370948815116,1.2419213850775452,0.9999068386882781,0.30284438933082936,0.37610892346070696
wired,nuclear,wired_nuclear_12,0,child,1,15,partner,1.0631991957988192,1.0585551178773955,0.9956319775816515,0.21443458803526866,0.22699083061466457
wired,nuclear,wired_nuclear_12,0,child,1,16,expert,0.9875333922459902,0.9535973230962049,0.965635522386166,0.32726686114095815,0.3120808027221151
wired,nuclear,wired_nuclear_12,0,child,1,17,partner,1.0868117311035943,0.8502652117090709,0.7823482093305097,0.6021229667574152,0.5119642118048875
wired,nuclear,wired_nuclear_12,0,child,1,18,expert,0.8687433823962885,0.8049986373561918,0.9266241949778153,0.18442631567860585,0.14846293281390058
wired,nuclear,wired_nuclear_12,0,child,1,19,partner,0.9844603484876924,0.35025220021464387,0.35578091159520875,1.0,0.35025220021464387
wired,nuclear,wired_nuclear_12,0,child,1,20,expert,1.1344958013177924,1.1270245042931382,0.9934144339565035,0.31380385878576766,0.35366463839330375
wired,nuclear,wired_nuclear_12,0,child,1,21,partner,1.2438348769275211,1.2300799322532323,0.9889415026621099,0.35310368339343084,0.4343457549469582
wired,nuclear,wired_nuclear_12,0,child,1,22,expert,0.9831199044763672,0.9612227304889376,0.977726853165413,0.4071609588221094,0.39137236858748187
wired,nuclear,wired_nuclear_12,0,child,1,23,partner,0.9895644044212742,0.8530692138560174,0.8620653795182284,0.39343793170713715,0.33562978710254493
wired,nuclear,wired_nuclear_12,0,child,1,24,expert,1.129715889714786,1.0611848254063487,0.9393377884357469,0.6768201560537498,0.7182312791333961
wired,nuclear,wired_nuclear_12,0,child,1,25,partner,1.0179392705890127,1.0106574012206875,0.9928464599218138,0.39807815195486346,0.4023206305374362
wired,nuclear,wired_nuclear_12,0,child,1,26,expert,1.103558190669117,1.0627756894199063,0.9630445393863225,0.5079493214375782,0.5398361902811958
wired,nuclear,wired_nuclear_12,0,child,1,27,partner,1.2297209492383032,1.216585573015364,0.9893184089999729,0.37309468661022527,0.4539016130986886
wired,nuclear,wired_nuclear_12,0,child,1,28,expert,1.26752093851537,1.255866617576264,0.9908054213654668,0.3151373802905648,0.39577051585735645
wired,nuclear,wired_nuclear_13,1,teenager,0,4,partner,1.2006461624765936,1.1760803988074278,0.979539547588714,0.33170588510784393,0.39011278964440393
wired,nuclear,wired_nuclear_13,1,teenager,0,5,expert,0.8801968567473175,0.8572285751492036,0.9739055173589635,0.5416557531881243,0.4643227895268245
wired,nuclear,wired_nuclear_13,1,teenager,0,6,partner,1.2510641679889423,1.2228383511408363,0.97743855385575,0.4079932751386476,0.49890982384709337
wired,nuclear,wired_nuclear_13,1,teenager,0,7,expert,0.8295714413723857,0.7996698942285994,0.9639554284857212,0.6415754126811467,0.5130485423984026
wired,nuclear,wired_nuclear_13,1,teenager,0,8,partner,1.2864455064257674,1.2459367524856582,0.9685110999737357,0.3967123893366087,0.4942785460408803
wired,nuclear,wired_nuclear_13,1,teenager,0,9,expert,1.1084010373976783,1.056338648094153,0.9530292849357925,0.24058958298021516,0.25414407483085655
wired,nuclear,wired_nuclear_13,1,teenager,0,10,partner,1.0704706292112167,1.0678389753279516,0.9975415916957928,0.29854632693581873,0.3187994038430683
wired,nuclear,wired_nuclear_13,1,teenager,0,11,expert,0.9283410143092451,0.9148781487152063,0.9854979308384413,0.32162564664109355,0.29424827617833477
wired,nuclear,wired_nuclear_13,1,teenager,0,12,partner,1.0746898548938428,0.5452557834606562,0.5073610595440196,0.9402999275123943,0.5127039736637687
wired,nuclear,wired_nuclear_13,1,teenager,0,13,expert,1.0740663899425418,1.056168441032273,0.9833362731774804,0.4340923683380989,0.4584746599316571
wired,nuclear,wired_nuclear_13,1,teenager,0,14,partner,1.095809530268201,1.0659031640017143,0.9727084265637479,0.2652560265178783,0.2827372379359291
wired,nuclear,wired_nuclear_13,1,teenager,0,15,expert,0.9043059760913787,0.8401766808161885,0.9290845167768313,0.7246406485012205,0.6088261748422457
wired,nuclear,wired_nuclear_14,2,undergraduate,0,4,expert,0.8921996470961139,0.886816486257628,0.9939664167577283,0.7377121166344169,0.654215267143411
wired,nuclear,wired_nuclear_14,2,undergraduate,0,5,partner,1.213917245303533,1.1930836167723409,0.9828376863309445,0.26051063625118,0.3108109721062215
wired,nuclear,wired_nuclear_14,2,undergraduate,0,6,expert,0.7726133113859253,0.7575434582271526,0.9804949604961885,0.5970998751595791,0.45232910433538864
wired,nuclear,wired_nuclear_14,2,undergraduate,0,7,partner,0.954356202495281,0.9477658628631349,0.9930944655507997,0.2466091481643391,0.23372773209991754
wired,nuclear,wired_nuclear_14,2,undergraduate,0,8,expert,0.8822732577392234,0.8629963693595557,0.9781508866878253,0.6728667756160543,0.5806815844193257
wired,nuclear,wired_nuclear_14,2,undergraduate,0,9,partner,0.9022145719039155,0.9011705822334727,0.9988428587788839,0.48162083340837886,0.43402252685839915
wired,nuclear,wired_nuclear_14,2,undergraduate,0,10,expert,1.1625732105891504,1.0465546690742977,0.9002053888228175,0.17635536666477858,0.1845655323993338
wired,nuclear,wired_nuclear_14,2,undergraduate,0,11,partner,1.0493891650993143,0.9345909839671654,0.8906047585099899,0.24725864651919227,0.23108570174476145
wired,nuclear,wired_nuclear_14,2,undergraduate,0,12,expert,0.6748915441555562,0.6718118720916112,0.9954367896714519,0.4121342875454138,0.27687670726902686
wired,nuclear,wired_nuclear_14,2,undergraduate,0,13,partner,1.0826766077640873,0.8725122372736079,0.8058844451019306,0.48998080380181364,0.42751424734624116
wired,nuclear,wired_nuclear_14,2,undergraduate,0,14,expert,0.7953176896072374,0.7849154646538788,0.9869206669356462,0.46042972455390885,0.3613984111886888
wired,nuclear,wired_nuclear_14,2,undergraduate,0,15,partner,1.0891598577680295,0.825617140427997,0.758031187560605,0.3565794916627781,0.29439814024189165
wired,nuclear,wired_nuclear_14,2,undergraduate,0,16,expert,0.973660326534381,0.8928122054152543,0.9169647577119506,0.39876293885401737,0.35602041887612346
wired,nuclear,wired_nuclear_14,2,undergraduate,0,17,partner,1.2112963987631122,1.1517805831451797,0.9508660178634588,0.21149647547531394,0.2435975338561073
wired,nuclear,wired_nuclear_14,2,undergraduate,0,18,expert,0.6590906792943484,0.6015879664243705,0.9127544741909329,0.3024268668266277,0.18193636380632489
wired,nuclear,wired_nuclear_14,2,undergraduate,0,19,partner,1.0112845124658698,0.6404097516533909,0.633263679764275,0.35840609897889164,0.22952676083813262
wired,nuclear,wired_nuclear_14,2,undergraduate,0,20,expert,0.8489581224057411,0.8132951863190844,0.9579921139260031,0.2477191305793015,0.20146877645929462
wired,nuclear,wired_nuclear_15,3,graduate,0,4,partner,1.2891266698993382,1.2869964255916166,0.9983475290997693,0.26786413941608395,0.3447401899726745
wired,nuclear,wired_nuclear_15,3,graduate,0,5,expert,0.9311776339577448,0.892337645694718,0.9582893887829917,0.5763236382967294,0.5142752785559177
wired,nuclear,wired_nuclear_15,3,graduate,0,6,partner,1.0652998086729284,1.0585968521344598,0.9937079153822317,0.3904598549210556,0.4133395733043073
wired,nuclear,wired_nuclear_15,3,graduate,0,7,expert,0.649098276958226,0.6334883914893016,0.9759514298157582,0.5363899402409342,0.339796800454272
wired,nuclear,wired_nuclear_15,3,graduate,0,8,partner,1.2519962672338019,1.1255617115043488,0.8990136320376574,0.28446392030763035,0.3201816970026931
wired,nuclear,wired_nuclear_15,3,graduate,0,9,expert,0.895677357760278,0.8669152374545744,0.9678878559813171,0.47502902089308624,0.4118098964453439
wired,nuclear,wired_nuclear_15,3,graduate,0,10,partner,1.1122598510650095,1.0707369598342882,0.962667994181463,0.3680830313078026,0.3941201059091057
wired,nuclear,wired_nuclear_15,3,graduate,0,11,expert,0.9130592731748599,0.9065762735399219,0.9928996946568557,0.4335282423543516,0.3930264184279202
wired,nuclear,wired_nuclear_15,3,graduate,0,12,partner,1.1627554445726507,1.0784139105163182,0.9274640815908988,0.21399618397495837,0.23077646159600432
wired,nuclear,wired_nuclear_15,3,graduate,0,13,expert,0.9672047313450342,0.9320425322014261,0.963645546795792,0.3012130593073211,0.2807433825289339
wired,nuclear,wired_nuclear_15,3,graduate,0,14,partner,1.1432222182670209,1.1395890251768221,0.9968219712378377,0.28684832466227744,0.3268892026754893
wired,nuclear,wired_nuclear_15,3,graduate,0,15,expert,0.6852116088987331,0.6850281713440587,0.9997322906481854,0.3354064712093935,0.22976288162953448
wired,nuclear,wired_nuclear_16,4,expert,0,4,partner,0.834524869440382,0.8227276174093971,0.9858635105267963,0.3485963827969717,0.2867998714560867
wired,nuclear,wired_nuclear_16,4,expert,0,5,expert,1.0265439385181547,1.0240851989887905,0.997604837515371,0.5287386312703246,0.5414734064175311
wired,nuclear,wired_nuclear_16,4,expert,0,6,partner,0.9893596072358237,0.9582348382606918,0.9685404894757528,0.6718048233389387,0.6437467862349405
wired,nuclear,wired_nuclear_16,4,expert,0,7,expert,1.2571729687371056,1.2052320246587147,0.9586843295465325,0.24676569741960383,0.2974099211173489
wired,nuclear,wired_nuclear_16,4,expert,0,8,partner,0.6628351148809586,0.6559584876061513,0.9896254330505228,0.6583949408101095,0.4318797496213409
wired,sensing,wired_sensing_12,0,child,0,4,expert,1.2196592557804071,1.18180781209553,0.968965558612822,0.37148194034763404,0.43902025915523957
wired,sensing,wired_sensing_12,0,child,0,5,partner,1.1428805369329524,1.1381345104427825,0.9958473118249941,0.5048613002802851,0.5746000688360089
wired,sensing,wired_sensing_12,0,child,0,6,expert,0.787676495960371,0.7529125963122087,0.9558652570853566,0.6079829705432656,0.4577580368653392
wired,sensing,wired_sensing_12,0,child,0,7,partner,1.2432628625658027,1.2183347906313977,0.9799494759427309,0.3025109837378518,0.3685596560359538
wired,sensing,wired_sensing_12,0,child,0,8,expert,1.0735968821648678,1.0613392967642945,0.9885826928103172,0.4920711537649741,0.5222544522949126
wired,sensing,wired_sensing_12,0,child,0,9,partner,1.0733907226967878,1.0695263491113618,0.9963998444324974,0.31993221342467915,0.3421759321872141
wired,sensing,wired_sensing_12,0,child,0,10,expert,1.1967218060570635,1.1848869782188653,0.9901106273995445,0.46057450400005884,0.5457287322892824
wired,sensing,wired_sensing_12,0,child,0,11,partner,1.2944656296411408,1.2873442338052237,0.9944985825240599,0.3352730493311096,0.43161182680669824
wired,sensing,wired_sensing_12,0,child,0,12,expert,1.167816994446615,1.1647247938369756,0.9973521530981811,0.4906811957496896,0.5715085545592379
wired,sensing,wired_sensing_12,0,child,0,13,partner,1.099026074413979,1.0801481038366423,0.9828230002746879,0.4329851324389403,0.46768806979337885
wired,sensing,wired_sensing_12,0,child,0,14,expert,1.0851654146704526,1.0582300132578921,0.9751785294210509,0.24898960872157544,0.2634882769385101
wired,sensing,wired_sensing_12,0,child,0,15,partner,1.0894562299756574,1.0665692257776431,0.9789922682809343,0.34900721605277685,0.3722403562162208
wired,sensing,wired_sensing_12,0,child,1,22,expert,0.8672734057621111,0.7666109790343717,0.8839323031701095,0.3215405123163716,0.24649648694606707
wired,sensing,wired_sensing_12,0,child,1,23,partner,1.0760807361783244,1.0742012877664318,0.998253431782855,0.15057877563772026,0.1617519147003317
wired,sensing,wired_sensing_12,0,child,1,24,expert,1.0035150433603444,0.4414559769027979,0.43990967531897673,0.7615155906540272,0.33617560899888477
wired,sensing,wired_sensing_12,0,child,1,25,partner,0.9549650798131241,0.8606742122986116,0.9012624969136407,0.3134688680930617,0.26979457112613325
wired,sensing,wired_sensing_12,0,child,1,26,expert,0.9642767648688845,0.3423624125403774,0.355045797029626,1.0,0.3423624125403774
wired,sensing,wired_sensing_12,0,child,1,27,partner,1.1336528403170019,1.0672294962054534,0.9414076851834852,0.18204307498637595,0.19428173920540157
wired,sensing,wired_sensing_12,0,child,1,28,expert,1.057884127117364,1.04953473497506,0.9921074606100314,0.3785471941354023,0.397298429072452
wired,sensing,wired_sensing_13,1,teenager,0,4,expert,1.0681551616823945,1.0004644610644684,0.9366284009597943,0.4591599260933962,0.45937318800143073
wired,sensing,wired_sensing_13,1,teenager,0,5,partner,1.1738965039329676,1.1499815100043251,0.9796276811034886,0.5474943346464114,0.6296083616754935
wired,sensing,wired_sensing_13,1,teenager,0,6,expert,0.9876185777515056,0.7689819908993731,0.7786224441517926,0.6235147309537757,0.47947159916392146
wired,sensing,wired_sensing_13,1,teenager,0,7,partner,1.1029916767098373,0.9557208411154936,0.8664805558329225,0.4093562898773683,0.39123033767751625
wired,sensing,wired_sensing_13,1,teenager,0,8,expert,1.0796818791473013,0.9794457654015805,0.9071614373802481,0.5801290085240085,0.5682049007854575
wired,sensing,wired_sensing_13,1,teenager,0,9,partner,1.2606173004983627,1.251843704875363,0.993040238603322,0.43282315679315064,0.5418269441557878
wired,sensing,wired_sensing_13,1,teenager,1,16,expert,1.2671488376214544,1.2537141655914077,0.9893977158545525,0.32360337581919074,0.40570613629771946
wired,sensing,wired_sensing_13,1,teenager,1,17,partner,0.8385798415609447,0.7827277818408529,0.9333968491097266,0.3635217266725854,0.2845385547693896
wired,sensing,wired_sensing_13,1,teenager,1,18,expert,1.2281832855536436,1.01433884331794,0.8258855622350111,0.21055305178390749,0.21357213900355107
wired,sensing,wired_sensing_13,1,teenager,1,19,partner,0.881076808663197,0.6442013268473168,0.7311522905976747,0.5888349140639154,0.3793282329340001
wired,sensing,wired_sensing_13,1,teenager,1,20,expert,1.0415499841329432,0.9455697506622671,0.907848653512789,0.5726703831994844,0.5414997914536014
wired,sensing,wired_sensing_13,1,teenager,1,21,partner,1.2755524917873453,1.2597749046573565,0.9876307817729489,0.244171676334501,0.3076013502743229
wired,sensing,wired_sensing_13,1,teenager,1,22,expert,1.1555892240785495,1.10333090795167,0.9547777748018511,0.32586082479418943,0.3595323196860531
wired,sensing,wired_sensing_13,1,teenager,1,23,partner,0.8383527524186978,0.8086524155706495,0.9645729834328979,0.4164805963122456,0.33678804024620196
wired,sensing,wired_sensing_13,1,teenager,1,24,expert,1.187632881444381,1.1479570280769589,0.9665924933636599,0.3367058108783186,0.38652380199211717
wired,sensing,wired_sensing_13,1,teenager,1,25,partner,1.1382350779201196,1.1108773372648417,0.9759647710855615,0.4097495706360528,0.45518151197359047
wired,sensing,wired_sensing_13,1,teenager,1,26,expert,0.912080879241254,0.8804383241707845,0.9653072925969485,0.18530707402237956,0.16315144970925538
wired,sensing,wired_sensing_13,1,teenager,1,27,partner,1.0239608106943805,0.8434303500298586,0.8236939746327574,0.5663026609494716,0.4776368515474531
wired,sensing,wired_sensing_13,1,teenager,1,28,expert,1.0098414809901493,0.9174844627033829,0.9085430535125979,0.30054599258168113,0.2757462785214586
wired,sensing,wired_sensing_13,1,teenager,1,29,partner,0.9102977751501525,0.5271272530435025,0.5790712307914566,0.74463440723999,0.3925170896100927
wired,sensing,wired_sensing_13,1,teenager,1,30,expert,0.9393491891706541,0.7626403947530155,0.8118816767442301,0.2703211277521258,0.20615781157896154
wired,sensing,wired_sensing_13,1,teenager,1,31,partner,0.8412892465974405,0.37366246567496225,0.44415457250378565,1.0,0.37366246567496225
wired,sensing,wired_sensing_13,1,teenager,1,32,expert,1.197928889519544,1.170553749415653,0.9771479422991063,0.497732847675172,0.5826230510535026
wired,sensing,wired_sensing_13,1,teenager,1,33,partner,1.1503548715653367,1.1445896573093042,0.9949883167363975,0.26481833114834546,0.3031083228983066
wired,sensing,wired_sensing_13,1,teenager,1,34,expert,1.1906312590708241,1.111874243207649,0.9338527228610044,0.3925927030515814,0.4365137145943223
wired,sensing,wired_sensing_13,1,teenager,1,35,partner,0.9373165400978546,0.8754968790151685,0.9340461216259277,0.48029107592884,0.42049333799453675
wired,sensing,wired_sensing_13,1,teenager,2,42,expert,1.1063888118660128,1.0948135827734213,0.9895378288632017,0.4608043693937195,0.5044948826135851
wired,sensing,wired_sensing_13,1,teenager,2,43,partner,1.1773416220782627,1.1724220648534893,0.9958214700529442,0.3275739774441772,0.3840549590273726
wired,sensing,wired_sensing_13,1,teenager,2,44,expert,1.1432592226211518,1.1061104125506358,0.9675062231413166,0.2848299596337732,0.31505338415729384
wired,sensing,wired_sensing_13,1,teenager,2,45,partner,1.0973717276928638,1.09424250264426,0.9971484366048139,0.4483035997371332,0.4905528529207912
wired,sensing,wired_sensing_13,1,teenager,2,46,expert,0.8508111691246097,0.8487889150852401,0.9976231458709599,0.5918957028620859,0.5023945114759256
wired,sensing,wired_sensing_13,1,teenager,2,47,partner,0.8678426049163394,0.8642646614297658,0.9958771977000204,0.4079322648615521,0.35256144077684687
wired,sensing,wired_sensing_13,1,teenager,2,48,expert,1.29541119647077,1.2614280496050747,0.9737665175665818,0.3206547833109642,0.40448293790848744
wired,sensing,wired_sensing_13,1,teenager,2,49,partner,1.1926437328890693,1.184158171187162,0.9928850825532409,0.3555324050906857,0.4210066026099596
wired,sensing,wired_sensing_13,1,teenager,2,50,expert,1.1052900352893562,1.101361861381835,0.9964460243166045,0.5056252855858144,0.5568764056945145
wired,sensing,wired_sensing_13,1,teenager,2,51,partner,1.1605203865099931,0.9581055325035087,0.8255826813900032,0.33438654091807946,0.32037759484832284
wired,sensing,wired_sensing_13,1,teenager,2,52,expert,1.1072895572304327,1.0271575141378655,0.9276322597190185,0.2894376865608276,0.29729809462563433
wired,sensing,wired_sensing_13,1,teenager,2,53,partner,1.11211914481739,0.9600018081800159,0.8632184893613939,0.31767879311992486,0.30497221581557304
wired,sensing,wired_sensing_13,1,teenager,2,54,expert,0.9599278932806108,0.9279799378898298,0.9667183799789757,0.6295699539329506,0.5842282867480024
wired,sensing,wired_sensing_13,1,teenager,2,55,partner,1.2240753272513352,1.1960012261084847,0.9770650543158418,0.18885608528306191,0.2258721095565906
wired,sensing,wired_sensing_13,1,teenager,2,56,expert,1.0387668922330402,0.9519339476219163,0.9164076702277493,0.3620027832647401,0.344602738523325
wired,sensing,wired_sensing_13,1,teenager,2,57,partner,1.0526894419822697,0.4315931832057509,0.4099909868884295,0.8661840734034036,0.3738391414822988
wired,sensing,wired_sensing_13,1,teenager,2,58,expert,0.8463596027210742,0.6558465100389673,0.7749028993463584,0.4883283997941794,0.32026847675792613
wired,sensing,wired_sensing_13,1,teenager,2,59,partner,1.0427772583089903,0.4223296439381832,0.4050046551865208,0.9171626390088032,0.3873449707659923
wired,sensing,wired_sensing_13,1,teenager,2,60,expert,1.2188024984097716,1.2007074698642821,0.985153436614969,0.3259678752088656,0.39139206269907306
wired,sensing,wired_sensing_13,1,teenager,2,61,partner,1.0424685466135355,0.9357234886444652,0.8976035696072271,0.3536874575095102,0.3309536616305899
wired,sensing,wired_sensing_13,1,teenager,2,62,expert,1.2487943824630954,1.2368842409874432,0.9904626881383376,0.3623480152370589,0.4481825497997961
wired,sensing,wired_sensing_13,1,teenager,2,63,partner,0.873594516457758,0.6795694143488323,0.7779002747219219,0.7234837838587043,0.49165745128773686
wired,sensing,wired_sensing_13,1,teenager,2,64,expert,1.2404012962502609,1.1767732223561562,0.9487036380182757,0.30677710030916494,0.3610070768758938
wired,sensing,wired_sensing_14,2,undergraduate,0,4,expert,0.8844418222854921,0.8371181930701563,0.9464932254175941,0.5981203503998298,0.5006974269651943
wired,sensing,wired_sensing_14,2,undergraduate,1,11,partner,1.279984288097145,1.2395809947840224,0.9684345396347359,0.29991963222825646,0.37177467607276027
wired,sensing,wired_sensing_14,2,undergraduate,1,12,expert,1.119207607289237,0.9925752945722551,0.8868553859952962,0.6741691352149102,0.669163627977462
wired,sensing,wired_sensing_14,2,undergraduate,2,19,partner,1.233923412182916,1.1530385988257446,0.9344490812318621,0.28575365407228387,0.3294849929008427
wired,sensing,wired_sensing_14,2,undergraduate,2,20,expert,1.0049118550743685,0.8890252316799769,0.8846798126521255,0.7451708935800663,0.6624757263061939
wired,sensing,wired_sensing_14,2,undergraduate,2,21,partner,0.9779141877284868,0.9283859525307366,0.9493531888378218,0.5174920191208543,0.4804323210985685
wired,sensing,wired_sensing_14,2,undergraduate,2,22,expert,0.8211270601872137,0.8176519378840039,0.9957678628890719,0.5059977142403864,0.4137300116135284
wired,sensing,wired_sensing_14,2,undergraduate,2,23,partner,1.0295575847371512,1.0232719775910144,0.9938948464463642,0.40621325296514665,0.4156666386853246
wired,sensing,wired_sensing_14,2,undergraduate,2,24,expert,0.7902122552402305,0.7613255973566236,0.9634444319320401,0.4116598004779448,0.31340714350657983
wired,sensing,wired_sensing_14,2,undergraduate,2,25,partner,1.2618657732896352,1.2584993250512275,0.9973321661379015,0.27978015356601504,0.35210313442555874
wired,sensing,wired_sensing_14,2,undergraduate,2,26,expert,0.8818967031627815,0.8476850172286188,0.9612066970968038,0.5872917415092369,0.49783841001948304
wired,sensing,wired_sensing_14,2,undergraduate,2,27,partner,1.1263718594061003,1.0888323044426196,0.9666721477006351,0.5510193868501768,0.5999677087766373
wired,sensing,wired_sensing_14,2,undergraduate,2,28,expert,0.8655680518362487,0.523996706455635,0.6053789824421122,0.7350961697209681,0.3851879718619398
wired,sensing,wired_sensing_14,2,undergraduate,2,29,partner,0.9494625332719245,0.8401423658910657,0.8848609991960215,0.29511646852732787,0.24793984808196548
wired,sensing,wired_sensing_14,2,undergraduate,2,30,expert,1.1900686205828768,1.1812181291640829,0.992563041099721,0.26850503628975203,0.31716301663731505
wired,sensing,wired_sensing_14,2,undergraduate,2,31,partner,0.9009009770585101,0.8954156425897716,0.9939112792533067,0.4484080779818493,0.401511607288562
wired,sensing,wired_sensing_14,2,undergraduate,2,32,expert,0.9447829111427898,0.8803263914301259,0.9317763700492525,0.6762871683406075,0.5953534424757851
wired,sensing,wired_sensing_15,3,graduate,0,4,expert,0.9751181430513035,0.9701773255619023,0.9949331088488053,0.4225441557142313,0.4099427589226449
wired,sensing,wired_sensing_15,3,graduate,0,5,partner,1.130188120924063,1.128506754318286,0.9985123126180084,0.6271655781808606,0.7077605910530342
wired,sensing,wired_sensing_15,3,graduate,1,12,expert,1.112859331774131,1.0829424621459933,0.9731171148276061,0.29525194060632187,0.31974086351359277
wired,sensing,wired_sensing_15,3,graduate,1,13,partner,1.231140469976767,1.2065761894683629,0.9800475403835537,0.49919173599253974,0.6023128626279756
wired,sensing,wired_sensing_15,3,graduate,1,14,expert,0.901815580867253,0.8765405192984637,0.971973137184595,0.4954698866617427,0.43429943175123487
wired,sensing,wired_sensing_15,3,graduate,1,15,partner,1.1351255977031487,1.1348553259401848,0.9997619014455223,0.27530939521545866,0.3124363334416345
wired,sensing,wired_sensing_15,3,graduate,1,16,expert,1.1114829264887007,1.0168764393882606,0.9148826447562018,0.49239798990154726,0.500707914733022
wired,sensing,wired_sensing_15,3,graduate,2,23,partner,0.9558510141474407,0.9546451497686927,0.9987384389806583,0.5790984205438532,0.5528334984109001
wired,sensing,wired_sensing_15,3,graduate,2,24,expert,1.2340525659033725,1.1704283337870496,0.9484428509164063,0.1906581854910812,0.2231517423671884
wired,sensing,wired_sensing_15,3,graduate,2,25,partner,1.0711607678888815,0.9941216844342228,0.9280788787593286,0.254407043575678,0.2529115586913837
wired,sensing,wired_sensing_15,3,graduate,2,26,expert,0.9058429562911521,0.8883884962978921,0.9807312516225709,0.3696888731788597,0.32842734214142927
wired,sensing,wired_sensing_15,3,graduate,2,27,partner,1.1183166210754991,0.7577007873663927,0.6775369095713025,0.28840295098625035,0.21852314304107304
wired,sensing,wired_sensing_15,3,graduate,2,28,expert,0.9876706655802059,0.9118598883546879,0.9232428583044873,0.407135681315023,0.37125069690912665
wired,sensing,wired_sensing_15,3,graduate,2,29,partner,0.7410127554457859,0.7259689187946272,0.9796982757157964,0.28920953167041413,0.20995713101187105
wired,sensing,wired_sensing_15,3,graduate,2,30,expert,1.1980268042680529,1.1767169351099642,0.982212527229647,0.3052742078884235,0.3592213302745878
wired,sensing,wired_sensing_16,4,expert,0,4,expert,1.0420746019579727,0.8723882878859542,0.8371649076236681,0.43432673309167313,0.37890155506494455
wired,sensing,wired_sensing_16,4,expert,0,5,partner,1.0416632619241288,1.0282280403773478,0.9871021451568225,0.35986447495645224,0.37002274388589607
wired,sensing,wired_sensing_16,4,expert,0,6,expert,1.171981288578258,1.138293543099126,0.9712557309503036,0.2052764488082721,0.23366485622877436
wired,sensing,wired_sensing_16,4,expert,0,7,partner,0.9047841374936139,0.8677585627467452,0.9590780019083955,0.3429231833355489,0.2975745287037945
wired,sensing,wired_sensing_16,4,expert,0,8,expert,1.008490099296228,0.973240529922968,0.9650471835084707,0.39235016642974196,0.38185108389144673
wired,sensing,wired_sensing_16,4,expert,0,9,partner,0.8963611778290265,0.892518467322085,0.9957129886891752,0.48840480636890116,0.43591030921311136
wired,sensing,wired_sensing_16,4,expert,0,10,expert,1.1876299511900041,1.1807734442457212,0.9942267311982095,0.5213822757770087,0.615634345537891
wired,sensing,wired_sensing_16,4,expert,0,11,partner,0.903875181422901,0.899479028415883,0.9951363273399181,0.43790964504379226,0.39389054205793445
wired,sensing,wired_sensing_16,4,expert,1,18,expert,1.3054336745790809,1.1865663598675091,0.9089441945407085,0.4094154094717753,0.48579855209059014
wired,sensing,wired_sensing_16,4,expert,1,19,partner,1.2098641255123261,1.1476816210265344,0.9486037289845182,0.4972599640158299,0.5706961215732838
wired,sensing,wired_sensing_16,4,expert,1,20,expert,1.0420749852808577,1.0133796479088073,0.9724632701309023,0.24434390763652292,0.24761314308936172
wired,sensing,wired_sensing_16,4,expert,1,21,partner,1.1359459504630338,1.0810991029516395,0.9517170271261678,0.4678948986687808,0.5058407552264672
wired,sensing,wired_sensing_16,4,expert,1,22,expert,1.0855375605299924,1.0788655432049514,0.9938537204343464,0.26353638564077503,0.28432032584860434
wired,sensing,wired_sensing_16,4,expert,1,23,partner,1.0294427786868041,0.9665266127158305,0.9388832800865622,0.6384684541630923,0.6170967523281661
wired,sensing,wired_sensing_16,4,expert,1,24,expert,1.0228142679789087,1.0072445060642032,0.9847775276478531,0.2778297679423188,0.2798425073809931
wired,sleep,wired_sleep_12,0,child,0,4,partner,1.1733979063938598,1.130791467835319,0.9636896927058234,0.4944531831418959,0.5591234407408703
wired,sleep,wired_sleep_12,0,child,0,5,expert,0.9377571259089603,0.8755269763758791,0.9336393744023052,0.7525262195861775,0.6588570056778568
wired,sleep,wired_sleep_12,0,child,0,6,partner,1.0560778398522033,1.0355233689425787,0.9805369735686512,0.5009607358536319,0.5187565488991062
wired,sleep,wired_sleep_12,0,child,0,7,expert,1.1579103930906827,1.1246835300581963,0.9713044608358952,0.5364017056462012,0.603282163835407
wired,sleep,wired_sleep_12,0,child,0,8,partner,1.133584797407037,1.1199596948420985,0.9879805175606688,0.4958370032120164,0.5553174588087505
wired,sleep,wired_sleep_12,0,child,1,15,expert,0.8746456693920455,0.8665147737243002,0.9907037833110319,0.4496369760414902,0.38961708255267047
wired,sleep,wired_sleep_12,0,child,1,16,partner,1.2765292618264767,1.256431370460414,0.9842558318339756,0.4482190137307853,0.5631564296881857
wired,sleep,wired_sleep_12,0,child,1,17,expert,1.0204622975053748,1.0021569704133668,0.9820617311019335,0.6168468136554817,0.6181773339821162
wired,sleep,wired_sleep_12,0,child,2,24,partner,1.2077184642857115,1.1871843095843704,0.9829975649875744,0.5301361775025745,0.629369351874091
wired,sleep,wired_sleep_12,0,child,2,25,expert,1.0775647476680903,1.0656004933519645,0.9888969508857763,0.4629250837849541,0.49329319766624663
wired,sleep,wired_sleep_12,0,child,2,26,partner,1.2863632680965338,1.2782308234547506,0.9936779564183212,0.49499739787767527,0.6327209314971397
wired,sleep,wired_sleep_12,0,child,2,27,expert,1.1808037338024244,1.1459618780104623,0.9704931016090753,0.47333390241450846,0.5424226077369511
wired,sleep,wired_sleep_12,0,child,2,28,partner,1.1896452669514792,1.1857688263033235,0.9967415155115221,0.563431534490326,0.6680995493548744
wired,sleep,wired_sleep_12,0,child,2,29,expert,0.8645418470080912,0.7178871950462657,0.830367202616991,0.3528649093899751,0.25331720003222397
wired,sleep,wired_sleep_12,0,child,2,30,partner,1.0393165229326764,1.033121998703506,0.9940398097273724,0.2620576921448737,0.27073756668433996
wired,sleep,wired_sleep_12,0,child,2,31,expert,1.1282768136054335,1.112220527262385,0.9857691958653958,0.3990248193077203,0.44380359492121063
wired,sleep,wired_sleep_12,0,child,2,32,partner,1.2029147779012295,1.1975689699354437,0.9955559545322833,0.30567709418674693,0.36606940281808215
wired,sleep,wired_sleep_12,0,child,2,33,expert,0.9693512888827617,0.9528999295505156,0.9830284856254844,0.6497119800617182,0.6191105000289372
wired,sleep,wired_sleep_12,0,child,2,34,partner,1.2359705640621947,1.23353306920257,0.9980278698121972,0.49019778545083625,0.604675178803473
wired,sleep,wired_sleep_12,0,child,2,35,expert,1.0243005836408,1.0037728171827762,0.9799592358074821,0.45420592172445917,0.45591955763045994
wired,sleep,wired_sleep_12,0,child,2,36,partner,1.2157467844054728,1.1930408614338277,0.9813234768424823,0.280816732965881,0.3350258370026478
wired,sleep,wired_sleep_12,0,child,2,37,expert,0.8526779692264148,0.8400454333459813,0.9851848689219923,0.4005063172657771,0.3364435028453328
wired,sleep,wired_sleep_12,0,child,2,38,partner,1.1165120761393,1.1018104581467971,0.9868325490537233,0.38990615402662476,0.42960267820233106
wired,sleep,wired_sleep_12,0,child,2,39,expert,1.15833848816285,1.1417962008817852,0.9857189522310642,0.2536451751997195,0.28961109741503455
wired,sleep,wired_sleep_12,0,child,2,40,partner,1.0164744105758001,1.0085663215434881,0.9922200805538974,0.317453130297072,0.32017253588618355
wired,sleep,wired_sleep_12,0,child,2,41,expert,1.1071844979408927,1.1042622531583612,0.9973606523673664,0.36035800669926726,0.3979297444213887
wired,sleep,wired_sleep_12,0,child,2,42,partner,1.1341499744242176,1.1174323949802278,0.9852598158779995,0.4750788426140578,0.5308684889066614
wired,sleep,wired_sleep_12,0,child,2,43,expert,0.8484806290361568,0.7899092633523745,0.9309691185864217,0.5149127094430173,0.40673431900690904
wired,sleep,wired_sleep_12,0,child,2,44,partner,1.1919271589900884,1.1704324702316575,0.9819664409882016,0.25019510224197555,0.29283647155693754
wired,sleep,wired_sleep_12,0,child,2,45,expert,0.9601612722167473,0.9302693054047588,0.9688677645329883,0.23751816064870354,0.22095585432768536
wired,sleep,wired_sleep_12,0,child,2,46,partner,1.098558167682846,1.0561572188750403,0.961403091746883,0.24511005267285163,0.25887475154927364
wired,sleep,wired_sleep_12,0,child,2,47,expert,1.1249659070339981,1.1059885296587433,0.9831307088885276,0.42681605838017544,0.47205366484263056
wired,sleep,wired_sleep_12,0,child,2,48,partner,0.8994942054050804,0.8720004496396896,0.9694342046884242,0.6361895957789583,0.554757613575344
wired,sleep,wired_sleep_13,1,teenager,0,4,expert,1.1432391303904483,1.1315361716602168,0.9897633326045929,0.6978054054707337,0.7895920570701592
wired,sleep,wired_sleep_13,1,teenager,0,5,partner,1.1674783126757131,1.1142636828452213,0.9544191705715842,0.39613969384462,0.4414040741844847
wired,sleep,wired_sleep_13,1,teenager,0,6,expert,1.166450182867445,1.1510008821811624,0.9867552846112202,0.47053351160056534,0.541584486948051
wired,sleep,wired_sleep_13,1,teenager,0,7,partner,1.2352456477990175,1.2314913392776374,0.9969606786074765,0.4907378148071062,0.6043393687909845
wired,sleep,wired_sleep_13,1,teenager,0,8,expert,1.2043938596735853,1.1850680654309556,0.9839539249653336,0.593912883168003,0.7038271914904264
wired,sleep,wired_sleep_13,1,teenager,0,9,partner,1.2135739533066585,1.207283329865653,0.9948164482066707,0.444646744213628,0.53681460196815
wired,sleep,wired_sleep_13,1,teenager,0,10,expert,1.0977998017260509,1.0944853002011576,0.9969807778060453,0.566338081048765,0.6198487046520051
wired,sleep,wired_sleep_13,1,teenager,0,11,partner,1.132970025975262,1.1077585315839886,0.9777474303695289,0.321067512708364,0.3556652764171409
wired,sleep,wired_sleep_13,1,teenager,0,12,expert,0.9965269064881441,0.9057890199782864,0.9089458739949776,0.659758417254332,0.5976019301872268
wired,sleep,wired_sleep_13,1,teenager,0,13,partner,1.061566828602706,1.0329783595598199,0.9730695531608792,0.31809346893432405,0.3285836697264706
wired,sleep,wired_sleep_13,1,teenager,0,14,expert,0.9593540812408846,0.8941412871179673,0.9320242698717669,0.6313498512630806,0.5645159686301081
wired,sleep,wired_sleep_13,1,teenager,0,15,partner,1.142430516058007,1.1341176097038885,0.9927234906296137,0.31378420461136813,0.3558681920966807
wired,sleep,wired_sleep_13,1,teenager,0,16,expert,0.9623558607204167,0.9558996860023953,0.993291281341414,0.4314276064975135,0.4124015135837381
wired,sleep,wired_sleep_13,1,teenager,0,17,partner,1.061675455003126,1.0080385731727097,0.949479022446452,0.4635006390023778,0.46722652280459614
wired,sleep,wired_sleep_13,1,teenager,0,18,expert,0.9671281119877765,0.8931796347676021,0.9235380749411691,0.5941432755729107,0.5306766738758392
wired,sleep,wired_sleep_13,1,teenager,0,19,partner,0.8044471548422272,0.6912208966072302,0.8592496007297549,0.4902199441858298,0.3388502693548756
wired,sleep,wired_sleep_13,1,teenager,0,20,expert,0.8863757569080286,0.7132655615072978,0.8046988604410831,0.3727668581029581,0.26588176235611766
wired,sleep,wired_sleep_13,1,teenager,0,21,partner,1.1712796449679417,1.1518153508075863,0.983382026448627,0.2036508702117003,0.23456819851515984
wired,sleep,wired_sleep_13,1,teenager,0,22,expert,0.9753208138288094,0.9404013769187458,0.9641969735333087,0.29814461657070757,0.2803756079440049
wired,sleep,wired_sleep_13,1,teenager,0,23,partner,0.998745218386399,0.8396630921570358,0.8407180096569359,0.4065191117706937,0.34133909441031235
wired,sleep,wired_sleep_13,1,teenager,0,24,expert,0.920246758173774,0.8785873232677546,0.9547301476077491,0.24601789380163336,0.21614820279114777
wired,sleep,wired_sleep_13,1,teenager,0,25,partner,1.0546739606059528,0.875871827817689,0.8304669125552647,0.21071822150788433,0.18456215382660332
wired,sleep,wired_sleep_13,1,teenager,0,26,expert,0.7105015703368143,0.659074740259673,0.9276189775995993,0.28744097759796816,0.18944508765036736
wired,sleep,wired_sleep_13,1,teenager,0,27,partner,1.0910040473366585,0.942478911998999,0.8638638090288477,0.244616095888045,0.23054551191000747
wired,sleep,wired_sleep_13,1,teenager,0,28,expert,1.0578495573154179,1.0172450188864395,0.9616159612213808,0.4606432057006753,0.4685870064828935
wired,sleep,wired_sleep_13,1,teenager,0,29,partner,1.0581824491481113,1.0481564694516523,0.9905252825677453,0.2832955965536226,0.29693811229484474
wired,sleep,wired_sleep_13,1,teenager,0,30,expert,0.8178630526841703,0.7953472008256788,0.9724698997154004,0.683824215466325,0.5438776756279574
wired,sleep,wired_sleep_13,1,teenager,0,31,partner,1.196559231315343,1.190297100045004,0.9947665513687525,0.3944742592591348,0.46954156683854925
wired,sleep,wired_sleep_13,1,teenager,0,32,expert,0.8132729227905986,0.7409969910619278,0.9111295486371536,0.4769964193070698,0.3534529114538524
wired,sleep,wired_sleep_13,1,teenager,0,33,partner,0.814617550758854,0.7813481509052074,0.9591594855480172,0.4127602864758988,0.3225094866050472
wired,sleep,wired_sleep_13,1,teenager,0,34,expert,0.6142216176237917,0.5885654620257741,0.9582298068598912,0.5578007885923765,0.3283022788562132
wired,sleep,wired_sleep_13,1,teenager,0,35,partner,0.8104765310511406,0.8080786455791921,0.9970413881450267,0.40666050553751665,0.328613670525306
wired,sleep,wired_sleep_14,2,undergraduate,0,4,expert,1.2270161485245092,1.2120953428029297,0.9878397641787277,0.6134489218491013,0.743558581220774
wired,sleep,wired_sleep_14,2,undergraduate,0,5,partner,1.175095176027956,1.1615568613621299,0.9884789632848492,0.36213023606292133,0.4206348604055741
wired,sleep,wired_sleep_14,2,undergraduate,0,6,expert,1.202956365552096,1.0383745647572649,0.8631855605833552,0.5505222218737722,0.5716482725273806
wired,sleep,wired_sleep_14,2,undergraduate,0,7,partner,1.0535688508977779,1.04012019772785,0.9872351454207714,0.6662142031672789,0.6929428487274522
wired,sleep,wired_sleep_14,2,undergraduate,0,8,expert,1.0173339524733365,0.9892206436419889,0.9723657027626267,0.32276649778519756,0.3192872826851437
wired,sleep,wired_sleep_14,2,undergraduate,0,9,partner,1.0621324774658272,1.0420070611536196,0.9810518774821702,0.36212415583262336,0.37733592739188726
wired,sleep,wired_sleep_14,2,undergraduate,0,10,expert,1.2222422473368793,1.2174427791570366,0.9960732267344741,0.42697143901307827,0.5198132953327611
wired,sleep,wired_sleep_14,2,undergraduate,0,11,partner,1.068833566671337,1.0468882398531798,0.9794679662920008,0.3798032406198796,0.39761154606307947
wired,sleep,wired_sleep_14,2,undergraduate,0,12,expert,1.1559534226147765,1.1346779434477492,0.9815948646789905,0.43860825951387106,0.4976791178843959
wired,sleep,wired_sleep_14,2,undergraduate,1,19,partner,1.2838404411679194,1.257365031749966,0.9793779596202408,0.15631151204696392,0.196540629307816
wired,sleep,wired_sleep_15,3,graduate,0,4,expert,1.1086249495089078,1.1041198685312696,0.9959363344829739,0.5938547604444412,0.655686840028585
wired,sleep,wired_sleep_15,3,graduate,0,5,partner,1.0135397935232622,0.9683577635225858,0.9554215529667855,0.39879594352569947,0.38617714797442576
wired,sleep,wired_sleep_15,3,graduate,1,12,expert,0.9553955826680274,0.8275490699615099,0.8661847353843097,0.8541383562901448,0.7068414023663621
wired,sleep,wired_sleep_15,3,graduate,1,13,partner,1.0739463271586094,1.0584732562447359,0.9855923238214362,0.4722688763042942,0.4998839753248487
wired,sleep,wired_sleep_15,3,graduate,1,14,expert,0.8626183559019446,0.8472326324441639,0.9821639275891878,0.3944510834238828,0.3341918297796687
wired,sleep,wired_sleep_15,3,graduate,1,15,partner,0.7922557097053706,0.7811713768958513,0.9860091474574194,0.3583636850486227,0.2799434532789038
wired,sleep,wired_sleep_15,3,graduate,1,16,expert,0.6620865779985752,0.6450202014883315,0.9742233461931702,0.41495089078088765,0.2676517071792508
wired,sleep,wired_sleep_15,3,graduate,1,17,partner,1.0034546813173422,0.9835831583619692,0.9801968904761441,0.2788177578403075,0.27424045086397236
wired,sleep,wired_sleep_15,3,graduate,1,18,expert,0.8292015186655676,0.8219238827364159,0.9912233205483575,0.3253720009500793,0.267431018354606
wired,sleep,wired_sleep_15,3,graduate,1,19,partner,0.8589354035280317,0.8370009665491321,0.9744632286784555,0.18911872334879543,0.1582925542354797
wired,sleep,wired_sleep_15,3,graduate,1,20,expert,0.9962373498302721,0.9758915516869118,0.9795773586005321,0.38158957119237147,0.37239003873846666
wired,sleep,wired_sleep_16,4,expert,0,4,expert,1.2581341502897947,1.2561339517708092,0.9984101866088578,0.2983093337664038,0.3747164822741101
wired,sleep,wired_sleep_16,4,expert,0,5,partner,1.0610857852849416,0.9619852226656348,0.9066045705309291,0.6817009004666077,0.6557861925267333
wired,sleep,wired_sleep_16,4,expert,0,6,expert,0.7709274392559184,0.6897711367254507,0.8947289999047217,0.7978378564125302,0.5503255251402679
wired,sleep,wired_sleep_16,4,expert,0,7,partner,0.8961883303740419,0.8878832345377703,0.9907328676844118,0.6395832671183603,0.5678752599652845
wired,sleep,wired_sleep_16,4,expert,0,8,expert,0.9019844593669047,0.8897972064685512,0.9864884003568153,0.3612542629766644,0.3214430340214914
wired,sleep,wired_sleep_16,4,expert,0,9,partner,0.7686339192872543,0.7304376966245574,0.9503063529917257,0.2847779269227608,0.20801253299097794
wired,sleep,wired_sleep_16,4,expert,0,10,expert,0.6979988139833597,0.6901943154369173,0.9888187509905751,0.6283731999253693,0.4336996105613955
wired,time,wired_time_12,0,child,0,4,expert,0.9841041735043186,0.8507896129487574,0.8645320646474826,0.7536786658716346,0.6412219804246638
wired,time,wired_time_12,0,child,0,5,partner,1.226581013956674,1.2125259543006757,0.9885412708194068,0.5908064400901551,0.7163681425773003
wired,time,wired_time_12,0,child,0,6,expert,1.1451338000250342,1.0912086364943618,0.9529092901367102,0.556942088031595,0.6077400164872796
wired,time,wired_time_12,0,child,1,13,partner,0.8957169446623332,0.8636335768235407,0.964181354354247,0.376785036633008,0.3254042088809535
wired,time,wired_time_12,0,child,1,14,expert,1.18343792880334,1.1089031965402447,0.9370184692834714,0.38656257983711284,0.428660480444218
wired,time,wired_time_12,0,child,1,15,partner,0.7373748586771988,0.5714416282952074,0.7749676051059844,0.8535097964411607,0.4877310278442479
wired,time,wired_time_12,0,child,2,22,expert,0.9253830151096605,0.8852630589265407,0.9566450264063663,0.8101777389177904,0.7172204234285514
wired,time,wired_time_12,0,child,2,23,partner,1.0459107641415828,0.9579433115572291,0.915893921736748,0.44662876238680094,0.4278450356775189
wired,time,wired_time_12,0,child,2,24,expert,1.0098128771036048,1.008081088575475,0.9982850401610094,0.1633666721784056,0.16468685272655986
wired,time,wired_time_12,0,child,2,25,partner,0.8494629284395282,0.831873014999957,0.9792929004296123,0.2792866370797704,0.23233101683674742
wired,time,wired_time_12,0,child,2,26,expert,0.8768768521858921,0.8637679859137589,0.9850505048223817,0.37038606363843146,0.3199276241994933
wired,time,wired_time_13,1,teenager,0,4,expert,0.744404355220725,0.7091143044645895,0.9525929012779295,0.5794759658441908,0.41091469647354956
wired,time,wired_time_13,1,teenager,0,5,partner,1.2582054676774117,1.2537265130147477,0.99644020410122,0.4115480456811377,0.5159686962498469
wired,time,wired_time_13,1,teenager,0,6,expert,1.058690048343728,1.0561961617706883,0.9976443657159723,0.5511394799131824,0.5821114032845965
wired,time,wired_time_13,1,teenager,0,7,partner,1.2021251869453522,1.1765008958413394,0.9786841741748179,0.3153371724753634,0.37099446590934004
wired,time,wired_time_13,1,teenager,0,8,expert,0.8252774423433594,0.8084335843062231,0.9795900661112364,0.5925572240031556,0.47904316050741663
wired,time,wired_time_13,1,teenager,0,9,partner,1.1648537426213696,1.1580603440835693,0.9941680244564379,0.3324406161902204,0.38498629437260046
wired,time,wired_time_13,1,teenager,0,10,expert,0.9256930879435088,0.9019908138509047,0.9743951052435373,0.360853287386418,0.32548635037044954
wired,time,wired_time_14,2,undergraduate,0,4,expert,1.1124774004941669,1.0486220336325953,0.9426007514092876,0.5600252102898701,0.5872547748996854
wired,time,wired_time_14,2,undergraduate,0,5,partner,1.0972032375958596,1.0959432952086396,0.9988516782077862,0.3581001249315525,0.3924574309321112
wired,time,wired_time_14,2,undergraduate,0,6,expert,1.0062555487439975,1.0034437699728622,0.9972057011008365,0.6092324074118134,0.6113304636829527
wired,time,wired_time_14,2,undergraduate,0,7,partner,0.871160158405138,0.8567590055421435,0.9834689950808325,0.4230360325847127,0.36243993058577223
wired,time,wired_time_14,2,undergraduate,0,8,expert,0.8265191570779787,0.8189431651783557,0.9908338580712425,0.4597648546111478,0.3765212852730199
wired,time,wired_time_14,2,undergraduate,0,9,partner,0.9465566155554432,0.944987844398823,0.9983426547003763,0.48134379135426464,0.4548640318066234
wired,time,wired_time_14,2,undergraduate,0,10,expert,0.848534802137866,0.8304625051073254,0.9787017609814158,0.6198303863796889,0.5147458954145179
wired,time,wired_time_15,3,graduate,0,4,expert,1.243801919217678,1.2382522219445025,0.9955381180970828,0.5432339447209193,0.6726606390863554
wired,time,wired_time_15,3,graduate,0,5,partner,1.1664151007641712,1.1342399346356828,0.9724153381515882,0.4555596574972509,0.516713956142336
wired,time,wired_time_15,3,graduate,1,12,expert,1.0267094560238539,1.0237978981170202,0.9971641851638275,0.5822553920504417,0.5961118465485438
wired,time,wired_time_15,3,graduate,1,13,partner,0.9604862487459762,0.9426042966158444,0.9813823965158689,0.46920459157403027,0.4422742640095634
wired,time,wired_time_15,3,graduate,1,14,expert,1.111727733723599,1.0866413179203,0.9774347485959962,0.41356171106230927,0.4493932427501221
wired,time,wired_time_15,3,graduate,1,15,partner,1.2092104252843814,1.1961508428820704,0.9891999091884864,0.311982078171751,0.37317762576923996
wired,time,wired_time_15,3,graduate,1,16,expert,0.8587768573398652,0.847577727036608,0.9869592080777138,0.48015965039166253,0.40697262509365767
wired,time,wired_time_15,3,graduate,1,17,partner,1.077415711529875,1.031357537872408,0.9572512511507522,0.37724533371185553,0.38907481855091425
wired,time,wired_time_15,3,graduate,1,18,expert,1.165826169636946,1.1604449907098286,0.9953842356019605,0.3719173852406211,0.43158966666037635
wired,time,wired_time_15,3,graduate,1,19,partner,1.1347453582174423,1.123650008381499,0.9902221676814232,0.19003525536154064,0.21353311627977548
wired,time,wired_time_15,3,graduate,1,20,expert,0.856589360477796,0.8167084857637148,0.9534422483454739,0.3842411972974872,0.31381304641286756
wired,time,wired_time_15,3,graduate,1,21,partner,0.9872185673021547,0.9823662887370553,0.9950848994064662,0.26435758283659677,0.25969597755068624
wired,time,wired_time_15,3,graduate,1,22,expert,1.0069113865299355,0.9864195702976782,0.9796488385101525,0.46414130323935476,0.4578380648987687
wired,time,wired_time_15,3,graduate,1,23,partner,1.0313298039425318,1.0280557310370815,0.9968253870935067,0.325949973350791,0.33509473813466467
wired,time,wired_time_15,3,graduate,1,24,expert,0.9892045498151099,0.978649675822595,0.989329937882436,0.1689141434898006,0.16530777176814465
wired,time,wired_time_15,3,graduate,1,25,partner,1.1115391020672298,1.0513065080007467,0.9458115382936965,0.22872463919911656,0.24045970173015394
wired,time,wired_time_15,3,graduate,1,26,expert,0.8774253025494047,0.8157739010934304,0.9297360113986084,0.2924180941945733,0.23854704945141328
wired,time,wired_time_15,3,graduate,1,27,partner,1.0448282993787787,1.0425570936765136,0.9978262402496052,0.33780162134172115,0.35217747658523896
wired,time,wired_time_15,3,graduate,1,28,expert,1.019540047406348,0.8791806132831113,0.8623306318558397,0.5561897107344314,0.4889912109852536
wired,time,wired_time_15,3,graduate,1,29,partner,1.0662029820366827,0.9875583447979384,0.9262385881819218,0.24298930020886284,0.23996611111787391
wired,time,wired_time_15,3,graduate,1,30,expert,0.9782074302019867,0.42185488449096126,0.43125299549546725,0.9945000436772141,0.4195347010517071
wired,time,wired_time_15,3,graduate,1,31,partner,1.1842744910944722,1.165088053744263,0.9837989946625789,0.38974718539244335,0.45408978968118624
wired,time,wired_time_15,3,graduate,1,32,expert,0.8961910588888534,0.8049957051621007,0.8982411698675951,0.3126215672634121,0.25165901898809157
wired,time,wired_time_15,3,graduate,1,33,partner,1.11704504516139,1.0756010052032876,0.962898506073157,0.40050414768228937,0.4307826638351564
wired,time,wired_time_15,3,graduate,1,34,expert,1.128439725625282,1.1165991186661872,0.989507098437603,0.4209125188933891,0.46999054763192316
wired,time,wired_time_15,3,graduate,1,35,partner,1.1896664967586523,1.1804204093294524,0.9922280004897305,0.5586625912741046,0.6594567246688311
wired,time,wired_time_15,3,graduate,1,36,expert,0.9956322683331159,0.8402807367273709,0.8439669579345013,0.4304555327698291,0.36170349220420495
wired,time,wired_time_15,3,graduate,1,37,partner,1.1430612466682082,1.1406717148927439,0.9979095330338359,0.3620732475431706,0.41300671219185336
wired,time,wired_time_15,3,graduate,1,38,expert,1.0503565575423202,1.0300102772808106,0.9806291681463888,0.29977159703998474,0.3087678257880661
wired,time,wired_time_15,3,graduate,1,39,partner,1.0248675785110384,0.9695601631188843,0.9460345740730206,0.30155014519975976,0.2923710079684023
wired,time,wired_time_15,3,graduate,1,40,expert,1.0651803742069577,1.0409375237921714,0.9772406148265614,0.3513694513934583,0.3657536466697202
wired,time,wired_time_15,3,graduate,1,41,partner,1.1652594552688487,1.160309875053047,0.9957523792710563,0.3080812723721547,0.35746974265231857
wired,time,wired_time_15,3,graduate,1,42,expert,0.8837613407237764,0.8595555863902351,0.972610530446274,0.3438765234141937,0.2955809867291227
wired,time,wired_time_15,3,graduate,1,43,partner,1.1033778394421514,1.0871015084535998,0.9852486334166671,0.4477026982330504,0.4866982785878959
wired,time,wired_time_15,3,graduate,1,44,expert,1.1921584260453584,1.1502463003698031,0.964843493313593,0.42756912952654613,0.4918098093902468
wired,time,wired_time_15,3,graduate,1,45,partner,0.9982982210968406,0.9557773396827443,0.9574066340934319,0.2517629307356063,0.2406293041692088
wired,time,wired_time_15,3,graduate,1,46,expert,1.0219396303197237,1.0173668975555283,0.99552543748229,0.6925956513959732,0.7046238891211715
wired,time,wired_time_15,3,graduate,1,47,partner,1.1481147348122454,1.1455172901126667,0.997737643615382,0.28205818167785435,0.32310252392972194
wired,time,wired_time_15,3,graduate,1,48,expert,0.8643285622448867,0.5112372227897646,0.5914848185293757,0.5353883307209426,0.2737104433118227
wired,time,wired_time_16,4,expert,0,4,expert,0.9572868757903072,0.9372722522141744,0.9790923451649868,0.6264914738553136,0.5871930746933474
wired,time,wired_time_16,4,expert,0,5,partner,0.9847499423347595,0.9478995857747194,0.9625789705824876,0.6083873093218058,0.5766900784967359
wired,time,wired_time_16,4,expert,0,6,expert,1.106735741505033,1.0423560600616673,0.9418292199032456,0.2756869715262062,0.2873639854503893
wired,time,wired_time_16,4,expert,0,7,partner,0.9466048035773611,0.8791776707321033,0.9287695006497227,0.43880884156477334,0.38579093522357
wired,time,wired_time_16,4,expert,0,8,expert,1.0085582291468986,1.0035514612902778,0.9950357176086393,0.2451818344824324,0.24605258827667606
wired,time,wired_time_16,4,expert,0,9,partner,1.0116978737682278,0.9933561325276684,0.9818703372645979,0.35309857970857833,0.35075263954032604
wired,time,wired_time_16,4,expert,0,10,expert,0.9533231069753497,0.9490632236951527,0.9955315430308743,0.385387336113556,0.3657569475832188
wired,time,wired_time_16,4,expert,0,11,partner,1.13705386408765,1.1292124815695754,0.9931037721547523,0.2253915145057298,0.2545149114197401
wired,time,wired_time_16,4,expert,0,12,expert,0.9141706435129038,0.9077472652015326,0.992973545630736,0.461802204594569,0.4191996882847586
wired,time,wired_time_16,4,expert,0,13,partner,0.7494824647456023,0.7437190839668699,0.9923101859605469,0.4615682266835528,0.34327709873730444
wired,time,wired_time_16,4,expert,0,14,expert,1.135230779962585,1.1300569470585418,0.9954424835933279,0.535227687515398,0.6048377665348538
wired,time,wired_time_16,4,expert,0,15,partner,0.8798742333656809,0.7884412232894209,0.8960840008606593,0.15358387210961494,0.12109185600363077
wired,time,wired_time_16,4,expert,0,16,expert,1.1113770001661805,1.1104299943820695,0.999147898701369,0.30023133907643795,0.3333858841639702
wired,time,wired_time_16,4,expert,0,17,partner,0.6309068671813355,0.622573310005836,0.9867911452387299,0.42143141237598536,0.2623719493433517
wired,time,wired_time_16,4,expert,0,18,expert,0.917187664054447,0.902078161234898,0.9835262690366543,0.39571068888575517,0.35696197061105683
wired,time,wired_time_16,4,expert,0,19,partner,0.8980795270037503,0.8962486956766416,0.9979613928688311,0.39115530015330413,0.35057242756940404
wired,time,wired_time_16,4,expert,0,20,expert,1.244213068832534,1.2239793864815396,0.9837377673817848,0.2997303398968899,0.36686375753689865
wired,zero,wired_zero_12,0,child,0,4,expert,0.8968062400020659,0.8520401403449572,0.9500827518127488,0.5143701983831537,0.43826405601964574
wired,zero,wired_zero_12,0,child,0,5,partner,0.7881713286451449,0.4404966988893258,0.5588844492046854,0.5778105968593322,0.2545236604998069
wired,zero,wired_zero_12,0,child,0,6,expert,1.0199050157947718,0.8908046410933973,0.8734192177674064,0.6675503407168673,0.594656941674064
wired,zero,wired_zero_12,0,child,0,7,partner,1.0651574167554934,1.0144644241993737,0.9524079804922311,0.37905696783343834,0.3845398086119095
wired,zero,wired_zero_12,0,child,0,8,expert,0.8899292907959052,0.8344012071523274,0.9376039375051314,0.42486727724035755,0.3545097690088769
wired,zero,wired_zero_12,0,child,0,9,partner,1.1975592263746893,1.1926050125879963,0.9958630740938914,0.19723829957438568,0.23522738474674523
wired,zero,wired_zero_12,0,child,0,10,expert,1.0339296524381687,1.0084438347639544,0.9753505302656809,0.3709273496938823,0.374059398944129
wired,zero,wired_zero_12,0,child,0,11,partner,0.960550317783955,0.9577565706074656,0.9970915139730192,0.6058390383070432,0.5802463196690787
wired,zero,wired_zero_12,0,child,0,12,expert,1.0649632416575638,1.0033253004522207,0.9421220012154139,0.28007802686535666,0.2810093704547491
wired,zero,wired_zero_12,0,child,0,13,partner,0.8273603147450026,0.41586986855858504,0.5026466234197563,0.9446530598655765,0.39285274383976243
wired,zero,wired_zero_13,1,teenager,0,4,expert,0.9911441459537624,0.9879898434948472,0.9968175139077509,0.3622931573972866,0.35794195987619926
wired,zero,wired_zero_13,1,teenager,0,5,partner,0.7904022067405139,0.6761900551356529,0.8555012237671904,0.08872948977103748,0.05999799858043618
wired,zero,wired_zero_13,1,teenager,0,6,expert,0.8468099941980417,0.7415325247897521,0.8756775780511817,0.26815157652258703,0.19884311556514636
wired,zero,wired_zero_13,1,teenager,0,7,partner,0.855801251288805,0.826684919586655,0.9659776944012786,0.6567944771217755,0.5429620895043741
wired,zero,wired_zero_13,1,teenager,0,8,expert,1.101824983230037,1.0799354557773402,0.9801333897970735,0.5149597479149992,0.5561232900715689
wired,zero,wired_zero_13,1,teenager,0,9,partner,1.1346031475461753,1.1341468156021497,0.9995978047954369,0.4087890326888626,0.46362677967715654
wired,zero,wired_zero_13,1,teenager,0,10,expert,0.9696440684304215,0.9430000042749045,0.9725218097815844,0.37043859974951204,0.3493236011473795
wired,zero,wired_zero_13,1,teenager,0,11,partner,1.1531472467399697,1.1423979930145058,0.9906783337888171,0.35765279421256946,0.4085818343044694
wired,zero,wired_zero_13,1,teenager,0,12,expert,1.004473369372983,0.9996444702337733,0.9951926061083936,0.33566466694990804,0.3355453281693368
wired,zero,wired_zero_13,1,teenager,0,13,partner,1.0759149106598653,1.0341604164341538,0.9611916390292755,0.19026989565944555,0.1967695945300552
wired,zero,wired_zero_14,2,undergraduate,0,4,expert,1.041168570641885,0.802802281444679,0.7710588890989831,0.7516604728992355,0.6034347425152926
wired,zero,wired_zero_14,2,undergraduate,0,5,partner,1.0832583415148547,1.067724456873731,0.9856600369027516,0.3957908091771421,0.42259552676427853
wired,zero,wired_zero_14,2,undergraduate,0,6,expert,1.1399048228872064,1.0935853273570177,0.9593654710453564,0.5097627990021534,0.5574691174211995
wired,zero,wired_zero_14,2,undergraduate,0,7,partner,1.0236012235230918,0.9464120461980575,0.9245905773145868,0.37445556454200024,0.35438925704844326
wired,zero,wired_zero_14,2,undergraduate,0,8,expert,0.8476578803979511,0.665074181331061,0.7846021333725384,0.5645383094188363,0.37545985396675374
wired,zero,wired_zero_14,2,undergraduate,0,9,partner,1.3004318693436263,1.2714692839673556,0.9777284869280641,0.3163398089376261,0.4022163503602935
wired,zero,wired_zero_14,2,undergraduate,0,10,expert,0.9042683256149378,0.8912331396117458,0.9855848251730889,0.5250256211453759,0.46792023271000033
wired,zero,wired_zero_14,2,undergraduate,0,11,partner,1.0063029652342934,0.8557580287244276,0.8503979996961795,0.2404175501486252,0.20573924878594374
wired,zero,wired_zero_14,2,undergraduate,0,12,expert,1.1614390419819598,1.1297013492423926,0.9726738196381098,0.3211933410678611,0.3628525507720347
wired,zero,wired_zero_14,2,undergraduate,1,19,partner,1.1240170838488615,1.1015795831309665,0.9800381141521047,0.2232009591652277,0.2458736195516634
wired,zero,wired_zero_14,2,undergraduate,1,20,expert,1.0674783429830328,1.0381929616363645,0.9725658309228046,0.3490803440993857,0.36241275628958247
wired,zero,wired_zero_14,2,undergraduate,1,21,partner,0.741856405433705,0.48709497124785117,0.6565892909725953,0.39446218459877347,0.19214054646550413
wired,zero,wired_zero_14,2,undergraduate,1,22,expert,0.8827767830005893,0.7767226419936228,0.8798630151470856,0.29290445809233767,0.2275055245411909
wired,zero,wired_zero_14,2,undergraduate,1,23,partner,1.0869501301386029,1.0731090894965434,0.9872661677299934,0.1408400401290479,0.15113672722753924
wired,zero,wired_zero_14,2,undergraduate,1,24,expert,0.7914094609393201,0.7637512129674079,0.9650519113834578,0.2955947699057082,0.22576086406230647
wired,zero,wired_zero_14,2,undergraduate,1,25,partner,1.0189503599116205,1.0109920347664463,0.9921896831688083,0.13472358688278796,0.13620447323366391
wired,zero,wired_zero_14,2,undergraduate,1,26,expert,0.9348000395830436,0.8885746281165885,0.9505504819105229,0.3254709284874387,0.2892052092434866
wired,zero,wired_zero_14,2,undergraduate,1,27,partner,1.0592975465216405,1.0403635918708671,0.9821259336303307,0.23191894089389273,0.24128002237125756
wired,zero,wired_zero_14,2,undergraduate,1,28,expert,0.7717052504139535,0.7448910006766583,0.9652532495743977,0.5817247345141288,0.43332151961059273
wired,zero,wired_zero_14,2,undergraduate,1,29,partner,0.8082829468041849,0.8078102285220329,0.9994151574210238,0.6261737095081719,0.5058295273722854
wired,zero,wired_zero_14,2,undergraduate,1,30,expert,0.7817045926577525,0.7768304966229177,0.9937647852122029,0.5313402340500374,0.4127612978928279
wired,zero,wired_zero_14,2,undergraduate,1,31,partner,1.2784159792844403,1.2702992343331307,0.993650935936481,0.38112340073839635,0.4841407641444238
wired,zero,wired_zero_14,2,undergraduate,1,32,expert,0.7449177193792145,0.74170895209644,0.9956924540787617,0.36325271213253896,0.26942778846201526
wired,zero,wired_zero_15,3,graduate,0,4,expert,0.9466281730130149,0.9413502717398745,0.9944245254635345,0.5404441923938492,0.508747287370187
wired,zero,wired_zero_15,3,graduate,1,11,partner,0.7054768684226312,0.649585414595117,0.9207749306459868,0.2760889178472467,0.17934333416492093
wired,zero,wired_zero_15,3,graduate,1,12,expert,0.7650393628763064,0.25441847874571477,0.3325560632447056,1.0,0.25441847874571477
wired,zero,wired_zero_15,3,graduate,1,13,partner,1.2230337529943736,1.153548047379434,0.9431857825299098,0.207663621275395,0.23954996483397417
wired,zero,wired_zero_15,3,graduate,1,14,expert,0.9523885647703226,0.8722664718174817,0.9158724748306076,0.21766129262547912,0.18985864776965913
wired,zero,wired_zero_15,3,graduate,1,15,partner,1.1763441043786271,1.0400619256033288,0.8841476926105988,0.3489727616771683,0.3629532824930672
wired,zero,wired_zero_15,3,graduate,1,16,expert,0.621845950947807,0.595997093324747,0.9584320560669085,0.838171449845465,0.4995477478156861
wired,zero,wired_zero_15,3,graduate,1,17,partner,1.1694499590693193,1.144812683325437,0.9789325951454406,0.5789429927560379,0.6627812810294988
wired,zero,wired_zero_15,3,graduate,1,18,expert,1.2959365183820264,1.2759750015821154,0.9845968405722392,0.27001399756188055,0.34453111096621386
wired,zero,wired_zero_15,3,graduate,1,19,partner,0.9597323024537325,0.9347760771210386,0.973996680876675,0.33929527182454655,0.3171651031818661
wired,zero,wired_zero_15,3,graduate,1,20,expert,0.9155679210372971,0.7822664955799498,0.8544057492674304,0.4875724142850112,0.3814115638641911
wired,zero,wired_zero_15,3,graduate,1,21,partner,1.0497887450378973,0.9705505015813668,0.924519819980929,0.41808629976311673,0.40577386793939063
wired,zero,wired_zero_15,3,graduate,1,22,expert,1.125373818375651,1.07977731159595,0.959483234782844,0.29823336274795037,0.32202561865620155
wired,zero,wired_zero_15,3,graduate,1,23,partner,1.081183990050069,1.0642243163363467,0.9843137949962417,0.49934796381539326,0.5314182454053837
wired,zero,wired_zero_15,3,graduate,1,24,expert,1.04448713447694,1.0383350385665548,0.9941099361511425,0.2586926402575215,0.2686096325986775
wired,zero,wired_zero_15,3,graduate,1,25,partner,1.13947356118321,1.1218503283552785,0.9845338817597343,0.3059649678402381,0.34324689963678334
wired,zero,wired_zero_15,3,graduate,1,26,expert,0.9168051725202694,0.8988452681019353,0.9804103369422064,0.1711927561184557,0.15387579877040253
wired,zero,wired_zero_15,3,graduate,1,27,partner,1.0899005061817293,0.9814044921165644,0.900453285918582,0.21592881232522154,0.211913506393367
wired,zero,wired_zero_15,3,graduate,1,28,expert,0.912118393707911,0.906711371885261,0.9940720175572124,0.390756763174562,0.3543036008114511
wired,zero,wired_zero_15,3,graduate,1,29,partner,0.863647123475859,0.8193489490134456,0.9487080159717566,0.5198459760067973,0.4259352540900382
wired,zero,wired_zero_15,3,graduate,1,30,expert,1.023046845006094,0.9048619705802956,0.8844775534926956,0.25034185991824454,0.22652482868435908
wired,zero,wired_zero_15,3,graduate,1,31,partner,0.899567166100596,0.634871015955691,0.7057516546618704,0.3954764154504484,0.2510765136635411
wired,zero,wired_zero_16,4,expert,0,4,expert,0.9816883475968218,0.9466297747074183,0.9642874717050566,0.6775286321224911,0.6413687763839391
wired,zero,wired_zero_16,4,expert,0,5,partner,0.9397153339236554,0.9167605925030919,0.9755726648348979,0.5066304662937529,0.46445884645957863
wired,zero,wired_zero_16,4,expert,0,6,expert,1.2330295172821155,1.211453553575396,0.9825016648788258,0.2893158736887179,0.35049274328596774
wired,zero,wired_zero_16,4,expert,0,7,partner,1.1653596520151512,1.1641987673418546,0.9990038399971302,0.4106852422172995,0.47811925275487105
wired,zero,wired_zero_16,4,expert,0,8,expert,1.070504450710561,1.0669122533096047,0.9966443881671219,0.6083758452659718,0.6490836439318534
wired,zero,wired_zero_16,4,expert,0,9,partner,0.752464048712685,0.7261363402248653,0.9650113403639334,0.2920346169034298,0.2120569479372271
wired,zero,wired_zero_16,4,expert,0,10,expert,1.0001998519223858,0.9345640770067938,0.9343773398982469,0.20746176398150287,0.19388631196957454
wired,zero,wired_zero_16,4,expert,0,11,partner,0.831735012035024,0.7540879566634076,0.9066444790119604,0.3154671629694371,0.23788998831802502
wired,zero,wired_zero_16,4,expert,0,12,expert,0.7976327671464976,0.7937149926539657,0.9950882478066408,0.12410429397038225,0.09850343877702755
wired,zero,wired_zero_16,4,expert,0,13,partner,1.161070335956911,1.1166365441202604,0.9617303186021097,0.5881119902494778,0.6567073403478652
wired,zero,wired_zero_16,4,expert,1,20,expert,1.251885020792861,1.2305218751091636,0.9829352174282344,0.29465595081365686,0.3625805931072945
wired,zero,wired_zero_16,4,expert,1,21,partner,1.184063312320182,1.1815495017226978,0.9978769626823786,0.27730145049371224,0.32764539065782705
wired,zero,wired_zero_16,4,expert,1,22,expert,0.9126824832778495,0.9013607001824021,0.9875950472328849,0.31325815909157995,0.2823585936166368
wired,zero,wired_zero_16,4,expert,1,23,partner,0.9999754738322583,0.5645458756472534,0.5645597221331342,0.7715601689758333,0.43558111120900467
wired,zero,wired_zero_16,4,expert,1,24,expert,1.0928574770383448,1.049262551483876,0.9601092306440803,0.3592299545730741,0.3769265387047806
wired,zero,wired_zero_16,4,expert,1,25,partner,0.9396807035183233,0.44495740056536887,0.4735197806008995,0.8591513448195425,0.3822857490831445
wired,zero,wired_zero_16,4,expert,1,26,expert,1.1408503840882283,1.0498985939652952,0.9202771972623365,0.21257694455273937,0.22318423519535957
wired,zero,wired_zero_16,4,expert,1,27,partner,0.9995140178373839,0.9838124642636802,0.9842908120401743,0.6244969769011187,0.6143879097703082
wired,zero,wired_zero_16,4,expert,1,28,expert,1.0180503614752219,0.9163440618661067,0.9000969859068305,0.2877034119045066,0.2636353130773132
wired,zero,wired_zero_16,4,expert,1,29,partner,1.0972746846630086,1.0725027657723625,0.9774241407025338,0.37767318235266323,0.40505553263128113
wired,zero,wired_zero_16,4,expert,1,30,expert,1.0718479804431507,1.0684198273135412,0.9968016424034414,0.3180261660782112,0.33978546144247
wired,zero,wired_zero_16,4,expert,1,31,partner,1.1210193442966399,1.083530974944033,0.9665586775604708,0.5670694771556009,0.6144373434434112
wired,zero,wired_zero_16,4,expert,1,32,expert,0.9308616401113774,0.9078385061119114,0.9752668570619297,0.2476144824066016,0.2247939617996834
wired,zero,wired_zero_16,4,expert,1,33,partner,1.1421735873762615,1.118044355260172,0.9788742863748962,0.24377783651242563,0.27255443405025453
wired,zero,wired_zero_16,4,expert,1,34,expert,0.850513165844783,0.8251711927852076,0.9702039026810663,0.369690887300389,0.3050582704354837
wired,zero,wired_zero_16,4,expert,1,35,partner,1.0903023323264314,1.0852469886765526,0.9953633561068448,0.2867326124853584,0.3111757042550961
wired,zero,wired_zero_16,4,expert,1,36,expert,1.1978837736513475,1.1933454373220822,0.9962113717289717,0.2852340392168533,0.34038273926837975
wired,zero,wired_zero_16,4,expert,1,37,partner,1.1322056000425362,1.1016280815777153,0.9729929630584363,0.32036894262222776,0.3529274236580059
wired,zero,wired_zero_16,4,expert,1,38,expert,0.9088846751550339,0.9074780444513249,0.9984523551302397,0.24300768802017653,0.22052414151118743
wired,zero,wired_zero_16,4,expert,1,39,partner,1.0613729739015216,1.0385751487016643,0.978520439316414,0.18379151024033755,0.19088129507796203
wired,zero,wired_zero_16,4,expert,1,40,expert,1.0181021761585338,0.9547818410218465,0.9378055202901705,0.4909026484667871,0.46870493446561934
wired,zero,wired_zero_16,4,expert,1,41,partner,0.9674334759109443,0.9240892751392659,0.9551967118650506,0.27405140881193846,0.2532479677199188
wired,zero,wired_zero_16,4,expert,1,42,expert,0.7575219412547833,0.7555675731899786,0.9974200508798928,0.334868227453446,0.25301557395542995
wired,zero,wired_zero_16,4,expert,1,43,partner,1.0407111846433919,1.0127061401770625,0.9730904742059646,0.23443730639689458,0.23741609967470648
wired,zero,wired_zero_16,4,expert,1,44,expert,0.9048322744657318,0.8776029221304914,0.9699067406141231,0.26634136357884786,0.23374195896101652
wired,zero,wired_zero_16,4,expert,1,45,partner,1.066749169825487,1.0382630827292456,0.9732963587851914,0.19816540650786185,0.20574782585114676
wired,zero,wired_zero_16,4,expert,1,46,expert,0.9488731694640432,0.8493835525131251,0.8951497205806669,0.3982324227644426,0.338252069973571
