dataset,conversation_id,turn_id,video_id,level,level_label,speaker_role,turn_text,n_utterances_in_turn,turn_order,turn_embedding_idx,episode_id
wired,wired_Talia_12,1,talia,0,child,partner,what's this,1,0,0,0
wired,wired_Talia_12,2,talia,0,child,expert,yeah what do you think that is,1,1,1,0
wired,wired_Talia_12,3,talia,0,child,partner,fancy chandelier,1,2,2,0
wired,wired_Talia_12,4,talia,0,child,expert,i think so too we jokingly call it the chandelier that's real gold you know this is a quantum computer,3,3,3,0
wired,wired_Talia_12,5,talia,0,child,partner,it's a clunt,1,4,4,0
wired,wired_Talia_12,6,talia,0,child,expert,it's a really special kind of computer,1,5,5,0
wired,wired_Talia_12,7,talia,0,child,partner,what does it do,1,6,6,0
wired,wired_Talia_12,8,talia,0,child,expert,it calculates things but in a totally different way to how your computer calculates things what do you think this is,2,7,7,0
wired,wired_Talia_12,9,talia,0,child,partner,an A,1,8,8,0
wired,wired_Talia_12,10,talia,0,child,expert,yeah do you know what your computer thinks that is,1,9,9,0
wired,wired_Talia_12,11,talia,0,child,partner,zero one,1,10,10,0
wired,wired_Talia_12,12,talia,0,child,expert,this really specific combination of zeros and ones everything that your computer does showing you pink panther videos on youtube calculating things searching the internet it does all of that with a really specific combination of zeros and ones which is crazy right that would be like saying your computer only understands these quarters for each quarter you need to tell it that you're going to use heads tails and you assign it heads or tails so i can switch between heads and tails and i can switch the zeros and ones in my computer so that it represents what i wanted to represent like an a and with quantum computers we have new rules we get to use too we can actually spin one of our quarters so it doesn't have to choose just one or the other,7,11,11,0
wired,wired_Talia_12,13,talia,0,child,partner,can computers help you with um your homework your really hard homework,1,12,12,0
wired,wired_Talia_12,14,talia,0,child,expert,yeah they can especially if doing your homework involves calculating something or finding information but what if your homework was to discover something totally new a lot of those discovery questions are much harder to solve using the computers we have today so the reason we're building these kinds of computers is because we think that maybe one day they're going to do a lot of really important things like help us understand nature better maybe help us create new medicines to help people.,5,13,13,0
wired,wired_Talia_13,1,talia,1,teenager,expert,what's your favorite kind of computer smartphone tablet regular laptop pc,1,0,14,0
wired,wired_Talia_13,2,talia,1,teenager,partner,i've got to go with my iphone,1,1,15,0
wired,wired_Talia_13,3,talia,1,teenager,expert,so what do you do with your iphone,1,2,16,0
wired,wired_Talia_13,4,talia,1,teenager,partner,social media um use it for your studying,1,3,17,0
wired,wired_Talia_13,5,talia,1,teenager,expert,have you ever run out of space on your iphone,1,4,18,0
wired,wired_Talia_13,6,talia,1,teenager,partner,all the time,1,5,19,0
wired,wired_Talia_13,7,talia,1,teenager,expert,me too,1,6,20,0
wired,wired_Talia_13,8,talia,1,teenager,partner,yeah always when i'm trying to take a photo,1,7,21,0
wired,wired_Talia_13,9,talia,1,teenager,expert,so did you know that there's certain kinds of problems that computers sort of run out of space almost like you're trying to solve the problem and just like how you run out of space on your iphone when you're trying to take a picture if you're trying to solve the problem you just run out of space and even if you have the world's biggest supercomputer did you know that can still happen,3,8,22,0
wired,wired_Talia_13,10,talia,1,teenager,partner,wow,1,9,23,0
wired,wired_Talia_13,11,talia,1,teenager,expert,so my team is working on building new kinds of computers all together ones that operate by totally different set of rules so do you know what that is,2,10,24,0
wired,wired_Talia_13,12,talia,1,teenager,partner,i have no clue,1,11,25,0
wired,wired_Talia_13,13,talia,1,teenager,expert,it's a quantum computer,1,12,26,0
wired,wired_Talia_13,14,talia,1,teenager,partner,a what,1,13,27,0
wired,wired_Talia_13,15,talia,1,teenager,expert,you ever heard of a quantum computer,1,14,28,0
wired,wired_Talia_13,16,talia,1,teenager,partner,i haven't,1,15,29,0
wired,wired_Talia_13,17,talia,1,teenager,expert,have you ever heard of the word quantum,1,16,30,0
wired,wired_Talia_13,18,talia,1,teenager,partner,no,1,17,31,0
wired,wired_Talia_13,19,talia,1,teenager,expert,okay so quantum mechanics is a branch of science just like any other branch of science it's a branch of physics it's the study of things that are either really really small really really well isolated and really really cold and this particular branch of science is something we're using to totally reimagine how computing works so we're building totally new kinds of computers based on the laws of quantum mechanics that's what a quantum computer is,5,18,32,0
wired,wired_Talia_13,20,talia,1,teenager,partner,huh,1,19,33,0
wired,wired_Talia_13,21,talia,1,teenager,expert,i'm going to start by telling you about something called superposition so i'm going to explain it using this giant penny,1,20,34,0
wired,wired_Talia_13,22,talia,1,teenager,partner,wow is that like worth 100 pennies,1,21,35,0
wired,wired_Talia_13,23,talia,1,teenager,expert,i don't know what it's worth but uh i can put it face up right in that heads i can put it face down right so at any given time point in time if i ask you is my penny heads or tails probably you could answer it right,2,22,36,0
wired,wired_Talia_13,24,talia,1,teenager,partner,yeah,1,23,37,0
wired,wired_Talia_13,25,talia,1,teenager,expert,okay but what if i spin the penny,1,24,38,0
wired,wired_Talia_13,26,talia,1,teenager,partner,hmm,1,25,39,0
wired,wired_Talia_13,27,talia,1,teenager,expert,so let's do it okay so while it's spinning is it heads or tails,1,26,40,0
wired,wired_Talia_13,28,talia,1,teenager,partner,head,1,27,41,0
wired,wired_Talia_13,29,talia,1,teenager,expert,while it's spinning,1,28,42,0
wired,wired_Talia_13,30,talia,1,teenager,partner,oh it i would know it's sort of,1,29,43,0
wired,wired_Talia_13,31,talia,1,teenager,expert,it's sort of a combination of heads and tails right would you say so superposition is this idea that my penny is not just either heads or tails it's in this state which is a combination of heads and tails this quantum property is something that we can have in real real physical objects in the world so that's super position and the second thing that we'll talk about is called entanglement so now i'm going to give you a penny wow when we use the word entangled in everyday language what do we mean,5,30,44,0
wired,wired_Talia_13,32,talia,1,teenager,partner,that something's intertwined or,1,31,45,0
wired,wired_Talia_13,33,talia,1,teenager,expert,exactly that there's two things that are connected in some way and usually we can separate them again yeah your hair is tangled or whatever you can you can untangle it right,2,32,46,0
wired,wired_Talia_13,34,talia,1,teenager,partner,yeah,1,33,47,0
wired,wired_Talia_13,35,talia,1,teenager,expert,but in the quantum world when we entangle things they're really now connected it's much much harder to separate them again so using the same analogy we spin our pennies and eventually eventually they both stop right and when they stop it's either heads or tails right so in my case i got tails and you got heads you see how they're totally disconnected from each other right our pennies in the real world now if our pennies were entangled and we both spun them together right when we stopped them if you measured your penny to be ahead i would measure my penny to be ahead and if you measured your penny to be a tails i would measure my opinion to be a tails if we measured it at exactly the same time we would still find that they were both exactly correlated,6,34,48,0
wired,wired_Talia_13,36,talia,1,teenager,partner,that's crazy that's so cool right oh my god,1,35,49,0
wired,wired_Talia_13,37,talia,1,teenager,expert,the way that we are able to actually see these quantum properties is by making our quantum chips really really cold so that's what this is all about actually this is called a dilution refrigerator and it's a refrigerator it doesn't look like a normal refrigerator right but it's something that we use actually there's usually a case around it to cool our quantum chips down cold enough that we can create superpositions and we can entangle qubits and the information isn't lost to the environment,2,36,50,0
wired,wired_Talia_13,38,talia,1,teenager,partner,like what could those chips be used to do,1,37,51,0
wired,wired_Talia_13,39,talia,1,teenager,expert,so one of the things that we're trying to use quantum computers to do is simulating chemical bonding use a quantum system to model a quantum system,2,38,52,0
wired,wired_Talia_13,40,talia,1,teenager,partner,yeah i mean i'm definitely going to impress all my friends when i tell them about this they're going to be like quantum what,1,39,53,0
wired,wired_Talia_14,1,talia,2,undergraduate,expert,so what do you think that thing is,1,0,54,0
wired,wired_Talia_14,2,talia,2,undergraduate,partner,is it some sort of conjecture circuit,1,1,55,0
wired,wired_Talia_14,3,talia,2,undergraduate,expert,that is a really good guess there's parts of that that are definitely about conducting this is the inside of a quantum computer,1,2,56,0
wired,wired_Talia_14,4,talia,2,undergraduate,partner,oh wow,1,3,57,0
wired,wired_Talia_14,5,talia,2,undergraduate,expert,yeah this whole infrastructure is all about creating levels that get progressively colder as you go from top to bottom down to the quantum chip which is how we actually control the state of the quibits,1,4,58,0
wired,wired_Talia_14,6,talia,2,undergraduate,partner,oh wow so when you say cold or you mean like physically colder,1,5,59,0
wired,wired_Talia_14,7,talia,2,undergraduate,expert,yeah like physically colder so room temperature is 300 kelvin as you get down all the way to the bottom of the fridge it's at 10 milli kelvin,1,6,60,0
wired,wired_Talia_14,8,talia,2,undergraduate,partner,oh wow,1,7,61,1
wired,wired_Talia_14,9,talia,2,undergraduate,expert,yeah amanda what do you study,1,8,62,1
wired,wired_Talia_14,10,talia,2,undergraduate,partner,so i'm studying computer science currently a sophomore and the track that i'm in is the intelligent systems track machine learning artificial intelligence,1,9,63,1
wired,wired_Talia_14,11,talia,2,undergraduate,expert,you ever heard of quantum computing,1,10,64,1
wired,wired_Talia_14,12,talia,2,undergraduate,partner,from my understanding with a quantum computer rather than using transistors is using spins you can have superposition of spins so different states more combinations means more memory,1,11,65,1
wired,wired_Talia_14,13,talia,2,undergraduate,expert,so that's pretty good so you mentioned superposition but you can also use other quantum properties like entanglement have you heard of entanglement,1,12,66,1
wired,wired_Talia_14,14,talia,2,undergraduate,partner,i have not,1,13,67,1
wired,wired_Talia_14,15,talia,2,undergraduate,expert,okay so it's this idea that you have two objects and when you entangle them together they become connected and then they're sort of permanently connected to each other and they behave in ways that are sort of a system now so superposition is one quantum property that we use entanglement is another quantum property and a third is interference how much you know about interference,3,14,68,1
wired,wired_Talia_14,16,talia,2,undergraduate,partner,um not much,1,15,69,1
wired,wired_Talia_14,17,talia,2,undergraduate,expert,okay so how do noise-canceling headphones work,1,16,70,1
wired,wired_Talia_14,18,talia,2,undergraduate,partner,um they read like wave like ambient wavelengths and then produce like the opposite one to cancel out,1,17,71,1
wired,wired_Talia_14,19,talia,2,undergraduate,expert,they create interference so you can have constructive interference and you can have destructive interference we have constructive interference you have amplitudes wave amplitudes that add until the signal gets larger and if you have destructive interference the amplitudes cancel by using a property like interference we can control quantum states and amplify the kinds of signals that are towards the right answer and then cancel the types of signals that are leading to the wrong answer so given that you know that we're trying to use superposition entanglement and interference for computation how do you think we build these computers,5,18,72,1
wired,wired_Talia_14,20,talia,2,undergraduate,partner,i have no idea,1,19,73,1
wired,wired_Talia_14,21,talia,2,undergraduate,expert,so step one is you need to be able to have an object or physical device we call it a qubit or quantum bit that can actually handle those things can actually be put into superpositions of states you know two cubit states that you can physically entangle with each other that's not really trivial right and things in our classical world you can't really entangle things in our classical world so easily we need to use devices where they can they can support a quantum state and we can manipulate that quantum state atoms ions and in our case superconducting qubits we make qubits out of superconducting materials,5,20,74,2
wired,wired_Talia_14,22,talia,2,undergraduate,partner,but as like a programmer how would quantum computing affect a different way of writing a program,1,21,75,2
wired,wired_Talia_14,23,talia,2,undergraduate,expert,it's a perfect question i mean it's very early for quantum computing but we're building assembly languages we're building layers of abstraction that are going to get you to a point as a programmer where you can interchangeably be programming something the way that you already do and then make calls to a quantum computer so that you can bring it in when it makes sense we're not envisioning quantum computers completely replacing classical computers anytime soon we think that quantum computing is going to be used to accelerate the kinds of things that are really hard for for classical machines,4,22,76,2
wired,wired_Talia_14,24,talia,2,undergraduate,partner,so what exactly are some of those problems,1,23,77,2
wired,wired_Talia_14,25,talia,2,undergraduate,expert,simulating nature is something that's really hard because if you take something like you know modeling atomic bonding and electronic orbital overlap instead of now writing out a giant summation over many terms you try and actually mimic the system you're trying to simulate directly on a quantum computer which we can do for chemistry and uh we're looking at ways of doing that for other types of things there's a lot of exciting research right now on machine learning trying to use quantum systems to accelerate machine learning problems,2,24,78,2
wired,wired_Talia_14,26,talia,2,undergraduate,partner,so would it be like in five years or ten years that i would be able to have like one of these sitting in my laptop just in my dorm,1,25,79,2
wired,wired_Talia_14,27,talia,2,undergraduate,expert,i don't think you're going to have one in your dorm room anytime soon but you'll have access to one there's three free quantum computers that are all sitting in this lab here that anyone in the world can access through the cloud,2,26,80,2
wired,wired_Talia_14,28,talia,2,undergraduate,partner,okay so quantum computing creates new possibilities and new ways to approach problems that classical computers have difficulty doing,1,27,81,2
wired,wired_Talia_14,29,talia,2,undergraduate,expert,couldn't have said it better myself,1,28,82,2
wired,wired_Talia_15,1,talia,3,graduate,partner,so i'm a first year master's student and i'm studying machine learning so it's in the computer science department but it mixes computer science with math and probability and statistics,1,0,83,0
wired,wired_Talia_15,2,talia,3,graduate,expert,so have you come upon sort of any limits to machine learning,1,1,84,0
wired,wired_Talia_15,3,talia,3,graduate,partner,certainly depending on the complexity of your model uh then computational speed is one thing,1,2,85,0
wired,wired_Talia_15,4,talia,3,graduate,expert,i have colleagues here that tell me it can take up to weeks to train certain neural networks right,1,3,86,0
wired,wired_Talia_15,5,talia,3,graduate,partner,sure yeah,1,4,87,0
wired,wired_Talia_15,6,talia,3,graduate,expert,and actually machine learning is one research direction where we're really hoping that we're going to find um key parts of the machine learning computation that can be sped up using quantum computing,1,5,88,0
wired,wired_Talia_15,7,talia,3,graduate,partner,yeah it's exciting so in a classical computer you know you have all sorts of logical gates that perform operations and they change an input to some sort of output but i guess it's not immediately obvious how you do that with quantum computers,3,6,89,0
wired,wired_Talia_15,8,talia,3,graduate,expert,if you think about even just classical information like bits right at the end of the day when you store a bit in your hard drive there's a magnetic domain and you have a magnetic polarization right,1,7,90,0
wired,wired_Talia_15,9,talia,3,graduate,partner,sure,1,8,91,1
wired,wired_Talia_15,10,talia,3,graduate,expert,you can change the magnetization to be pointing up or pointing down right quantum systems we're still manipulating a device and changing the quantum state of that of that device you can imagine if it's a spin that you could have spin up and spin down but you can also if you isolate it enough you can have a superposition of up and down,3,9,92,1
wired,wired_Talia_15,11,talia,3,graduate,partner,sure,1,10,93,1
wired,wired_Talia_15,12,talia,3,graduate,expert,so what we do when we try to solve problems with a quantum computer is we encode parts of the problem we're trying to solve into a complex quantum state and then we manipulate that state to drive it towards what will eventually represent the solution,2,11,94,1
wired,wired_Talia_15,13,talia,3,graduate,partner,so how do we actually uh encode it to start with,1,12,95,1
wired,wired_Talia_15,14,talia,3,graduate,expert,yeah that's a really good question this actually is a model of the inside of one of our quantum computers,2,13,96,1
wired,wired_Talia_15,15,talia,3,graduate,partner,okay,1,14,97,1
wired,wired_Talia_15,16,talia,3,graduate,expert,so you need a chip with qubits each qubit is a carrier of quantum information and the way we control the state of that qubit is using microwave pulses you send them all the way down these cables and we've calibrated these microwave pulses so that we know exactly this kind of pulse what this frequency and this duration will put the qubit into superposition or we'll flip the state of the qubit from zero to one or if we apply a microwave pulse between two qubits we can entangle them,4,15,98,1
wired,wired_Talia_15,17,talia,3,graduate,partner,how do we measure,1,16,99,1
wired,wired_Talia_15,18,talia,3,graduate,expert,yes exactly also through microwave signals,1,17,100,1
wired,wired_Talia_15,19,talia,3,graduate,partner,okay,1,18,101,1
wired,wired_Talia_15,20,talia,3,graduate,expert,the key is to come up with algorithms where the result is deterministic,1,19,102,2
wired,wired_Talia_15,21,talia,3,graduate,partner,interesting so what do those algorithms look like,1,20,103,2
wired,wired_Talia_15,22,talia,3,graduate,expert,there's sort of two main classes of quantum algorithms there's algorithms which were developed for decades right things like shor's algorithm which is for factoring grover's algorithm for unstructured search and these algorithms were designed assuming that you had a perfect fault tolerant quantum computer which is many decades away so we're currently in a phase where we're exploring what can we do with these near-term quantum computers and the answer is going to be well we need different kinds of algorithms to really even explore that question,4,21,104,2
wired,wired_Talia_15,23,talia,3,graduate,partner,yeah certainly having a search algorithm is very useful um factoring those are definitely useful things that i would imagine could be done a lot faster on a quantum computer,1,22,105,2
wired,wired_Talia_15,24,talia,3,graduate,expert,yeah they also unfortunately require fault tolerance right now the algorithms that we know of today to do those things um on a quantum computer require you to have millions of error-corrected qubits today we're at like 50. it's actually amazing that we're at 50. there's things that we know or we have strong reason to believe um are going to be faster to do on a quantum computer and then there's things that we'll discover just by virtue of having one,4,23,106,2
wired,wired_Talia_15,25,talia,3,graduate,partner,sure how could someone like me who's a grad student get involved in this or what kinds of challenges are you facing that someone like me could help out with,1,24,107,2
wired,wired_Talia_15,26,talia,3,graduate,expert,i'm glad you're interested i think the place where lots of people can get involved right now is by going and trying it out and thinking about what they could do with it there's a lot of opportunity to find these near-term applications that are only going to be found by trying things out,3,25,108,2
wired,wired_Talia_16,1,talia,4,expert,partner,"I'm a theoretical physicist. I started out in condensed matter theory, a theory that studies superconductors and magnets. And I had to learn a new field of quantum optics and apply those ideas. One of the nice things about being a theorist is you get to keep learning new things.",4,0,109,0
wired,wired_Talia_16,2,talia,4,expert,expert,"So Steve, tell me about your research and the work you've been doing in quantum computing.",1,1,110,0
wired,wired_Talia_16,3,talia,4,expert,partner,"My main focus right now is quantum error correction and trying to understand this concept of fault tolerance. Which everybody thinks they know when they see it, but nobody in the quantum case can precisely define it.",2,2,111,0
wired,wired_Talia_16,4,talia,4,expert,expert,It's something that we've already figured out for classical computing. Something that amazes me is all the parallels between what we're going through now for quantum computing and what we went through for classical computing.,2,3,112,0
wired,wired_Talia_16,5,talia,4,expert,partner,"I was asking a computer scientist recently where to read about fault tolerance in classical computing. He said they don't teach that in computer science classes anymore because the hardware has become so reliable. In a quantum system, when you look at it or make measurements, it can change in a way that's beyond your control. We have the following task: build a nearly perfect computer out of a whole bunch of imperfect parts.",4,4,113,0
wired,wired_Talia_16,6,talia,4,expert,expert,Common myth: how many qubits do you have? That's the only thing that matters. Just add more qubits—what's the big deal? Pattern them on your chip.,2,5,114,0
wired,wired_Talia_16,7,talia,4,expert,partner,"The great power of a quantum computer is also its Achilles heel. It's very sensitive to perturbations, noise, and environmental effects. You're just multiplying your problems if all you're doing is adding qubits.",3,6,115,0
wired,wired_Talia_16,8,talia,4,expert,expert,Exactly. Something that frustrates a lot of people about quantum computing is the concept of decoherence. You can only keep your information quantum for so long. That limits how many operations you can do in a row before you lose your information.,3,7,116,0
wired,wired_Talia_16,9,talia,4,expert,partner,"That's the challenge, I would say. As much progress as we've made, it's frustrating to still be facing it.",2,8,117,0
wired,wired_Talia_16,10,talia,4,expert,expert,Let's talk about what needs to happen between now and fully fault-tolerant quantum computers. There are so many things that need to happen. One thing is building layers of abstraction that make it easier for programmers to enter at the ground level.,3,9,118,0
wired,wired_Talia_16,11,talia,4,expert,partner,"Exactly. There's going to be a co-evolution of hardware, software, middleware, and the whole stack.",1,10,119,0
wired,wired_Talia_16,12,talia,4,expert,expert,Another common myth is that in the next five years quantum computing will solve climate change and cancer.,1,11,120,0
wired,wired_Talia_16,13,talia,4,expert,partner,"In the next five years there will be tremendous progress, but we're still at the vacuum tube or transistor stage. We're trying to invent the integrated circuit and scale up; it's still very early.",2,12,121,0
wired,wired_Talia_16,14,talia,4,expert,expert,One last myth: quantum computers are about to break into your bank account and break encryption.,1,13,122,0
wired,wired_Talia_16,15,talia,4,expert,partner,"There exists Shor's algorithm, which proves that a large enough quantum computer could factor large numbers. That underlies RSA encryption, which is widely used on the internet. First, we're far from having a quantum computer large enough to run Shor's algorithm at that scale. Second, there are many encryption schemes that don't rely on factoring. So nobody needs to be concerned at the moment. In the end, quantum mechanics actually supports privacy enhancement. Quantum communication channels can be provably secure based on the laws of physics.",7,14,123,0
wired,wired_Talia_16,16,talia,4,expert,expert,"Now that people can access quantum computers through the cloud, they're building games and doing cool things. We've seen the emergence of quantum games. What do you think people want to do with them?",3,15,124,0
wired,wired_Talia_16,17,talia,4,expert,partner,"I have no idea what people will end up using them for. If you handed someone an iPhone 30 years ago, they would have called you a wizard. Things are going to happen that we just can't foresee.",3,16,125,0
wired,wired_astro_12,1,astro,0,child,partner,Hi.,1,0,126,0
wired,wired_astro_12,2,astro,0,child,expert,"Hi, welcome. Tell me your name.",2,1,127,0
wired,wired_astro_12,3,astro,0,child,partner,Jude.,1,2,128,0
wired,wired_astro_12,4,astro,0,child,expert,I wanted to ask you if you have ever heard of a black hole?,1,3,129,0
wired,wired_astro_12,5,astro,0,child,partner,"Yeah, I think that they're scary and cool. 'Cause you can get sucked in and get lost forever and get plopped out in a random place. It's like a big, giant, black thingy.",3,4,130,0
wired,wired_astro_12,6,astro,0,child,expert,"So black holes, you describe them as huge. The interesting thing about black holes is they're hugely heavy, but they're actually physically really small. What really matters is the density. Do you know what density is?",4,5,131,0
wired,wired_astro_12,7,astro,0,child,partner,"It's not weight, but it's how much of it is in it.",1,6,132,0
wired,wired_astro_12,8,astro,0,child,expert,"Here, let me show you something. I can ask how heavy it is. Yeah. I can also ask how big it is, which is a question about its volume. If I make it smaller, then what's happening is it's becoming more dense. So imagine I crushed this really, really small. It would weigh the same, it would have the same mass, but it would be much more dense.",7,7,133,0
wired,wired_astro_12,9,astro,0,child,partner,How does it go that small?,1,8,134,0
wired,wired_astro_12,10,astro,0,child,expert,"If a star is heavy enough to explode into supernova what's left begins to collapse under its own weight. And if that's heavy enough, the core will not be able to stop collapsing, 'cause it no longer has the thermonuclear fuel, it's run outta fuel. And if it's run outta fuel, it's no longer shining and pushing outward. And without that it itself begins to go dark and there's nothing fighting the collapse anymore. And that's when you form a black hole.",5,9,135,1
wired,wired_astro_12,11,astro,0,child,partner,"So if like the sun all collapsed on itself, it would form a black hole?",1,10,136,1
wired,wired_astro_12,12,astro,0,child,expert,"Well, that's a really good question. So interestingly, the sun itself isn't heavy enough. So it has to be heavy enough that when it begins to collapse, it just overcomes all attempts to fight it. If you made something really dense, you would have to travel faster than the speed of light to actually escape. That's 300,000 kilometers per second.",5,11,137,1
wired,wired_astro_12,13,astro,0,child,partner,So it goes so fast that there's it's all dark?,1,12,138,1
wired,wired_astro_12,14,astro,0,child,expert,"So it goes so fast that it goes completely dark. Any light that veers too close will fall in, will not be able to make it back out again. If a light is shining from the sun near a black hole, the black hole's not touching it. Why does the light get pulled in? Why does that happen?",5,13,139,1
wired,wired_astro_12,15,astro,0,child,partner,Because the black hole is taking other stuff?,1,14,140,1
wired,wired_astro_12,16,astro,0,child,expert,"It is taking other stuff, but the funny question was like, if I wanted to move your chair, you'd think it was really strange if I didn't have to come near you and actually grab the chair and move it. One of the things Einstein thought about is he imagined that what the black hole is doing is it's changing the shape of space around it. What do you think of that idea?",3,15,141,1
wired,wired_astro_12,17,astro,0,child,partner,It's crazy.,1,16,142,1
wired,wired_astro_12,18,astro,0,child,expert,"Isn't it crazy? And then Einstein goes a step further and thinks, well, what black holes must be doing is curving the space so strongly that even light gets caught. Sometimes you can get light caught into a whole orbit, literally the light going round and round in an orbit.",3,17,143,1
wired,wired_astro_12,19,astro,0,child,partner,"So black hole, it doesn't attract light, it moves the space so that the curve is pointed towards it?",1,18,144,1
wired,wired_astro_12,20,astro,0,child,expert,That's right. We've been talking for a little while about black holes. What are you gonna walk away with in your impression of what a black hole is?,3,19,145,1
wired,wired_astro_12,21,astro,0,child,partner,"It's kind of curves in space that are all coming to one point. Everything that goes on those curves changes directions to come in and even light can't escape it, nothing can.",2,20,146,1
wired,wired_astro_12,22,astro,0,child,expert,You said that very beautifully. Does that feel like a different idea of a black hole than the one you had before we spoke? How black holes are made,3,21,147,1
wired,wired_astro_12,23,astro,0,child,partner,"Yeah, a lot.",1,22,148,1
wired,wired_astro_13,1,astro,1,teenager,expert,Have you heard about black holes?,1,0,149,0
wired,wired_astro_13,2,astro,1,teenager,partner,"Yes, I know it has a lot of mass, but it's very small. I know that there are several theories about the universe due to black holes, like, around the universe and how it's made.",2,1,150,0
wired,wired_astro_13,3,astro,1,teenager,expert,"So a lot of times stars are born together in two star systems and when they die, if they're heavy enough, they will collapse under their own weight and form a black hole. So here you have a black hole and a big fluffy star. And what will happen is it'll start to tear apart its neighboring star. Literally parts of the star will begin to spill onto the black hole and splatter on the black hole. But let's say both those stars formed black holes. And what these black holes do is they are like mallets on a drum. They create literally waves in the shape of spacetime as they're moving. So imagine mallets on a drum, how the drum ripples. Depending on how the mallets are moving you hear different sounds. So effectively these black holes, as they get very close together in the final stages of their life together, they're orbiting each other at hundreds of times a second. It's this really crazy event, but it's happening in complete darkness. Eventually they bobble together and they merge and then they wring out, the spacetime's going crazy around them, it's this storm in spacetime, and they settle down to a quiet black hole. Then those waves that they created travel through the universe, basically undisturbed. For a long time people thought, well, even if black holes are out there, they're impossible to observe. And then they got very clever. You might wonder how we could possibly hear black holes, that sounds crazy. So I'm gonna show you, but I'm gonna need your help. This demo involves an electric guitar. Do you play at all?",19,2,151,0
wired,wired_astro_13,4,astro,1,teenager,partner,A little bit?,1,3,152,0
wired,wired_astro_13,5,astro,1,teenager,expert,"Okay, you wanna do the demo for me? So the LIGO instrument electronically records the ringing of the shape of space with its very complicated instrument. It stands for Laser Interferometric Gravitational-Waves Observatory and the design was incredibly difficult and they didn't know if they would succeed. I think of the instrument as like the body of the electric guitar. And then they take the readout of the motions of the waves that they're recording, just like that guitar is recording the motions of the waves on the string. Now just play it like a little bit. And you can't hear anything, right? You're not meant to hear an electric guitar when it's not plugged in. What's happening is the guitar strings are ringing, but so quietly that we can't actually hear the sound. And this is like the gravitational waves, which are ringing the drum of spacetime, but so quietly that they're not move the air and we're not hearing them. So now play and I'm gonna turn the volume up a little bit. While I can't actually hear the ringing of the strings themselves, I can hear the data of the shape of the string recorded and played through this amplifier. And that's kind of the idea behind the LIGO instrument.",13,4,153,0
wired,wired_astro_13,6,astro,1,teenager,partner,How do you know that it's like the black hole that's making this sound and nothing else?,1,5,154,0
wired,wired_astro_13,7,astro,1,teenager,expert,"It's a great question. If I didn't see you playing the guitar, I would recognize the sound of a guitar.",2,6,155,0
wired,wired_astro_13,8,astro,1,teenager,partner,Mhm,1,7,156,0
wired,wired_astro_13,9,astro,1,teenager,expert,"And even if I had never heard of a guitar before I could figure out the frequencies that the string was playing, I could tell how strongly it had been plucked, and I could tell the length of it and where it was pinned down from the harmonics of the string. And I can tell the different lengths of the strings from the notes that they play. So I can actually reconstruct the instrument that's playing it. And it's very similar to LIGO, we can listen to the notes, the amplitude, the harmonics, and we can deduce the size and shape of the objects doing that. And they're very massive and they're very small and they have all the markings of a black hole.",5,8,157,0
wired,wired_astro_13,10,astro,1,teenager,partner,"Is there anything that like, gets affected on Earth because of those waves?",1,9,158,0
wired,wired_astro_13,11,astro,1,teenager,expert,"It's a really good question. Only this instrument, and that's why it was so hard to build. And by the time it gets here, it's so weak that it's only squeezing and stretching space at like the fraction of a nucleus over very large distances. Has your understanding of black holes changed over the course of our conversation?",4,10,159,0
wired,wired_astro_13,12,astro,1,teenager,partner,"I knew there were waves for like everything, but I never thought specifically, oh yeah, black holes have, like, waves. I know more and less.",2,11,160,0
wired,wired_astro_13,13,astro,1,teenager,expert,I know what you mean.,1,12,161,0
wired,wired_astro_14,1,astro,2,undergraduate,partner,"I'm Jayda, It's nice to meet you.",1,0,162,0
wired,wired_astro_14,2,astro,2,undergraduate,expert,"Nice to meet you, and where are you studying?",1,1,163,0
wired,wired_astro_14,3,astro,2,undergraduate,partner,I'm a senior at NYU. I'm studying physics and environmental studies.,2,2,164,0
wired,wired_astro_14,4,astro,2,undergraduate,expert,What is your impression of what a black hole is?,1,3,165,0
wired,wired_astro_14,5,astro,2,undergraduate,partner,"So it's a star that has collapsed. It has so much concentrated mass and gravity that there's a point outside of the black hole called the event horizon. So once you get past the event horizon, nothing, not even light can escape from that.",3,4,166,0
wired,wired_astro_14,6,astro,2,undergraduate,expert,"So that's a great definition and I wanna pick that apart a little bit. So what you described is just right. Stars, when they run out of thermonuclear fuel are gonna collapse under their own weight. It'll explode in a supernova, it'll leave a core, and if the core itself is heavy enough, it will keep collapsing. It does, as you say, reach this point where not even light can escape. But the amazing thing is it leaves that point, you called it rightly the event horizon, it leaves it behind kind of like an archeological record because the star itself can no more sit at the event horizon than it can race outward at the speed of light. So the core of the star keeps collapsing and where it goes nobody knows. So in a weird way, the black hole isn't anymore a crush of matter. It left it behind in its wake, but the stuff of the star is gone.",9,5,167,0
wired,wired_astro_14,7,astro,2,undergraduate,partner,"I've heard of Schwarzschild black holes, which is a black hole that is static, a Kerr black hole or a Kerr-Newman black hole, which is a black hole that rotates, but what makes a black hole static versus rotating? And what's more common?",2,6,168,0
wired,wired_astro_14,8,astro,2,undergraduate,expert,"It turns out that there are only three quantities that define a black hole, its electric charge, its mass, and its spin. So the most general black hole can also spin and it can also be electrically charged. Whether or not they are has to do with how they formed. If a star collapses, it will likely be spinning when it collapses and the remnant black hole that forms will likely be spinning. A black hole of a certain mass, charge, and spin is indistinguishable from any other black hole with those same properties. So in some sense, they're like fundamental particles, which makes them absolutely exceptional from any other astrophysical object. Have you heard the stories about what happens inside a black hole?",7,7,169,0
wired,wired_astro_14,9,astro,2,undergraduate,partner,"I remember that once you pass the event horizon space becomes time and time becomes space, in like, a coordinate sense.",1,8,170,0
wired,wired_astro_14,10,astro,2,undergraduate,expert,"So from the outside, if you're an astronaut, you're watching your friend, another astronaut going into the black hole, it's as though your times become rotated relative to each other. So the profound thing is as an astronaut on the outside, looking at this round event horizon, you think of the center of black hole as a point in space, but to the person who's fallen in, it's not a point in space at all, it's a point in time. The singularity, or the end of it all, the crush in the center of a black hole is in their future. So they can no more avoid the singularity than you can avoid the next instant of time coming. So the death in the singularity is inevitable. Although we don't really think the singularity necessarily exists.",6,9,171,0
wired,wired_astro_14,11,astro,2,undergraduate,partner,"I sort of know what a singularity is. I think of it as something where everything is compacted into one single point, it's a place where the laws of physics don't exactly work out. What did you mean when you said that you don't think the singularity really exists?",3,10,172,0
wired,wired_astro_14,12,astro,2,undergraduate,expert,"So the singularity is definitely predicted in Einstein's general theory of relativity and that's purely a theory of spacetime. And in the theory of spacetime, there is no question that a singularity would form when the star collapses catastrophically inside the black hole. Now, even when people talked about singularities back in the '60s, they thought, you know, quantum mechanics is part of the story of the whole of physics. It's not just gravity. And if we understand quantum gravity we'll realize that singularity probably doesn't ever actually form.",5,11,173,0
wired,wired_astro_14,13,astro,2,undergraduate,partner,"So since we obviously have never been to a black hole, how do we know for sure, like, what happens after you cross the event horizon or what happens inside a black hole? Is it just like, inferred from the math?",2,12,174,0
wired,wired_astro_14,14,astro,2,undergraduate,expert,"I would say to some extent we don't know for sure. What we have found is that the mathematics is so unbelievably powerful that we're able to disprove wrong ideas just in pen and paper. Just very recently, within the past couple of years, the first ever human-procured image of a black hole showed us what we expected to see of the event horizon. So Jayda, after our conversation today, what would you say a black hole is?",4,13,175,0
wired,wired_astro_14,15,astro,2,undergraduate,partner,Something that I had never thought of before is a black hole as kind of a type of quantum fundamental particle. I've also learned how event horizon of a black hole kind of hides a singularity.,2,14,176,0
wired,wired_astro_14,16,astro,2,undergraduate,expert,"The beauty of being a student of something like black holes is you never stop having new impressions of what this enigmatic phenomena is. So in a year, I'll tell you what I learned that's new.",2,15,177,0
wired,wired_astro_14,17,astro,2,undergraduate,partner,Awesome!,1,16,178,0
wired,wired_astro_15,1,astro,3,graduate,partner,I'm Clare.,1,0,179,0
wired,wired_astro_15,2,astro,3,graduate,expert,And you're in graduate school and you're getting your PhD. What year are you?,2,1,180,0
wired,wired_astro_15,3,astro,3,graduate,partner,I'm a second year. So I'm measuring star formation histories in the Small and Large Magellanic Clouds.,2,2,181,0
wired,wired_astro_15,4,astro,3,graduate,expert,Does the Large Magellanic Cloud have a big black hole?,1,3,182,0
wired,wired_astro_15,5,astro,3,graduate,partner,"So, I think the prevailing wisdom for a while was no, but my answer honestly is I'm not sure.",1,4,183,0
wired,wired_astro_15,6,astro,3,graduate,expert,"Yeah, and probably nobody is. Have you heard a lot in your studies about these super massive black holes that we think lurk in the centers of very nearly every galaxy?",2,5,184,0
wired,wired_astro_15,7,astro,3,graduate,partner,"So I don't study AGN a lot, but I do have a long term interest in black holes, it's one of the reasons I entered the field. I always was curious about how a black hole of that size was able to form. Was it the result of mergers between smaller black holes, ultimately creating gravitational well deep enough to contract a protogenic disc for a whole galaxy? Or, man, what happened?",4,6,185,0
wired,wired_astro_15,8,astro,3,graduate,expert,"Yeah, I think it's a really good question. The only mechanism that we know for sure can form black holes is to collapse of very massive stars. So it's sensible to think, well maybe some very massive stars in a young universe collapsed under their own weight and then they merged and after some time they got big enough, but the black holes from stars can be tens of times the mass of the sun, maybe hundreds of times to the mass of the sun if they merge. To get to millions and billions, and if you just do the simple arithmetic of how many years that would take, there aren't enough years in the 14 billion years of the universe's lifetime. So they must have come from somewhere else.",5,7,186,0
wired,wired_astro_15,9,astro,3,graduate,partner,I am at a loss to think of what could have possibly happened in between the start of the universe and the formation of our galaxy that could create such a massive object.,1,8,187,0
wired,wired_astro_15,10,astro,3,graduate,expert,"Yeah, I think that's right. I think people are really perplexed about how you make something so big in such a short period of time. It's kind of funny, the bigger you make a black hole, it seems maybe counterintuitive, but the less dense the material has to be out of which you make it. So you can, out of something the density almost of air, you can make a supermassive black hole. You can't make a star out of that, but weirdly, if you skip the star phase altogether, it's conceivable that they directly collapse. And so there's suddenly a new way to make black holes that nature has figured out.",6,9,188,0
wired,wired_astro_15,11,astro,3,graduate,partner,"We spend all of our time, when we learn about black holes in school, predominantly through star collapse. Yeah. I didn't even realize that there was an alternate route to creating a black hole.",3,10,189,0
wired,wired_astro_15,12,astro,3,graduate,expert,"There might be many alternate routes. It might be in the very early universe that bubbles in unusual phase transitions from very high energy universe to a low energy universe can make black holes. Like, we haven't really thought of the range of possibilities. And so there could also be primordial black holes that are still around that also skipped the star stage altogether that were formed really in the very earliest phases. And I think the interesting thing is, with your looking at like the Large Magellanic Cloud, is to wonder if we're gonna merge.",5,11,190,0
wired,wired_astro_15,13,astro,3,graduate,partner,"Absolutely. We thought the canonical picture of the Clouds was essentially that they had formed with the Milky Way, maybe in its halo, and had been in a stable orbit for about a Hubble time, or about 14 billion years. Young guns in the field have thrown a wrench in that theory that they've always been orbiting and that perhaps they're on their first orbit, they're on an unstable orbit. Will they join us?",4,12,191,1
wired,wired_astro_15,14,astro,3,graduate,expert,Can you tell us about Andromeda?,1,13,192,1
wired,wired_astro_15,15,astro,3,graduate,partner,Andromeda is part of the big three in the local group.,1,14,193,1
wired,wired_astro_15,16,astro,3,graduate,expert,"The local group being a group of galaxies that are not expanding with the expansion of the universe away from each other, they're trapped.",1,15,194,1
wired,wired_astro_15,17,astro,3,graduate,partner,"Gravitationally, all friends.",1,16,195,1
wired,wired_astro_15,18,astro,3,graduate,expert,"Yes, they're all friends.",1,17,196,1
wired,wired_astro_15,19,astro,3,graduate,partner,"And Andromeda is one of the few galaxies that is traveling towards us and do for a merger event at some point. So given a sufficiently low velocity, we would just have two big galaxies that, for the most part, pass through each other, pass by each other. But given a sufficiently high velocity, we will have some crazy black hole interactions and some crazy star interactions.",3,18,197,1
wired,wired_astro_15,20,astro,3,graduate,expert,"But when we do merge with Andromeda, presumably our black holes will merge and Andromeda indeed has a very big black hole as well at its center. And then we'll have this just gigantic-",2,19,198,1
wired,wired_astro_15,21,astro,3,graduate,partner,Supermassive black hole.,1,20,199,1
wired,wired_astro_15,22,astro,3,graduate,expert,"Yeah, and it's very possible that as you said, the collision won't be so severe that it'll be very disruptive. So our entire solar system could stay intact and here we would go with the sun and all the other planets in orbit around a new black hole.",2,21,200,1
wired,wired_astro_15,23,astro,3,graduate,partner,"They're kind of misunderstood giants in a way. So I was curious, have you heard anything new or interesting in the field of black holes that will shape future discussions?",2,22,201,1
wired,wired_astro_15,24,astro,3,graduate,expert,"We work a lot right now on thinking of black holes as batteries. So a black hole that can take, like a giant magnet, astronomical magnet in the form of another collapsed star, like a neutron star, and flip it around so fast, near the speed of light, that it actually creates an electronic circuit out of this moving magnet. And so that the power that can come out of these electronic circuits created by these batteries can be tremendous.",3,23,202,1
wired,wired_astro_15,25,astro,3,graduate,partner,"You know, I know that at a certain point for our civilization to become sufficiently advanced, to travel the cosmos beyond, you know, the moon or Mars, we may have to be able to harness the power of our sun. Would it be similarly possible to harness the power of a black hole like you were mentioning, to travel?",2,24,203,1
wired,wired_astro_15,26,astro,3,graduate,expert,"It's a great question. I once did a calculation of using a black hole made out of the moon and the strongest magnet we could find on Earth to see if I could make an electronic battery. And honestly, you only get about enough energy to power New York City. But we have to find one in our neighborhood first.",4,25,204,1
wired,wired_astro_15,27,astro,3,graduate,partner,"Yeah, wouldn't be my favorite thing.",1,26,205,1
wired,wired_astro_15,28,astro,3,graduate,expert,"So Claire, we've had this pretty fascinating conversation about supermassive black holes in particular. And after our discussion, what is it that has changed for you in your perspective or what is it that excites you?",2,27,206,1
wired,wired_astro_15,29,astro,3,graduate,partner,"Oh, I think our discussion kind of exposed a piece of black holes that I don't think of often, which is that they're not just life takers, they're life givers. And they inform a lot about, not just how a galaxy is destroyed or made, but how it's shaped and how it eventually, you know, builds life like ours. So maybe I have to give black holes a little bit more props.",3,28,207,1
wired,wired_astro_16,1,astro,4,expert,expert,"Hi, Dan, I'm so glad you could make it. What have you been working on with black holes in the time since I've last seen you?",2,0,208,0
wired,wired_astro_16,2,astro,4,expert,partner,"There are a lot of aspects to black holes. The one that's kind of interested me most lately is trying to understand them from the point of view of information, how information is stored and processed and recovered from black holes. Which turns out to be a really interesting perspective.",3,1,209,0
wired,wired_astro_16,3,astro,4,expert,expert,Talk us through Hawking's initial revolution that led to a lot of these conversations about the information around black holes.,1,2,210,0
wired,wired_astro_16,4,astro,4,expert,partner,"Hawking's big insight was that he had to apply both the rules of quantum mechanics and the rules of gravity to really understand how black holes behaved. But Hawking took a point of view where he brought quantum mechanics into the game. He realized that if you took that into account, that it's actually not quite true that black holes are black, that actually things can escape from black holes.",3,3,211,0
wired,wired_astro_16,5,astro,4,expert,expert,"So what you're describing is the famous Hawking radiation where a black hole cleverly kind of steals energy from the quantum vacuum and radiates and in the process of evaporates. And of course this caused a big kerfuffle because when the black hole evaporates, eventually that event horizons is yanked up. And the question is, where did everything go that had once fallen in?",3,4,212,0
wired,wired_astro_16,6,astro,4,expert,partner,"A way to think about Hawking radiation is to imagine that pairs of particles and antiparticles appear out of the quantum vacuum and the particle can escape the black hole, but the antiparticle falls in. But the particle and antiparticle are a pair and if the antiparticle really falls into the black hole and is destroyed at the singularity, that poor particle outside the black hole has lost his partner. It also violates the rules of quantum mechanics. If you have two particles that are entangled, that has to be preserved.",4,5,213,0
wired,wired_astro_16,7,astro,4,expert,expert,"Now, to be clear, nobody disputes that black holes will quantum radiate, that Hawking radiation is a solid prediction. The black holes should in fact evaporate, that's not disputed, right?",2,6,214,0
wired,wired_astro_16,8,astro,4,expert,partner,"That's right. It would be wonderful if we could have some experimental of evidence for this, if we could really build a black hole in the lab and test to see whether it behaves this way. But I think there is hope that we'll be able to detect some of these effects either indirectly, by looking at black holes out in the universe, or also maybe indirectly in the laboratory by looking at systems which aren't black holes, but which radiate in kind of similar ways.",3,7,215,0
wired,wired_astro_16,9,astro,4,expert,expert,"There's this domain of black holes in astrophysics where we see stars collapse, and we know that they exist and there's whole observational astronomy around them. And then there's this domain that we're talking about, where, as you said, black holes are so special because they're kind of guiding us in the right direction to understand the very nature of reality. And that makes them really unusually special. And one of the things I wanted to draw out is that we talk about the fundamental forces of nature. So there's the matter forces, and then the outlier is gravity. We've quantized all the matter forces in a way that we're rather comfortable with. Gravity keeps resisting quantization of gravity itself. And now we're thinking in a way that you're describing that, well, maybe it's only the quantum forces altogether.",8,8,216,0
wired,wired_astro_16,10,astro,4,expert,partner,"The pursuit of quantum gravity has taken us to places we never expected to be. I think what's exciting about physics, about theoretical physics, that you start following a thread, you start developing a chain of logic, and you never know where it's gonna end up.",2,9,217,0
wired,wired_astro_16,11,astro,4,expert,expert,"Do you think there's ever a hope that the kind of information that you think about, the quantum gravity aspects of the universe that you think about, whether it will pan out or not, will ever be viably observed in these astronomical pursuits of the event horizon?",1,10,218,0
wired,wired_astro_16,12,astro,4,expert,partner,"It's a real challenge, but astronomical observations have gotten so fantastically precise. And there is some hope that if you looked at things like two black holes merging, each black hole comes in with its own event horizon, but then when the black holes merge, there's a very complicated process where these two event horizons merge and oscillate and vibrate, and then settle down into a single event horizon for the final black hole. There is some hope that if we can make sufficiently detailed observations of this process, if we could really see the way the event horizon is behaving as it settles down to this final state, that maybe that could reveal some of these quantum effects that we've been talking about.",3,11,219,0
wired,wired_astro_16,13,astro,4,expert,expert,"It is amazing in the numerical simulations of two black holes merging, you really see the event horizons bobble around. And we were talking earlier about how really black holes are flawless, they don't tolerate those kinds of imperfections. And so you can so quickly watch the system wring away that misshapen merger. And it comes out in the gravitational waves, which is literally the ripples in the shape of spacetime until it settles down, and then it's utterly flawless again. It really happens fast. It's quite amazing.",6,12,220,0
wired,wired_astro_16,14,astro,4,expert,partner,"Yeah, it's a spectacular process.",1,13,221,0
wired,wired_blockchain_12,1,blockchain,0,child,expert,Do you know what we're going to talk about today? It's called blockchain.,2,0,222,0
wired,wired_blockchain_12,2,blockchain,0,child,partner,What's blockchain?,1,1,223,0
wired,wired_blockchain_12,3,blockchain,0,child,expert,That's a really good question. It's actually a way that we can trade. Do you know what trade is?,3,2,224,0
wired,wired_blockchain_12,4,blockchain,0,child,partner,"It's like, it's when you take turns every time. That's when you give up most of what you want, right?",2,3,225,0
wired,wired_blockchain_12,5,blockchain,0,child,expert,When you give up most of what you want. Well sometimes that definitely happens for sure. What if I told you that there's a kind of technology that I work on that means you could trade with any kid all over the world?,3,4,226,0
wired,wired_blockchain_12,6,blockchain,0,child,partner,"Really? Yeah, if I could trade with any kid I would trade. Well, I would trade something I don't like so much.",3,5,227,0
wired,wired_blockchain_12,7,blockchain,0,child,expert,"That's probably a good idea. Maybe somebody else likes it more than you do. So normally when people trade, they have to go to the store or they have to know the person so that they can get what they asked for. With blockchain you can make that exact same trade, but you don't need the store and you don't even necessarily need to know the other person.",4,6,228,0
wired,wired_blockchain_12,8,blockchain,0,child,partner,"Really?,Child segment""",1,7,229,0
wired,wired_blockchain_12,9,blockchain,0,child,expert,Really,1,8,230,0
wired,wired_blockchain_13,1,blockchain,1,teenager,expert,"So Ian, do you know what blockchain is?",1,0,231,0
wired,wired_blockchain_13,2,blockchain,1,teenager,partner,No.,1,1,232,0
wired,wired_blockchain_13,3,blockchain,1,teenager,expert,Have you ever traded or sold anything?,1,2,233,0
wired,wired_blockchain_13,4,blockchain,1,teenager,partner,Actually I'm selling my computer on eBay right now.,1,3,234,0
wired,wired_blockchain_13,5,blockchain,1,teenager,expert,That's amazing. What made you decide to trade on eBay?,2,4,235,0
wired,wired_blockchain_13,6,blockchain,1,teenager,partner,"Um, well, I mean I've heard of it and I trust it a lot because they have like all their guarantees. So I know that I'm gonna get money and the person's gonna get what they want.",2,5,236,0
wired,wired_blockchain_13,7,blockchain,1,teenager,expert,So what if I told you that blockchain technology is basically a tool where you can do the exact same thing but it goes to you and I directly? You wouldn't need an eBay or a brand in between.,2,6,237,0
wired,wired_blockchain_13,8,blockchain,1,teenager,partner,That's cool.,1,7,238,0
wired,wired_blockchain_13,9,blockchain,1,teenager,expert,"And there's a lot of those kinds of middlemen in our society today, right? We have a lot of banks. We have a lot of companies that sort of help us make sure that our trades happen. But if we could guarantee the same trade using technology as sort of like a technological trust, then we wouldn't really need all those middlemen in between.",4,8,239,0
wired,wired_blockchain_13,10,blockchain,1,teenager,partner,So how does it work?,1,9,240,0
wired,wired_blockchain_13,11,blockchain,1,teenager,expert,"It's basically a network of computers that all have the same history of transactions. And so instead of there being one company with one database that holds all the information, the same sort of list is held by all these different people. Like you could have it on your computer, and then it gets validated by everyone. And basically that turns into the next part of the list, so it's sort of constantly updating itself.",4,10,241,0
wired,wired_blockchain_13,12,blockchain,1,teenager,partner,So like how do you make sure that it's secure?,1,11,242,0
wired,wired_blockchain_13,13,blockchain,1,teenager,expert,"So it uses cryptography. And that helps it basically encode all of the transactions. So you can't really see exactly what happened, but you know it happened because it's like a marker.",3,12,243,0
wired,wired_blockchain_13,14,blockchain,1,teenager,partner,"So you could kind of like, I don't know, say trade apples, but you would just see like random letters for it. Yeah, for it so you wouldn't be able to like track it, I guess.",2,13,244,0
wired,wired_blockchain_13,15,blockchain,1,teenager,expert,Exactly.,1,14,245,0
wired,wired_blockchain_13,16,blockchain,1,teenager,partner,That's cool.,1,15,246,0
wired,wired_blockchain_13,17,blockchain,1,teenager,expert,"So it's kind of this like really big ledger or accounting system for all sorts of things that get traded. But instead of being owned by one company, it's owned by everybody.",2,16,247,0
wired,wired_blockchain_13,18,blockchain,1,teenager,partner,That's cool.,1,17,248,0
wired,wired_blockchain_13,19,blockchain,1,teenager,expert,Yeah.,1,18,249,0
wired,wired_blockchain_14,1,blockchain,2,undergraduate,expert,We're going to talk about blockchain technology. Have you heard of blockchain?,2,0,250,0
wired,wired_blockchain_14,2,blockchain,2,undergraduate,partner,I've heard of the words blockchain but I'm not sure I know what it is.,1,1,251,0
wired,wired_blockchain_14,3,blockchain,2,undergraduate,expert,"So when we were much smaller societies, you and I could trade in our community pretty easily. But as the distance in our trade grew, we ended up inventing institutions, right? If you use Uber or you use Airbnb or you use Amazon, even these are just digital marketplaces and platforms that help us facilitate an exchange of value. But today we actually have a technology that allows us to trade one-to-one but at scale, and it's called blockchain technology. There is some kind of interface for it; you could have an app or you could use your computer to do it. But instead of there being a company in the middle, or what's helping you make that transaction is a bunch of software code. And so it's being run by all of these different computers that have like a node. So they're all running the same software and guaranteeing your transactions as they happen.",8,2,252,0
wired,wired_blockchain_14,4,blockchain,2,undergraduate,partner,I mean I would assume this technology is taking away business or activity from these middlemen .,1,3,253,0
wired,wired_blockchain_14,5,blockchain,2,undergraduate,expert,"In some cases, Yeah it is. And a lot of people in the financial industry in particular are looking at it from the banking side of how do we use this technology to trade things like bitcoin or other tokens that are easier to use instead of today's currency. You know, a lot of people think about blockchain as bitcoin because it's sort of in the news a lot and it's this new cryptocurrency and it's kind of exciting. But we're actually seeing a lot more use cases for blockchain that aren't around the currency side. They're more around how do you take any asset and be able to trade that using the same technology.",5,4,254,0
wired,wired_blockchain_14,6,blockchain,2,undergraduate,partner,Is there a mechanism for verifying that person A is a legitimate seller or producer of the item?,1,5,255,0
wired,wired_blockchain_14,7,blockchain,2,undergraduate,expert,So today a lot of people are working on how to create identity structures that leverage blockchain. And one of the tools for doing that is being able to cryptographically sign for a given attribute. So your government could sign that you have a U.S. passport. Or a university could sign that you are a currently enrolled student. And you could then dole out that information and control it yourself and be able to show people those certifications on an as-needed basis.,5,6,256,0
wired,wired_blockchain_15,1,blockchain,3,graduate,expert,"So today we're going to talk about blockchain technology. Okay, have you ever heard of blockchain?",2,0,257,0
wired,wired_blockchain_15,2,blockchain,3,graduate,partner,"I have. Whenever we have a transaction and let's say I buy something from you, this information gets logged and it gets verified by a third person or third party. And then if like all this information verified and it all matches, right, the transaction goes through without any intermediary basically, right? And it gets stored. And when we make further transactions, this information is already embedded—it's in the ledger.",5,1,258,0
wired,wired_blockchain_15,3,blockchain,3,graduate,expert,"Yeah that's exactly right. And you can append it—you can sort of add new information that's more current, but you can't actually go erase anything.",2,2,259,0
wired,wired_blockchain_15,4,blockchain,3,graduate,partner,"Absolutely right. The way the technology is changing, nothing's gonna be like it used to be. And there's no like firm and then the buyer and the seller. And it's basically we'll have to rewrite a lot of rules and economics as well.",4,3,260,0
wired,wired_blockchain_15,5,blockchain,3,graduate,expert,"For sure, A lot of the assumptions won't hold true. Same with who are the actors—it's not just people anymore; it's machines.",2,4,261,0
wired,wired_blockchain_15,6,blockchain,3,graduate,partner,Absolutely.,1,5,262,0
wired,wired_blockchain_15,7,blockchain,3,graduate,expert,We're going to have to create entire new concepts of how they do trade and how they work with us too. What kind of barriers or roadblocks would you imagine are going to happen in the blockchain space?,2,6,263,0
wired,wired_blockchain_15,8,blockchain,3,graduate,partner,"So at least when we talk about bitcoin, there are some trust issues. There have been some hacks. So there is obviously a need to work on trust and feeling that it's the safe technology.",3,7,264,0
wired,wired_blockchain_15,9,blockchain,3,graduate,expert,"Yeah, one of the problems that bitcoin has faced is bitcoins getting stolen or lost. But a lot of that actually comes from people trying to recentralize bitcoin in different ways, making themselves actually a pretty easy target.",2,8,265,0
wired,wired_blockchain_15,10,blockchain,3,graduate,partner,"Absolutely. So education will be a big part before we actually can use the technology in the wide sense, right?",2,9,266,0
wired,wired_blockchain_15,11,blockchain,3,graduate,expert,"Yeah, to actually transition into the mainstream and make it useful for average people to use, we're going to need to make sure we have a lot more education, a lot more standards, and probably work with a lot of enterprises to create sort of the user experience around this being a technology that is safe and usable and understandable. What is the current state of blockchain in your understanding? What's going to have to happen next?",2,10,267,0
wired,wired_blockchain_15,12,blockchain,3,graduate,partner,"The current state is in the research state. And it's being developed to be applied in many, many areas. It might be used almost everywhere, to where we won't even imagine how we lived without it. But I'm not sure where it's going to go—I mean no one really knows, right?",4,11,268,0
wired,wired_blockchain_15,13,blockchain,3,graduate,expert,"Well, we have a lot of public blockchains—like we have Bitcoin, we have the Ethereum network, NXT. But a lot of companies and consortiums are getting together to build private blockchains. So ones that are more closed off at first and then may evolve into a public network when people feel comfortable using it. And some are also proof of concepts out in the real world—projects in energy and in pharmaceuticals and in retail. And lots of different fields are starting experiments, and we'll see in the next few years how all of those interact and what we learn about the best use cases for blockchain and what it means for trade.",5,12,269,0
wired,wired_blockchain_16,1,blockchain,4,expert,expert,So tell me your version of a technical definition of blockchain.,1,0,270,0
wired,wired_blockchain_16,2,blockchain,4,expert,partner,"A technical definition of blockchain is that it is a persistent, transparent, public, append-only ledger. So it is a system that you can add data to and not change previous data within it. It does this through a mechanism for creating consensus between scattered or distributed parties that do not need to trust each other but just need to trust the mechanism by which their consensus has arrived at. In the case of blockchain, it relies on some form of challenge such that no one actor on the network is able to solve this challenge consistently more than everyone else on the network.",4,1,271,0
wired,wired_blockchain_16,3,blockchain,4,expert,expert,So it randomizes the process.,1,2,272,0
wired,wired_blockchain_16,4,blockchain,4,expert,partner,"Yes. Yeah, it randomizes the process and in theory ensures that no one can force the blockchain to accept a particular entry onto the ledger that others disagree with. One that relies on a mechanism for a peer-to-peer network that can maintain updates to the ledger and then verify those updates in such a way that it is impossible to defraud and impossible to alter after the fact.",3,3,273,0
wired,wired_blockchain_16,5,blockchain,4,expert,expert,"And do you see it as defining a new discipline of kinds, or where are we going to see blockchain emerge in the real world first?",1,4,274,0
wired,wired_blockchain_16,6,blockchain,4,expert,partner,"I mean just so like as an example, one thing that I think about a lot in terms of possible blockchain applications is electricity. The next generation of distributed smart grid technology, effectively.",2,5,275,0
wired,wired_blockchain_16,7,blockchain,4,expert,expert,Sure. And people are working on that already.,2,6,276,0
wired,wired_blockchain_16,8,blockchain,4,expert,partner,"Yeah. Yeah exactly, and it's this very fruitful area of research. And you can find yourself looking like 20 years out, right? Where you have an enormous number of electric cars, you have all of these batteries. Like that's essentially a distributed peak load power grid, right? Like the cars are getting plugged in and unplugged at different times. If you have a mechanism that is able to automatically and autonomously be distributing power based on batteries that are scattered throughout the grid that are being used for other purposes, their owners don't even necessarily need to be aware. You begin to have something that looks like a much more viable society that still has a lot of electricity needs but is able to base that much more on renewables. Is able to make up the difference during peak load periods or during differences in weather. That is able to have power much closer to where it's needed rather than having to be distributed over great distances. That's something that would be an enormously hard problem to solve. And it's not that the blockchain makes it easy, but it makes it possible.",12,7,277,0
wired,wired_blockchain_16,9,blockchain,4,expert,expert,"A lot of people are seeing blockchain in the news and maybe seeing a lot of initial coin offerings—this sort of monetization opportunity around blockchain—and are getting very excited about it. And some of that excitement is real and should be encouraged, but some of it is also hype. How do you feel about the hype cycle around blockchain today?",3,8,278,0
wired,wired_blockchain_16,10,blockchain,4,expert,partner,"I'm glad you mentioned initial coin offerings, because for me those really exemplify the problem that we're having at this exact moment. They are an idea with enormous potential significance down the road. However, the promise of the initial coin offering has been kind of hijacked into this string of basically pump-and-dump scams or desperate gold rush schemes. The faster that we can shift from this fantasy that it is going to make you rich in a sort of 1920s tulip-bubble kind of way, the sooner that we can get into people being disappointed in blockchains—like, 'oh I didn't get rich.' It's just being used now to make it easier to transact goods and services safely across borders. This isn't exciting at all. And then we'll see that become part of the everyday infrastructure of the world in a way that I think will be very significant. But I think it is now: almost every aspect of it that's connected with the concept of money is wildly overhyped.",8,9,279,0
wired,wired_blockchain_16,11,blockchain,4,expert,expert,"And it also creates a problem, which is people get a lot of excitement around it and then they're waiting for the world to change—like, where is this technology, why haven't I seen anything changing? Yes, yes, because we've had a lot of PR, a lot of proof of concept. But yeah, truthfully this is more like a science: it will develop, it will take five years, it will take 10 years. That kind of time is necessary. One of the areas that brought me to supply chain research is the fact that we're not just going to see blockchain emerge—we're going to see artificial intelligence continue to evolve. We're gonna see connected devices and this sort of growing internet of things machinery that can do a lot more and have a wallet and transact on their own. And so I actually think a lot of where blockchain and other technologies are headed is this interesting synergy that will help us elevate the kinds of institutions we've used in the past and cobbled together to create that identifiable, verifiable trust.",7,10,280,0
wired,wired_blockchain_16,12,blockchain,4,expert,partner,"Yes, and one of the most interesting ideas to me that came out of the currency side of the blockchain project was the notion around like coloring coins—assigning properties to a particular coin. And in particular to assign those properties in ways that would allow you to do things like bring in the graph of previous transactions. There's sort of an obvious application for this: something that would look a little bit like an extreme version of a boycott/divestment/sanctions kind of approach. A model where it's sort of like: I will not touch money; my wallet will automatically not touch money that has been exchanged with the following. As a sort of very extreme way of cutting those things out. But there's also ways in which I think that could be applied to clearing out the entire logistics process of many kinds of bad actors. But trying to make a supply chain better in some ways relies a lot on whose version of better that is and exactly what gets qualified, but also how that is quantified within, say, some kind of smart contract system. There's multiple ways that I could see this backfiring. One is the ways in which that is implemented—for example, leaving certain kinds of bad behavior untouched or unanalyzed. Or one that feels even more dire to me is creating an extremely inflexible—because human contracts, legal contracts are actually very flexible. Like there's a lot of room to move and renegotiate. Yeah, but we already have real-world versions of some of these nightmare scenarios. Right? Like your kid has a medical emergency and you can't unlock your car because you're two days behind on payments for it. And so the car system will no longer respond to the app mechanism that you're supposed to be able to use to drive it.",14,11,281,0
wired,wired_blockchain_16,13,blockchain,4,expert,expert,Barrier being sort of a rigidity in structures that maybe don't accommodate real life scenarios very well.,1,12,282,0
wired,wired_blockchain_16,14,blockchain,4,expert,partner,"As you and I have been talking, one of the things that keeps coming up is that we tend to hold novel technologies to an unrealistically high standard in terms of what they are supposed to deliver rather than comparing them to actually existing systems. Where we can begin to see the possibility that even a slight incremental improvement would still be an enormous gain.",2,13,283,0
wired,wired_blockchain_16,15,blockchain,4,expert,expert,The system we have today is also broken.,1,14,284,0
wired,wired_blockchain_16,16,blockchain,4,expert,partner,Right.,1,15,285,0
wired,wired_blockchain_16,17,blockchain,4,expert,expert,"It's hard to compare it to some perfect future. Just like we compare autonomous vehicles to this very high standard because machines are doing it—should be perfect, right? There should be zero car deaths. And when you say, well there's hundreds of thousands, millions of car deaths on the road due to human error today, I think we're in a similar place. We're going to see problems with this technology, and we are going to need to develop multiple kinds of standards that also have some flexibility. But it's going to also be a version—a system that allows us to fix some of the things that are broken today.",5,16,286,0
wired,wired_crispr_12,1,crispr,0,child,expert,"Hey, Tegan. Do you know what we're here to talk about today?",2,0,287,0
wired,wired_crispr_12,2,crispr,0,child,partner,Science.,1,1,288,0
wired,wired_crispr_12,3,crispr,0,child,expert,We are here to talk about science. We're here to talk about something called Crisper. Have you heard of that?,3,2,289,0
wired,wired_crispr_12,4,crispr,0,child,partner,No.,1,3,290,0
wired,wired_crispr_12,5,crispr,0,child,expert,Crisper is a tool that scientists are using to edit or change genomes. Do you know what a genome is?,2,4,291,0
wired,wired_crispr_12,6,crispr,0,child,partner,No.,1,5,292,0
wired,wired_crispr_12,7,crispr,0,child,expert,It's kind of like an instruction manual. The instruction manual that makes you who you are. Sometimes there's mistakes in the instruction manual like people get sick.,3,6,293,0
wired,wired_crispr_12,8,crispr,0,child,partner,Like allergies.,1,7,294,0
wired,wired_crispr_12,9,crispr,0,child,expert,Like allergies. Do you have friends at school that have allergies?,2,8,295,0
wired,wired_crispr_12,10,crispr,0,child,partner,"Well, I have allergies. Penicellin and their type of medicine.",2,9,296,0
wired,wired_crispr_12,11,crispr,0,child,expert,"It's good that you actually know exactly what you're allergic to. For people that have really severe allergies, we could erase where in that big instruction manual where they have those allergies and maybe make it so that they don't have those allergies anymore.",2,10,297,0
wired,wired_crispr_12,12,crispr,0,child,partner,Blowing my mind.,1,11,298,0
wired,wired_crispr_13,1,crispr,1,teenager,expert,Do you know what crisper is?,1,0,299,0
wired,wired_crispr_13,2,crispr,1,teenager,partner,"Absolutely not. No, not at all.",2,1,300,0
wired,wired_crispr_13,3,crispr,1,teenager,expert,Crisper is a way to edit the genome. Do you know what a genome is?,2,2,301,0
wired,wired_crispr_13,4,crispr,1,teenager,partner,"Yeah, it's the DNA.",1,3,302,0
wired,wired_crispr_13,5,crispr,1,teenager,expert,"DNA is kind of um the language that the genome is written in. And the genome itself is an instruction manual that describes how to make you. How tall you should be, what color hair you have, or what color eyes you have. So what crisper is and an easy way to think about it, it's like a molecular pair of scissors. That can go through that long, long genome and find specific places, make small cuts and edit it. What do you think about being able to edit genomes?",6,4,303,0
wired,wired_crispr_13,6,crispr,1,teenager,partner,"It's actually kind of cool cuz then you could change, can't you technically change things about a person if you edit the DNA?",1,5,304,0
wired,wired_crispr_13,7,crispr,1,teenager,expert,Sure. So how do we determine what's what's the right uses then?,2,6,305,0
wired,wired_crispr_13,8,crispr,1,teenager,partner,"I don't think it should be used for almost cosmetology reasons or like for people just to be like, 'Oh, I want to be 5 foot six instead of 5 foot 4,' or like reasons that aren't necessarily the most important. I just think if it could genuinely help someone, like if someone had cancer and there was a way to fix it or like slow down the growth.",2,7,306,0
wired,wired_crispr_13,9,crispr,1,teenager,expert,"So, a lot of the work that we do in my lab is about being engineers of DNA. We try and look to see what mutations cause diseases, and to see if when we change those mutations, if we can take a sick cell or organism and make it healthy again.",2,8,307,0
wired,wired_crispr_13,10,crispr,1,teenager,partner,"Couldn't you technically cuz the p-53 when it's defected does, that's what causes cancer.",1,9,308,0
wired,wired_crispr_13,11,crispr,1,teenager,expert,"P-53 is the most common mutation in cancer. That's that's right. Yeah, that's a great idea actually to use crisper to target tumor cells and restore p-53 to fix that that mutation. So to make that cut with these scissors and fix it.",4,10,309,0
wired,wired_crispr_14,1,crispr,2,undergraduate,expert,Have you heard about crisper?,1,0,310,0
wired,wired_crispr_14,2,crispr,2,undergraduate,partner,"Yes, this revolutionary gene editing tool. I know there have been uh previous gene editing tools, but crisper is more revolutionary in that it's more precise and a little bit more affordable.",2,1,311,0
wired,wired_crispr_14,3,crispr,2,undergraduate,expert,Do you know how crisper works?,1,2,312,0
wired,wired_crispr_14,4,crispr,2,undergraduate,partner,So it works where you have this crisper this cast 9 complex and protein cast 9 protein cast 9 protein complex along with uh something called a guide RNA.,1,3,313,0
wired,wired_crispr_14,5,crispr,2,undergraduate,expert,That's right. That's right.,2,4,314,0
wired,wired_crispr_14,6,crispr,2,undergraduate,partner,And that RNA will basically tell this protein where to go and what gene to sort of cut out.,1,5,315,0
wired,wired_crispr_14,7,crispr,2,undergraduate,expert,Right. And this is what makes the crisper system very programmable. Is that the little piece of guide RNA is easy to make. We can program crisper to go to many different places in the genome quite easily.,4,6,316,0
wired,wired_crispr_14,8,crispr,2,undergraduate,partner,"From what I've heard, they're like close to almost curing muscular dystrophy with it. But there's a lot of, I guess, ethical issues that come up with it, too.",2,7,317,0
wired,wired_crispr_14,9,crispr,2,undergraduate,expert,"One of the really nice things actually about crisper is that we can use it in human cells. You know, if you ask most people, should you use it to cure cancer? Mo most people would say, yeah, those those are are good good uses. But there are other areas that are a little bit more problematic. Like editing the germ line, which means something that um could be passed on.",5,8,318,0
wired,wired_crispr_14,10,crispr,2,undergraduate,partner,"Ethics wise, a lot of people will have that natural reaction of fear against something new. Cuz it has a lot of potential, and we just don't know where it can take us yet. It was sort of similar to like when people started doing in vitro fertilization.",3,9,319,0
wired,wired_crispr_14,11,crispr,2,undergraduate,expert,Test tube babies.,1,10,320,0
wired,wired_crispr_14,12,crispr,2,undergraduate,partner,Test babies.,1,11,321,0
wired,wired_crispr_14,13,crispr,2,undergraduate,expert,That was the kind of scare.,1,12,322,0
wired,wired_crispr_14,14,crispr,2,undergraduate,partner,Exactly. Exactly. But now we see it's perfectly fine as long you know it's regulated. And plenty of people I know some people who came up from that.,4,13,323,0
wired,wired_crispr_15,1,crispr,3,graduate,expert,So there's been a lot of talk about using crisper for gene editing in humans. And that that can be a controversial thing.,2,0,324,0
wired,wired_crispr_15,2,crispr,3,graduate,partner,"I think very naturally there's many aspects of ethics that need to be looked at. Firstly, if we're talking about using crisper, are we using it in somatic cells such as TE-C cells? Or are we using it in embryos or germ stem cells? And the issue with that is now you're modifying the genome at a germline level.",4,1,325,0
wired,wired_crispr_15,3,crispr,3,graduate,expert,Any unintended consequences could go forward many generations. You're saying with germline editing.,2,2,326,0
wired,wired_crispr_15,4,crispr,3,graduate,partner,"sure, there's unintended consequences, But there's also lack of consent.",1,3,327,0
wired,wired_crispr_15,5,crispr,3,graduate,expert,"If you are not around, you can't consent.",1,4,328,0
wired,wired_crispr_15,6,crispr,3,graduate,partner,Exactly. So these future generations or products of crisper they can't consent. Another I think ethical component is if crisper does make it to market who will have access to it. Is that going to be cost prohibitive? Will only a certain select few be able to use it?,5,5,329,0
wired,wired_crispr_15,7,crispr,3,graduate,expert,"As many new cancer drugs are today, right? Will that be how it is? Yeah.",3,6,330,0
wired,wired_crispr_15,8,crispr,3,graduate,partner,Would people start using it for non-therapeutic reasons? And I think this then can get into a whole slippery slope.,2,7,331,0
wired,wired_crispr_15,9,crispr,3,graduate,expert,"So, I think a lot of people are concerned maybe that crisper will be used in kind of frivolous ways. Maybe just to choose somebody's eye color or or how tall they are or what color hair they have. And I think what a lot of people don't realize maybe is that the state of genetics is not quite there.",3,8,332,0
wired,wired_crispr_15,10,crispr,3,graduate,partner,"It's nice to think that I can go in and choose exactly what eye color I want. But fundamentally science doesn't exactly know all of that yet. We don't know every single gene related to eye color nor the regulatory mechanisms nor the epigenetics. This is a huge, huge issue.",4,9,333,0
wired,wired_crispr_15,11,crispr,3,graduate,expert,"So we can use crisper now to try and understand better how do our genes relate to these these different features. These different phenotypes that that we have. There's a lot of work left to do before we even know what I think what are the knobs and dials. What are the controls that you know affect eye color or how tall you are. So I think this question right now, even though it's important to discuss. I kind of feel like it's more theoretical right now.",6,10,334,0
wired,wired_crispr_15,12,crispr,3,graduate,partner,"Yeah. Or is it really even a point necessary for conversation? Because people are going out every single day and getting plastic surgery to change how they look. How is this any different? And in the same slant, people are using in vitro fertilization, right? So this is manipulating genomes. You're choosing which embryos to implant. So we're almost doing little aspects of what crisper has the potential to do.",8,11,335,0
wired,wired_crispr_16,1,crispr,4,expert,expert,"So Matt, what are you doing right now in the lab and how are you using gene editing in your own work?",1,0,336,0
wired,wired_crispr_16,2,crispr,4,expert,partner,"Right now, one of the questions I've been very much interested in is trying to understand the effect of human genetic variation on using crisper cast 9 reagents. Because you and I just sitting here differ in millions of different locations within our genome. We use these guide RNAs which are 20 base pairs and we match it to different places in the genome. But what if there's a mutation at that site and how does that affect ?”, 6,Speaker 1 (Neville Sanjana),a mutation that's different between you and me It's the same site but there's a slight difference in the DNA between you and me."" Exactly. Let's say in you it's a perfect match and in me there's one that's actually a mismatch. And how does that affect things in the lab? Because maybe it won't be as efficient. It won't be able to bring cast 9 to the correct site and cut there.",9,1,337,0
wired,wired_crispr_16,3,crispr,4,expert,expert,"So when people are using crisper now in the lab, are they really sequencing the exact cell type they use? Sequencing reading out the genome of that cell before they use crisper. Sequencing reading out the genome of that cell before they use crisper.",2,2,338,0
wired,wired_crispr_16,4,crispr,4,expert,partner,"Not many do that. It would ultimately the best way to do it for sure because the reference genome that was published in 2001 was kind of just one person's genome. And as we know very well from sequencing many different individuals, there are a lot of differences. And so there are some concerns that when you use these in the lab that you're intending for a cut to be made in this one place in the genome. But if there happens to be a mismatch there because of some variant in the cells that you're studying. Maybe it won't cut there at all. And even maybe worse is that maybe it'll cut somewhere else because maybe now it can match elsewhere.",7,3,339,0
wired,wired_crispr_16,5,crispr,4,expert,expert,"So So you're saying right now that it's it's kind of early days with crisper, and that there's a lot of technical issues that really need to be ironed out, that it's not anything can be targeted at any time. We're trying to develop the scientific steps that will take us to that kind of total genome control.",2,4,340,0
wired,wired_crispr_16,6,crispr,4,expert,partner,"It is still the early days and as much progress has been done which is actually quite remarkable given how new this technology is. I mean we're just a few years away from when it was really started being used for these applications. However, having said that it holds a lot of potential and I think can get there. But there's still a lot of issues and concerns that need to be worked out.",4,5,341,0
wired,wired_crispr_16,7,crispr,4,expert,expert,"I was going to say that a lot of what inspired me to get into um bioengineering are are movies like uh Jurassic Park um, which both shows the good and the bad sides of manipulating the nature around us. And so maybe it's a bit of a silly question, but what do you think in our lifetime. Will we see something like Jurassic Park where where humans have actually engineered uh different different animals?",2,6,342,0
wired,wired_crispr_16,8,crispr,4,expert,partner,"Anything is possible. Um I'm not sure that we will see that in our lifetimes. But I would be very excited to attend Jurassic Park if that were the case. Having said that, I do think that crisper cast 9 does have a lot of potential to do things that are kind of out of the box. In the past few years, we've been able to tackle ideas that people didn't even think were possible before that. More than anything, Crisper has created a whole open field of opportunities. And so whether or not that leads us to Jurassic Park, I can't tell you that answer for sure, but I certainly hope that it does.",7,7,343,0
wired,wired_crispr_16,9,crispr,4,expert,expert,"And I think you're right that the opportunities might be much broader than just biomedical science. It might be things like using DNA as a hard drive, being able to uh use crisper as a diagnostic instead of just a tool for for editing. Can we yeah use cells to record data over time with with crisper? Can we use crisper to track cells in a developing embryo? I think this is one of the most exciting recent uses of crisper. I've seen that I would have never predicted uh a year ago. The dominant paradigm right now is crisper is just for cutting DNA. But when you think of it more as a general platform, a pointer to a location in a genome, then that becomes a very very powerful thing. Do you think crisper will be helpful for understanding human v variation beyond what we already have just by sequencing people's genomes?",8,8,344,1
wired,wired_crispr_16,10,crispr,4,expert,partner,"Yes, absolutely. I think that the real power of crisper it lets us to follow up on this genetic information that we've been studying and following for a very long time now. There have been a lot of studies where you take a group of people with disease X and people without that disease, and you see if any mutations seem to be preferentially in the group with the disease and kind of absent in the group without the disease.",3,9,345,1
wired,wired_crispr_16,11,crispr,4,expert,expert,"People have observed these differences. But what you're saying is with crisper we can now test is this causal this factor. If we make this mutation does it cause the disease? Does it either create sickle cell anemia or amilarate sickle cell anemia and pre and prevent it? Do you think we we'll ever be at a place where based on looking at someone's genome and these kinds of crisper functional screens, we can predict what kinds of diseases these people might get 10 20 years in the future.",5,10,346,1
wired,wired_crispr_16,12,crispr,4,expert,partner,"I think that's certainly a great goal. As of now, we tend to focus on variants or mutations that we know the function.",2,11,347,1
wired,wired_crispr_16,13,crispr,4,expert,expert,"What about mutations we've never seen before? Something that comes from, let's say, UV radiation in melanoma or something.",1,12,348,1
wired,wired_crispr_16,14,crispr,4,expert,partner,"I think that we will ultimately have the power to do that. And so thinking about when you start from a mutation, do you look at the expression of RNA? Is that changed? Is it changing things at the protein level?",3,13,349,1
wired,wired_crispr_16,15,crispr,4,expert,expert,"So, so this is interesting. So you mentioned that we can analyze genomes the DNA level and then you said the RNA level looking at the expression of genes. And then the proteins the products that they actually make with proteomics or mass uh uh spectrometry. But do you think it's kind of like another level of understanding the function of the genome or do you view it as part of one of those levels?",3,14,350,1
wired,wired_crispr_16,16,crispr,4,expert,partner,"I do think it provides a different level of data. The ability to rapidly and genomewide assess and make changes at the DNA level. And then look at the resulting changes at the RNA and protein level. I think is something that we haven't been able to do and is now I think going to rapidly advance understanding at a genetic level, at the DNA level of a lot of different diseases.",3,15,351,1
wired,wired_crispr_16,17,crispr,4,expert,expert,"So, so you and I have done functional screens. We've done these large scale crisper screens where we modify many genes, thousands of genes or thousands of locations in the genome. All in kind of a test system. But do you ever see this one day, the idea of these multipplex pulled crisper screens, going into the clinic that we actually take a clinical cell line a cell line from a patient?",3,16,352,1
wired,wired_crispr_16,18,crispr,4,expert,partner,"Absolutely. I think that is kind of one of the ultimate goals. Ultimately, it would be very nice to be able to correct the mutations for these diseases we've known about for sometimes hundreds of years. And we just haven't been able to do anything about.",3,17,353,1
wired,wired_crispr_16,19,crispr,4,expert,expert,There's a lot of kind of ethical issues surrounding very reasonably using crisper in the clinic.,1,18,354,1
wired,wired_crispr_16,20,crispr,4,expert,partner,"I think there's a lot of concern about trying to use crisper technology or other genome technologies, to make humans designed in a specific way whether you want to change eye color, height or things like that. The kind of irony of that situation is that the genetics of a lot of the traits that are, you know, you can see by just looking at a person, are quite complex and are not worked out in the same way.",2,19,355,1
wired,wired_crispr_16,21,crispr,4,expert,expert,"So, so you're saying that the ethical problem is not really right now a clear and present issue. Because for many of these um perhaps a little bit more superficial traits that we have. We don't really even know what what genes can control these these traits. Though it's probably a good idea to start thinking a little bit about engineering somatic cells. Versus um germline cells which are passed on to to future generations. And I think one nice thing is that most scientists agree that for at least for human gene editing, that we need to focus on sematic cells where which really impacts a lot of people with these diseases. And that there's many many issues around editing the germ line, where there you're um doing something that might be inherited for for many many generations. So it's it's kind of an interesting misconception that people think that crisper is just one thing. Just one enzyme cast 9.",5,20,356,1
wired,wired_crispr_16,22,crispr,4,expert,partner,"I think that's a really great point and that speaks to just how fast this technology is developing, because it started with us just knowing about cast 9 but in just",1,21,357,2
wired,wired_crispr_16,23,crispr,4,expert,expert,"“just one cast 9 right S. pyogenes cast 9 was kind of the first one used for gene editing in in human cells.""",1,22,358,2
wired,wired_crispr_16,24,crispr,4,expert,partner,"Exactly. And just in the past few years this this toolbox has now been expanded well past that. For example, you can look into other different species of bacteria to find cast 9.",3,23,359,2
wired,wired_crispr_16,25,crispr,4,expert,expert,"So, so cast 9 is over many different species.",1,24,360,2
wired,wired_crispr_16,26,crispr,4,expert,partner,"It's over a tremendous amount of bacteria. And so you had referenced strep pyogenes cast 9. Well, if they you look into staphylococcus aureus, you can also find cast 9. And that cast 9 is just slightly different. It can target different regions of the genome. And so that opens up a whole new set of possibilities in terms of genome editing.",6,25,361,2
wired,wired_crispr_16,27,crispr,4,expert,expert,"So it increases the targetable space within the human genome. You can target more regions that you couldn't with that first first cast 9. And and what I find actually is a really interesting thing. Is that there's this huge metagenomic diversity of different crisper systems, and most of them are really just not even well characterized yet. And I think the best example of that we were talking about it earlier is this new RNA targeting crisper. So instead of cutting DNA it targets RNA.",6,26,362,2
wired,wired_crispr_16,28,crispr,4,expert,partner,And I think this is just one example of a complete paradigm shift. I don't think anyone had necessarily predicted at beginning that this would be one of the things that just was created and existed in nature and it just took some time for people to uncover it.,2,27,363,2
wired,wired_crispr_16,29,crispr,4,expert,expert,"I think it's a great good example of why it's important actually to fund basic science. Because you sometimes when you start down a certain path, you never know where you're going to end up in the end.",1,28,364,2
wired,wired_crispr_16,30,crispr,4,expert,partner,"The more research that can be done in this area can really unleash new possibilities. Finding new things, different versions of cast 9 or other things that function like cast 9. Or things completely different that at this moment I can't even think of. The possibilities are endless to be a little cliche about it.",4,29,365,2
wired,wired_crispr_16,31,crispr,4,expert,expert,"No, literally I think they are endless for sure.",1,30,366,2
wired,wired_dimension_12,1,dimension,0,child,expert,We're gonna talk about some science. Do you like science?,2,0,367,0
wired,wired_dimension_12,2,dimension,0,child,partner,"Yes, a lot.",1,1,368,0
wired,wired_dimension_12,3,dimension,0,child,expert,"Oh, very good. You've come to the right place. So we're gonna think about physics. Have you heard the word physics before? Do you know what that is?",5,2,369,0
wired,wired_dimension_12,4,dimension,0,child,partner,"Yeah, kind of.",1,3,370,0
wired,wired_dimension_12,5,dimension,0,child,expert,What's your idea what physics is?,1,4,371,0
wired,wired_dimension_12,6,dimension,0,child,partner,"Um, I'm not so sure.",1,5,372,0
wired,wired_dimension_12,7,dimension,0,child,expert,"Okay. I just think of physics as the study of everything. What stuff is, what stuff does. So today we're gonna talk about space, and in particular the idea of dimensions. Have you heard about dimensions?",5,6,373,0
wired,wired_dimension_12,8,dimension,0,child,partner,At the camp I made a 3D printing one.,1,7,374,1
wired,wired_dimension_12,9,dimension,0,child,expert,"3D printing, good.",1,8,375,1
wired,wired_dimension_12,10,dimension,0,child,partner,"So I don't choose the size, all I had to do was the shape.",1,9,376,1
wired,wired_dimension_12,11,dimension,0,child,expert,But do you know what 3D means?,1,10,377,1
wired,wired_dimension_12,12,dimension,0,child,partner,It's three dimensional.,1,11,378,1
wired,wired_dimension_12,13,dimension,0,child,expert,"Three dimensional, as opposed to, what is ordinary printing?",1,12,379,1
wired,wired_dimension_12,14,dimension,0,child,partner,"So, ordinary printing would be 2D.",1,13,380,1
wired,wired_dimension_12,15,dimension,0,child,expert,What do you say when something is one dimensional? What's an example of something that's one dimensional?,2,14,381,2
wired,wired_dimension_12,16,dimension,0,child,partner,"Hmm, I think one dimensional might be a circle, I guess, or maybe a line.",1,15,382,2
wired,wired_dimension_12,17,dimension,0,child,expert,A line is the perfect example,1,16,383,2
wired,wired_dimension_12,18,dimension,0,child,partner,"Yeah, a line.",1,17,384,2
wired,wired_dimension_12,19,dimension,0,child,expert,"Because it's one thing that's straight, right?",1,18,385,2
wired,wired_dimension_12,20,dimension,0,child,partner,Yeah.,1,19,386,2
wired,wired_dimension_12,21,dimension,0,child,expert,"So here's some toys. We're gonna build some dimensions, right? So what would you say about this?",3,20,387,2
wired,wired_dimension_12,22,dimension,0,child,partner,That's one dimensional.,1,21,388,2
wired,wired_dimension_12,23,dimension,0,child,expert,"Exactly. It's not really one dimensional, right?",2,22,389,2
wired,wired_dimension_12,24,dimension,0,child,partner,So everything has to be one or two dimensional before it's three dimensional.,1,23,390,2
wired,wired_dimension_12,25,dimension,0,child,expert,"And how would you find yourself, like if someone said where are you, could you use some words or ideas to say where you are on that line?",1,24,391,3
wired,wired_dimension_12,26,dimension,0,child,partner,"I think I would be maybe there, since I'm facing it.",1,25,392,3
wired,wired_dimension_12,27,dimension,0,child,expert,"But here's what I want you to think about. If I say I'm at this point on the line, I could translate that into saying I'm at the three centimeter point, if I were here I'd be at the four centimeter point, the five centimeter point, right? Yeah. So every point, every location on our little line",4,26,393,3
wired,wired_dimension_12,28,dimension,0,child,partner,Has its own unit.,1,27,394,3
wired,wired_dimension_12,29,dimension,0,child,expert,"Has its own unit, has one number.",1,28,395,3
wired,wired_dimension_12,30,dimension,0,child,partner,Yeah.,1,29,396,3
wired,wired_dimension_12,31,dimension,0,child,expert,We need one number to tell you where we are. That's one dimension. That's what it means to be one dimensional. I only need to tell you one number to figure out where we are.,4,30,397,3
wired,wired_dimension_12,32,dimension,0,child,partner,"Unlike three dimensional, you have to tell a lot 'cause if it's like a sphere, you kind of have to start using points.",1,31,398,3
wired,wired_dimension_12,33,dimension,0,child,expert,There you go. Exactly. We're gonna build a little two dimensional space. You wanna do it? You wanna do the honors here? Why don't you put those two lines together?,6,32,399,3
wired,wired_dimension_12,34,dimension,0,child,partner,"If you make it two dimensional is this, a corner.",1,33,400,3
wired,wired_dimension_12,35,dimension,0,child,expert,"Exactly, there you go.",1,34,401,3
wired,wired_dimension_12,36,dimension,0,child,partner,Another way is if you have space in between is an angle.,1,35,402,3
wired,wired_dimension_12,37,dimension,0,child,expert,I think you should be in this chair and you should be explaining this to me. You're much better at this than I am.,2,36,403,3
wired,wired_dimension_12,38,dimension,0,child,partner,Yeah.,1,37,404,3
wired,wired_dimension_12,39,dimension,0,child,expert,"So those are the dimensions. That's how we think about dimensions. Remember, we just needed one number to find ourselves on the line, we need two numbers to find ourselves on the plane.",3,38,405,3
wired,wired_dimension_12,40,dimension,0,child,partner,"I think that would be an X or a Y axis, so",1,39,406,3
wired,wired_dimension_12,41,dimension,0,child,expert,"There you go. So, do you think we could have more than three dimensions?",2,40,407,3
wired,wired_dimension_12,42,dimension,0,child,partner,3D is the maximum of dimensions for shapes.,1,41,408,3
wired,wired_dimension_12,43,dimension,0,child,expert,"Well, as far as we know.",1,42,409,3
wired,wired_dimension_12,44,dimension,0,child,partner,Yeah.,1,43,410,3
wired,wired_dimension_12,45,dimension,0,child,expert,This is why physicists think about things we don't know about. We're wondering whether there could be extra dimensions you've never seen.,2,44,411,3
wired,wired_dimension_12,46,dimension,0,child,partner,Yeah.,1,45,412,3
wired,wired_dimension_12,47,dimension,0,child,expert,"That are tinier than atoms. So, okay. So what have you learned? What do you know about dimensions now? How do you think about dimensions in a slightly different way than you did before?",5,46,413,3
wired,wired_dimension_12,48,dimension,0,child,partner,So at least everything has a certain dimension.,1,47,414,3
wired,wired_dimension_12,49,dimension,0,child,expert,"Yeah, do you think you'd be excited if physicists said that they found extra dimensions of space?",1,48,415,3
wired,wired_dimension_12,50,dimension,0,child,partner,That would be an amazing discovery. The news would be spreaded around the world rapidly.,2,49,416,3
wired,wired_dimension_12,51,dimension,0,child,expert,"I think so. I think you're right. All right Hank, we want you to keep up studying, learn a lot of math and physics and help us discover new dimensions some day. Does that sound like a fun idea?",4,50,417,3
wired,wired_dimension_12,52,dimension,0,child,partner,Yeah.,1,51,418,3
wired,wired_dimension_13,1,dimension,1,teenager,expert,Do you like science? Is that something you think about?,2,0,419,0
wired,wired_dimension_13,2,dimension,1,teenager,partner,"Yeah, I do.",1,1,420,0
wired,wired_dimension_13,3,dimension,1,teenager,expert,What kind of science?,1,2,421,0
wired,wired_dimension_13,4,dimension,1,teenager,partner,I like biology and computer science.,1,3,422,0
wired,wired_dimension_13,5,dimension,1,teenager,expert,"All right, you're in the wrong place. We're not gonna be talking about biology or computer science. So we wanna talk about the idea of dimensions. Do you know what dimension is? How we would define dimensions?",5,4,423,0
wired,wired_dimension_13,6,dimension,1,teenager,partner,"I guess, I don't know how to exactly define it, but I know, like the first four.",1,5,424,0
wired,wired_dimension_13,7,dimension,1,teenager,expert,"Right, you know the difference between like one dimension two dimensions, three dimensions, et cetera. So let's do a little experiment here. So there's one dimension. I'll give that to you. Now, here's your task. I'm going to give you another dimension, and I'm gonna ask hold those two things at right angles to each other. It's easy to do. Yeah, so there's no trick here.",8,6,425,0
wired,wired_dimension_13,8,dimension,1,teenager,partner,Yeah.,1,7,426,1
wired,wired_dimension_13,9,dimension,1,teenager,expert,I'm not trying to fool you here. Okay. Now this is going to be slightly trickier. I'm going to give you this. I want you to hold all three of them at right angles to all the others at the same time.,5,8,427,1
wired,wired_dimension_13,10,dimension,1,teenager,partner,Um ...,1,9,428,1
wired,wired_dimension_13,11,dimension,1,teenager,expert,"There you go. So what that's doing is when you had just two that was describing a two dimensional plane, right? Like the two things pick out a plane, the three things pick out all three dimensional space. I'm gonna give you one more, and I'm gonna ask you to hold that fourth one so that it's at a right angle to all the other three at the same time.",4,10,429,1
wired,wired_dimension_13,12,dimension,1,teenager,partner,Um ...,1,11,430,1
wired,wired_dimension_13,13,dimension,1,teenager,expert,"All right, now I am tricking you. It can't be done.",2,12,431,1
wired,wired_dimension_13,14,dimension,1,teenager,partner,Yeah.,1,13,432,1
wired,wired_dimension_13,15,dimension,1,teenager,expert,"Right? You can't do it. So we just experimentally proved that space is three dimensional. That's sort of what it means to be three dimensional, that there are three different directions you can move in and there's not four or five or six directions you can move in.",4,14,433,1
wired,wired_dimension_13,16,dimension,1,teenager,partner,Okay.,1,15,434,1
wired,wired_dimension_13,17,dimension,1,teenager,expert,"There you go. Three dimensional space, right? Mm-hmm. So, have you thought about using coordinates in three dimensions?",4,16,435,1
wired,wired_dimension_13,18,dimension,1,teenager,partner,"Yeah, I was actually doing SAT prep.",1,17,436,1
wired,wired_dimension_13,19,dimension,1,teenager,expert,There you go.,1,18,437,1
wired,wired_dimension_13,20,dimension,1,teenager,partner,It showed like the X Y and Z axis as well.,1,19,438,1
wired,wired_dimension_13,21,dimension,1,teenager,expert,That's right. So that's exactly what these would be. Have you heard that there are other coordinate systems other than XYX?,3,20,439,1
wired,wired_dimension_13,22,dimension,1,teenager,partner,No.,1,21,440,1
wired,wired_dimension_13,23,dimension,1,teenager,expert,"Well, we could also say how far we are away from the center, just the distance. And then the angle that our little line makes with let's say the X axis.",2,22,441,1
wired,wired_dimension_13,24,dimension,1,teenager,partner,Yeah.,1,23,442,1
wired,wired_dimension_13,25,dimension,1,teenager,expert,"So that's a different way of giving you two numbers and locating yourself, and we call those polar coordinates. It's a different coordinate system. What we want to do as physicists is look for extra dimensions. Can you imagine, can you think of any way that there could be extra dimensions?",4,24,443,1
wired,wired_dimension_13,26,dimension,1,teenager,partner,Time?,1,25,444,1
wired,wired_dimension_13,27,dimension,1,teenager,expert,"Time. Yes, Einstein said that we can think of time as a fourth dimension, and that's a very fascinating thing that we could talk about all by itself. But what about space? What about the solar system? Like, if you wanted to tell me where a certain star was in the sky, do you know how we do that?",5,26,445,1
wired,wired_dimension_13,28,dimension,1,teenager,partner,I have no idea.,1,27,446,1
wired,wired_dimension_13,29,dimension,1,teenager,expert,It's exactly the same thing as latitude and longitude but we put coordinates on the sky.,1,28,447,1
wired,wired_dimension_13,30,dimension,1,teenager,partner,Oh.,1,29,448,1
wired,wired_dimension_13,31,dimension,1,teenager,expert,"So astronomers call them right ascension and declination, which are two terrible words, but basically you've seen on the globe where you draw latitude and longitude, what it looks like.",1,30,449,1
wired,wired_dimension_13,32,dimension,1,teenager,partner,Yeah.,1,31,450,1
wired,wired_dimension_13,33,dimension,1,teenager,expert,"And sort of the peels of an orange kind of thing, right?",1,32,451,1
wired,wired_dimension_13,34,dimension,1,teenager,partner,Yeah.,1,33,452,1
wired,wired_dimension_13,35,dimension,1,teenager,expert,"So you can define something as, well you know, how high above a certain location on earth it is, but the earth is rotating and revolving around the sun so we have to define separate celestial coordinates.",1,34,453,2
wired,wired_dimension_13,36,dimension,1,teenager,partner,"So, there's like how many dimension would there be?",1,35,454,2
wired,wired_dimension_13,37,dimension,1,teenager,expert,"We don't know. You know, the optimistic view is that there are six, but the thing is, some of them might be really, really, really, really, really small, like way too small for us to ever see.",2,36,455,2
wired,wired_dimension_13,38,dimension,1,teenager,partner,Yeah.,1,37,456,2
wired,wired_dimension_13,39,dimension,1,teenager,expert,And some of them might be medium sized that hopefully we can see.,1,38,457,2
wired,wired_dimension_13,40,dimension,1,teenager,partner,"Oh, okay. So since it's all theoretical, like this could not be three dimensional.",2,39,458,2
wired,wired_dimension_13,41,dimension,1,teenager,expert,Absolutely right. And this is sort of the state of uncertainty that physicists are stuck living in.,2,40,459,2
wired,wired_dimension_13,42,dimension,1,teenager,partner,Oh.,1,41,460,2
wired,wired_dimension_13,43,dimension,1,teenager,expert,"You know, honestly out there, if you go out onto campus and talk to the physicists, half of them will say probably extra dimensions exist, and half of them say no, that's just nonsense.",1,42,461,2
wired,wired_dimension_13,44,dimension,1,teenager,partner,Oh.,1,43,462,2
wired,wired_dimension_13,45,dimension,1,teenager,expert,We really don't know.,1,44,463,2
wired,wired_dimension_13,46,dimension,1,teenager,partner,Yeah.,1,45,464,2
wired,wired_dimension_13,47,dimension,1,teenager,expert,"Okay, after all this.",1,46,465,2
wired,wired_dimension_13,48,dimension,1,teenager,partner,Yeah.,1,47,466,2
wired,wired_dimension_13,49,dimension,1,teenager,expert,Someone comes up to you on the street and says what's a dimension?,1,48,467,2
wired,wired_dimension_13,50,dimension,1,teenager,partner,"Oh, man. I mean, I guess what I've learned today is just that there are not just three dimensions or at least we think, I mean everything's theoretical. It's all just really kind of confusing.",3,49,468,2
wired,wired_dimension_13,51,dimension,1,teenager,expert,"That's right, and you know, if they're still bugging you you can just like give them some sticks and ask them to put them together.",1,50,469,2
wired,wired_dimension_13,52,dimension,1,teenager,partner,Oh yeah.,1,51,470,2
wired,wired_dimension_13,53,dimension,1,teenager,expert,And that would shut them up.,1,52,471,2
wired,wired_dimension_13,54,dimension,1,teenager,partner,Yeah.,1,53,472,2
wired,wired_dimension_14,1,dimension,2,undergraduate,expert,Where do you go to school and what do you study?,1,0,473,0
wired,wired_dimension_14,2,dimension,2,undergraduate,partner,"I'm gonna be a sophomore at Pomona College, and I study math and physics.",1,1,474,0
wired,wired_dimension_14,3,dimension,2,undergraduate,expert,"Oh, math and physics, okay. What kind of physicist do you want to be? Do you know?",3,2,475,0
wired,wired_dimension_14,4,dimension,2,undergraduate,partner,I really don't know. I like theory and experimental so it's kind of tough for me to say.,2,3,476,0
wired,wired_dimension_14,5,dimension,2,undergraduate,expert,"Usually if it's math and physics, you end up as a theoretical physicist, right?",1,4,477,0
wired,wired_dimension_14,6,dimension,2,undergraduate,partner,Yeah.,1,5,478,0
wired,wired_dimension_14,7,dimension,2,undergraduate,expert,"Not an experimental one. So, our theme here today is dimensions. So this is great that you have some math background because mathematicians think about dimensions in a different way.",3,6,479,0
wired,wired_dimension_14,8,dimension,2,undergraduate,partner,"Hopefully, yeah.",1,7,480,0
wired,wired_dimension_14,9,dimension,2,undergraduate,expert,"So how would you explain to your friends who are not math and physics majors, like what is a dimension, yourself?",1,8,481,0
wired,wired_dimension_14,10,dimension,2,undergraduate,partner,"My first intuitive thought is what are the coordinates. Mm-hmm. So if we are looking at things, if we're looking at like a dot, or a line rather, that's one dimensional because we can only measure it one way, but then if we look at like a square then we're increasing like that, so it's basically what coordinates we can use to measure something.",3,9,482,0
wired,wired_dimension_14,11,dimension,2,undergraduate,expert,"That's exactly right, and so you've heard of spacetime",1,10,483,0
wired,wired_dimension_14,12,dimension,2,undergraduate,partner,Yeah.,1,11,484,0
wired,wired_dimension_14,13,dimension,2,undergraduate,expert,"Being four dimensional, right?",1,12,485,0
wired,wired_dimension_14,14,dimension,2,undergraduate,partner,Mm-hmm.,1,13,486,0
wired,wired_dimension_14,15,dimension,2,undergraduate,expert,"Now, in some sense that's kind of trivial to you and me, because of course you have space, which is three dimensional, you have time which is one dimensional, so spacetime is four dimensional. But it didn't turn out, it didn't occur to anyone that that was a sensible way to talk until really relativity. This is the crucial thing, right? Is that what Einstein realized is that sure there's both time and space, but how we divide spacetime into time and space can be different for different people, and really there's a real sense in which four dimensional spacetime is kind of a generalization of three dimensional space. And I think to really explain this we're gonna need a blackboard.",5,14,487,0
wired,wired_dimension_14,16,dimension,2,undergraduate,partner,Okay.,1,15,488,0
wired,wired_dimension_14,17,dimension,2,undergraduate,expert,"Let's bring one in. All right. The thing about relativity is that they really want you to think of spacetime as one four dimensional thing, right? It's kind of like space. It's not just three dimensions of space and one dimension of time.",5,16,489,0
wired,wired_dimension_14,18,dimension,2,undergraduate,partner,Why though?,1,17,490,0
wired,wired_dimension_14,19,dimension,2,undergraduate,expert,"Why? This is a very good question. So, let's just start with space, right? We know a little bit about space. So here's my simple minded way of drawing space two dimensions, because that's how many I can draw on the blackboard. Let's say X and Y. And what is special about space, there's many things, but one is that if I have a curve or a path between two points, there's a distance that you can calculate, right? And the distance between those two points doesn't depend on your coordinates. It doesn't depend on whether you're in radial coordinates or Cartesian coordinates, or whatever. I'm allowed to imagine a curve that does something like this between those two points, and if I were a person walking on that curve, I would have an odometer with me maybe, and I would know, you would know, even without having done that, this path is always gonna be longer than that path. There's a formula, Pythagoras' Theorem that tells you what the shortest distance path is. That's the point. The physical-ness of what is real is the distance along a certain curve. So spacetime is like that. That's why it is useful to think about spacetime.",15,18,491,0
wired,wired_dimension_14,20,dimension,2,undergraduate,partner,Okay.,1,19,492,0
wired,wired_dimension_14,21,dimension,2,undergraduate,expert,"So let me draw spacetime. Here's how we usually draw it. I'll just say X, but all of space is condensed in this one direction, and this is time, okay? So if you're a little person and you started some event, so you start, you're located somewhere in space, somewhere in the three coordinates of space, and whether you like it or not, you're moving through spacetime just by getting older.",4,20,493,0
wired,wired_dimension_14,22,dimension,2,undergraduate,partner,Yeah.,1,21,494,0
wired,wired_dimension_14,23,dimension,2,undergraduate,expert,"When people ask me can you travel through time? I say yes, yesterday I traveled 24 hours into the future and here I am, a day later. So that's just this. Okay, you're moving through time, like it or not. So what Einstein says is look, I can travel through spacetime in different ways, like I could hop in a rocket ship and fly out and then fly back, and then I could meet you there. So this is a different trajectory through spacetime, right?",6,22,495,0
wired,wired_dimension_14,24,dimension,2,undergraduate,partner,Yeah.,1,23,496,0
wired,wired_dimension_14,25,dimension,2,undergraduate,expert,"And it's almost exactly like the space story. The space story says there's a distance, distance is different along different curves. Einstein says there's something that measures the length of these curves, and we call it the proper time. It is literally the time that you would read on your wristwatch.",4,24,497,1
wired,wired_dimension_14,26,dimension,2,undergraduate,partner,So it's kind of like our fundamental time? Or our base time?,2,25,498,1
wired,wired_dimension_14,27,dimension,2,undergraduate,expert,"Well kind of. What Einstein wants to get across is there's no such thing as fundamental, like there's the universe's time, this big letter T that might tell you how old the universe is, but then every individual has a clock with them, and they measure their own time depending on how they're moving through the universe.",2,26,499,1
wired,wired_dimension_14,28,dimension,2,undergraduate,partner,I see.,1,27,500,1
wired,wired_dimension_14,29,dimension,2,undergraduate,expert,"And the crucial difference is that time is not the same for this person who stayed behind and sat in their chair, and this person who zoomed out there.",1,28,501,1
wired,wired_dimension_14,30,dimension,2,undergraduate,partner,"Why is that, that this one's shorter then?",1,29,502,1
wired,wired_dimension_14,31,dimension,2,undergraduate,expert,"There is what we call a metric on spacetime, and when we talk about Euclidean space versus a curved space, versus a sphere or something, that's a different metric. And spacetime has its own metric which says the following thing, that the path between two events in spacetime that is a straight line, will always be the longest time.",2,30,503,1
wired,wired_dimension_14,32,dimension,2,undergraduate,partner,"I see. Oh, okay.",2,31,504,1
wired,wired_dimension_14,33,dimension,2,undergraduate,expert,That's the difference.,1,32,505,1
wired,wired_dimension_14,34,dimension,2,undergraduate,partner,All right.,1,33,506,1
wired,wired_dimension_14,35,dimension,2,undergraduate,expert,"So when Einstein had this idea, oh gravity could be related to the curvature of spacetime, he did some equations, so he got it, that's a long story, we'll put that aside. What he figured out was that rather than gravity living on top of spacetime, it's a manifestation of the curvature of spacetime. So when you have like the earth, the sun, the moon, they cause a gravitational field, they're actually warping the spacetime around them, they're giving it a different geometry.",3,34,507,2
wired,wired_dimension_14,36,dimension,2,undergraduate,partner,"Would it be if I had like a spring or not a spring, but like a sheet, and I dropped a book in the sheet, curves down?",1,35,508,2
wired,wired_dimension_14,37,dimension,2,undergraduate,expert,"Yeah, exactly. If you had a sheet that was originally flat, and you set a marble on it, it would go in a straight line, but then if you put something on it so it warps it, that marble is now gonna be deflected.",2,36,509,2
wired,wired_dimension_14,38,dimension,2,undergraduate,partner,I see.,1,37,510,2
wired,wired_dimension_14,39,dimension,2,undergraduate,expert,Einstein says that gravity is just like that.,1,38,511,2
wired,wired_dimension_14,40,dimension,2,undergraduate,partner,I see.,1,39,512,2
wired,wired_dimension_14,41,dimension,2,undergraduate,expert,"But there are no straight lines, because spacetime itself is curved. So do you think if you had to explain relativity what would you say?",2,40,513,2
wired,wired_dimension_14,42,dimension,2,undergraduate,partner,"I think I'd go with kind of the train paradox. Let's say I'm stationary, and someone's moving past me on the train, they think they're stationary on the train. Like they think that they're not accelerating, but if they start walking through the train cars, then they are accelerating in their frame, but then from my outside frame where I'm completely removed, I see they are accelerating. So I guess that relativity is all about perspective, I guess in a way.",4,41,514,2
wired,wired_dimension_14,43,dimension,2,undergraduate,expert,"Yeah, that's right. And it goes exactly back to what we drew on the board where how those two people in the train and on the ground would divide spacetime up differently to space and time.",2,42,515,2
wired,wired_dimension_14,44,dimension,2,undergraduate,partner,That was pretty good.,1,43,516,2
wired,wired_dimension_14,45,dimension,2,undergraduate,expert,Yeah.,1,44,517,2
wired,wired_dimension_14,46,dimension,2,undergraduate,partner,I learned a lot. It's a lot of fun stuff to talk about.,2,45,518,2
wired,wired_dimension_15,1,dimension,3,graduate,expert,"So observational cosmology, so like what do you look at?",1,0,519,0
wired,wired_dimension_15,2,dimension,3,graduate,partner,"So, I work on two ground-based surveys in the optical, and we're basically trying to make huge maps of the universe so that we can study dark energy.",1,1,520,0
wired,wired_dimension_15,3,dimension,3,graduate,expert,I'm sure you've heard about extra dimensions a little bit.,1,2,521,0
wired,wired_dimension_15,4,dimension,3,graduate,partner,"I've heard it, yeah.",1,3,522,0
wired,wired_dimension_15,5,dimension,3,graduate,expert,Well I'm thinking about the idea that there might be more than three dimensions of space. What is your impression of theoretical physicists who think about things like extra dimensions of space that they haven't ever seen?,2,4,523,0
wired,wired_dimension_15,6,dimension,3,graduate,partner,"I get a little scared, because I think how can you prove these theories?",1,5,524,0
wired,wired_dimension_15,7,dimension,3,graduate,expert,Right.,1,6,525,0
wired,wired_dimension_15,8,dimension,3,graduate,partner,"One theory I've heard of, I don't know if this fits in with that, is bubble universes.",1,7,526,0
wired,wired_dimension_15,9,dimension,3,graduate,expert,Mm-hmm.,1,8,527,0
wired,wired_dimension_15,10,dimension,3,graduate,partner,"Is that an extra dimension? Does that fit into that, or is that something?",2,9,528,0
wired,wired_dimension_15,11,dimension,3,graduate,expert,"It does. In fact, one way that different universes might be created and be different from each other is that different universes could have effectively different numbers of dimensions. Like we have three dimensions around us, but there's people out there, aliens, who could live in five dimensional universes.",3,10,529,0
wired,wired_dimension_15,12,dimension,3,graduate,partner,"And are each of those dimensions, are they governed by the same laws of physics, or is there like a separate Lagrangian for each universe",1,11,530,0
wired,wired_dimension_15,13,dimension,3,graduate,expert,"It's a, yeah.",1,12,531,0
wired,wired_dimension_15,14,dimension,3,graduate,partner,Or how does that work?,1,13,532,0
wired,wired_dimension_15,15,dimension,3,graduate,expert,"We think that it would be, no all of this is incredibly speculative, and we don't know for sure. But the idea is that there is some deep down underlying laws that are universal and the same, but they show up differently, so they appear different. So the specific particles and forces and masses would be completely different in different parts of the multiverse.",3,14,533,0
wired,wired_dimension_15,16,dimension,3,graduate,partner,Okay.,1,15,534,0
wired,wired_dimension_15,17,dimension,3,graduate,expert,"Why in the world would you think that there are extra dimensions, right? So you've heard of string theory?",2,16,535,0
wired,wired_dimension_15,18,dimension,3,graduate,partner,I have. So string theory is basically a theory of quantum gravity.,2,17,536,0
wired,wired_dimension_15,19,dimension,3,graduate,expert,"Mm-hmm. So we have quantum mechanics, right? The theory of atoms and so forth and how those work, and then we have gravity, and gravity doesn't seem to fit in. It's the one force of nature that we can't really easily fit into this quantum mechanical framework, so string theory is one of the best ideas.",4,18,537,0
wired,wired_dimension_15,20,dimension,3,graduate,partner,Right.,1,19,538,0
wired,wired_dimension_15,21,dimension,3,graduate,expert,"That's the good news. The bad news is that it only seems to work if spacetime is ten dimensional. So you would say well then it's wrong. It can't be right. Spacetime is not ten-dimensional. Spacetime is four dimensional. We've observed that. But instead, we say if spacetime looks four dimensional to us, but string theory, which might be the best theory we have of quantum gravity says it must be ten dimensional, maybe we can hide those extra six dimensions somehow. So here's how we could get lucky. We could imagine that there are extra dimensions of space that are curled up somehow that are so small that we can't see them. This is actually an old idea. It goes back to Kaluza and Klein right after general relativity was invented in 1915. But there's a more recent idea that says there could actually be relatively large extra dimensions. There could be extra dimensions that are actually that big, like a millimeter across that you would not have noticed. But here's the new, exciting idea. So let's imagine, okay. This is a piece of paper. But let's imagine this is our entire world. So, in other words, our real world is three dimensional, but let's imagine that we're just idealizing it down to two dimensions, so we all live here. You and I live here. But let's imagine that we're embedded in this bigger space. So there are extra dimensions that are actually big, okay? And let's imagine that. When I say we live on this three dimensional world what I mean is imagine that the particles that you and I are made of, right, the quarks, the leptons, the electrons and everything, all the forces we know about, electromagnetism, the weak nuclear force, the strong nuclear force, imagine they can't leave this surface. This is what we call a brane. B-R-A-N-E. Have you heard this word before?",27,20,539,0
wired,wired_dimension_15,22,dimension,3,graduate,partner,"I've heard it, yeah.",1,21,540,0
wired,wired_dimension_15,23,dimension,3,graduate,expert,Do you know where it comes from?,1,22,541,0
wired,wired_dimension_15,24,dimension,3,graduate,partner,No.,1,23,542,0
wired,wired_dimension_15,25,dimension,3,graduate,expert,"From membranes, you know. We have lines, one dimension. We have two dimensional surfaces. So if you have a line that is a vibrating physical thing, you call it a string, right?",4,24,543,0
wired,wired_dimension_15,26,dimension,3,graduate,partner,Right.,1,25,544,0
wired,wired_dimension_15,27,dimension,3,graduate,expert,"If you have a two dimensional surface that vibrates and is a physical thing, we call that a membrane. Membrane theory goes back, it never was as popular as string theory, but it's been around for a while. But if you had extra dimensions of space, then you can three dimensional vibrating things, and four dimensional vibrating things.",3,26,545,1
wired,wired_dimension_15,28,dimension,3,graduate,partner,"So how do these strings give rise to things like mass and charge, and basically give us the properties of the particles that we see?",1,27,546,1
wired,wired_dimension_15,29,dimension,3,graduate,expert,"Well basically the strings are the particles that we see. It's exactly the same thing as we said for the straw, if you look at it far away it looks one dimensional. A little loop of string, so a little one dimensional circle that is vibrating. If you look at it from very, very far away, it just looks like a particle. So in string theory, an electron is a little string. A photon is a little string.",6,28,547,1
wired,wired_dimension_15,30,dimension,3,graduate,partner,"So, is string theory part of what they call the Grand Unified Theory? Is it supposed to be the last thing that sort of unifies all the forces together?",2,29,548,1
wired,wired_dimension_15,31,dimension,3,graduate,expert,"Yes, string theory's even better. So the phrase Grand Unified Theory was coined in the 1970s for theories that joined electricity and magnetism. So a good string theory is gravity plus the Grand Unified Theory.",3,30,549,1
wired,wired_dimension_15,32,dimension,3,graduate,partner,Okay.,1,31,550,1
wired,wired_dimension_15,33,dimension,3,graduate,expert,"It's even better. It's the theory of everything. What would you tell a friend of yours if they asked you what dimensions are, what extra dimensions are, what a brane is?",3,32,551,1
wired,wired_dimension_15,34,dimension,3,graduate,partner,So we have three spatial dimensions. A brane is sort of the next level. So a brane is a higher dimensional object that vibrates through space.,3,33,552,1
wired,wired_dimension_15,35,dimension,3,graduate,expert,"That's right. And we could live there. The world we see around us, the three dimensions of space around us could reflect the fact that we are somehow stuck on a three dimensional brane trying to escape.",3,34,553,1
wired,wired_dimension_15,36,dimension,3,graduate,partner,"It was really cool to learn about strings and branes and how looking at gravity on small scales is actually connected to what I do in looking at gravity on these cosmological scales, and it's definitely something I'm gonna think about in my research.",1,35,554,1
wired,wired_dimension_16,1,dimension,4,expert,expert,"You're a string theorist, so tell us what kind of string theory you do, what it means to be a string theorist.",1,0,555,0
wired,wired_dimension_16,2,dimension,4,expert,partner,"One of the things that's key in the whole story of string theory is the piece of it that talks about quantum theories of gravity. So I'm very excited about what happens to spacetime, what does it even mean at the quantum level.",2,1,556,0
wired,wired_dimension_16,3,dimension,4,expert,expert,"Cool, so do you think a lot about extra dimensions in your everyday life?",1,2,557,0
wired,wired_dimension_16,4,dimension,4,expert,partner,"Uh, yes I do.",1,3,558,0
wired,wired_dimension_16,5,dimension,4,expert,expert,"And so when you think about extra dimensions, you put them together with branes and different fields wrapping around the extra dimensions and so forth, right?",1,4,559,0
wired,wired_dimension_16,6,dimension,4,expert,partner,Yes.,1,5,560,0
wired,wired_dimension_16,7,dimension,4,expert,expert,"You know, a lot of people, a lot of string theorists, they care a lot about all the different ways in which we could hide the extra dimensions. As someone who cares about cosmology, I wanna start asking why are the extra dimensions small at all? How did that happen? Is this something you think about yourself?",4,6,561,0
wired,wired_dimension_16,8,dimension,4,expert,partner,"Yes, well ultimately we'd like to understand the observable universe. If string theory turns out to be the thing that the universe cares about, we'd like to know, with all of these possibilities that are in string theory, how do we get the one that looks like the world we live in?",2,7,562,0
wired,wired_dimension_16,9,dimension,4,expert,expert,"The thing I want to talk about is this paper I wrote with Matt Johnson and Lisa Randall where we realize there's another way to compactify extra dimensions spontaneously, dynamically. If you imagine starting with this big piece of paper you couldn't wrap up everything, but within some region of space you could make a tube.",2,8,563,0
wired,wired_dimension_16,10,dimension,4,expert,partner,Okay.,1,9,564,1
wired,wired_dimension_16,11,dimension,4,expert,expert,"Right? And down there in the tube it looks like your long thing that is compactified in one direction and infinitely extending in the other direction, so there's one less macroscopic dimension of space.",2,10,565,1
wired,wired_dimension_16,12,dimension,4,expert,partner,"Hmm. Okay, that's nice.",2,11,566,1
wired,wired_dimension_16,13,dimension,4,expert,expert,You think that sounds plausible to you?,1,12,567,1
wired,wired_dimension_16,14,dimension,4,expert,partner,"It sounds like fun. What I would immediately ask is where do the large dimensions come from in the first place? Is that something you address, or you just assume that all the dimension are large as a starting point?",3,13,568,1
wired,wired_dimension_16,15,dimension,4,expert,expert,"Yeah. So we certainly assume that they're all large as a starting point, and it's worse than that. So in our paper we imagine you start in de Sitter space. You start in a universe with no matter, no anything like that, just empty space but with an energy that is positive and all the dimensions are large.",4,14,569,1
wired,wired_dimension_16,16,dimension,4,expert,partner,But where do they come from?,1,15,570,1
wired,wired_dimension_16,17,dimension,4,expert,expert,It was always there.,1,16,571,1
wired,wired_dimension_16,18,dimension,4,expert,partner,Why?,1,17,572,1
wired,wired_dimension_16,19,dimension,4,expert,expert,Why not?,1,18,573,1
wired,wired_dimension_16,20,dimension,4,expert,partner,Okay.,1,19,574,1
wired,wired_dimension_16,21,dimension,4,expert,expert,"Well you know, I think that this is again, this is",1,20,575,2
wired,wired_dimension_16,22,dimension,4,expert,partner,You're replacing one prejudice with a different prejudice.,1,21,576,2
wired,wired_dimension_16,23,dimension,4,expert,expert,I would say that we shouldn't be prejudiced one way or the other.,1,22,577,2
wired,wired_dimension_16,24,dimension,4,expert,partner,"Just a large, ten or 11 dimensions with a cosmological constant doesn't seem like a fundamental starting point. It sounds like there needs to be something to underlie that. But it's a fun scenario.",3,23,578,2
wired,wired_dimension_16,25,dimension,4,expert,expert,"Yeah, so let me tell you a little bit more about the scenario. So you know there are black holes, good? Right?",3,24,579,2
wired,wired_dimension_16,26,dimension,4,expert,partner,I've heard of them.,1,25,580,2
wired,wired_dimension_16,27,dimension,4,expert,expert,There are black branes as well.,1,26,581,2
wired,wired_dimension_16,28,dimension,4,expert,partner,Indeed.,1,27,582,2
wired,wired_dimension_16,29,dimension,4,expert,expert,Why don't you explain to us what a black brane is?,1,28,583,2
wired,wired_dimension_16,30,dimension,4,expert,partner,"Well in some ways, it's very much like a black hole in that you have far away from it you have these large just flat dimensions. As you move in, there's something in the interior. It has, itself, higher dimensions, and so because physicists love to joke they thought, well it's like a membrane but it can have many different dimensions. Let's use P to stand in for those number of dimensions, and so they called them P-branes.",4,29,584,2
wired,wired_dimension_16,31,dimension,4,expert,expert,"Yeah, I've been trying to explain this to lower levels, and they always look at me like, are you pulling my leg here a little bit? Or is this the real thing that they use? Yes, it is the real thing they use. We study these branes in de Sitter space, and so what we found is that there are black brane solutions which instead of having a singularity inside are non-singular, and stable, and compactified. Is this a familiar thing? I know things like this have been discussed, right?",6,30,585,2
wired,wired_dimension_16,32,dimension,4,expert,partner,"Yeah. Yeah. So, a lot of the branes that are relevant for studying things to do with anti-de Sitter spacetimes in various dimensions actually start out as these non-singular type branes, and then you find in the core, there's actually an anti-de Sitter spacetime.",3,31,586,3
wired,wired_dimension_16,33,dimension,4,expert,expert,"Right. Imagine that rather than going down to a point, it just asymptotes to some fixed radius that continues infinitely far down there. But then you can ask, okay what about the rest of the universe? You have some sphere, some two dimensions compactified, and the balance between the cosmological constant and the electromagnetic field keeps it at a fixed distance.",4,32,587,3
wired,wired_dimension_16,34,dimension,4,expert,partner,"Right. Good, good.",2,33,588,3
wired,wired_dimension_16,35,dimension,4,expert,expert,"But then the other dimensions, the transverse dimensions, don't need to be anti-de Sitter. They can have either positive, zero, or negative cosmological constant. So you can basically get any sort of cosmological solution times a compactified sphere.",3,34,589,3
wired,wired_dimension_16,36,dimension,4,expert,partner,"Is it that these have the lowest action of all the things that could possibly, all the possible solutions?",1,35,590,3
wired,wired_dimension_16,37,dimension,4,expert,expert,"I guess. I mean, maybe you'd think otherwise. Again or maybe you could change my mind, I think that as long as it can happen it will happen some of the time, right?",3,36,591,3
wired,wired_dimension_16,38,dimension,4,expert,partner,"Okay, that's fair.",1,37,592,3
wired,wired_dimension_16,39,dimension,4,expert,expert,"I mean it's one of the things that could happen, so I mean it obviously, You know, we know",1,38,593,3
wired,wired_dimension_16,40,dimension,4,expert,partner,"It's quantum, baby.",1,39,594,3
wired,wired_dimension_16,41,dimension,4,expert,expert,"It's quantum. It's a loud, it's of a loud it's gonna happen.",2,40,595,3
wired,wired_dimension_16,42,dimension,4,expert,partner,I still laugh from Keanu Reeves I'm afraid.,1,41,596,3
wired,wired_dimension_16,43,dimension,4,expert,expert,"Someone probably wrote it for him. So it's possible that if you do have this starting point of an empty de Sitter space with positive cosmological constants and fields lying around you inevitably get a multiverse. It just happens, you know, it's just part of quantum nucleation to different things, and then maybe you need to explain why we live in this universe rather than some other one via the anthropic principle or something like that. So how does our kind of, you know, low-tech old fashioned way of making new universes intersect with the kinds of things you'd think about.",4,42,597,4
wired,wired_dimension_16,44,dimension,4,expert,partner,"Well, it's interesting because there's a lot of activity going on inspired by things we learned from working in anti-de Sitter space where the cosmological constant has the wrong sign. So you will find that there are a number of papers as many of which you've probably read, probably you've read more of them than I have, which try then to take the different kinds of branes, these extended solutions, and they're many different kinds doing different things, we understand well enough now that we can put them together in various ways. They intersect, they dissolve inside each other, they wrap each other.",3,43,598,4
wired,wired_dimension_16,45,dimension,4,expert,expert,"They overlap, they wrap around.",1,44,599,4
wired,wired_dimension_16,46,dimension,4,expert,partner,"They overlap, and you do them in all sorts of different ways and show that you can construct four dimensional universes with a cosmological constant of your desire, depending upon how you did the construction.",1,45,600,4
wired,wired_dimension_16,47,dimension,4,expert,expert,"I know not everyone buys that, right?",1,46,601,4
wired,wired_dimension_16,48,dimension,4,expert,partner,Not everyone buys it. There's a big discussion in the literature right now.,2,47,602,4
wired,wired_dimension_16,49,dimension,4,expert,expert,"And if we put aside for the second the concerns of our colleagues in other parts of physics, and it's just amongst us chickens, what do you think about the future of cosmology and string theory, and the dynamics of these extra dimensions?",1,48,603,4
wired,wired_dimension_16,50,dimension,4,expert,partner,"I think it's gonna get way more interesting than we're currently able to grapple with right now, and I think there are hints of it. There could be a description of the physics that might be our early universe that is like that molecular description. And then from that emerges flat spacetimes maybe four, maybe some mechanism tells you it's four and not something else. I think that's where we're going.",4,49,604,4
wired,wired_fractal_12,1,fractal,0,child,expert,What's your name?,1,0,605,0
wired,wired_fractal_12,2,fractal,0,child,partner,Myra.,1,1,606,0
wired,wired_fractal_12,3,fractal,0,child,expert,Have you heard of fractals before?,1,2,607,0
wired,wired_fractal_12,4,fractal,0,child,partner,"No, absolutely not.",1,3,608,0
wired,wired_fractal_12,5,fractal,0,child,expert,"So a fractal is something that we see every day, but it's a little bit hard to describe. It's it's a shape that if you look at it really far away, or you look at it really up close, it has kind of a similar appearance. And actually that word fractal sounds a little bit like fraction.",3,4,609,0
wired,wired_fractal_12,6,fractal,0,child,partner,Yes.,1,5,610,0
wired,wired_fractal_12,7,fractal,0,child,expert,"Right? So actually fractals are in some way fractions, but for shapes. Have you ever seen a movie called Moana?",3,6,611,0
wired,wired_fractal_12,8,fractal,0,child,partner,Yes.,1,7,612,0
wired,wired_fractal_12,9,fractal,0,child,expert,"Yeah. Moana lives on this like beautiful island, right?",2,8,613,0
wired,wired_fractal_12,10,fractal,0,child,partner,Yes.,1,9,614,0
wired,wired_fractal_12,11,fractal,0,child,expert,This island has lots of trees on it. Some artists had to make all those trees. How do you think they do that?,3,10,615,1
wired,wired_fractal_12,12,fractal,0,child,partner,"They tried to find something similar to that on the Google and they try to picture it in their heads saying, what would, what would it look like if they, it was animated?",1,11,616,1
wired,wired_fractal_12,13,fractal,0,child,expert,So somehow they have to explain to the computer what a tree looks like so that the computer can draw the tree for them.,1,12,617,1
wired,wired_fractal_12,14,fractal,0,child,partner,Yes.,1,13,618,1
wired,wired_fractal_12,15,fractal,0,child,expert,"And that's kind of what we're gonna try out today. In fact, we're gonna have you build a fractal. A tree is a really good example of a fractal because if you look at the whole tree and then you break off a big branch of the tree.",3,14,619,1
wired,wired_fractal_12,16,fractal,0,child,partner,Yes.,1,15,620,1
wired,wired_fractal_12,17,fractal,0,child,expert,It almost looks like that branch that you broke off is itself another tree. So our rule is that every branch splits into two smaller branches.,2,16,621,1
wired,wired_fractal_12,18,fractal,0,child,partner,Okay.,1,17,622,1
wired,wired_fractal_12,19,fractal,0,child,expert,"So your tree is totally beautiful, but it took a long time to make, right. How would you feel if I said, now you have to make a thousand of those trees.",2,18,623,1
wired,wired_fractal_12,20,fractal,0,child,partner,"I'd be like, oh my that's a lot of work.",1,19,624,1
wired,wired_fractal_12,21,fractal,0,child,expert,"Yeah, it's a ton of work. If you think about Moana's island, it has these tens and hundreds of thousands of trees on it. And that's why we need computers to help us out because computers are really good at taking these really simple rules, like put two branches on every other branch and doing it really, really fast.",3,20,625,1
wired,wired_fractal_12,22,fractal,0,child,partner,I want to know how to draw a fractal.,1,21,626,2
wired,wired_fractal_12,23,fractal,0,child,expert,"On a computer if you wanna learn to draw fractals, then you might need to learn a little bit about programming.",1,22,627,2
wired,wired_fractal_12,24,fractal,0,child,partner,Programming.,1,23,628,2
wired,wired_fractal_12,25,fractal,0,child,expert,Yeah.,1,24,629,2
wired,wired_fractal_12,26,fractal,0,child,partner,Like coding.,1,25,630,2
wired,wired_fractal_12,27,fractal,0,child,expert,"Like coding, exactly. That's what actually a lot of the artists for the movies are working with code rather than with a paintbrush. So in your own words, how would you describe a fractal to somebody?",3,26,631,2
wired,wired_fractal_12,28,fractal,0,child,partner,"I would describe a fractal by saying that when you see a, a object, if you zoom in closely, you'll see that it's, it's broken down into pieces. So as you zoom in more closely, you'll keep seeing smaller and smaller pieces.",2,27,632,2
wired,wired_fractal_12,29,fractal,0,child,expert,Definitely that is totally what fractals are all about.,1,28,633,2
wired,wired_fractal_12,30,fractal,0,child,partner,Yes.,1,29,634,2
wired,wired_fractal_13,1,fractal,1,teenager,expert,So what are you studying in seventh grade these days?,1,0,635,0
wired,wired_fractal_13,2,fractal,1,teenager,partner,I think we're doing geometry still.,1,1,636,0
wired,wired_fractal_13,3,fractal,1,teenager,expert,What if I told you that there are shapes where you can't measure the length of the perimeter.,1,2,637,0
wired,wired_fractal_13,4,fractal,1,teenager,partner,"It's big, but all of the sides are kind of like, so weird that they wouldn't be able to pinpoint anything specific to add together.",1,3,638,0
wired,wired_fractal_13,5,fractal,1,teenager,expert,"The shape is just super, super complicated. Yeah. And so you can't actually measure the length.",3,4,639,0
wired,wired_fractal_13,6,fractal,1,teenager,partner,Yeah.,1,5,640,0
wired,wired_fractal_13,7,fractal,1,teenager,expert,"Right? Yeah. So that's already a really good idea of what a fractal is. It has some really, really interesting detail at all, scales that makes it hard to talk about standard quantities like lengths and areas and volumes.",4,6,641,0
wired,wired_fractal_13,8,fractal,1,teenager,partner,Would a planet or an asteroid be a fractal?,1,7,642,0
wired,wired_fractal_13,9,fractal,1,teenager,expert,"Yeah, so if you look at kind of the wrinkly surface of an asteroid, each one of those little wrinkles adds a little bit to the surface area. And so it's really hard to say, what is the area of an asteroid? Let's take a look at a little example of where fractals actually show up in nature. What we're gonna try to do is we're gonna try to say what the length of the coastline of great Britain is. So we're gonna start out with the blue ones, which are spaced further apart. We're gonna ask you to connect the blue pins with a piece of string so we can get a measurement of the coastline. So we have our first measurement of the length of the coastline, and we're gonna do it over again. But this time we're gonna use the white pins, which are spaced closer together. So we measured the coastline again. And what do you think happens?",10,8,643,0
wired,wired_fractal_13,10,fractal,1,teenager,partner,There's more in and out. Therefore probably takes more string for this one.,2,9,644,0
wired,wired_fractal_13,11,fractal,1,teenager,expert,"I think I agree with you, but I think to really validate our scientific experiment, we should probably compare the length of the string. A lot of extra slack in that pink string. So what we noticed with great Britain is we were never able to measure it's length. It just kept getting longer and longer. This is called the coastline paradox where there's not really one definite number you can assign to the length of the coastline, but it depends on how you measure it. Like if we kept going to really get this to be accurate, we might have to like actually go down the beach and start measuring these tiny little details along the coastline. But really there's so much detail. We would probably never get a definite answer for how long the coastline is. Fractals also give us a really nice language. We're talking about how smooth or rough some kind of shape is. And actually a lot of people, engineers and scientists use this idea of fractals and this language of fractals to compare different shapes, not in terms of their size, but in terms of their roughness. So based on everything we talked about today, how would you describe a fractal to somebody in your own words?",12,10,645,0
wired,wired_fractal_13,12,fractal,1,teenager,partner,"It's a shape, that you can't describe as a shape.",1,11,646,0
wired,wired_fractal_13,13,fractal,1,teenager,expert,"Yeah, totally. Like it's a shape that you can't use sort of the ordinary language that we use to talk about shapes you really need some other ideas or concepts to talk about.",2,12,647,0
wired,wired_fractal_14,1,fractal,2,undergraduate,expert,Do you play any video games?,1,0,648,0
wired,wired_fractal_14,2,fractal,2,undergraduate,partner,I really like hard stone Minecraft.,1,1,649,0
wired,wired_fractal_14,3,fractal,2,undergraduate,expert,"What happens in Minecraft if you get really, really close to a shape?",1,2,650,0
wired,wired_fractal_14,4,fractal,2,undergraduate,partner,"Well, it just looks like a block.",1,3,651,0
wired,wired_fractal_14,5,fractal,2,undergraduate,expert,"Yeah it looks really blocky. And it's the same thing not only with shapes and games, but also colors and textures. And this is an especially a big problem in virtual reality because you have no control over where people are gonna go. What they're gonna look at, how close they're gonna get to various objects. So fractals on the other hand are these things that have infinitely, you know, nice details you get closer and closer and closer. And so this is something that can help us solve this problem in computer graphics of generating more detail. One of the reasons why fractals are really nice for computer graphics is because the algorithms that we use to draw images also have this kind of recursive flavor. What's recursion?",8,4,652,0
wired,wired_fractal_14,6,fractal,2,undergraduate,partner,"Recursion is a function that uses itself or calls itself in it's definition. And basically with that, you can figure out minute details such as searching for a value in a binary tree. It's kind of like iterating through itself, but it's often more sophisticated in that it's easier to write.",3,5,653,0
wired,wired_fractal_14,7,fractal,2,undergraduate,expert,"They're easy for a computer to execute, right? It just has to run this recursive procedure over and over and over again. We can kind of get as much detail as we want or need. When I think about fractals and kind of what they've done for computer graphics, the example I think is subdivision surfaces. Did you, did you encounter subdivision surfaces in your graphics class at all?",5,6,654,0
wired,wired_fractal_14,8,fractal,2,undergraduate,partner,The name doesn't really ring a bell?,1,7,655,0
wired,wired_fractal_14,9,fractal,2,undergraduate,expert,"So subdivision surface is a way of describing a smooth shape on a computer rather than some complicated fractal shape. So meshes and computer graphics are usually made of these flat polygons with kind of sharp edges. And so the question is how can I get something nice and round and smooth out of these sharp looking polygons? What I can do is I can start cutting one at a time, the corners of this paper off, it still looks very angular. I still have these really sharp points.",5,8,656,0
wired,wired_fractal_14,10,fractal,2,undergraduate,partner,Right why are we doing this?,1,9,657,0
wired,wired_fractal_14,11,fractal,2,undergraduate,expert,"Because I want to draw a smooth curve on the screen, but all my computer can do is draw straight lines. And that's actually too true of GPUs. It's kind of interesting. GPUs are basically really fast machines that can only draw one thing and that's a flat triangle. And so if we keep doing this with our paper, you kind of get pretty quickly the idea of what's gonna happen. So when you go to see a Pixar movie, for instance, every surface has been subdivided down. So you have tiny little triangles called micro polygons that are even smaller than the size of a pixel.",7,10,658,0
wired,wired_fractal_14,12,fractal,2,undergraduate,partner,How long does this process take?,1,11,659,0
wired,wired_fractal_14,13,fractal,2,undergraduate,expert,"Well, because people who really need to use these subdivision services for everything, people who worked hard over the years to make this super, super fast. In fact, subdivision services were invented basically at Pixar. There's this guy, Ed Capel, and he was harshly responsible for one of the most famous kinds of subdivision surfaces called Capel Clark subdivision surfaces. And in fact recently won the touring award for these subdivision services.",4,12,660,0
wired,wired_fractal_14,14,fractal,2,undergraduate,partner,"What do you think are the current shortcomings in, I guess applying fractals to computer science right now, what are, what is the cutting edge?",1,13,661,0
wired,wired_fractal_14,15,fractal,2,undergraduate,expert,"So we've, talked a little bit about the positive features of fractals and procedural graphics, which is you can write one simple recursive program and the computer creates a lot of detail for you. So that's really nice, right? It's saving you a lot of work, but the downside is you lose a lot of control. So because the only thing you're describing is this short little program, you don't have complete control over how this is gonna end up. And so adding more controllability to procedural graphics is something people have been thinking about for many years. So how has our conversation changed your understanding of what fractals are all about?",6,14,662,0
wired,wired_fractal_14,16,fractal,2,undergraduate,partner,"I think it's really interesting to see the different ways, fractals will be not only useful, but necessary in being able to render these games and these different programs that are interesting in the metaverse or different media to be really beautiful.",1,15,663,0
wired,wired_fractal_15,1,fractal,3,graduate,expert,"Hey, thanks for joining us remotely.",1,0,664,0
wired,wired_fractal_15,2,fractal,3,graduate,partner,"Yeah, of course it's a pleasure I'm happy to be here.",1,1,665,0
wired,wired_fractal_15,3,fractal,3,graduate,expert,"Do you have any sense of how you would give a really precise mathematical definition to, you know, what is a fractal?",1,2,666,0
wired,wired_fractal_15,4,fractal,3,graduate,partner,"It would probably have to be some kind of recursive definition, like imaginary numbers. I know the Mandelbrot set we'll use those.",2,3,667,0
wired,wired_fractal_15,5,fractal,3,graduate,expert,"The Mandelbrot set or the Julia set, you know, the idea is always, oh, I'm gonna apply some polynomial over and over again. Z squared plus C or something like that. When I think about fractals, I try to get away from these very specific examples and ask, what is it fundamentally that makes a fractal, a fractal. And one thing that I think you can be precise about, even if you can't really say exactly what a fractal is, is you can talk about this idea of fractal dimension. Have you ever heard of that?",5,4,668,0
wired,wired_fractal_15,6,fractal,3,graduate,partner,"No, I have not actually.",1,5,669,0
wired,wired_fractal_15,7,fractal,3,graduate,expert,"So if you look at this, this piece of paper, what would you say the dimension is?",1,6,670,0
wired,wired_fractal_15,8,fractal,3,graduate,partner,"Well on the, on the paper itself, I would say it's two dimensional, but the actual paper would be three dimensions because it has a very small thickness.",1,7,671,0
wired,wired_fractal_15,9,fractal,3,graduate,expert,"Yeah, great. So, so the real physical paper has some amount of thickness, but when we model this mathematically, we might ignore the thickness and say, yeah, this is really just kind of a two dimensional sheet of paper. And then you have your apple, how many dimensions is the apple?",3,8,672,0
wired,wired_fractal_15,10,fractal,3,graduate,partner,I would also say three.,1,9,673,1
wired,wired_fractal_15,11,fractal,3,graduate,expert,And why three?,1,10,674,1
wired,wired_fractal_15,12,fractal,3,graduate,partner,Because it has the height and the width. And there's a depth to it as well.,2,11,675,1
wired,wired_fractal_15,13,fractal,3,graduate,expert,"Totally, now, as a little experiment, take your piece of paper and just crumple it into a ball. So what is it? Is the paper three dimensional or is it two dimensional?",3,12,676,1
wired,wired_fractal_15,14,fractal,3,graduate,partner,It changed and dimensions depending on how it is shaped.,1,13,677,1
wired,wired_fractal_15,15,fractal,3,graduate,expert,"So it's not quite as solid as the apple, but it's also not quite as two dimensional as the original sheet of paper. And so for this reason, people associate this crumpled ball with a fractal dimension, maybe something like 2.5 dimensions instead of two or three. There are a lot of different definitions, precise definitions of fractal dimension. But I think the one that's easiest to understand is this thing called box counting dimension. You have, let's say an image and you want to decide what's the fractal dimension of this image. So what you're gonna do is you're gonna count the number of boxes, or you can imagine big pixels of this image that cover the boundary of this shape. And you're gonna see how does that counting compare with how the counts work for just an ordinary shape? So, so if I have a straight line and I start out with one big box that covers the whole line, and now I shrink my boxes by a factor of two, I just make boxes half as big. How many boxes will I need to cover that line",9,14,678,1
wired,wired_fractal_15,16,fractal,3,graduate,partner,two?,1,15,679,1
wired,wired_fractal_15,17,fractal,3,graduate,expert,"And if I cut that box in half again, how many boxes do I need to cover the line.",1,16,680,1
wired,wired_fractal_15,18,fractal,3,graduate,partner,Four.,1,17,681,1
wired,wired_fractal_15,19,fractal,3,graduate,expert,"But if you take a more interesting shape, some kind of fractal shape, like let's say the coastline of great Britain and you start doing this box, counting experiment, something really interesting happens. As you make these boxes smaller, the number of boxes you need to cover the coastline grows faster than it would for just a straight line.",2,18,682,2
wired,wired_fractal_15,20,fractal,3,graduate,partner,"Yeah, I've, I've heard about that. Where if you, if you change the amount of measurement for a coastline, you can actually change like how much of the coast that, that there is like if you measure in mile lengths, you're gonna get a much different estimate than if you measure in one inch increments.",2,19,683,2
wired,wired_fractal_15,21,fractal,3,graduate,expert,"And so what this box counting is getting at is saying, well, I still can never decide what the length of the coastline is, but what I can do is I can see how quick does the number of boxes grow relative to how it would grow just for an ordinary one dimensional curve, like a line or a circle.",1,20,684,2
wired,wired_fractal_15,22,fractal,3,graduate,partner,Is there any other interesting applications of fractals?,1,21,685,2
wired,wired_fractal_15,23,fractal,3,graduate,expert,"So procedural computer graphics, which kind of came out of thinking about fractals is one answer to this question about how do you add more detail without for instance, consuming tons of memory or requiring artists to paint ultra detail the textures. So if, if you can instead describe at least some aspect of what you're looking at in a procedural or recursive way, then you can add as much detail as you need when you get close to objects.",2,22,686,2
wired,wired_fractal_15,24,fractal,3,graduate,partner,"Oh, you mean like perlin noise?",1,23,687,2
wired,wired_fractal_15,25,fractal,3,graduate,expert,"Yeah like perlin noise is a great example, right? Perlin noise was one of the early ways of synthesizing additional texture at any level of detail that you needed to make things look natural and realistic.",2,24,688,2
wired,wired_fractal_15,26,fractal,3,graduate,partner,"I have a, a random question. Do you know how the research into fractals began?",2,25,689,2
wired,wired_fractal_15,27,fractal,3,graduate,expert,"You can look pretty far back in history to see kind of glimmers of this idea of fractals in science in the 19th century, people were trying to look for examples of things in mathematics that were very unnatural. So there was, for instance, this guy named Georg Cantor, who was showing that you can have these sets with really strange properties, or you can have functions with really strange properties. This thing called the devil staircase and so on. And it wasn't until about a century later where someone named Mendel Brock said, Oh, actually this strange mathematics that was meant to show how unnatural things can happen is actually a perfect description of things that really do happen in nature. And from there, people really ran with it and said, Oh, okay, well, if these fractal descriptions are good for nature, we can also use that for creating really realistic and believable pictures in computer graphics.",5,26,690,2
wired,wired_fractal_16,1,fractal,4,expert,partner,"I can say that when you reached out to me and I first learned about this program, I immediately went to my computer and I implemented yet another version of like zooming into the Mandelbrot set.",1,0,691,0
wired,wired_fractal_16,2,fractal,4,expert,expert,Yeah.,1,1,692,0
wired,wired_fractal_16,3,fractal,4,expert,partner,"Just because I was so excited, you know? So that the thing is that it took me maybe 30 minutes. A kid at home who's like 13 and 14 who just starts playing around with a simple computer program can make incredibly beautiful fractals.",3,2,693,0
wired,wired_fractal_16,4,fractal,4,expert,expert,Yeah for sure.,1,3,694,0
wired,wired_fractal_16,5,fractal,4,expert,partner,And I think that's one of the things that's exciting about it.,1,4,695,0
wired,wired_fractal_16,6,fractal,4,expert,expert,"Or you don't even need computers. Like I remember when I was a kid, I played electric guitar and I had all these guitar pedals with different effects and oh, what happens if you put the output back in the input and just run it through itself, you're gonna start hearing this kind of fractal sound, right? So today we've been telling people, fractals are things that are somehow self-similar, they have detail at all scales. Are there other ways you might introduce fractals to somebody or are there other things you might say, this is what a fractal is?",4,5,696,0
wired,wired_fractal_16,7,fractal,4,expert,partner,"I think you could get to the reasons why does a coastline look like a coastline at all different scales? It's because the forces of nature tend to work similarly at all different scales. And it's those forces that are doing very, very simple things over and over and over again that are constantly creating the sense of detail.",3,6,697,0
wired,wired_fractal_16,8,fractal,4,expert,expert,"I think about like the scale and variance of different physical equations, like navier-stokes is, you know, kind of scale and variant, you know, this Reynolds number that tells you how viscous things are, but you can have the same kind of fluid behavior at all different scales. And that's why you get turbulence at all different scales.",2,7,698,0
wired,wired_fractal_16,9,fractal,4,expert,partner,"Yeah I actually actually remember the moment when I finally figured out how to make turbulence in computer graphics, I was working for this company, Maggi and Disney was working on a movie. I think it was weird science where they wanted to have a marble vase. And then about three in the morning, I was at a diner nearby and I was pouring the cream into the coffee and I was watching it and I started watching it swirl around. And I realized that what was happening was really simple that you had this line of cream and then it hits the cup and it folds and then the folds get caught up. And then that folds again. And it's a really simple process of folding within folding. And I just went to the computer and did that.",7,8,699,0
wired,wired_fractal_16,10,fractal,4,expert,expert,Yeah.,1,9,700,0
wired,wired_fractal_16,11,fractal,4,expert,partner,And things look like marble and looked like flame. And they looked like clouds. And they look like you just keep using those simple techniques.,3,10,701,0
wired,wired_fractal_16,12,fractal,4,expert,expert,"Yeah and I think it's really cool that this kind of fractal description of geometry or physics is also kind of baked into the nature of computation. Computation is recursive kind of biased nature. And so it's kind of a match made in heaven that we happen to build these machines that also You know, behave the way that nature does.",3,11,702,0
wired,wired_fractal_16,13,fractal,4,expert,partner,Right. You just have to understand recursion.,2,12,703,0
wired,wired_fractal_16,14,fractal,4,expert,expert,Exactly.,1,13,704,0
wired,wired_fractal_16,15,fractal,4,expert,partner,"So somebody once told me in order to understand recursion, you just have to understand recursion.",1,14,705,0
wired,wired_fractal_16,16,fractal,4,expert,expert,There you go.,1,15,706,0
wired,wired_fractal_16,17,fractal,4,expert,partner,And then you get it all.,1,16,707,0
wired,wired_fractal_16,18,fractal,4,expert,expert,Yeah.,1,17,708,0
wired,wired_fractal_16,19,fractal,4,expert,partner,"But I think it's this point that that point with the coffee is important because the forces we're operating at one scale, they're operating at the scale of the coffee cup. But over time they kept making details that were smaller and smaller. Process at one scale, plus time you get fractals.",3,18,709,0
wired,wired_fractal_16,20,fractal,4,expert,expert,"I think that's also, what's so beautiful about fractals is that, you know, if you think about sort of the history of geometry as well, Felix Klein was looking at geometry by saying, well, geometry is all about in variance. I have some group of transformations and I look at objects that are sort of in variant with respect to these transformations. So if you just look at translations, okay, what kinds of shapes remain the same under translations? Will you get tiling? You get wallpaper. And if you start asking that same question, what if I allow scaling in my transformations then boom, you have fractal.",6,19,710,0
wired,wired_fractal_16,21,fractal,4,expert,partner,"Immediately, right.",1,20,711,0
wired,wired_fractal_16,22,fractal,4,expert,expert,Come out of nowhere.,1,21,712,0
wired,wired_fractal_16,23,fractal,4,expert,partner,And when everybody understands scaling.,1,22,713,0
wired,wired_fractal_16,24,fractal,4,expert,expert,Right?,1,23,714,0
wired,wired_fractal_16,25,fractal,4,expert,partner,Scaling is a simple thing yeah.,1,24,715,0
wired,wired_fractal_16,26,fractal,4,expert,expert,"Now you work on kind of the future of virtual reality and augmented reality and extended reality. But it's kind of interesting because I think if I think about exploring these infinite fractal landscapes in some way, they still feel a little bit lonely or they feel a little bit poor of the kind of richness that we have in the real world.",2,25,716,1
wired,wired_fractal_16,27,fractal,4,expert,partner,"This is where machine learning starts coming in, because you can start saying, okay, this is a very, very rich virtual world, but it's informed by, you know, my favorite mountains that I saw in Italy once. So you can start training these fractal worlds on things about the real world that have particular emotional resonance for us.",2,26,717,1
wired,wired_fractal_16,28,fractal,4,expert,expert,"People outside of computer graphics and engineering and science and so forth have also thought a lot about and used fractals as a language for talking about nature, for characterizing shapes and behaviors and so forth tissue or friction, or all sorts of really important phenomena. Do you think that computer graphics has kind of dropped the ball in terms of saying, you know, this is not something that's exciting anymore to work on procedural descriptions and we're, we're moving on from that?",2,27,718,1
wired,wired_fractal_16,29,fractal,4,expert,partner,"Well, I mean, if you look at any Hollywood movie or you look at any of the game worlds that people are spending all their time in they're highly procedural, they have to be, and they have to make use of fractal techniques because it's basically a way to get enormous complexity without having to explicitly store the complexity. And because they're able to use these relatively simple fractal techniques to make very complex looking natural things.",2,28,719,1
wired,wired_fractal_16,30,fractal,4,expert,expert,"Right? Lazy evaluation, we love being lazy in computer graphics.",2,29,720,1
wired,wired_fractal_16,31,fractal,4,expert,partner,"Well, it's also, it's not even possible to explore, to store an entire world in your computer.",1,30,721,1
wired,wired_fractal_16,32,fractal,4,expert,expert,Absolutely.,1,31,722,1
wired,wired_fractal_16,33,fractal,4,expert,partner,You wanna be able to sort of generate it on the fly. I'm looking forward to things getting better. We're not there yet.,3,32,723,1
wired,wired_fractal_16,34,fractal,4,expert,expert,"So one of the things I guess that touches on is this question about controllability or the ease of, with which everybody can create these worlds. Not just people, not just mathematicians, not just, you know, trained computer scientists. One thing when I think about Ken Musgraves working about this program, Bryce, this one I felt like I could really use. What do you think we still need to do in terms of putting these kinds of tools in, in people's hands, making it easier for people to use procedural machine learning, to build these kind of worlds?",4,33,724,1
wired,wired_fractal_16,35,fractal,4,expert,partner,"I think in that case, it came down to the fact that Ken in particular had a mission to make accessible tools for people without sacrificing the power and the richness of making beautiful things. I mean, in a sense he was kind of the computer graphic, Bob Ross. You know?",3,34,725,1
wired,wired_fractal_16,36,fractal,4,expert,expert,So He made a lot of happy little trees.,1,35,726,1
wired,wired_fractal_16,37,fractal,4,expert,partner,"Yeah, yeah, yeah. Which, I mean, when you, when you think about the techniques of somebody like a Bob Ross they're fractal.",2,36,727,1
wired,wired_fractal_16,38,fractal,4,expert,expert,"Yeah. And I think this is what what's so beautiful also about Mandelbrot's work is him saying, you know, it's not really about these exotic examples. Like even the Mandelbrot set or Julia sets or whatever. Yeah they're like really interesting mathematical curiosities, but they get at this idea that fractals are kind of inevitable. And Bob Ross probably never, as far as I know, never sat down and you know, thought about recursive descriptions of trees or anything like that. But it's just something that naturally comes to you as an artist.",6,37,728,1
wired,wired_fractal_16,39,fractal,4,expert,partner,"Well, I mean, you can go back to all the classic artists da Vinci's notebooks were just full of like, this thing looks like that thing at completely different scales. So he didn't have a fancy word for it, but he completely understood it.",2,38,729,1
wired,wired_fractal_16,40,fractal,4,expert,expert,Yeah it's really part of human nature or human's connection to nature.,1,39,730,1
wired,wired_gravity_12,1,gravity,0,child,expert,Are you interested in science?,1,0,731,0
wired,wired_gravity_12,2,gravity,0,child,partner,Yes.,1,1,732,0
wired,wired_gravity_12,3,gravity,0,child,expert,"Yes, you are?",1,2,733,0
wired,wired_gravity_12,4,gravity,0,child,partner,Yes.,1,3,734,0
wired,wired_gravity_12,5,gravity,0,child,expert,Do you know what gravity is?,1,4,735,0
wired,wired_gravity_12,6,gravity,0,child,partner,"It's something that so right now, we would be floating if there was no gravity, but since there's gravity, we're sitting right down on these chairs.",1,5,736,0
wired,wired_gravity_12,7,gravity,0,child,expert,"That's pretty good. So gravity wants to attract us to the Earth and the Earth to us, but the Earth is so much bigger that even though we're actually pulling the Earth a little bit to us, you don't notice it so much. You know the moon pulls on the Earth a little bit.",3,6,737,0
wired,wired_gravity_12,8,gravity,0,child,partner,"Mhmm, just like um with the ocean tides?",1,7,738,0
wired,wired_gravity_12,9,gravity,0,child,expert,"Exactly, well the moon is such a big bodycompared to anything else very nearby that it has the larger effect pulling the water of the Earth. But more than the moon, think about the sun pulling on the Earth. We orbit the whole sun just the way the Earth pulls on the moon and causes the moon to orbit us. All of those things are acting on you and me right now.",4,8,739,0
wired,wired_gravity_12,10,gravity,0,child,partner,"If gravity was too strong, would we be able to get up?",1,9,740,0
wired,wired_gravity_12,11,gravity,0,child,expert,"That's such a good question. No, we actually couldn't. The moon gravity is weaker, can almost float between footsteps if you look at the astronauts on the moon.",2,10,741,0
wired,wired_gravity_12,12,gravity,0,child,partner,Yeah,1,11,742,0
wired,wired_gravity_12,13,gravity,0,child,expert,"On the Earth it's harder 'cause it's bigger. If you go to a bigger, heavier planet, it gets harder and harder. But there are stars that have died that are so dense that there's no way we could lift our arms, no way we could step or walk, the gravity is just way too strong. Do you know how tall you are?",3,12,743,0
wired,wired_gravity_12,14,gravity,0,child,partner,I'm in the fours.,1,13,744,0
wired,wired_gravity_12,15,gravity,0,child,expert,In the fours?,1,14,745,0
wired,wired_gravity_12,16,gravity,0,child,partner,"Maybe 4'3.""",1,15,746,0
wired,wired_gravity_12,17,gravity,0,child,expert,"People think that while you're sleeping, your body has a chance to stretch out and gravity isn't crunching you together, but when you're standing and walking or sitting that gravity contracts your spine ever so slightly so that in the morning, you might be a little bit taller than in the evening. See if it works for you.",2,16,747,0
wired,wired_gravity_12,18,gravity,0,child,partner,Cool.,1,17,748,0
wired,wired_gravity_12,19,gravity,0,child,expert,"They say that astronauts in space definitely their spinal elongates. There were two twin astronauts, one who stayed here on Earth and the other who went to the International Space Station, was there for a long time, and when he came back, he was actually taller than his twin brother.",2,18,749,0
wired,wired_gravity_12,20,gravity,0,child,partner,Wow.,1,19,750,0
wired,wired_gravity_12,21,gravity,0,child,expert,"Yeah, and that was because gravity wasn't compressing him all the time and he was floating freely in the International Space Station and his spine just kind of elongated. After a while here on Earth though, he'll readjust, they'll go back to the same size. Have you ever heard of how gravity was discovered?",3,20,751,0
wired,wired_gravity_12,22,gravity,0,child,partner,Mhmm.,1,21,752,0
wired,wired_gravity_12,23,gravity,0,child,expert,"Isaac Newton would ponder, how does the Earth cause things to fall? \ There's a famous story that Isaac Newton was sitting under a tree and the apple fell from the tree and hit him on the head.""",2,22,753,0
wired,wired_gravity_12,24,gravity,0,child,partner,Ooh.,1,23,754,0
wired,wired_gravity_12,25,gravity,0,child,expert,"And he had an epiphany and understood this law, this mathematical law for how that works. I don't actually think it's a true story though.",2,24,755,0
wired,wired_gravity_12,26,gravity,0,child,partner,Yeah.,1,25,756,0
wired,wired_gravity_12,27,gravity,0,child,expert,"But it's a good story. So Isaac Newton realized that even if you're heavier, you will fall at the same rate as something much lighter. That that's the same. Once you hit the ground, if you're heavier, you'll hit the ground with much greater force, but you will hit the ground at the same time.",3,26,757,0
wired,wired_gravity_12,28,gravity,0,child,partner,"So, if we both dropped down from a plane, we would both um land at the same time, but you would land heavier?",1,27,758,0
wired,wired_gravity_12,29,gravity,0,child,expert,Yeah. Yep. So like a penny from the Empire state building will fall at the same rate as a bowling ball.,2,28,759,0
wired,wired_gravity_12,30,gravity,0,child,partner,Oh my god.,1,29,760,0
wired,wired_gravity_12,31,gravity,0,child,expert,Yeah. Amazing. Wanna try it?,2,30,761,0
wired,wired_gravity_12,32,gravity,0,child,partner,"Um, yeah.",1,31,762,0
wired,wired_gravity_12,33,gravity,0,child,expert,A light object. See how light that is?,2,32,763,0
wired,wired_gravity_12,34,gravity,0,child,partner,That's,1,33,764,0
wired,wired_gravity_12,35,gravity,0,child,expert,very light.,1,34,765,0
wired,wired_gravity_12,36,gravity,0,child,partner,Yeah.,1,35,766,0
wired,wired_gravity_12,37,gravity,0,child,expert,And a heavy object.,1,36,767,0
wired,wired_gravity_12,38,gravity,0,child,partner,Oh my god.,1,37,768,0
wired,wired_gravity_12,39,gravity,0,child,expert,"They look the same. But this is much heavier, right? Okay, so try it. Just try holding your arms out front and a little higher maybe, give him a chance to drop and then drop them. Did they fall at the same time? They hit at the same time. Did they hit at the same time?",5,38,769,0
wired,wired_gravity_12,40,gravity,0,child,partner,Hm.,1,39,770,0
wired,wired_gravity_12,41,gravity,0,child,expert,"So Isaac Newton, he was also the one who realized that that's the same force that keeps the moon in orbit around the Earth and the Earth in orbit around the sun. And that's a huge leap. Here he is looking at just things around him and then looks at the stars and has this really big realization that that's actually the same force. So what have you learned today talking about gravity?",4,40,771,0
wired,wired_gravity_12,42,gravity,0,child,partner,"I've learned that the person that learned about the apple. He was learning about gravity just about what he saw on this planet. I also learned that if you drop one light thing and one heavy thing at the same height at the same time, they're both going to drop at the same time, but one's going to drop a little heavier than the other.",3,41,772,0
wired,wired_gravity_12,43,gravity,0,child,expert,That's beautiful. I'm impressed.,1,42,773,0
wired,wired_gravity_13,1,gravity,1,teenager,expert,"So, Maria, you're in high school?",1,0,774,0
wired,wired_gravity_13,2,gravity,1,teenager,partner,"Yeah, I'm a junior.",1,1,775,0
wired,wired_gravity_13,3,gravity,1,teenager,expert,And are you studying any sciences in high school?,1,2,776,0
wired,wired_gravity_13,4,gravity,1,teenager,partner,I'm taking physics right now.,1,3,777,0
wired,wired_gravity_13,5,gravity,1,teenager,expert,Do you think of yourself as curious about science?,1,4,778,0
wired,wired_gravity_13,6,gravity,1,teenager,partner,"Well, there are like some things that interest me and others that bore me, so it like depends.",1,5,779,0
wired,wired_gravity_13,7,gravity,1,teenager,expert,What interests you?,1,6,780,0
wired,wired_gravity_13,8,gravity,1,teenager,partner,"Well, like I'm a gymnast, so like in physics they talk about like force and stuff and then I think of like how I use physics in like my own life.",1,7,781,0
wired,wired_gravity_13,9,gravity,1,teenager,expert,What's your impression of what gravity is?,1,8,782,1
wired,wired_gravity_13,10,gravity,1,teenager,partner,"I think that if there's like no gravity, everyone would like float everywhere. It like pulls things down and without it like everything would just be like chaos.",2,9,783,1
wired,wired_gravity_13,11,gravity,1,teenager,expert,So you're saying gravity pulls things down. Yet we've launched things into space. Have you ever wondered how we do that?,3,10,784,1
wired,wired_gravity_13,12,gravity,1,teenager,partner,"Well is it like a slingshot, like if you pull something back enough, it'll like go in the opposite direction?",1,11,785,1
wired,wired_gravity_13,13,gravity,1,teenager,expert,"Well, that's true. We do use slingshot technology once things are out in the solar system. So for instance, we use Jupiter and other planets so that when some of the spacecraft gets close, it'll slingshot around and it'll cause it to like speed up. But mostly around the Earth, gravity pulls things down. So when we want to send a rocket into space, when we want to go to the moon, when we want to send supplies to the International Space Station, the trick is to get something moving fast enough that it escapes the gravitational pull of the Earth. Have you heard the expression what goes up must come down?",6,12,786,1
wired,wired_gravity_13,14,gravity,1,teenager,partner,Mhmm.,1,13,787,1
wired,wired_gravity_13,15,gravity,1,teenager,expert,"It's actually not true. If you throw it fast enough, you can actually get something that doesn't come back down again. And that's basically how rocket launches work. You have to get the rocket for the Earth to go more than 11 kilometers a second. Think about how fast it is. Just one breath and it's gone 11 kilometers. If you get it to go that fast, it's not gonna come back down again. So you know the International Space Station, which is orbiting the Earth? That's going around the Earth at like 17,000 miles an hour. It has no engines anymore. The engines are turned off. So it's just there falling forever. So once it's out there, it's not coming back down as long as it's cruising like that.",13,14,788,1
wired,wired_gravity_13,16,gravity,1,teenager,partner,And like does the gravity pull it or is it just like floating?,1,15,789,1
wired,wired_gravity_13,17,gravity,1,teenager,expert,"In a weird way that is gravity pulling it. So if you ever um had a yo-yo where you swing it around like this, the string is pulling it in at all times. But you've also given it this angular momentum. And as long as you give it the angular momentum, pulling it in actually keeps it in orbit. And so the Earth is pulling it in at all times. So that's why it doesn't just travel off in a straight line. It keeps coming back around. So it's funny, people think that the International Space Station is so far away that they're not feeling gravity. And that's not the case at all. They're absolutely feeling gravity. They're just cruising so fast that even though they're being pulled in, they never get pulled to the surface.",11,16,790,1
wired,wired_gravity_13,18,gravity,1,teenager,partner,It's like that um the ride at the roller coasters where you like you go in and it spins super fast and you can't feel it spinning fast but like you're pulled.,1,17,791,1
wired,wired_gravity_13,19,gravity,1,teenager,expert,"You feel pinned to the back? It's exactly like that. There's something called the equivalence principle where people realized and especially Einstein, that if you were in outer space in a rocket ship and it was dark and painted and it was accelerating at exactly the right rate, you actually wouldn't know if you were sitting on the floor of a building around the Earth, or if you were in a rocket ship that was accelerating.",3,18,792,1
wired,wired_gravity_13,20,gravity,1,teenager,partner,That's crazy.,1,19,793,1
wired,wired_gravity_13,21,gravity,1,teenager,expert,"You ever had that experience where you're sitting on a train and the other one moves? And for a second, you're not sure if you're the one moving?",2,20,794,1
wired,wired_gravity_13,22,gravity,1,teenager,partner,"Yeah, cause like I go on the train every day to go to school, but I never feel like I'm moving when I'm in the train. And then I'm like, wait, what?",2,21,795,1
wired,wired_gravity_13,23,gravity,1,teenager,expert,"That's because in some sense you're really not. Imagine you're in this train and it's going near the speed of light relative to the platform, but it's so smooth, then you should be in a situation in which there's no meaning to your absolute motion. There's no absolute motion. So that if you throw a ball up, you might think from the outside of the platform, be confused that when gravity pulls that back down, it's gonna hit you or something, but it'll land in your palm as surely as if you were in your living room. Isn't that kind of crazy?",5,22,796,1
wired,wired_gravity_13,24,gravity,1,teenager,partner,That makes sense.,1,23,797,1
wired,wired_gravity_13,25,gravity,1,teenager,expert,"So imagine you are an astronaut and you are floating in empty space. You can't see anything. There's no stars, there's no Earth. You can ask yourself, am I moving? There's really no way for you to tell. So you would probably conclude, well, I'm not moving. So then your friend Marina comes cruising past you. Maybe she's going thousands of kilometers a second. And you say, Marina, you're cruising at like thousands of kilometers a second. You're going so fast. But she had just done the same experiment. She was just floating in space, thinking, you know, am I moving? There's no way to know which one of you is moving. And there's no meaning to the absolute motion. The only thing that's true is that you are in relative motion. That's true. You both agree you are in relative motion. That's clear, but neither of you can say, it's actually you who's moving and I'm stationary.",18,24,798,1
wired,wired_gravity_13,26,gravity,1,teenager,partner,I don’t even know what to say to that.,1,25,799,1
wired,wired_gravity_13,27,gravity,1,teenager,expert,So let me tell you where it gets really crazy.,1,26,800,1
wired,wired_gravity_13,28,gravity,1,teenager,partner,(laughs),1,27,801,1
wired,wired_gravity_13,29,gravity,1,teenager,expert,"So let's say you and Marina are floating in space and you can't tell who's moving. Let's say you both see a flash of light. A flash of light comes from somewhere, you don't know where. So you measure the speed of light to be 300,000 kilometers per second. But here comes Marina and she's racing at the light pulse as far as you can tell. Two cars driving towards each other seem like they're going faster towards each other than somebody who's standing still relative to one of the cars, right? So you would say, oh Marina's gonna measure a different speed of light. But she comes back and she says, nope, 300,000 kilometers per second. Because from her perspective, she's standing still. And the laws of physics have better be the same for her. The speed of light is a fact of nature that's as true as the strength of gravity. And the two of you are in this quandary because if one of you is the preferred person who correctly measures the speed of light, that ruins everything about the idea of the relativity of motion. Which one of you should it be? So Einstein decides they must both measure the same speed of light. How could that possibly, possibly be the case? And he thinks, well, if speed is how far you travel, your spatial distance in a certain amount of time, then there must be something wrong with space and time. And he goes from the constancy of the speed of light and a respect for this idea of relativity to the idea that space and time must not be the same for you and for Marina.",18,28,802,1
wired,wired_gravity_13,30,gravity,1,teenager,partner,Wow.,1,29,803,1
wired,wired_gravity_13,31,gravity,1,teenager,expert,And that’s how he gets the idea of the relativity of space and time. You have the best expression on your face right now.,2,30,804,1
wired,wired_gravity_13,32,gravity,1,teenager,partner,That's crazy.,1,31,805,1
wired,wired_gravity_13,33,gravity,1,teenager,expert,"It's pretty wild, but that is the starting point actually of the whole theory of relativity. That starting point leads to this complete revolution in physics where we suddenly have a big bang and black holes and spacetime. Just from that one simple starting point. So is your impression of gravity different than when we started the conversation?",4,32,806,1
wired,wired_gravity_13,34,gravity,1,teenager,partner,"Yeah, 'cause like I knew that like when I was on the train, I didn't feel like I was moving, but I didn't know like why or that it was a thing and I wasn't crazy.",1,33,807,1
wired,wired_gravity_13,35,gravity,1,teenager,expert,And it's a really deep principle. And what about the theory of gravity?,2,34,808,1
wired,wired_gravity_13,36,gravity,1,teenager,partner,"I don't know. Like usually when I just hear gravity, it's like from my coaches, but I didn't know like it was like all these things. Mhmm.",3,35,809,1
wired,wired_gravity_13,37,gravity,1,teenager,expert,It's like a big paradigm.,1,36,810,1
wired,wired_gravity_14,1,gravity,2,undergraduate,expert,So you're in college?,1,0,811,0
wired,wired_gravity_14,2,gravity,2,undergraduate,partner,Yes.,1,1,812,0
wired,wired_gravity_14,3,gravity,2,undergraduate,expert,And what are you studying in college?,1,2,813,0
wired,wired_gravity_14,4,gravity,2,undergraduate,partner,I am a physics major.,1,3,814,0
wired,wired_gravity_14,5,gravity,2,undergraduate,expert,"So from your perspective, how would you describe gravity?",1,4,815,0
wired,wired_gravity_14,6,gravity,2,undergraduate,partner,"I'm taught that it's a force. Uh it's described by inverse law, but I also know that it's a field. And there's a recent discovery with like gravitational waves. Although I don't know like the specific details of about that.",4,5,816,0
wired,wired_gravity_14,7,gravity,2,undergraduate,expert,"So when you say it's an inverse square law. That means that the closer you are, the more strongly you feel the gravitational pull. And that makes sense 'cause very few things are stronger when you're further apart. So you can also think of a gravitational field, something that permeates all of space, even though the Earth is three stories below us, it's not as though it's pulling at us from a distance, right? That we're actually interacting with the field at this point and there's a real interaction right here at this point. And that's nice because people were worried that if things acted at a distance, the way the old fashioned inverse square force law describes it, that it was as spooky as like mind bending with spoons that it's like telekinesis. If you don't touch something, how do you affect it? And so the first step was to start to think of gravity as a field that permeates all of space. And it's weaker very far from the Earth and it's stronger very close to the Earth. So one way to think of this field is as a field that's really describing a curved spacetime that is everywhere. Forget the difficulty of the math, just the intuition comes from two kind of simple observations. One was uh what Einstein described as the happiest thought of his life. So right now, you might feel heavy in your chair. And we might feel heavy on the floor in our feet or or standing in an elevator cab. And Einstein would have said, what does the chair have to do with it? Or the floor or the elevator? Those aren't gravitational objects. And so he wanted to eliminate them. And one way to do the thought experiment is to imagine standing in an elevator that you can't see out of a black box. And imagine the cable is cut and you and the elevator begin to fall.",20,6,817,0
wired,wired_gravity_14,8,gravity,2,undergraduate,partner,So in free fall?,1,7,818,0
wired,wired_gravity_14,9,gravity,2,undergraduate,expert,"You're in total free fall. Now, because things fall at the same rate. including the elevator and you, Yeah. you can actually float in the elevator. If you just floated in the elevator, the two of you would drop. And you might not even know you're falling. You could take an apple and drop it in front of you and it would float in front of you. You would actually experience weightlessness. It's called the equivalence principle. It was Einstein's happiest thought that what you're really doing when you're experiencing gravity isn't being heavy in your chair, it's falling weightlessly in the gravitational field. And that was the first step to think of gravity as weightlessness and falling.",11,8,819,0
wired,wired_gravity_14,10,gravity,2,undergraduate,partner,"I know like uh zero gravity experiences are done with uh planes, I believe.",1,9,820,0
wired,wired_gravity_14,11,gravity,2,undergraduate,expert,"Yeah, exactly.",1,10,821,0
wired,wired_gravity_14,12,gravity,2,undergraduate,partner,Yeah.,1,11,822,0
wired,wired_gravity_14,13,gravity,2,undergraduate,expert,"You can make somebody look like they're in the International Space Station by flying up in a plane and then just free falling. The plane just drops out of the air. And while it's falling, they will float weightlessly and there's been a lot of experiments about it, but you don't want it to end unhappily. So the plane has to scoop back up and then you see them become pinned to the floor of the plane. Because then the plane is interrupting their fall. So that's the first thought. And then the next is what is the shape that's traced? So if you were floating in empty space, really empty space and you had an apple and you threw the apple, what shape do you think it would trace? The path.",9,12,823,0
wired,wired_gravity_14,14,gravity,2,undergraduate,partner,"Well, if I threw it straight, I would think it would go straight.",1,13,824,0
wired,wired_gravity_14,15,gravity,2,undergraduate,expert,"Yeah, it would just go straight. But if you did that on the Earth, what would happen?",2,14,825,0
wired,wired_gravity_14,16,gravity,2,undergraduate,partner,"Uh, it would just go down.",1,15,826,0
wired,wired_gravity_14,17,gravity,2,undergraduate,expert,"Yeah, but it would cause trace a curve. Trace an arc. Right? And the faster you throw it, the kind of longer the arc. So the second step to thinking about curved space time is to say that when things fall freely around a body like the Earth, they trace curved paths as though space time itself, space itself was curved.",5,16,827,0
wired,wired_gravity_14,18,gravity,2,undergraduate,partner,Oh.,1,17,828,1
wired,wired_gravity_14,19,gravity,2,undergraduate,expert,And so you had that moment. I saw it on your face. You went oh.,3,18,829,1
wired,wired_gravity_14,20,gravity,2,undergraduate,partner,Yeah.,1,19,830,1
wired,wired_gravity_14,21,gravity,2,undergraduate,expert,"So that's the intuition. That's how Einstein gets from thinking that space time is curved from the idea that, well, there's this field that permeates all of space, but what it's really describing is the curves that things fall along. And from there, it's a very long path to finding the mathematics and the right description. That's really hard, but that intuition is so elegant and so beautiful and just comes from these two simple thought experiments.",4,20,831,1
wired,wired_gravity_14,22,gravity,2,undergraduate,partner,That's amazing.,1,21,832,1
wired,wired_gravity_14,23,gravity,2,undergraduate,expert,"Isn't it kind of amazing? So you described learning in a class about light, the theory of special relativity where Einstein is really adhering to the constancy of the speed of light and questioning the absolute nature of space and time. And it seems like that has nothing to do with gravity. But he later begins to think about the incompatibility of gravity with his theory of relativity. So suppose the sun were to disappear tomorrow. Some like evil genius comes and just figures out a way to evaporate the sun. In Newton's understanding of gravity, we would instantaneously know about it all the way over here at the Earth. And that's incompatible with the concept that nothing can travel faster than the speed of light. No information, not even information about the sun could possibly travel faster than the speed of light. So we shouldn't know about what happened to the sun for a full eight minutes, which is the time it would take light to travel to us. And so he begins to question why gravity is so incompatible with relativity, but he already knows he's thinking about space and time in relativity. So then he gets to his general theory of relativity where he realizes, if I eliminate everything but just the gravitational field of let's say the Earth, and I look at how things fall, and I see that they follow curves, well then he realizes that space and time don't just contract or dilate, that they can really warp, that they can bend and that they can curve.",13,22,833,1
wired,wired_gravity_14,24,gravity,2,undergraduate,partner,Oh.,1,23,834,1
wired,wired_gravity_14,25,gravity,2,undergraduate,expert,"And then he finds a way to make gravity compatible with relativity by saying, if the sun were to disappear tomorrow, the curves that the sun imprinted in spacetime would actually begin to ripple. And those are the gravitational waves and they would change and they would flatten out because the sun was no longer there. And that would take the light travel time to get to us to tell us that the sun was gone. And then we would stop orbiting and just travel along a straight line.",4,24,835,1
wired,wired_gravity_14,26,gravity,2,undergraduate,partner,Wow.,1,25,836,2
wired,wired_gravity_14,27,gravity,2,undergraduate,expert,Wow.,1,26,837,2
wired,wired_gravity_14,28,gravity,2,undergraduate,partner,Yeah.,1,27,838,2
wired,wired_gravity_14,29,gravity,2,undergraduate,expert,"Well, let's hope it doesn't happen.",1,28,839,2
wired,wired_gravity_14,30,gravity,2,undergraduate,partner,Yeah.,1,29,840,2
wired,wired_gravity_14,31,gravity,2,undergraduate,expert,So what do you think you walked away with? What do you think you learned from the conversation?,2,30,841,2
wired,wired_gravity_14,32,gravity,2,undergraduate,partner,"Well, I learned more about the intuitions behind the concept. Um, 'cause we already just do the problems, but sometimes you get lost in the math, but like speaking like this, it's really helps build my intuition.",2,31,842,2
wired,wired_gravity_14,33,gravity,2,undergraduate,expert,"Yeah, it does for me too. So thank you.",2,32,843,2
wired,wired_gravity_14,34,gravity,2,undergraduate,partner,Yeah.,1,33,844,2
wired,wired_gravity_15,1,gravity,3,graduate,expert,So you're getting your PhD in physics.,1,0,845,0
wired,wired_gravity_15,2,gravity,3,graduate,partner,"That's right. Theoretical high energy physics. Basically the physics of really, really small fundamental things.",3,1,846,0
wired,wired_gravity_15,3,gravity,3,graduate,expert,So what would that have to do with gravity or astrophysics?,1,2,847,0
wired,wired_gravity_15,4,gravity,3,graduate,partner,"Well, what I'm looking at is states of matter that might exist inside neutron stars. So when a star dies, if the star is massive enough, there's a huge explosion called a supernova, and the stuff that's left behind that doesn't get blown away collapses into a tiny compact blob called a neutron star.",2,3,848,0
wired,wired_gravity_15,5,gravity,3,graduate,expert,"So what I love about neutron stars personally,is that they're kind of city-sized Right.",2,4,849,0
wired,wired_gravity_15,6,gravity,3,graduate,partner,That's right.,1,5,850,0
wired,wired_gravity_15,7,gravity,3,graduate,expert,It's about the size of a city. So you're imagining something more than the mass of the sun.,2,6,851,0
wired,wired_gravity_15,8,gravity,3,graduate,partner,Yep. Or about the mass of the sun condensed to the size of a city. It's dense enough that one teaspoonful would weigh about a billion tons here on Earth.,3,7,852,0
wired,wired_gravity_15,9,gravity,3,graduate,expert,"Now, that makes the gravitational field incredibly strong, right, around the neutron star.",1,8,853,0
wired,wired_gravity_15,10,gravity,3,graduate,partner,That's right.,1,9,854,0
wired,wired_gravity_15,11,gravity,3,graduate,expert,So what would happen if we were on a neutron star? Because of gravity?,2,10,855,0
wired,wired_gravity_15,12,gravity,3,graduate,partner,"We would, we would immediately be crushed into the ground. I think our bodies would be shred into their subatomic particles.",2,11,856,0
wired,wired_gravity_15,13,gravity,3,graduate,expert,So what's the connection between neutron stars and black holes?,1,12,857,0
wired,wired_gravity_15,14,gravity,3,graduate,partner,"So as I understand it, a black hole is sort of like a neutron star's big brother. It's more intense. If you have so much matter when a star is collapsing that it can't hold itself up, it collapses to a black hole. And those are so dense that spacetime breaks down in some way or another.",4,13,858,0
wired,wired_gravity_15,15,gravity,3,graduate,expert,"Black holes are so amazing that where the neutron star stops and there's something actually there, right? There's a material there. If it's so heavy it becomes a black hole, so it keeps falling. Once the event horizon of the black hole forms, which is the shadow, the curve that's so strong that not even light can escape, the material keeps falling. And like you said, maybe spacetime breaks down right at the center there. But whatever happens, the star is gone. That black hole is empty. So in a weird way a black hole is a place and not a thing.",8,14,859,0
wired,wired_gravity_15,16,gravity,3,graduate,partner,"So is there a sensible way to talk about what's inside a black hole or is that, should you think of it as there is no spacetime inside?",1,15,860,0
wired,wired_gravity_15,17,gravity,3,graduate,expert,"There isn't a sensible way to talk about it yet. And that probably means that's where Einstein's theory of gravity as a curved spacetime is beginning to break down. And we need to take the extra step of going to some kind of quantum theory of gravity. And we don't have that yet. So even though the black hole isn't completely understood, we do know that they form astronomically. That in the universe things like neutron stars form and things like black holes form. The consequences are very much speaking to this curved spacetime. So for instance, if two black holes orbit each other, they're like mallets on a drum. And they actually cause spacetime to ring. And it's very much part of gravitation, the ringing of spacetime itself. We call gravitational waves. And this was something Einstein thought about right away in 1915, 1916 he was thinking about that.",12,16,861,0
wired,wired_gravity_15,18,gravity,3,graduate,partner,Those waves are very exciting for me too because neutron stars orbiting each other also give off gravitational waves. And we might be able to get some data about neutron star material from that kind of signal.,2,17,862,1
wired,wired_gravity_15,19,gravity,3,graduate,expert,"Yes, they ring spacetime also like a drum. And you can record the sound of that ringing after a billion years when it's traveled through the universe. But then the next thing that happens is those neutron stars collide. And because of this incredibly high energy state of matter, which you study, it becomes this firework of different explosions. It's really quite spectacular.",5,18,863,1
wired,wired_gravity_15,20,gravity,3,graduate,partner,"That's right. In fact, when we recorded that for the first time with gravitational waves, we then pointed telescopes at it and were able to see it optically as well. And that gave scientists a lot of data.",3,19,864,1
wired,wired_gravity_15,21,gravity,3,graduate,expert,"Yeah, it was um, to my knowledge, the most widely studied astronomical event in the history of humanity.",1,20,865,1
wired,wired_gravity_15,22,gravity,3,graduate,partner,Wow.,1,21,866,1
wired,wired_gravity_15,23,gravity,3,graduate,expert,"So when the gravitational waves were recorded, and they realized, oh, this sounds like, you can reconstruct the shape and size of the mallets of the drum from the sound. This sounds like neutron stars colliding, not black holes. And so like you said, there was a trigger for satellites and experiments all over the world to point roughly in the direction that the sound was coming from. So from your point of view, I mean, they were like two superconducting giant magnets colliding. An experiment you could never do on Earth. That's just of the most tremendous scales and peculiarities of matter.",6,22,867,1
wired,wired_gravity_15,24,gravity,3,graduate,partner,"Absolutely, I've heard statistics like many Earth masses worth of gold were created, forged in the neutron star collision that caused that. We used to think that most elements in the universe were created in supernova, which is when stars explode. Because there’s so much violent activity at the center that you need that kind of energy to create new elements.",3,23,868,1
wired,wired_gravity_15,25,gravity,3,graduate,expert,The way you do in a bomb. It’s basically nuclear fusion.,2,24,869,1
wired,wired_gravity_15,26,gravity,3,graduate,partner,"Sure, but we now think that that kind of fusion happens when two neutron stars collide. If you think about it you have two massive blobs of neutrons. When you smush them together, you’ve got neutrons colliding. It creates the conditions where new elements can be created.",4,25,870,1
wired,wired_gravity_15,27,gravity,3,graduate,expert,"Yeah, it's amazing. It's literally populating the periodic table.",2,26,871,1
wired,wired_gravity_15,28,gravity,3,graduate,partner,"Yes, we now think that most of the heavy elements after some number are created in neutron star collisions.",1,27,872,1
wired,wired_gravity_15,29,gravity,3,graduate,expert,So you are already a PhD student. You know a lot about gravity. But what do you think you've taken away from this conversation?,3,28,873,1
wired,wired_gravity_15,30,gravity,3,graduate,partner,"Well, I've definitely taken away that the way that we think about gravity today is very different from how Newton thought about it. Um, and that even though we have a very good understanding, there's lots of things that we don't fully understand. There's still a lot of questions to be answered, which I think is really exciting.",3,29,874,1
wired,wired_gravity_15,31,gravity,3,graduate,expert,So you're a scientist. Isn't the best part being able to ask the questions?,2,30,875,1
wired,wired_gravity_15,32,gravity,3,graduate,partner,Oh yeah.,1,31,876,1
wired,wired_gravity_16,1,gravity,4,expert,expert,"So we've been talking about gravity from Newton and celestial bodies, the Earth, the moon, pulling on each other in the conventional sense of gravity being an attractive force, to the Earth creating curves in spacetime, then we moved on to just diffuse seas of energy and spacetime as the real universe and gravitation is really just talking about spacetime in general. And here we are, and you're really hardcore in theoretical physics. Where would you take the exposition of gravity from that point?",3,0,877,0
wired,wired_gravity_16,2,gravity,4,expert,partner,"Well, one thing is quantum mechanics.",1,1,878,0
wired,wired_gravity_16,3,gravity,4,expert,expert,Mhm.,1,2,879,0
wired,wired_gravity_16,4,gravity,4,expert,partner,Quantum mechanics is the most successful theory in the history of science. It explains the most different phenomena the most precisely. Yet many people would still say we don't understand even the basics of it.,3,3,880,0
wired,wired_gravity_16,5,gravity,4,expert,expert,"So when we think about quantum mechanics, we think about particles and their quantum charges. And in the Feynman way, the way that Feynman taught us, you know they come in and they exchange a force carrier and then they come out again. So that's how we think of an electron and light scattering for instance. And the language that Einstein gave us is so different. It's completely geometric. It's all of this spacetime. And it's also unnecessary.",7,4,881,0
wired,wired_gravity_16,6,gravity,4,expert,partner,"Yeah, for me the beauty of the theory of gravity is the way Einstein formulated it as a theory of geometry. Of curved space and time. I think like you, that's one of the things that really pulled me into it.",3,5,882,0
wired,wired_gravity_16,7,gravity,4,expert,expert,Is there really spacetime or are we just using unnecessary language because it's elegant and we like it and it's beautiful?,1,6,883,0
wired,wired_gravity_16,8,gravity,4,expert,partner,"Well, I think there is really spacetime in the sense that it it's a description that works really well. So there has to be something right about it. But if we're going to talk about what's really, really underlying that, and we're going to put quantum mechanics into the mix, then there should be some quantum mechanical wave function for spacetime. You should be able to take two different spacetimes and add them together 'cause one of the crazy things about quantum mechanics as you know is",4,7,884,0
wired,wired_gravity_16,9,gravity,4,expert,expert,You can have waves together.,1,8,885,0
wired,wired_gravity_16,10,gravity,4,expert,partner,"Yeah. Any two states, any two possible states of the world. You can just literally put a plus sign between them and that's a that's a sensible state. That's a good state that makes sense.",4,9,886,0
wired,wired_gravity_16,11,gravity,4,expert,expert,"So do you think that there's some sense in which we shouldn't be thinking about individual universes, individual spacetimes, but we should be thinking about superpositions of spacetimes?",1,10,887,0
wired,wired_gravity_16,12,gravity,4,expert,partner,"Yeah, I think so. I think if you were to go far enough back in the history of the universe, back to when it was very, very dense, very small and when quantum mechanics was certainly important, then it must have been like that. I mean, if we believe the the dominant standard model of cosmology, something had to produce the density perturbations, the things that seated all the galaxies and stars and us, everything else in the world. So there's a galaxy over there, let's say and not over there.",4,11,888,0
wired,wired_gravity_16,13,gravity,4,expert,expert,Mhm.,1,12,889,0
wired,wired_gravity_16,14,gravity,4,expert,partner,"So how did that happen? Why is there a galaxy there and not there? In the standard theory as you know, that was a quantum event, a random event.",3,13,890,0
wired,wired_gravity_16,15,gravity,4,expert,expert,Yeah.,1,14,891,0
wired,wired_gravity_16,16,gravity,4,expert,partner,And that doesn't mean that it happened there and not there 'cause you flipped the coin. It actually happened in both places. There's got to be a wave function where in one branch of the wave function there's a galaxy there and not there and in the other branch it's the opposite.,3,15,892,0
wired,wired_gravity_16,17,gravity,4,expert,expert,"So when we're talking about the multiverse or the Big Bang, we are really talking about gravity ultimately. And we're talking about how our theory of gravitation, which we now think of as a theory of spacetime, has a quantum explanation, has a quantum paradigm imposed on it that will help us understand these things and we don't have that yet. One of the things that I think is so amazing is that the terrains in which we're going to understand quantum gravity are very few, right? It's the Big Bang because that's where we know that quantum and gravity both were called into action. And there's black holes. One of the most interesting discoveries, of course, Hawking's discovery kickstarted a kind of crisis, right? In thinking about why quantum mechanics and gravity were so knocking heads. It was one of the most beautiful examples.",8,16,893,0
wired,wired_gravity_16,18,gravity,4,expert,partner,"Sure, yeah. It is a beautiful, beautiful idea. So first of all, to be totally clear though, we've never observed Hawking radiation, which is what he predicted directly. I don't think very many people doubt that it's there. But yeah, Hawking discovered mathematically that when you have a black hole, it's got an event horizon, it's got a surface which is a point of no return. If you fall through that surface, no matter what you have, no matter how powerful of a rocket you've got, even if you beam a flashlight back behind you in the direction you fell from, nothing escapes, not even light. It all gets sucked in and spaghetified and destroyed at the singularity or something something happens. But it doesn't get out. But in quantum mechanics, you can't really pin down the location of something precisely. If you try to pin down an electron in a tiny circuit and a microchip, sometimes you discover that it's not actually there and then your computer crashes.",10,17,894,0
wired,wired_gravity_16,19,gravity,4,expert,expert,This is the Heisenberg uncertainty principle in reality. You can't precisely say where the electron is and you can't precisely say how quickly it's moving.,2,18,895,0
wired,wired_gravity_16,20,gravity,4,expert,partner,"Exactly, yeah. So when you get the blue screen of death, that might be because of quantum mechanics.",2,19,896,0
wired,wired_gravity_16,21,gravity,4,expert,expert,Right.,1,20,897,0
wired,wired_gravity_16,22,gravity,4,expert,partner,"You know, you try to pin something down near a black hole. Well, it's a surface. It's got a particular radius for around black hole. And you want to say something is inside or outside it. Well, you can't absolutely say that quantum mechanically. And this kind of uncertainty produces a radiation, which you can think of as pulling some of the energy out of the black hole. The black hole is formed out of some mass and there's an energy in that mass. You can think of pulling some energy out of that and sending it off to infinity in the form of particles being emitted. And what Hawking found is that it's a thermal spectrum. It looks like a hot or not so hot for a large black hole, but like an oven, the kind of radiation that comes out of a cast iron.",10,21,898,0
wired,wired_gravity_16,23,gravity,4,expert,expert,"This idea that the darkest phenomenon in the universe actually is forced to radiate quantum particles is pretty wild. I think everyone understood that the that it was a correct calculation, but I don't think a lot of people understood the implications that it meant something really terrible is happening because this black hole, which could have been made of who knows what, is disappearing into these quantum particles, which in some sense have nothing to do with the material that went in. So do you think that's a big crisis? The black hole evaporates, the information is lost?",4,22,899,0
wired,wired_gravity_16,24,gravity,4,expert,partner,"It's a crisis because of some of the details of it. But I would say the way you just described it, if I build a big bonfire or an incinerator, and I throw an encyclopedia into it, good luck reconstructing what was in that encyclopedia. The information is lost for all practical purposes.",3,23,900,0
wired,wired_gravity_16,25,gravity,4,expert,expert,"Practical purposes. So this is a huge crisis because either quantum mechanics is wrong, and as you described, it's the most accurately tested paradigm in the history of physics. How could it be wrong? Right? Or the event horizon is letting information out and violating one of the most sacred principles of relativity.",5,24,901,0
wired,wired_gravity_16,26,gravity,4,expert,partner,"One thing about quantum mechanics is that any time you have a state of the world and another state of the world, you can literally add them together and get a third possible state, as crazy as that sounds. Then there should be some quantum mechanical wave function for spacetime. And so if you're gonna have a quantum theory of gravity, then we can't really talk about there being a black hole or not a black hole, or an event horizon or not an event horizon, because we could always have a state that had an event horizon and a state that doesn't, or has the event horizon in a slightly different position, maybe, and add them together. So the existence or position of an event horizon can't possibly be determined as a fact any more than the position of an electron is determined. So I think that's the loophole.",5,25,902,0
wired,wired_gravity_16,27,gravity,4,expert,expert,That's a nice way of looking at it. So that you're not actually violating classical relativity once you're in a regime where the wave function has really peaked around a very well-defined state.,2,26,903,0
wired,wired_gravity_16,28,gravity,4,expert,partner,"That's right, and one of the most exciting developments in the last ten or twenty years is called holography, and it's called holography because a hologram is a two-dimensional surface that creates a three-dimensional image. It's got sort of three-dimensional information built into it. And this, in a fundamental way, really has that three-dimensional or higher-dimensional information built into it. It's exactly the same as this theory of gravity and more dimensions.",4,27,904,0
wired,wired_gravity_16,29,gravity,4,expert,expert,"Yes, so one of the things I like to think of with holography is that I can pack a certain amount of information in a black hole. I mean, you can literally think of it as throwing things into it. So let's say I have information in some volume and I'm under the illusion that I can just keep packing information in that volume, as much as the volume will contain. Eventually I'll make a black hole and I'll find out that the maximum amount of information I can pack into anything in the entire universe is what I can pack on the area. And since area is projecting the illusion, maybe, of volume, maybe the whole world is just a hologram. It's not a principle that only applies to black holes. It's saying that if this theory of quantum gravity is correct, then this whole three-dimensionality is an utter illusion and really the universe is two-dimensional. That's crazy.",8,28,905,0
wired,wired_gravity_16,30,gravity,4,expert,partner,"That's true. And as practically speaking, you mentioned before in our conversation that it's really interesting that the Heisenberg uncertainty principle is a practical limit now in microchips. If we make microchips much smaller than they already are, even as they already are, it causes errors, because you don't know where the electron is. If holography, if this limit on how much information you can ever pack, if that ever becomes a limit, as far as we know that's an absolute limit. We started off with clay tablets, not so much information per cubic centimeter or whatever. Then we had written stuff that's getting better, encyclopedias with thin paper that's even better, CDs.",6,29,906,0
wired,wired_gravity_16,31,gravity,4,expert,expert,"A smaller and smaller space, trying to pack it denser and denser, until eventually we make a black hole.",1,30,907,0
wired,wired_gravity_16,32,gravity,4,expert,partner,"Yeah, at some point you try to fill up your encyclopedia with knowledge and you get swallowed up by a black hole.",1,31,908,0
wired,wired_gravity_16,33,gravity,4,expert,expert,"Right, exactly. And the most knowledge you could ever have would only be on a two-dimensional surface.",2,32,909,0
wired,wired_gravity_16,34,gravity,4,expert,partner,"Right, and as big as the universe, and then you're done. So, you know, not likely that we're ever gonna hit that limit any time soon.",2,33,910,0
wired,wired_gravity_16,35,gravity,4,expert,expert,"Do you think it's possible that gravity is really ultimately just quantum mechanics and doesn't exist at all in the fundamental ways that we've been talking about so far, like the Newtonian way and the space-time way, that those are just these kind of macroscopic illusions? Sometimes I talk about it in terms of temperature. Temperature is not a thing. There is no single thing called temperature. It's a macroscopic illusion that comes from the collective behavior, really quantum behavior, of random motions of atoms. And is it possible that the whole of gravity is some kind of emergent illusion from what's really quantum phenomenon underlying it?",6,34,911,0
wired,wired_gravity_16,36,gravity,4,expert,partner,"If we buy the idea of holography, then absolutely, that's for sure, that's what it's telling us. Although which side is the illusion and which side is the reality? They're the same.",3,35,912,0
wired,wired_gravity_16,37,gravity,4,expert,expert,"I mean, temperature is still great to talk about. It doesn't mean we shouldn't talk about temperature. We should absolutely adjust our thermostats and talk about temperature. But if we look at it closer and closer and closer, we realize there's not a thing in the world that has as a quantum value temperature, isolated. And so maybe there is no such thing as gravity isolated from quantum mechanics.",5,36,913,0
wired,wired_gravity_16,38,gravity,4,expert,partner,"Right, so I guess with the holographic description we've got two sides, which are actually secretly the same. On one side there's definitely no gravity. On the other side, well, it's a quantum theory of gravity, whatever that means. But the point is you can get it out, it's equivalent to this theory.",4,37,914,0
wired,wired_gravity_16,39,gravity,4,expert,expert,"So that's just like saying there's the idea of a dual description. It's just saying there's a perfect dictionary between these two descriptions, and so to belabor which one's real is silly. It's like saying, is French or is English real?",3,38,915,0
wired,wired_gravity_16,40,gravity,4,expert,partner,"Yeah, an example I like to give is if you take some extra dimensions and you compactify them, let's say just one, all that is, it's exactly equivalent to whatever particles you had, whatever fields you had in your original theory before you added it. You just added an infinite tower of new particles with certain properties that are all easy to calculate. For me, it's a question of which description is most useful. I mean, if you want to say gravity is an illusion and it's all quantum, that's great, but then you fall down the stairs and bang your head. It's sort of like there's a description that works pretty well.",5,39,916,0
wired,wired_gravity_16,41,gravity,4,expert,expert,"Yeah, you don't go to the doctor and say, Heisenberg's uncertainty principle caused a series of fluctuations.",1,40,917,0
wired,wired_gravity_16,42,gravity,4,expert,partner,"Right, would you help me? So there's so many open questions. The fact that there are all these fundamental issues that we really don't understand. But on the other hand, there's all these moving parts that fit together so neatly. There's definitely something that's working here. But ultimately what is gonna emerge from that, what structure is lying under it, we just don't know. But I think the fact that there are so many fundamental questions that we just don't know the answer to, that is an opportunity, that's exciting, it's great.",7,41,918,0
wired,wired_hacking_12,1,hacking,0,child,expert,Do you know what computer hacking is?,1,0,919,0
wired,wired_hacking_12,2,hacking,0,child,partner,"It's bad. Like, I'm going into someone's personal account or account, changing some stuff or just stealing some information or your money.",2,1,920,0
wired,wired_hacking_12,3,hacking,0,child,expert,"Yeah, it's crazy. They're really a lot of bad or malicious hackers out there who are doing just that. They're going into people's accounts and they're stealing money, but there's also another side of computer hacking where there are people who are trying to learn how those bad hackers are actually breaking in to the bank accounts.",3,2,921,0
wired,wired_hacking_12,4,hacking,0,child,partner,"Do they, like, return the money? Like, give them their money or something like that?",2,3,922,0
wired,wired_hacking_12,5,hacking,0,child,expert,What they're trying to do is they're trying to even prevent the bad hackers from getting in in the first place.,1,4,923,0
wired,wired_hacking_12,6,hacking,0,child,partner,So they put like a protection account or something.,1,5,924,0
wired,wired_hacking_12,7,hacking,0,child,expert,"Yeah, exactly. They're looking for ways that they can create protection. It's kind of like the lock on your front door. That lock is to essentially prevent bad people from coming in or people accidentally coming in when they shouldn't. A hacker is essentially looking at a way, how can I get into this lock? But then there are the good ones who are trying to unlock it so that they can tell the company that made the lock, hey, we can actually protect people by making the lock a little harder.",6,6,925,0
wired,wired_hacking_12,8,hacking,0,child,partner,What would they do about the people and the broken lock?,1,7,926,0
wired,wired_hacking_12,9,hacking,0,child,expert,"In many cases, they'll send them a new lock. So it's an upgraded, better version. Sometimes that's new features, but sometimes that's bug fixes and ways to protect you as well.",3,8,927,0
wired,wired_hacking_12,10,hacking,0,child,partner,"But like, they may get arrested because they might get mistaken.",1,9,928,0
wired,wired_hacking_12,11,hacking,0,child,expert,"That's a very good point. You should definitely make sure that you're obeying the law. They might work with the lock company and say, ""I'm trying to improve your product."" And they're trying to find these holes or problems, and then share that with the company. Even though the good hacker is doing exactly the same thing as the bad hacker, it's the same exact skillset, and you're using the same exact techniques and information to try to break that lock, but your goal as a good hacker is really to help everyone like you and me to make sure that our stuff is protected. So hopefully they don't get in trouble because they're the good guys.",6,10,929,0
wired,wired_hacking_12,12,hacking,0,child,partner,"When did you start doing, like, the good hacking?",1,11,930,1
wired,wired_hacking_12,13,hacking,0,child,expert,I started doing the good hacking when I turned nine years old.,1,12,931,1
wired,wired_hacking_12,14,hacking,0,child,partner,Wow.,1,13,932,1
wired,wired_hacking_12,15,hacking,0,child,expert,"I started going on the computer and playing video games, but I had some ideas of my own, and that's where I started to learn how to hack. I wanted to play with my friends on this video game and just change the way that things look.",2,14,933,1
wired,wired_hacking_12,16,hacking,0,child,partner,"But that would be kinda bad, because maybe the creator did it for a reason.",1,15,934,1
wired,wired_hacking_12,17,hacking,0,child,expert,"That's entirely possible. They may have done it for a reason, but you may have come up with a really good idea that, do you think there are other people who might like the idea that you came up with?",2,16,935,1
wired,wired_hacking_12,18,hacking,0,child,partner,Yeah.,1,17,936,1
wired,wired_hacking_12,19,hacking,0,child,expert,"When you have creative ideas like that, hacking can actually allow you to change the way a system works, and that means you can change a game and how the game is played, and then you can share that with your friends and other people who like that game. Once I started learning how to do it, I found that, things that were harder for me, I could make easier.",2,18,937,1
wired,wired_hacking_12,20,hacking,0,child,partner,Did your parents approve of it?,1,19,938,1
wired,wired_hacking_12,21,hacking,0,child,expert,"I don't think my parents knew, but when my parents found out that I was doing it for good, I think they were happy.",1,20,939,1
wired,wired_hacking_13,1,hacking,1,teenager,expert,Do you do anything with computers or any coding?,1,0,940,0
wired,wired_hacking_13,2,hacking,1,teenager,partner,"I like to play coding games, and I like to go on code.org, and they have a variety of games for different ages. So like, I really like to do that. For example, like the game Flappy Bird, it's like puzzle pieces, so they would tell you to connect something and then you would play the game and then you could see what you connected.",3,1,941,0
wired,wired_hacking_13,3,hacking,1,teenager,expert,"Interesting, so it's like a graphical interface where you can connect different pieces together. Kinda like wire them together.",2,2,942,0
wired,wired_hacking_13,4,hacking,1,teenager,partner,Yeah.,1,3,943,0
wired,wired_hacking_13,5,hacking,1,teenager,expert,"Oh, that's pretty cool. What do you know about computer hacking?",2,4,944,0
wired,wired_hacking_13,6,hacking,1,teenager,partner,I don't really know much about computer hacking actually.,1,5,945,0
wired,wired_hacking_13,7,hacking,1,teenager,expert,"So on code.org, one of the things you've been doing is actually building a game or that they have a game and then you can actually rewire some of the inputs and outputs of that. Is that right?",2,6,946,0
wired,wired_hacking_13,8,hacking,1,teenager,partner,Yeah.,1,7,947,0
wired,wired_hacking_13,9,hacking,1,teenager,expert,"Okay. With computer hacking, it's actually the same thing. Really, you have some sort of system and you have a bunch of inputs and you have some sort of output, and actually you, as the designer, you're essentially designing games and software. You're saying, well, I will only allow a user to really control these inputs. Can you think of any inputs the computer might have?",5,8,948,0
wired,wired_hacking_13,10,hacking,1,teenager,partner,Space bar.,1,9,949,0
wired,wired_hacking_13,11,hacking,1,teenager,expert,"Yep, there's also things like your mouse and there's even things like the microphone itself is actually an input device. It's taking something from you, which is the sound and it's then transmitting that, and it's actually sending it to me. Are there any other things that you can talk to a computer? You can give it information.",4,10,950,0
wired,wired_hacking_13,12,hacking,1,teenager,partner,Camera.,1,11,951,0
wired,wired_hacking_13,13,hacking,1,teenager,expert,"That's absolutely another input that exists on your computer. That's how I try to think of things is there's just a bunch of inputs. Often, if you're trying to break something or hack something, you're really saying, okay, how can I control these inputs in a way that wasn't necessarily expected?",3,12,952,0
wired,wired_hacking_13,14,hacking,1,teenager,partner,What inputs would you normally use to hack?,1,13,953,0
wired,wired_hacking_13,15,hacking,1,teenager,expert,"Typically, it's going to be something like the keyboard, right? I'm just going to be typing keystrokes to be talking to some piece of software or hardware, but other times it can be other things like even the temperature of a computer can actually affect how the computer operates, and it might be advantageous to me to cool down the computer and actually slow down the movement of electrons in something like memory, so that if a computer shuts off, it stores something that was in memory like a password and stores it for a long enough time that I might be able to actually extract it through some other methods.",2,14,954,0
wired,wired_hacking_13,16,hacking,1,teenager,partner,How long does it take to get in?,1,15,955,0
wired,wired_hacking_13,17,hacking,1,teenager,expert,"It just depends what you're trying to do. In some cases, it could literally be seconds because you already know how the system works, and other times, it could be years. So what have you learned about hacking?",3,16,956,0
wired,wired_hacking_13,18,hacking,1,teenager,partner,I think hacking is actually really interesting. There's different languages to hack in. I've also learned that a lot of things could be hacked that you don't necessarily think that can be hacked.,3,17,957,0
wired,wired_hacking_14,1,hacking,2,undergraduate,expert,Have you started studying cybersecurity?,1,0,958,0
wired,wired_hacking_14,2,hacking,2,undergraduate,partner,"I started this year, I took my first course, so haven't gone too deep into it, but we got a basic idea of, like, basics of information and network security. We learned about how networks are set up, like the different types of topologies, like Star and Mesh, and also how networks are designed with different levels of security.",2,1,959,0
wired,wired_hacking_14,3,hacking,2,undergraduate,expert,Have you heard of the breach of Target where they were breached many years ago and their point of sale systems were hacked?,1,2,960,0
wired,wired_hacking_14,4,hacking,2,undergraduate,partner,"Yes, I heard about that.",1,3,961,0
wired,wired_hacking_14,5,hacking,2,undergraduate,expert,"So where people are swiping credit cards, those credit card numbers were stolen. They hired a company to come in and perform a penetration test to see, can the good guys essentially break in again to prevent this sort of thing in the future? And when this team came in, they found they actually were able to get pretty much to the same point of sale system, and the way they did that was by exploiting an internet-connected deli meat scale. Once the company was able to essentially get into the deli scale, because the deli scale was on the internal network, then they were able to really escalate privilege and find a vulnerability within another system. Essentially, that just got them into the network. and once you're in the network, it's often really easy to then escalate from there.",6,4,962,0
wired,wired_hacking_14,6,hacking,2,undergraduate,partner,"I've heard about similar attacks in hospitals using hospital equipment, but I'm surprised that something as simple as a meat scale would have been used in such an attack. We discussed it in class as how hackers look at some of the weakest links in these large networks and use those to tap into networks.",2,5,963,0
wired,wired_hacking_14,7,hacking,2,undergraduate,expert,"Yeah, that's another interesting concept. It's really just different layers that we have for protection, because often when you're talking about something like a corporate network, or even your home network, you typically have sort of one level of defense, right? If someone can break that or it can get in through some other system that is connected or exposes some other protocol, like Bluetooth, right? You can connect to a Bluetooth device without being on the wireless network, without being on the LAN. That potentially gives you another place that you can pivot on and then access other devices, because if something has both Bluetooth and also Wi-Fi, well, if you can get in through Bluetooth, then you can then access the Wi-Fi and get to other devices on the network. Are you familiar with buffer overflows?",6,6,964,0
wired,wired_hacking_14,8,hacking,2,undergraduate,partner,"No, I am not familiar with that.",1,7,965,0
wired,wired_hacking_14,9,hacking,2,undergraduate,expert,"If we were to write a program that asked for your name and you typed in your name, but before you could type in your name, in a low leveling, which is like C or C++, you'd have to allocate some memory. So you might allocate a buffer of a hundred bytes because whose name is going to be longer than a hundred bytes or a hundred character? But what happens if you were to not really check that they limited to a hundred bytes? Do you know what happens if they essentially start typing over that hundred bytes?",4,8,966,0
wired,wired_hacking_14,10,hacking,2,undergraduate,partner,"In that case, it would be an error for accessing invalid memory.",1,9,967,0
wired,wired_hacking_14,11,hacking,2,undergraduate,expert,"Absolutely, you would essentially cause a segmentation fault.",1,10,968,0
wired,wired_hacking_14,12,hacking,2,undergraduate,partner,Yeah.,1,11,969,0
wired,wired_hacking_14,13,hacking,2,undergraduate,expert,"But what's really cool about that is, when you're going into memory, you're starting to cross over that boundary of that hundred byte allocation, and now you're starting to write over additional memory. That other memory is really important stuff. So you have your name, the hundred bytes there, and then right next to your name is the return address, and that's the address that the code is gonna execute and it's going to return to after that function is done, and it's going to jump to that address, but after you type your hundred bytes, the next few bytes that you type, you're actually going to overwrite that return address. So that return address could essentially be another address in memory. So what you end up doing is you type a name and it's not really a name, it's really just code. And that code, you keep typing until you get to the return address, and you start typing an address, which is really the beginning of your name and your computer or your processor is actually going to read that address and it will jump back to the beginning and then execute that payload. So that was sort of the very first thing that I think was super exciting to me when I started learning about really reverse engineering.",7,12,970,0
wired,wired_hacking_14,14,hacking,2,undergraduate,partner,So how does the buffer overloading relate to what you are doing in terms of network security or designing software for penetration testing?,1,13,971,0
wired,wired_hacking_14,15,hacking,2,undergraduate,expert,"Ever since buffer overflow started many years ago, there been a lot of protection mechanisms built to make it difficult to exploit. More and more, we're actually using smaller and smaller computers with smaller amounts of compute power. If you take a car, you have hundreds of microcontrollers that are all running there. So they don't really have a sophisticated operating system that can try to prevent attacks like buffer overflows. So how do we keep these low cost computers in here while adding layers of protection to prevent malice and these types of attacks? Sometimes it actually is, how can we write software or how can we build a system that prevents these types of attacks from entering? But oftentimes, it's really looking for how can we find new attacks that we haven't even necessarily thought of? What got you interested in computer science and information security?",8,14,972,0
wired,wired_hacking_14,16,hacking,2,undergraduate,partner,"I got interested in cybersecurity because I'm really into global affairs, global politics, and you often hear in the news about the rising power of China, the rising power of Iran. I enjoy how interdisciplinary computer science is. Like, nowadays there's so much going on in the world of computers and that's what fascinated me.",3,15,973,0
wired,wired_hacking_14,17,hacking,2,undergraduate,expert,"You brought up China and Iran, and something that's interesting about those areas is really censorship, right? They have essentially censored internet. In the US, we have a really interesting internal struggle here where we actually have government agencies like the state department that are funding software to evade censorship, like Tor and other mechanisms. While then we also have an internal struggle where we have other organizations like the NSA who are specifically looking to break that exact same system that the US government is also funding.",4,16,974,0
wired,wired_hacking_14,18,hacking,2,undergraduate,partner,"There are a lot of ethical questions about whether we should be intervening in other countries, but it's pretty interesting that two different agencies of the government are actually working on contrasting technology. I can actually understand that because if we are creating a technology that we are going to deploy somewhere else, we should know its limitations. We should know how to control it.",3,17,975,0
wired,wired_hacking_14,19,hacking,2,undergraduate,expert,"It's good for us to understand how these systems can really break down. Although, I think one thing that I see is that some of, let's say, the organizations that are looking to break this are not necessarily going to share once they actually learn that information. They might actually sort of hold that in their back pocket and use it when it's advantageous to them.",3,18,976,0
wired,wired_hacking_15,1,hacking,3,graduate,expert,What kind of projects are you working on?,1,0,977,0
wired,wired_hacking_15,2,hacking,3,graduate,partner,"This is the end of my first year. I'm a PhD student at NYU Tandon School of Engineering. I'm studying security systems and operating systems. So, security for operating systems. I've been mostly working on a project that limits executables' exposure to bugs in the kernel. It's run by professor Justin Cappos there. He found that the majority of bugs that occur in the Linux kernel happen when you're doing things that people don't do that often, the programs don't do that often. So designing a runtime environment that lets you limit what a certain program has access to, but also the things that it does have access to is also limited to those popular paths in the kernel. So it can't access areas that aren't under more scrutiny.",9,1,978,0
wired,wired_hacking_15,3,hacking,3,graduate,expert,"So essentially it's a really, definitely a stripped down operating system, or I guess it's a virtual machine.",1,2,979,0
wired,wired_hacking_15,4,hacking,3,graduate,partner,"Basically, we're creating a user space operating system.",1,3,980,0
wired,wired_hacking_15,5,hacking,3,graduate,expert,Have you done any work in side channel analysis?,1,4,981,0
wired,wired_hacking_15,6,hacking,3,graduate,partner,"Like, a little bit. I read the Rowhammer paper. I found it really interesting, but it's nothing that I've actually worked with.",3,5,982,0
wired,wired_hacking_15,7,hacking,3,graduate,expert,"So the side channel analysis is really looking not at a vulnerability within a system, but really unintended consequences of what the system is built on. A very simple example of a side channel is putting your ear to the ground to hear if there are horses coming towards you, and the same thing applies to technology. So you can have something like a CPU, it's executing instructions, certain instructions that use a little bit more power, and power is reserved in these capacitors, which are like tiny batteries next to your CPU. And as they're pulling power, there's something in physics called the electrostrictive effect where the capacitor will move in a very, very tiny amount. And then although we can't hear it, the microphone on a mobile device can actually listen to that. If you then listen to that and you say, oh, I see a pattern here, and you can go all the way down and then extract and reveal the full password, the full key, even though it could be argued that the algorithm itself, there's no problem with it.",6,6,983,0
wired,wired_hacking_15,8,hacking,3,graduate,partner,"So all memory devices are just, it's just a bunch of gates and they're in rows. They basically all hold different pieces of memory. That's all the gates are. Either they're turned on or they're turned off. So what Rowhammer found was they tested a bunch of different memory devices and found that by doing a certain order of storing things, and then pulling that information back in a certain way in one place would actually flip gates in a different place. So you could actually do a bunch of things to a piece of memory that had nothing to do with something that may be critical in a different place and actually change its contents, and that obviously exposes all sorts of security issues, because that's very hard to predict.",6,7,984,0
wired,wired_hacking_15,9,hacking,3,graduate,expert,"Yeah, I suppose the physical adjacency of the underlying transistors and capacitors that are holding that storage. That's crazy. I think the first time I heard of an interesting attack like that was learning about the cold boot attack. Being able to, you know, someone enters their password on their computer and that decrypts their hard drive and then they walk away. Being able to extract that password is really difficult. If I can pull that memory chip out and extract that memory, put it in my own device, except the problem is memory is volatile, so it'll erase as soon as I pull it out. You can take something like canned air, turn it upside down, cool that computer, make it real nice and cool. Then you have a minute or two to pull out the memory, put into your own device, extract the memory, and then you're good. It's such a simple method to really extract something kind of critical. Like Rowhammer, it's such a low level of vulnerability and you could argue that it's not necessarily a vulnerability in the architecture itself, but rather exploitation of physics at that point.",10,8,985,0
wired,wired_hacking_15,10,hacking,3,graduate,partner,"I've spent a decent amount of time with this stuff, and in my mind, a lot of that is a nightmare. Over the last year while I was doing some other stuff, I actually designed some microcontroller boards for a company that was doing stuff with, like, a smart watering project. The problems with updating is just, like, that scares me the most. Like, people don't update their own stuff, let alone these, like, devices.",4,9,986,1
wired,wired_hacking_15,11,hacking,3,graduate,expert,I keep forgetting to update my fridge.,1,10,987,1
wired,wired_hacking_15,12,hacking,3,graduate,partner,I find myself trying to shy away from owning like smart things.,1,11,988,1
wired,wired_hacking_15,13,hacking,3,graduate,expert,"That's pretty challenging if you want to use wireless, right? If you wanna use a wireless router.",2,12,989,1
wired,wired_hacking_15,14,hacking,3,graduate,partner,"Yeah, I mean, there's obviously essentials, but yeah, no matter what, you can't really avoid any of this.",1,13,990,1
wired,wired_hacking_15,15,hacking,3,graduate,expert,"The risk right now, just during this quarantine, is actually massive now that we think about it, because you might have these legacy systems. You know, they were built 20, 30 years ago, and it's too costly to upgrade, but now you can't actually have a lot of people in a single location, so potentially, they actually do have to now add some sort of remote capabilities to these systems that were never meant to be on the internet. Have you ever had any ethical concerns with the stuff you're interested in or the work you do?",3,14,991,1
wired,wired_hacking_15,16,hacking,3,graduate,partner,"Oh yeah, for sure. When people find vulnerabilities, I think it's their duty to release those to the public.",2,15,992,1
wired,wired_hacking_15,17,hacking,3,graduate,expert,"Especially now that we're seeing more and more companies who are trying to make it illegal for you to inspect the vehicle that you've purchased, right? Something that you actually own.",2,16,993,1
wired,wired_hacking_15,18,hacking,3,graduate,partner,"Yeah, I think that's nuts. I'm firmly against that for sure.",2,17,994,1
wired,wired_hacking_15,19,hacking,3,graduate,expert,"What if it were illegal? Would you then do it? Fortunately it's not today, right? It hasn't been, you know, despite their attempts, none of that has been passed, but if you had a vehicle and you wanted to inspect it, but all of a sudden, it passed, I mean.",4,18,995,1
wired,wired_hacking_15,20,hacking,3,graduate,partner,"I don't know, probably, yeah. I don't think that's hurting anyone,",2,19,996,1
wired,wired_hacking_15,21,hacking,3,graduate,expert,"But the laws don't always equate to hurting anyone. I ethically think similar to you in that, you know, what is moral to me is as long as I'm not intentionally hurting others, right?",2,20,997,1
wired,wired_hacking_15,22,hacking,3,graduate,partner,Yeah. I think we see every day that ethics and the laws aren't necessarily the same thing all the time.,2,21,998,1
wired,wired_hacking_16,1,hacking,4,expert,expert,"Hey Colin, we already know each other, but why don't you introduce yourself for the people watching?",1,0,999,0
wired,wired_hacking_16,2,hacking,4,expert,partner,"Hi, I'm Colin O'Flynn. I live in Halifax, Nova Scotia, Canada. I do hardware hacking both in academia at Dalhousie University, and in industry at my startup, NewAE Technology.",3,1,1000,0
wired,wired_hacking_16,3,hacking,4,expert,expert,"What have you been up to? And yeah, what are you working on?",2,2,1001,0
wired,wired_hacking_16,4,hacking,4,expert,partner,"Lately I've been doing, you know, always a little bit of side channel analysis. So what I really do, you know, is all hardware layer. So I've been looking, you know, at some various devices lately, at how susceptible they are to fault attacks, what that sort of means in real life. You know, not just purely the research side, but also how much should you care about it.",4,3,1002,0
wired,wired_hacking_16,5,hacking,4,expert,expert,"Maybe a mutual acquaintance of ours, Jasper gave a example of fault injection, and I like to use that as, when I'm trying to explain fault injection, he shows a pinball machine and the pinball machine, obviously the two inputs are the two plungers when you're playing a pinball machine, but fault injection, you can tilt the entire pinball machine, right? You're just introducing some external variable that's outside of the traditional inputs that you're used to and you've now controlled the environment in a advantageous way to the user or the player. Can you give an example of some type of fault injection that you're doing or working on?",3,4,1003,0
wired,wired_hacking_16,6,hacking,4,expert,partner,"One of them was looking at, like, a little hardware Bitcoin wallet, and you could use fault injection to actually recover secrets from it, and a lot of devices. I mean, the whole idea is pretty cool, right? Because you tell the device, Hey, I want to authenticate, and it's supposed to run some really crazy math that authenticates it, but instead of doing that crazy math and attacking the math, you just attack the check at the end.",3,5,1004,0
wired,wired_hacking_16,7,hacking,4,expert,expert,"We're also scratching the surface of, like, what is possible? It's not necessarily just the system itself and not necessarily that algorithm itself. Like you said, you don't necessarily need to attack the math in some cases. You can just attack that check. And I think something that's been pretty cool is looking at higher energy particles. It's going to be maybe hard to entirely confirm, but I think it'd be really, really cool to actually see. Like, I want to see one of these faults because I haven't seen it myself. And also, how do you know that you've seen it? I've started playing with, like, setting up a cloud chamber. A cloud chamber lets you actually view high energy particles going through sort of like in a small jar with some evaporated alcohol. And I thought it'd be really cool if we put some memory chip in there, like a basic memory chip and we just fill it with some data, but then you put a camera on that area and you just watch. Assuming that there is a high energy particle that actually hits that memory, that should potentially flip the energy state of that bit. The outside microcontrollers should be able to read that and actually say, Oh wait, the data changed, even though I'm not changing data, I'm only reading data, and we should be able to visibly or optically see it. What I'm wondering is could that be a next area of research? Because I don't think anyone's actually looking at intentionally injecting high energy particles to take over a computer, when really, you know, that's another technique for fault injection, technically speaking.",15,6,1005,0
wired,wired_hacking_16,8,hacking,4,expert,partner,"This was actually tied into something recently I was looking at, which was, you know, flipping flash and EPROM memory.",1,7,1006,0
wired,wired_hacking_16,9,hacking,4,expert,expert,You mean flipping bits within flash?,1,8,1007,0
wired,wired_hacking_16,10,hacking,4,expert,partner,"Yeah, exactly, right. So flipping it in this sort of flash memory. And so someone's done it with x-rays. There's actually, I forget who now. There's a paper, at least one, and it's just like a little plate they make with like a hole in it to concentrate the x-ray source and it works, so yeah, it's super interesting. Like, one bit in memory means a lot, especially in the flash memory side. Yeah, visualizing it would be cool though.",7,9,1008,0
wired,wired_hacking_16,11,hacking,4,expert,expert,"I've never seen a Maybe call it a verifiable visualization of it, right? We know it's true, you know, you can get skin cancer by going outside and having too many high energy particles hit you, but we've never seen it. And we know it can happen to a computer chip, but I've never seen both.",4,10,1009,1
wired,wired_hacking_16,12,hacking,4,expert,partner,"Yeah, so actually, so it's funny you mentioned, like, making it more obvious sphere of . I mean, staying on fault injection right now, this is lately what I've been up to. A lot of making a little kind of, you know, like electronics kits of old, right? And you can assemble it all yourself and see how it works. So making something like that for fault injection. So all kind of older logic and stuff like that. So, I mean, it's sort of based on, like, you're presented the little MUX chip. You know, voltage switcher. That sort of idea, using just discreet logic to generate the actual glitch itself. So, but you know, it's part of, I think, this stuff, right? It's like people don't know about it sometimes. Like, even engineers designing systems. It's new to a lot of people.",13,11,1010,1
wired,wired_hacking_16,13,hacking,4,expert,expert,"The thing is, even if you know about that, then there's so many others that someone won't necessarily know about, because there's so many, I guess, potential areas for a fault to occur. Where do you think security is going or new research is going? Are there any new areas you think are coming out or are going to be more interesting, you know, pretty soon?",3,12,1011,1
wired,wired_hacking_16,14,hacking,4,expert,partner,"Fault injection has become pretty interesting. Like, there's been a lot of people poking at that, and I think a lot more products of interest. Side channel still might have a bit of a comeback. Basically, what I kind of see is a lot of the really cool stuff has been in academia because product security hasn't kept up, right? For the longest time, doing these attacks on hardware was pretty straightforward. You didn't need these crazy attacks. It looks like a lot of devices are coming out now that actually have real claims to security, right? More than just a data sheet mentioned. There's actually something behind it.",9,13,1012,1
wired,wired_hacking_16,15,hacking,4,expert,expert,"For me, I think the things that have been recent and super interesting are typically down to physics-level effects that maybe we haven't seen before. I think my mind was blown with the, there was the light commands research, and they were able to modulate sound, although it's purely over light using a laser, they would hit the MEMS microphone, and it was picking that up and was able to then interpret it and essentially take control over light.",2,14,1013,1
wired,wired_hacking_16,16,hacking,4,expert,partner,"I'm curious of the backstory to how they found that. Because if you told me that, right? So you said like, Hey, Colin, you should test this out. I probably would be like, It probably won't even work. Which is like a lot of side channels. When I first heard about it, you know, working, doing firmware stuff, it was like, Oh, that sounds like it's not gonna work. Like, that sounds impossible. You know, the whole area of hardware hacking, it feels kinda like cheating because, you know, as you said, someone designing the system needs to know about so many different ways, right? So there's so many ways to break the system, and if you're designing them, you need to know all of them, but when you're attacking it, you really need to know one, right? So I can know nothing about, like, how does ECC actually work? You know, I have some vague hand-waving I can tell you about, but if you gave me a pen and told me, like, Okay, write it down, specifically the equations and what they mean and how the point model works and stuff. Right, no idea, but designers are like the other side. It's almost like, I don't wanna say the lazy side of it.",13,15,1014,1
wired,wired_hacking_16,17,hacking,4,expert,expert,"It's the easier side. I would say my side is the easier side, right? I'm on the offensive side. I want to break into things. Someone on the defense side, they might have, you know, a system was developed and they now need to patch a hundred holes. They patch 99 of them. I only need to find that one.",7,16,1015,1
wired,wired_hacking_16,18,hacking,4,expert,partner,"Yeah. There's no downsides is what you're saying. Yeah, only when you get caught.",3,17,1016,1
wired,wired_infinity_12,1,infinity,0,child,expert,So what do you know about infinity?,1,0,1017,0
wired,wired_infinity_12,2,infinity,0,child,partner,"I think it means that it's really just something that's infinite, that never ends.",1,1,1018,0
wired,wired_infinity_12,3,infinity,0,child,expert,"That's a great way to think about it. Infinity is something that never ends, where finite, the opposite of infinity, refers to a process or a quantity that we could actually count all the way through, at least in theory if given enough time. So if you had to guess, how many Skittles are in this jar?",3,2,1019,0
wired,wired_infinity_12,4,infinity,0,child,partner,I would say about like 217.,1,3,1020,0
wired,wired_infinity_12,5,infinity,0,child,expert,"217. And if we wanted to figure out the exact number, how would we find out?",2,4,1021,0
wired,wired_infinity_12,6,infinity,0,child,partner,We could like put them all out and divide them into pieces of five and then we could use that.,1,5,1022,0
wired,wired_infinity_12,7,infinity,0,child,expert,"Yeah, absolutely. In fact, I did that before you got here, and it's 649 Skittles. Here's a much harder question. How many pieces of glitter do you think are in that jar?",4,6,1023,0
wired,wired_infinity_12,8,infinity,0,child,partner,"Maybe like 4,012.",1,7,1024,0
wired,wired_infinity_12,9,infinity,0,child,expert,I'll admit. I have absolutely no idea. Do you think it's a finite number or an infinite number?,2,8,1025,0
wired,wired_infinity_12,10,infinity,0,child,partner,Finite because I can see them all in here.,1,9,1026,0
wired,wired_infinity_12,11,infinity,0,child,expert,"Yeah, you can see them all. And in fact, if we were really, really, really patient, we could do the same thing as with the Skittles. But here's another question. You said that there's a finite amount of glitter in that jar, and I agree. So how many jars would we need to hold an infinite amount of glitter?",5,10,1027,0
wired,wired_infinity_12,12,infinity,0,child,partner,An infinite amount of jars.,1,11,1028,0
wired,wired_infinity_12,13,infinity,0,child,expert,Very good. Why do you say that?,1,12,1029,0
wired,wired_infinity_12,14,infinity,0,child,partner,"Because if there's unlimited pieces of glitter, we need unlimited pieces of jar.",1,13,1030,0
wired,wired_infinity_12,15,infinity,0,child,expert,So let's try and imagine infinitely many jars. Would they fit in this room?,2,14,1031,0
wired,wired_infinity_12,16,infinity,0,child,partner,No.,1,15,1032,0
wired,wired_infinity_12,17,infinity,0,child,expert,"Yeah, absolutely not. Because this room holds only a finite amount of space. And in fact, infinitely many jars would not even fit in something called the observable universe, which is the portion of the universe that astronomers can see. Really how does that make you feel?",4,16,1033,0
wired,wired_infinity_12,18,infinity,0,child,partner,That makes me feel like my brain is exploding.,1,17,1034,0
wired,wired_infinity_12,19,infinity,0,child,expert,"Yeah, that makes me feel like my brain is exploding.",1,18,1035,0
wired,wired_infinity_12,20,infinity,0,child,partner,Can infinity ever get bigger?,1,19,1036,0
wired,wired_infinity_12,21,infinity,0,child,expert,"That's a wonderful question, a very rich question. What do you think?",2,20,1037,0
wired,wired_infinity_12,22,infinity,0,child,partner,I think maybe because you said it was unlimited.,1,21,1038,0
wired,wired_infinity_12,23,infinity,0,child,expert,"You have very good intuition. So there are ways that mathematicians can build infinite collections of things. And if you repeat those processes, it's in fact possible to build even bigger and bigger sizes of infinity. So what have you learned today about infinity?",4,22,1039,0
wired,wired_infinity_12,24,infinity,0,child,partner,"I've learned that even if it's unlimited, there are many different ways of making infinity and you can never actually see it all.",1,23,1040,0
wired,wired_infinity_13,1,infinity,1,teenager,expert,What does infinity mean to you?,1,0,1041,0
wired,wired_infinity_13,2,infinity,1,teenager,partner,Really anything that has no end to it.,1,1,1042,0
wired,wired_infinity_13,3,infinity,1,teenager,expert,"Yeah, that's absolutely right. So infinity gets used a lot of different ways in mathematics. There's a way that mathematicians think of infinity as a number, just like the number 13, just like the number 10 million. So the reason that mathematicians consider infinity to be a number is that it is a size of a set. So the first example of an infinite set in mathematics is the set of all counting numbers. So one, two, three, four, five, six, seven, et cetera. That list goes on forever. That is an infinite set. And to be a little bit more precise, it's a countably infinite set. But as a number, infinity is pretty strange.",9,2,1043,0
wired,wired_infinity_13,4,infinity,1,teenager,partner,What do you mean by that?,1,3,1044,0
wired,wired_infinity_13,5,infinity,1,teenager,expert,"Adding infinities. Multiplying infinities. And there's a sense in which it's very similar to the arithmetic that you learned about already. But it's also totally different. It has some very weird properties. Welcome to Hilbert's Hotel. Unlike an ordinary hotel, has countably infinitely many rooms. Suppose a new guest shows up, you might think that the new guest could take the room that's all the way down at the end of the hall, all the way at infinity, except there isn't a room like that. The rooms each have a number, and even though there's infinitely many rooms, each room is only a finite distance away. So here's how we're gonna make room for the new guest. I'm gonna ask the guest in room one to move into room two, and then we're gonna ask the guest in room two to move into room three, and we'll continue this all the way along. It looks to me like there's space for the new guest. Where is it?",11,4,1045,0
wired,wired_infinity_13,6,infinity,1,teenager,partner,It'll be in room number one.,1,5,1046,0
wired,wired_infinity_13,7,infinity,1,teenager,expert,"Room number one. Exactly. I'm gonna use this symbol for infinity, but what we've just shown is that one, the one new guest plus infinity is equal to the same infinity. What happens if we had a second guest?",3,6,1047,0
wired,wired_infinity_13,8,infinity,1,teenager,partner,Would it be two plus infinity equals infinity?,1,7,1048,0
wired,wired_infinity_13,9,infinity,1,teenager,expert,Absolutely. So now I'm gonna make this story a little more complex. That there's another Hilbert's Hotel down the street and they're having plumbing issues and we need to find room for them.,3,8,1049,0
wired,wired_infinity_13,10,infinity,1,teenager,partner,They can't live together?,1,9,1050,0
wired,wired_infinity_13,11,infinity,1,teenager,expert,"They can't live together. That would be a great solution. I don't know. I think these people don't really get along. So I need to somehow create infinitely many new rooms, but I can only ask each person in the hotel to move a finite distance away. So let's take the guest who is originally in room one and move them into room two. So that's creating one new space for us. And I'm gonna take the guest who was originally in room two and move them into room four. Are you starting to see a pattern here?",8,10,1051,0
wired,wired_infinity_13,12,infinity,1,teenager,partner,Yes. You're going up one each time?,1,11,1052,0
wired,wired_infinity_13,13,infinity,1,teenager,expert,"Yeah, I'm increasing by one more each time. So I'm doubling the room number in fact. So this is some of the strange arithmetic of infinity. So we have two Hilbert Hotels, each of which have infinitely many guests, then this is equal to?",4,12,1053,0
wired,wired_infinity_13,14,infinity,1,teenager,partner,Infinity.,1,13,1054,0
wired,wired_infinity_13,15,infinity,1,teenager,expert,"Infinity, great. Hilbert's Hotel is a story that mathematicians have been telling themselves for almost 100 years because it's a really visceral way to think about some of the counterintuitive properties of the arithmetic of infinity. How does infinity come across in mathematics for you?",3,14,1055,0
wired,wired_infinity_13,16,infinity,1,teenager,partner,"So when I'm teaching calculus and talking about concepts like limits and derivatives, those are only defined precisely with infinity. Teaching algebra, which is meant in a different sense about number systems, we deal with infinite families of numbers in their operations. Infinite sets are somehow very exotic. They're not found so commonly in their real world, but they're all over mathematics.",4,15,1056,0
wired,wired_infinity_14,1,infinity,2,undergraduate,expert,What do you know about infinity?,1,0,1057,0
wired,wired_infinity_14,2,infinity,2,undergraduate,partner,A property of something being endless.,1,1,1058,0
wired,wired_infinity_14,3,infinity,2,undergraduate,expert,"Great. So today we're gonna focus on infinity as a cardinality, and what cardinality means is it's a size of a set. What are you studying?",3,2,1059,0
wired,wired_infinity_14,4,infinity,2,undergraduate,partner,I'm studying computer science,1,3,1060,0
wired,wired_infinity_14,5,infinity,2,undergraduate,expert,Studying computer science. Are you taking any math courses right now?,2,4,1061,0
wired,wired_infinity_14,6,infinity,2,undergraduate,partner,"Yeah, right now I'm taking calculus two.",1,5,1062,0
wired,wired_infinity_14,7,infinity,2,undergraduate,expert,"Calculus involves the study of functions. Functions are one of the most fundamental concepts in mathematics, but they aren't always so clearly defined. What would you say a function is?",3,6,1063,0
wired,wired_infinity_14,8,infinity,2,undergraduate,partner,I would say a function is a procedure that takes an input and does some operation and returns an output.,1,7,1064,0
wired,wired_infinity_14,9,infinity,2,undergraduate,expert,"That's the computer science brain thinking right there. So we wanna think of a function as procedure or mapping between sets. So a function defines a one-to-one correspondence if it defines a perfect matching between the elements of its domain set and the elements of its output set. We call such functions bijections or isomorphisms. So the reason I'm so interested in this idea of a bijective function or a one-to-one correspondence that guarantees that every element of one set gets matched with an element of the other set, no matter how many elements there are, these bijections or these one-to-one correspondences as they help mathematicians reason about infinity.",5,8,1065,0
wired,wired_infinity_14,10,infinity,2,undergraduate,partner,How can you compare something that is endless?,1,9,1066,1
wired,wired_infinity_14,11,infinity,2,undergraduate,expert,"Today we're gonna think about infinity as a cardinality, which is a technical term for a number that could be a size of a set. And we're gonna use this idea of one-to-one correspondence to try and investigate the question of whether all infinite sets have the same size. So what I've drawn here are some pictures of some of the infinite sets that appear in mathematics. So the natural numbers are the prototypical example of an infinite set. So the natural numbers are clearly a subset of the integers. Both of these are infinite sets. Are they the same size infinity or different size infinities?",7,10,1067,1
wired,wired_infinity_14,12,infinity,2,undergraduate,partner,"Yes, the integers would, there'd be more integers than natural numbers.",1,11,1068,1
wired,wired_infinity_14,13,infinity,2,undergraduate,expert,"I'm gonna now try and convince you that they are in fact the same size infinity. And this is using this idea of a one-to-one correspondence which was applied in this context by Georg Cantor. What he says is if we can match up the elements of the integers with the elements of the natural numbers so that there's nothing left over, so that there's a bijective function between them, then that's a proof that there's exactly as many natural numbers as there are integers. Start by matching zero with zero and one with one. But then we wanna include the negatives in the list. So which natural number would we match with negative one?",6,12,1069,1
wired,wired_infinity_14,14,infinity,2,undergraduate,partner,Maybe two.,1,13,1070,1
wired,wired_infinity_14,15,infinity,2,undergraduate,expert,"Maybe two. Why not? Because now we're starting to make progress on matching all the negatives. We can match the natural number three with the integer two, the natural number four with the integer minus two. And do you see a pattern?",4,14,1071,1
wired,wired_infinity_14,16,infinity,2,undergraduate,partner,All of the positive integers would be odd numbers and all of the negative integers would be even numbers?,1,15,1072,1
wired,wired_infinity_14,17,infinity,2,undergraduate,expert,"Great. So now I have a much harder question. So we have the same challenge, again, evidently there are way, way, way more rational numbers than there are integers. Does that mean this is a larger infinite set than the integers? What do you think?",5,16,1073,1
wired,wired_infinity_14,18,infinity,2,undergraduate,partner,"By intuition I would say yes, but that was the same case with the integers. I would imagine there might be some bijective function for mapping natural numbers to rational numbers.",2,17,1074,1
wired,wired_infinity_14,19,infinity,2,undergraduate,expert,"So I'm going to use this picture to count the rational numbers by actually counting the elements of this larger set because it'll be clearer geometrically. What I've drawn in this picture is the integer lattice. So Z cross Z refers to the set of all of these dots. So I'll start by counting the number at the origin, and you can see I'm just labeling the dots around the origin, moving in a counterclockwise fashion and getting progressively further away. And this process could continue, but maybe by now you see the pattern. Though it’d be difficult to describe as a function.",4,18,1075,1
wired,wired_infinity_14,20,infinity,2,undergraduate,partner,"Oh is it for each rational number, there's a pair of integers that represent that rational number?",1,19,1076,1
wired,wired_infinity_14,21,infinity,2,undergraduate,expert,"Yeah, that's exactly right. And now for each pair of integers, I'm gonna represent it by a corresponding natural number. That's what's going on with this counting. And when I compose those operations, what I've done is I've encoded rational numbers as natural numbers in a way that reveals that they can be no larger, there are no more rational numbers than natural numbers.",4,20,1077,1
wired,wired_infinity_14,22,infinity,2,undergraduate,partner,"So this slope is represented by three, two, and three, two is in here as 25.",1,21,1078,1
wired,wired_infinity_14,23,infinity,2,undergraduate,expert,"Exactly. That's exactly right. So we were hoping to compare the size of infinity of the rational numbers with the size of infinity of the natural numbers. What we've done is introduced an intermediate set, these pair of integer points, and this proves that this size of infinity is smaller than this size of infinity. Since we also have an injective function the other way, this size of infinity is smaller than this size of infinity so therefore they must be the same size.",4,22,1079,1
wired,wired_infinity_14,24,infinity,2,undergraduate,partner,That's wild.,1,23,1080,1
wired,wired_infinity_14,25,infinity,2,undergraduate,expert,"Now there's one final collection of numbers that we haven't yet discussed, which are the real numbers, all of the points on the number line. Do you think that's the same size infinity?",2,24,1081,1
wired,wired_infinity_14,26,infinity,2,undergraduate,partner,"I guess again, intuition seems like it must be much larger, but I don't know, I haven't been on a roll.",1,25,1082,1
wired,wired_infinity_14,27,infinity,2,undergraduate,expert,"Georg Cantor proved that it is impossible to count all real numbers like we've just counted the rational numbers or just counted the integers. This is called the cardinality of the continuum, it is uncountable. What I'm going to do now is form a new real number that I guarantee is not on this list. Okay, so here's how we do this. What I'm gonna do is I'm gonna look at the diagonal elements. So I'll highlight them. This continues forever, and now I'm going to form a new real number by changing all of these.",7,26,1083,1
wired,wired_infinity_14,28,infinity,2,undergraduate,partner,"If you just like added one to them, then that would be something that doesn't exist in any of the other ones.",1,27,1084,1
wired,wired_infinity_14,29,infinity,2,undergraduate,expert,Yes. You see the idea right away. So I'm gonna form a new real number whose first digit is different from this one. And you've already convinced yourself that this number is not on this list anywhere. Why is that?,4,28,1085,1
wired,wired_infinity_14,30,infinity,2,undergraduate,partner,Because at every point there's at least one change from a number in there.,1,29,1086,1
wired,wired_infinity_14,31,infinity,2,undergraduate,expert,"Great. That's exactly right. So what we've proven is that this number is missing, and therefore it is impossible to define a bijection between the natural numbers and the real numbers.",2,30,1087,1
wired,wired_infinity_14,32,infinity,2,undergraduate,partner,Oh wow.,1,31,1088,1
wired,wired_infinity_14,33,infinity,2,undergraduate,expert,"So we've started to explore some of the counterintuitive properties of infinity. On the one hand there are infinite sets that feel very different like the natural numbers, the integers, the rational numbers that nevertheless have the same size or the same infinite cardinality. While there are other infinities that are larger. So there's more than one size of infinity, not all infinities are created equal.",4,32,1089,1
wired,wired_infinity_14,34,infinity,2,undergraduate,partner,"I was wondering what the kind of practical implications are, what you can do with this sort of knowledge.",1,33,1090,1
wired,wired_infinity_14,35,infinity,2,undergraduate,expert,"Really glad you asked me that. There's a practical implication for computer science. Alan Turing, he came up with a mathematical model of a computer, something called a Turing machine. So Turing was wondering is it possible to compute every real number, an arbitrary real number to within arbitrary precision in finite time? He defined a real number to be computable if you could calculate its value, maybe not exactly, but as accurately as you'd like in a finite amount of time. And because there are uncountably infinitely many real numbers, but only a countably infinitely many Turing machines, what that means is that the vast majority of real numbers are uncomputable. So we'll never be able to access them with a computer program.",7,34,1091,1
wired,wired_infinity_15,1,infinity,3,graduate,expert,"You're a PhD student, is that right?",1,0,1092,0
wired,wired_infinity_15,2,infinity,3,graduate,partner,"Yes, I'm a second year PhD student at the University of Maryland.",1,1,1093,0
wired,wired_infinity_15,3,infinity,3,graduate,expert,Does infinity come up in your mathematics that you're studying?,1,2,1094,0
wired,wired_infinity_15,4,infinity,3,graduate,partner,"One place infinity comes up is in algebraic geometry. Normally we think okay, well if you have two lines like this, you'd keep drawing them, they intersect right here. But in projective space, two parallel lines will also intersect at the point at infinity. Infinity is like this perfect concept for what we can add to a space that allows lines to have this more uniform property. What's your research in?",5,3,1095,0
wired,wired_infinity_15,5,infinity,3,graduate,expert,"So one of my main research areas is something called category theory, it's been described as the mathematics of mathematics. It's a language that can be used to prove very general theorems. And an interesting aspect of being a researcher in category theory that doesn't come up as much in other areas is that we have to really pay attention to the axioms of set theory in our work. When you're proving theorems, have you ever used the axiom of choice?",4,4,1096,0
wired,wired_infinity_15,6,infinity,3,graduate,partner,"Yeah, it's basically this idea that you can put a choice function on any set.",1,5,1097,0
wired,wired_infinity_15,7,infinity,3,graduate,expert,And a choice function does what exactly?,1,6,1098,0
wired,wired_infinity_15,8,infinity,3,graduate,partner,"Yeah, that's a good question.",1,7,1099,0
wired,wired_infinity_15,9,infinity,3,graduate,expert,"So the way I think about it is if you have an infinite or an arbitrary family of sets and you know for sure that none of these sets are empty, then a choice function would allow you to select an element from each set sort of all at once. When you've used the axiom of choice in proofs, do you know which incarnation of this you've used?",2,8,1100,0
wired,wired_infinity_15,10,infinity,3,graduate,partner,"Yeah, I've used it like that. I've also used it in Zorn's lemma and in the well ordering principle.",2,9,1101,0
wired,wired_infinity_15,11,infinity,3,graduate,expert,"So there are three well-known famous equivalent forms of the axiom of choice. The well ordering principle is the assumption, the axiom that any set can be well ordered, but there are lots of subsets of real numbers that do not have a minimal element. So that ordering is not a well ordering. So here's the key question. Do you believe the axiom of choice?",5,10,1102,0
wired,wired_infinity_15,12,infinity,3,graduate,partner,I do believe the axiom of choice.,1,11,1103,0
wired,wired_infinity_15,13,infinity,3,graduate,expert,"You do believe the axiom of choice, though it leads us to some strange conclusions. So if the axiom choice is true, then it's necessarily the case that there exists a well ordering of the reals. And what that means is that we can perform induction over real numbers like we perform induction over the natural numbers. This is trans-finite induction. It would work for any ordinal. So there must be some uncountably infinite ordinal that represents the order type of the real numbers. And this allows us to prove some crazy things. Imagine three-dimensional Euclidean space. So the space that we live in, extending infinitely in all directions. So it is possible to completely cover three-dimensional Euclidean space by disjoint circles, so infinitesimal circles, disjoint circles of radius one. So what that means is you can put a circle somewhere in space and then put a second circle somewhere in space that can't intersect with the first one because these are solid circles and then another circle can somehow cover every single point in space with no gaps in between.",11,12,1104,0
wired,wired_infinity_15,14,infinity,3,graduate,partner,That's crazy.,1,13,1105,0
wired,wired_infinity_15,15,infinity,3,graduate,expert,"It's crazy, it's not the only crazy thing. Do you have a favorite consequence of the axiom of choice?",2,14,1106,0
wired,wired_infinity_15,16,infinity,3,graduate,partner,"I mean the Banach-Tarski paradox is a big one. So basically it says that you can, using just rigid motions I think, you can take one ball",2,15,1107,0
wired,wired_infinity_15,17,infinity,3,graduate,expert,One solid ball with a finite volume.,1,16,1108,0
wired,wired_infinity_15,18,infinity,3,graduate,partner,"Yeah, cut it up and then rearrange the pieces so that in the end you get two balls which are the exact same size, the exact same volume. So you've actually taken one thing and using just pretty normal operations to it, you can double it, which seems pretty implausible in real life.",2,17,1109,0
wired,wired_infinity_15,19,infinity,3,graduate,expert,Right. That seems crazy to me. And yet it's an irrefutable consequence of this axiom that you tell me you believe is true.,3,18,1110,0
wired,wired_infinity_15,20,infinity,3,graduate,partner,Yeah,1,19,1111,0
wired,wired_infinity_15,21,infinity,3,graduate,expert,So how many infinities are there?,1,20,1112,1
wired,wired_infinity_15,22,infinity,3,graduate,partner,"Well, definitely uncountably many infinities.",1,21,1113,1
wired,wired_infinity_15,23,infinity,3,graduate,expert,"Right, so there's certainly no stop to this procedure. But could you give a precise cardinality to that?",2,22,1114,1
wired,wired_infinity_15,24,infinity,3,graduate,partner,"Probably not because if I could, there would be a set of all sets, right?",1,23,1115,1
wired,wired_infinity_15,25,infinity,3,graduate,expert,"So Cantor's diagonal argument can be abstracted and then generalized to prove that for an arbitrary set A, its power set has a strictly larger cardinality. And since that's true for any set, we can just iterate this process. When set theory was being discovered or invented or created in the late 19th century, one of the natural question to ask is can there be a universe of all sets? This comes up in my research in category theory because even though there is no set of all sets, we would really like for there to be a category of sets. So what category theorists need to do to make their work rigorous is to add additional axioms to set theory. One of my favorites was introduced by an algebraic geometer Alexander Grothendieck. This is something that we sometimes call a Grothendieck universe, or also an inaccessible cardinal. It's an infinite number that is so big that it cannot be accessed by any of the other constructions within set theory. It's so big that we'll never get to it and this allows us to contemplate the collection of all sets whose cardinality is bounded by this size that will never reach.",9,24,1116,1
wired,wired_infinity_15,26,infinity,3,graduate,partner,"So you're just making a cutoff point. You're saying we're never gonna get sets bigger than this anyway, so we might as well make our category only include things smaller than that.",2,25,1117,1
wired,wired_infinity_15,27,infinity,3,graduate,expert,"That's right. So a rigorous way to work with a category of sets is to demand that it's a category of sets whose size is bounded by this cardinality, Alpha say. That is then an example of a category that fits into another even still larger Grothendieck universe Beta. So implicitly in a lot of my research, I have to add an additional assumption that there exists maybe countably many inaccessible cardinals.",4,26,1118,1
wired,wired_infinity_16,1,infinity,4,expert,expert,"Examples of infinite sets abound in mathematics. You know, we see them every day. So do those infinities exist?",3,0,1119,0
wired,wired_infinity_16,2,infinity,4,expert,partner,"Think you'll get a different answer from every person, every mathematician you meet. It is a construct. So it exists in the same way that things like poetry exists when you talk about even cardinality and it's just like, well here's an infinite hotel. I had one student who was like, no, no, it does not exist. When I describe, well imagine you do this infinitely many times, they're done with me because they're like I can't, no one can do this infinitely many times. These interesting paradoxes that come from like the ape typing on a typewriter and eventually getting to Hamlet is an example of well if you give something forever and any random event is going to happen.",6,1,1120,0
wired,wired_infinity_16,3,infinity,4,expert,expert,It can be generative for sure.,1,2,1121,0
wired,wired_infinity_16,4,infinity,4,expert,partner,It's definitely a really interesting thing to try to talk to students about.,1,3,1122,0
wired,wired_infinity_16,5,infinity,4,expert,expert,"I'll grant you that Hilbert's Hotel does not exist. For me, infinite objects absolutely exist. And I can't read the thoughts in your head, but I have a high degree of confidence that we have a lot of the same ideas about infinity.",3,4,1123,0
wired,wired_infinity_16,6,infinity,4,expert,partner,"It's this idea that are things that you can think of, do they exist? You're getting into philosophy of math now. It's just exciting.",3,5,1124,0
wired,wired_infinity_16,7,infinity,4,expert,expert,"I mean I think that's another common misconception about mathematics is that it's so far removed from the humanities, for instance. I mean it's hard to ignore some of these philosophical questions, particularly when we're talking about certain things like infinity. And I think one of the most difficult things to really be precise about and to explain to students is the continuum hypothesis. What do you say to students about the continuum hypothesis?",4,6,1125,0
wired,wired_infinity_16,8,infinity,4,expert,partner,"The most fun thing to teach when you teach about infinity, when students realize that you are talking about different sizes of infinity, but then a natural thing is for them to think about what is the next size of infinity that I can think about? And sort of the continuum hypothesis is sort of one of these really hard things to grasp.",2,7,1126,0
wired,wired_infinity_16,9,infinity,4,expert,expert,"So what's so fascinating about the continuum hypothesis, if you take a subset of the real line that's infinite, does it necessarily have either the cardinality of the naturals or the cardinality of continuum, or is there some sort of third possibility? What's very surprising is the continuum hypothesis has been completely resolved in the sense that we now know for absolute certain that we will never know whether it's true or false. So this is a little bit confusing. The standard foundational axioms of mathematics that we take for granted are completely insufficient to prove the continuum hypothesis one way or the other. You know mathematicians among other things have been very clear about exactly what they're taking as an assumption and exactly what they're concluding from it. So mathematical practice is to be exact transparent about the hypotheses you need to prove your theorem. So now I think of a proof of a theorem more like constructing a function where the domain of that function is all of the hypotheses that I'm assuming and then the target of that function is maybe a particular element in some universe that is the modularized space of the statement that I'm trying to prove or something like this. If the foundations were to change, if set theory were replaced by something else, maybe dependent type theory, do you think the theorem you've proven would still be true?",8,8,1127,0
wired,wired_infinity_16,10,infinity,4,expert,partner,"There's a lot of math that we sort of take for granted as this is the thing that you can do without really admitting that we are creating the foundations that are the basis for the work we do later. And so yes, I think that if we change the foundations, we would change mathematics. But I think that's also very humbling in that it's not that we're sort of discovering a universal truth, it's we are humans constructing meaning. It's abstract art in a sense. There is something there even if you can't see all the pieces for particular things. And I think that it's really fascinating. I was thinking about this on the drive here. The way that I interact with infinity I mentioned earlier is sometimes we, in number theory especially, we say, ""does this type of equation have infinitely many solutions?"" And then the question is are there infinitely many, are there not? Or are there infinitely many twin primes? These are sort of interesting ideas but I don't think that knowing if it's infinite or not is necessarily the most interesting thing for me. What's been most interesting to me is all the math that gets developed to be able to answer that question.",12,9,1128,0
wired,wired_infinity_16,11,infinity,4,expert,expert,"Given current technology. And who knows what mathematics will look like in 100 years. 150 years ago when we barely knew infinity, and look where we are today.",3,10,1129,0
wired,wired_internet_12,1,internet,0,child,expert,"Hi, it's really, really nice to meet you. What's your name?",2,0,1130,0
wired,wired_internet_12,2,internet,0,child,partner,My name is Skylar.,1,1,1131,0
wired,wired_internet_12,3,internet,0,child,expert,"Skylar, we're here to talk about the internet, and I bet you must use the internet a lot, right?",1,2,1132,0
wired,wired_internet_12,4,internet,0,child,partner,Yeah.,1,3,1133,0
wired,wired_internet_12,5,internet,0,child,expert,What's your conception about what the internet is?,1,4,1134,0
wired,wired_internet_12,6,internet,0,child,partner,"The internet? For me, it's just something to use when I need like to search up something or watch videos.",1,5,1135,0
wired,wired_internet_12,7,internet,0,child,expert,"The internet is, physically, these computers that all talk to each other. Billions of computers, in the case of the internet. The internet allows us to do a lot of really, really interesting, what we call applications. You ever think about how that video gets to you over the internet?",4,6,1136,0
wired,wired_internet_12,8,internet,0,child,partner,"Yeah, I have no idea.",1,7,1137,1
wired,wired_internet_12,9,internet,0,child,expert,Got a favorite movie?,1,8,1138,1
wired,wired_internet_12,10,internet,0,child,partner,Matilda.,1,9,1139,1
wired,wired_internet_12,11,internet,0,child,expert,"Matilda. All right. We're gonna actually build an internet. I've got a couple of things here that I wanna show you, or a couple of toys, actually. Okay, let's pretend that these round balls are computers. And the internet is something that connects them. And right now, the internet is just one communication link. And Matilda is sent over the internet from this computer to your computer. So the internet is a network for carrying information from one computer to another. Now this network here looks pretty simple, doesn't it? Right? It's just one thing. Should we add some more friends in?",11,10,1140,1
wired,wired_internet_12,12,internet,0,child,partner,Yeah.,1,11,1141,1
wired,wired_internet_12,13,internet,0,child,expert,"Let's say we want to get a video from here, over to here. How do you think that video would sort of travel through this network?",2,12,1142,1
wired,wired_internet_12,14,internet,0,child,partner,"Maybe it could go to here, to here, to here, to here.",1,13,1143,1
wired,wired_internet_12,15,internet,0,child,expert,"That's right. So that's pretty cool. There are actually lots of different ways to actually go through the internet to get from what we call a source, the place that's sending the information, to the receiver, the place that's actually gathering the information together. And that's something we actually call routing.",4,14,1144,1
wired,wired_internet_12,16,internet,0,child,partner,"Huh, but wouldn't it just be easier for it to go from here to here, instead of going from here to here, to here to here?",1,15,1145,1
wired,wired_internet_12,17,internet,0,child,expert,"Yeah. So that's a really good observation. In most pieces of the internet, that's exactly what would happen. We want to take what's called a shortest path. But still, there are multiple paths. And why do you think that might be valuable?",5,16,1146,1
wired,wired_internet_12,18,internet,0,child,partner,Maybe one way is messed up or broken. So you go the other way.,1,17,1147,1
wired,wired_internet_12,19,internet,0,child,expert,"Exactly. So, Skylar, that was a great discussion about what we just built. And I wanted to talk to you about, or ask you about maybe one other really important part about networks. And it's not so much the thing itself, the physical thing, but more about the rules about communication. That's governed by something that are called protocols. Are you up for one?",6,18,1148,1
wired,wired_internet_12,20,internet,0,child,partner,Yeah.,1,19,1149,1
wired,wired_internet_12,21,internet,0,child,expert,"Knock, knock.",1,20,1150,1
wired,wired_internet_12,22,internet,0,child,partner,Who's there?,1,21,1151,1
wired,wired_internet_12,23,internet,0,child,expert,Lettuce.,1,22,1152,1
wired,wired_internet_12,24,internet,0,child,partner,Lettuce who?,1,23,1153,1
wired,wired_internet_12,25,internet,0,child,expert,"Lettuce go on. A knock, knock joke is an example of a protocol, right? The computer that you are using, say, makes a request, you ask for something, you get something in return. In the internet, there are protocols everywhere. So that two computers that have never talked to each other before know the rules for talking to each other. This global internet with billions of people using it are just lots of smaller networks that are all hooked together to each other. But also, what the internet allows are all of these what we call applications, Zoom, video playing services, can all run on top of the same internet.",7,24,1154,1
wired,wired_internet_12,26,internet,0,child,partner,"Yeah, so there's one internet for all of 'em.",1,25,1155,1
wired,wired_internet_12,27,internet,0,child,expert,Exactly. There's one internet and lots and lots and lots of things that you can do on top of it.,2,26,1156,1
wired,wired_internet_13,1,internet,1,teenager,expert,"So you're a student in high school, is that right?",1,0,1157,0
wired,wired_internet_13,2,internet,1,teenager,partner,"Yes, I'm a sophomore.",1,1,1158,0
wired,wired_internet_13,3,internet,1,teenager,expert,"Well, we're gonna be talking about computers here today, and we're gonna be talking about the internet. I always like to think of the internet by analogy to say road systems for example, where you have roads in your neighborhood. You have state roads, you have the Interstate Highway System. And so the internet is a lot like that. It's an interconnection of local roads, local networks like the network in your house for example.",5,2,1159,0
wired,wired_internet_13,4,internet,1,teenager,partner,How does like all of the networks in my house connect to all the city networks?,1,3,1160,0
wired,wired_internet_13,5,internet,1,teenager,expert,"Wow. Great question. Often, it's a little blue wire called an ethernet cable. So that cable is able to bring bits of information up into your apartment at say, a billion bits per second. That's pretty fast, right? Literally a wire that goes between a box in your apartment, sometimes called a router or a modem in your apartment that comes from an internet service provider come into this first network and then that network connects to another network connects to another network connects to another network.",5,4,1161,0
wired,wired_internet_13,6,internet,1,teenager,partner,"You could FaceTime somebody who's like in Australia. You can talk to them at the same time, and like you're reaching the same signals. So how is it that it gets there so fast?",1,5,1162,0
wired,wired_internet_13,7,internet,1,teenager,expert,"We could talk about that by analogy to a road system. It's not just one big, super highway. It's a lot of smaller super highways that are all interconnected. And those interchanges are what are called routers. That's where the links come together. You're talking about talking to a friend in Australia. So oh, it's coming in from the East Coast of the United States to this router, and it's going out say, that routers in San Francisco, it's going out on an underseas cable over to Australia rather than in this direction up to Japan.",7,6,1163,0
wired,wired_internet_13,8,internet,1,teenager,partner,So there is an underseas cable?,1,7,1164,0
wired,wired_internet_13,9,internet,1,teenager,expert,"The underseas cables are so cool! They're these big cables that are laid down by switches. They cross both the Atlantic, the Pacific, the Indian Ocean. So the undersea cables are how the networks in Europe, United States, Asia are all connected together.",4,8,1165,0
wired,wired_internet_13,10,internet,1,teenager,partner,How do you connect wirelessly?,1,9,1166,0
wired,wired_internet_13,11,internet,1,teenager,expert,"That's really what we call the first hop. It's like from your phone, from your tablet, from the computer that you're on, there's no cables coming in. You go over a wireless connection. Wi-Fi is the protocol that allows your computer to talk to that first hop router over a wireless communication link.",4,10,1167,0
wired,wired_internet_13,12,internet,1,teenager,partner,"And I was wondering how there's so many different movies or TV shows that you can download and they're all there. And if you just play it, it just knows what to play. Like they're all in one spot.",1,11,1168,0
wired,wired_internet_13,13,internet,1,teenager,expert,"Ah, you said they're all in one spot. In fact, they're in lots of spots in Netflix. And so most applications would like to connect you with a server that's close to you. Server is really just a big computer with a lot of memory, a lot of discs that store all the Netflix movies, and also so that you don't have to cross over too many internet links to get from where the server is to the TV or the device in your home.",4,12,1169,0
wired,wired_internet_13,14,internet,1,teenager,partner,"So when I'm watching Vampire Diaries in my house, how does it know exactly what to do without getting scrambled up?",1,13,1170,0
wired,wired_internet_13,15,internet,1,teenager,expert,"Ah, another great question. There's a couple of things that could happen inside the internet. Information is sent in these little packets of information from the Netflix server to your display device. And literally, each packet that arrives says, This is the first packet for Jenna. This is the second. This is the third. This is the fifth. This is the fourth. And they're reordered for you. Matter of fact, your computer will say, using the TCP protocol to the server, Hey, I didn't get packet four, can you resend it again? And again, the Netflix server is very happy to send you packet four again. The other is the internet protocol. If you think about sending letters through the US Postal Service, how you've got an address on it. So every packet that flows from the Netflix server to you has an address on it. It says, This is going to Jenna. It's going to the what's called the Internet Protocol address of your device. Think of all the range of devices that are hooked up to the internet. It's totally amazing, right? Every single one of them has one thing in common, and that is they speak the IP protocol, the Internet Protocol. That was a great question.",16,14,1171,0
wired,wired_internet_14,1,internet,2,undergraduate,expert,So tell me a little bit about yourself?,1,0,1172,0
wired,wired_internet_14,2,internet,2,undergraduate,partner,I am a senior at New York University. I study computer science.,1,1,1173,0
wired,wired_internet_14,3,internet,2,undergraduate,expert,Have you taken any courses on the internet or studied it at all?,1,2,1174,0
wired,wired_internet_14,4,internet,2,undergraduate,partner,"I've taken Applied Internet Technology, So we've talked about backend/frontend frameworks and libraries, things like that.",1,3,1175,0
wired,wired_internet_14,5,internet,2,undergraduate,expert,"Okay, so really at the application level?",1,4,1176,0
wired,wired_internet_14,6,internet,2,undergraduate,partner,"At the application level, for sure.",1,5,1177,0
wired,wired_internet_14,7,internet,2,undergraduate,expert,"I wanted to ask you a little bit about what you know about the history of the internet. Have you heard of ARPANET, for example?",2,6,1178,0
wired,wired_internet_14,8,internet,2,undergraduate,partner,I have not heard of ARPANET.,1,7,1179,0
wired,wired_internet_14,9,internet,2,undergraduate,expert,"Okay, back into the 1960s, there was a research agency in the United States called DARPA, the Defense Advanced Research Projects Agency. Actually, it was called ARPA at the time. They wanted to build this notion of a packet-switching network. Not a circuit switch network like a phone network where you get a dedicated path and a dedicated set of bandwidth and links from source to destination.",4,8,1180,0
wired,wired_internet_14,10,internet,2,undergraduate,partner,"So what would packet switching enable? I'm sure there's something big here, for sure.",2,9,1181,0
wired,wired_internet_14,11,internet,2,undergraduate,expert,"There's a lot big, right? And so remember, this was a Department of Defense, was they wanted to have forms of of communication that were very robust, that were survivable. Packets could all find their own ways, be routed differently through the network. So if parts of the network failed, you could route around failures.",4,10,1182,0
wired,wired_internet_14,12,internet,2,undergraduate,partner,Sounds like the reason for like a request response type of structure.,1,11,1183,0
wired,wired_internet_14,13,internet,2,undergraduate,expert,"So you can sort of see how the network architecture that wasn't designed to be 100% reliable inside the core of the network, and had that complexity built into the edges of the network. And to me, the really cool thing is you put this infrastructure in place, and then all these super creative people think about amazing things to build on top of it. And you see this proliferation of amazing applications.",3,12,1184,0
wired,wired_internet_14,14,internet,2,undergraduate,partner,"Abstraction, I think it's the reason why everything.",1,13,1185,0
wired,wired_internet_14,15,internet,2,undergraduate,expert,"Ah ha! Spoken like a real computer scientist, right? You're a computer scientist. I'm a computer scientist. We talk about APIs, application programming interfaces. The API for the internet is something called a socket. And a socket simply says, I can communicate if I know your internet address, you know, 128.119.40.186, that number is the IP address of my server, the University of Massachusetts. If you know that, you can write a program anywhere in the world and send a message, and it'll pop out at my end.",6,14,1186,0
wired,wired_internet_14,16,internet,2,undergraduate,partner,"I will be remembering that. I've heard that there are like seven keys to the internet, something like that.",2,15,1187,0
wired,wired_internet_14,17,internet,2,undergraduate,expert,"Okay, well I don't know about the number seven, but there's something in the internet that's sort of similar to that. It's called the Domain Name System. The DNS's role is to translate names like [gaia.cs.umass.edu], or [ibm.com], or [facebook.com] to an IP address so that your application can actually send a message to that name, to that named service.",3,16,1188,0
wired,wired_internet_14,18,internet,2,undergraduate,partner,This whatever quantity of people is able to have some form of control?,1,17,1189,0
wired,wired_internet_14,19,internet,2,undergraduate,expert,So that's a great question. Who do you think controls the internet?,2,18,1190,0
wired,wired_internet_14,20,internet,2,undergraduate,partner,I'm pretty sure the internet is fairly decentralized.,1,19,1191,0
wired,wired_internet_14,21,internet,2,undergraduate,expert,Okay. What does that mean?,1,20,1192,0
wired,wired_internet_14,22,internet,2,undergraduate,partner,No one authority holds control over any sort of decisions or destinations.,1,21,1193,0
wired,wired_internet_14,23,internet,2,undergraduate,expert,"That's 98% true. And if you own a network, like you're [att.com], or your [verizon.com], you can do, within that network, you can do what you want, right? So in that sense, the internet is very decentralized, that the control of the network is up to whoever owns the network. The 2% where you said there's nobody in control, there's a little bit of centralized control. There's an organization called the Internet Corporation for Assigned Names and Numbers. Its responsibility is to handle, as the name ICANN suggests, names and numbers. It's that little bit of centralization, central authority that you need.",7,22,1194,0
wired,wired_internet_14,24,internet,2,undergraduate,partner,When can we see the next tenfold increase in Wi-Fi speed?,1,23,1195,1
wired,wired_internet_14,25,internet,2,undergraduate,expert,"In terms of tenfold speeds of increases, depending on what device you're using right now, it's available, all you need to do is upgrade. So the Wi-Fi protocol's called 802.11. And this is sometimes a source of confusion for people. How can it be that I've got a connection at 100 megabits per second from our TV into our router? 100 megabits per second not enough?",5,24,1196,1
wired,wired_internet_14,26,internet,2,undergraduate,partner,Packets dropping?,1,25,1197,1
wired,wired_internet_14,27,internet,2,undergraduate,expert,"Where do they get dropped, do you think?",1,26,1198,1
wired,wired_internet_14,28,internet,2,undergraduate,partner,Somewhere in their travel process.,1,27,1199,1
wired,wired_internet_14,29,internet,2,undergraduate,expert,"Exactly, right. And maybe they're dropped in your apartment, but much more likely, they're dropped because of congestion somewhere between the Hulu or the Netflix or the Disney server, if you're watching a video, and your home. So even though you've got 200 megabits per second on that last hop, you don't have 200 megabits per second from the server into your apartment.",3,28,1200,1
wired,wired_internet_14,30,internet,2,undergraduate,partner,I see.,1,29,1201,1
wired,wired_internet_14,31,internet,2,undergraduate,expert,"I'm curious, has our conversation sort of changed your view or sort of taught you new things about the internet?",1,30,1202,1
wired,wired_internet_14,32,internet,2,undergraduate,partner,"I think that I've sort of realized that the internet is a technology that's dependent upon so many other factors. Some more in our control, some less.",1,31,1203,1
wired,wired_internet_15,1,internet,3,graduate,partner,Tell us a little bit about yourself? I'm Caspar Lant. I'm a PhD student at Columbia University under Henning Schulzrinne's tutelage.,3,0,1204,0
wired,wired_internet_15,2,internet,3,graduate,expert,"Oh, good pronunciation.",1,1,1205,0
wired,wired_internet_15,3,internet,3,graduate,partner,"Thank you. I'm interested in networking, IoT, and sort of what kind of data science you can use with the datasets that you get from such devices. One of the things that I designed before, starting my PhD with Henning, was a IoT pill dispenser, essentially, which pairs with your smartphone, which does facial detection and other computer vision controls and can basically tell who's taking some sensitive medication and make sure that they've taken it correctly.",3,2,1206,0
wired,wired_internet_15,4,internet,3,graduate,expert,We have these low-power devices they're sort of at the edge. Is it just connecting them in across a wireless link? Is that the primary challenge or?,3,3,1207,0
wired,wired_internet_15,5,internet,3,graduate,partner,"Well, I think the primary challenge is that for sure, but then an additional challenge is keeping everything configured in the way that you expect it to be configured. So for example, most IoT devices require you, when you're configuring them for you to enter some kind of captive login portal where you connect to a local network that the IoT device produces, and then you can input your Wi-Fi SSID and password. But then say if you were to change the password or the name of your Wi-Fi network or you move to a new place, then suddenly, everything needs to be reconfigured. 'Cause that's a problem that scales linearly.",4,4,1208,0
wired,wired_internet_15,6,internet,3,graduate,expert,That you don't want the complexity of managing them to go up linearly with that. You'd like it to still stay pretty flat as you start adding.,2,5,1209,0
wired,wired_internet_15,7,internet,3,graduate,partner,"Right, exactly. I mean, the good thing about IoT devices is that they tend to transmit very, very small amounts of data.",2,6,1210,0
wired,wired_internet_15,8,internet,3,graduate,expert,"We're used to ethernet cables that can handle many hundreds of gigabits per second over a wired device. What are the typical data rates for IoT devices? I mean, not hundreds of gigabits.",3,7,1211,0
wired,wired_internet_15,9,internet,3,graduate,partner,"No, I mean I would imagine upper bound, KB per second, lower bound, you could see bytes per second just on average. But I mean, say that you have a temperature sensor running off of your Arduino that's reporting the temperature in your house every minute. That's going to be far less than kilobytes per second on average.",3,8,1212,0
wired,wired_internet_15,10,internet,3,graduate,expert,"My sense is you're spot on, that they'll produce over time, a lot of data. And that a lot of IoT is about computing on that data. That computation happened mostly at the edge, or somehow a combination between the edge and something happening in a far away data center.",3,9,1213,0
wired,wired_internet_15,11,internet,3,graduate,partner,"Well, my sense is right now that all that data tends to be centralized because IoT devices are usually the commercial products of companies.",1,10,1214,0
wired,wired_internet_15,12,internet,3,graduate,expert,Do you think they'll share it?,1,11,1215,0
wired,wired_internet_15,13,internet,3,graduate,partner,"Not without some persuasion, but I agree that these data have massive, massive research value. Something I'm interested in with my research is collaborating with people who manage these distributed sensor devices, and then taking advantage of those datasets and comparing them to, say you were interested in doing a research project on how daily rush hour traffic impacts the acoustic landscape of New York City. Figuring out, look, this street next to this school is causing visible ratings above what we mandate. And so there needs to be an intervention here.",4,12,1216,0
wired,wired_internet_15,14,internet,3,graduate,expert,"I think for a long time, the internet hasn't grappled with, but now has with IoT and also with cellular networks, generally is the question of mobility. Do you imagine in the future that it might be possible for mobile devices not to always have to connect through the same provider to go from one network to another?",2,13,1217,0
wired,wired_internet_15,15,internet,3,graduate,partner,"Definitely. I mean, we're already seeing long range networks like LoRa that can, first of all, provide access over a much larger coverage area, but then also look the same because they're set up to the same specification, regardless of where the individual gateway is.",2,14,1218,0
wired,wired_internet_16,1,internet,4,expert,expert,"So hey, Jen, it's great to see you again.",1,0,1219,0
wired,wired_internet_16,2,internet,4,expert,partner,"Good to see you, Jim.",1,1,1220,0
wired,wired_internet_16,3,internet,4,expert,expert,"We're in level five now. So you're the expert-expert. I'm a huge fan of the work that you did in RCP, the Routing Control Platform being a precursor to software-defined networking and the notion that rather than having protocols actually always compute things, that we could compute things in data centers. I'd be interested if you could sort of just reflect back on that time and sort of the beginnings of SDN and where it's come since then.",4,2,1221,0
wired,wired_internet_16,4,internet,4,expert,partner,"Yeah, and when we were at AT&T, the thing we found most frustrating is AT&T would buy routers, and they would come pre-baked with a set of protocols instead of knobs that you could turn if you wanted to influence how the traffic flowed, and a set of dials you could read to understand what was going on inside the network.",1,3,1222,0
wired,wired_internet_16,5,internet,4,expert,expert,"Right, you couldn't directly do what you wanted to.",1,4,1223,0
wired,wired_internet_16,6,internet,4,expert,partner,"Exactly. And so we started thinking about earlier work that was done in the telephony network, the old telephone network. And there, they had the same problem. And they had the idea of having a computer running a program tell a distributed set of telephony switches what to do. But the idea was like, wow, it was kind of a revelation, like what would that look like if we did that? Not for the whole internet, but at least AT&T's part of the internet. So in other words, use software instead of distributed protocols to tell the network what to do.",7,5,1224,0
wired,wired_internet_16,7,internet,4,expert,expert,"Yeah, do you see the softwarization of the internet as a whole happening?",1,6,1225,0
wired,wired_internet_16,8,internet,4,expert,partner,"So, so far, it hasn't very much. I mean, basically, software-defined networking exists, let's say within a single provider backbone, or a single cloud provider's network or a single campus. There's been some work on doing it at the juncture points between a pair of networks. But one other trend that's happening that makes it more possible is it used to be that to get from one end to the internet to the other, you have access networks getting much closer to, say Google or Microsoft or other large cloud providers, where even, you might only go through two networks.",4,7,1226,0
wired,wired_internet_16,9,internet,4,expert,expert,"Right, so some people have called that the flattening of the internet, right? I think it used to be on average, you would go through 10 different networks to get from a source to a destination.",2,8,1227,0
wired,wired_internet_16,10,internet,4,expert,partner,"Right, exactly. And if you take that even further, they're starting to be more edge computing where you might imagine you might have a cell tower connected to a small number of routers, connected directly to a server that's gonna be running the application. In that case, the entire infrastructure might be controlled by a single party.",3,9,1228,0
wired,wired_internet_16,11,internet,4,expert,expert,"It's totally fascinating to me that we have such an important global infrastructure, and yet, the laws that that govern it tend to be very, very local.",1,10,1229,0
wired,wired_internet_16,12,internet,4,expert,partner,"There are tens of thousands of separately administered networks, and of course, in hundreds of countries. And the fact that it even holds together at all is kind of a miracle.",2,11,1230,0
wired,wired_internet_16,13,internet,4,expert,expert,"Right, well it holds together because we have standards, and we have protocols that you mentioned.",1,12,1231,0
wired,wired_internet_16,14,internet,4,expert,partner,"Exactly, protocol standards for how the equipment talks to one another. And increasingly, certificate authorities that help bootstrap the secure, encrypted and communication between end hosts. So there are a few of these sort of centrally, kind of agreed upon kinds of infrastructure, but for the most part, each network runs itself.",3,13,1232,0
wired,wired_internet_16,15,internet,4,expert,expert,"And certainly, we've heard about some countries that impose firewalls that don't let certain kinds of traffic out, or certain kinds of traffic in. So there's no global body that is regulating that?",2,14,1233,0
wired,wired_internet_16,16,internet,4,expert,partner,"Not really because each country really can have it's own laws and its own norms. And so they can decide, like the Great Firewall of China can decide, they don't wanna let certain content be accessed by the citizens inside that country. So if a country decides they don't wanna answer a request for a particular domain name, they say, Hey, I don't want to let someone know the IP address of this website. They can decide not to let those answers be delivered inside their country. And so encryption plays a role in helping people keep their privacy or prevent surveillance, but it's not perfect. It's often possible, still, to know a fair amount about what people are doing, even if you can't look inside the envelope at the letter that's written.",6,15,1234,0
wired,wired_internet_16,17,internet,4,expert,expert,"I mean, even you could just tell that two people are communicating even though the traffic itself is encrypted. So you don't know what they're saying, just even knowing two devices are communicating.",2,16,1235,0
wired,wired_internet_16,18,internet,4,expert,partner,"Exactly, and in fact, if you look at say, the sizes of the transfers that they're doing, you may know, hey, I'm talking to Netflix. And by the way, this is the length of the movie I watched. This is the size-",3,17,1236,0
wired,wired_internet_16,19,internet,4,expert,expert,So you can infer or guess a lot of things.,1,18,1237,0
wired,wired_internet_16,20,internet,4,expert,partner,Exactly.,1,19,1238,0
wired,wired_internet_16,21,internet,4,expert,expert,"You're one of the most awesome networking researchers that I know. I'm curious, just to pick your brain, what do you think are some of the hot topics in networking research? Where do you think the field is heading?",3,20,1239,0
wired,wired_internet_16,22,internet,4,expert,partner,"Yeah, I'm excited about the convergence of wireless communications, cellular networks, Wi-Fi with networking and cloud computing. And in particular, we're seeing in edge computing, a convergence of all three. Where you might have a mobile phone or a drone or some other kind of device connecting over the wireless medium directly to a network that connects you directly to the server that might run your application.",3,21,1240,0
wired,wired_internet_16,23,internet,4,expert,expert,So you want the computation close to where the endpoint is.,1,22,1241,0
wired,wired_internet_16,24,internet,4,expert,partner,"Exactly, and I think that what's now exciting about that is all three of these technologies, wireless, networking and cloud, which are normally three different communities, three different sets of technologies, three different sets of standards or practices, now have to work together in close harmony to be able to service applications that are really critical and that that might be interacting with the physical world in ways where safety is a potential concern.",1,23,1242,0
wired,wired_internet_16,25,internet,4,expert,expert,"You know, we've had cellular networks now for 20, 30 years. So when we hear about 5G, what's trumpeted the most is the fact that oh, super high bandwidth, right? But I sense that the exciting things are more than just the network being faster.",3,24,1243,0
wired,wired_internet_16,26,internet,4,expert,partner,"I agree. It's both the high bandwidth, it's the low delay so that you can have these applications that interact with the physical world and need answers in real-time. It's about having the compute really close so that you can integrate computation and communication. It's about having more coverage.",4,25,1244,0
wired,wired_internet_16,27,internet,4,expert,expert,"Coming back again to the softwarization. SDN and softwarization is a maybe a little bit behind the covers, that you wouldn't normally see it as a user going from 3G to 4G to 5G. You just see an increase in speed. But yet, the way the network is now being managed again, I think is bringing the cellular networking world sort of into the internet world in terms of the softwarization-",4,26,1245,0
wired,wired_internet_16,28,internet,4,expert,partner,"Completely agree. I think the bringing in of compute and storage is important too. I think when you think just about networking, it really is often just one part of the IT, the information technology ecosystem. Is there's often compute and storage as well. And so, I think now there's an opportunity to have all of those parts of the infrastructure work together towards an even higher level goal. And so I think it's a really exciting time to be in the field 'cause now, the plumbing is getting close to the application in a way that it wasn't before.",6,27,1246,0
wired,wired_laser_12,1,laser,0,child,expert,So I was told that maybe science is one of your favorite subjects at school. Is that right?,2,0,1247,0
wired,wired_laser_12,2,laser,0,child,partner,Yes.,1,1,1248,0
wired,wired_laser_12,3,laser,0,child,expert,Have you actually studied light yet?,1,2,1249,0
wired,wired_laser_12,4,laser,0,child,partner,Yes.,1,3,1250,0
wired,wired_laser_12,5,laser,0,child,expert,Okay what have you learned so far about light?,1,4,1251,0
wired,wired_laser_12,6,laser,0,child,partner,So we learned how to actually light up a light bulb.,1,5,1252,0
wired,wired_laser_12,7,laser,0,child,expert,Oh really? Oh excellent. Well I'm somebody who studies lasers. So what do you think about lasers?,4,6,1253,0
wired,wired_laser_12,8,laser,0,child,partner,I don't know--,1,7,1254,0
wired,wired_laser_12,9,laser,0,child,expert,You haven't got to play with lasers. So I brought one. It's my friend's cat toy. Do you ever use a laser as a cat toy?,4,8,1255,0
wired,wired_laser_12,10,laser,0,child,partner,No.,1,9,1256,0
wired,wired_laser_12,11,laser,0,child,expert,"Well one of the fun things people do with lasers, the cat will try to grab that dot. I'm sure what you have at home is a flashlight. I brought a cute little one. So the question is, do you see any difference between what a flashlight does and what a laser does?",4,10,1257,0
wired,wired_laser_12,12,laser,0,child,partner,Flashlight is a bigger shine and the laser is just a dot.,1,11,1258,0
wired,wired_laser_12,13,laser,0,child,expert,"That's true, that laser's just a dot. And so the other thing to notice though is that, like if I shine it in your eyes and I'm sorry if I do! But it seems awfully bright doesn't it? And yet when, you know, you shine this down and you put the laser, which one do you see easier?",4,12,1259,0
wired,wired_laser_12,14,laser,0,child,partner,The laser.,1,13,1260,1
wired,wired_laser_12,15,laser,0,child,expert,The laser. So which one do you think's more powerful?,2,14,1261,1
wired,wired_laser_12,16,laser,0,child,partner,The laser.,1,15,1262,1
wired,wired_laser_12,17,laser,0,child,expert,And yet it's not. Isn't that amazing?,2,16,1263,1
wired,wired_laser_12,18,laser,0,child,partner,Yes.,1,17,1264,1
wired,wired_laser_12,19,laser,0,child,expert,"One of the things that lasers are great for is that because it's a directed beam, we can actually put that light where we want the light to go and sometimes you maybe just want to see something around the corner and you can't see it. But with a laser, you can actually and this is a smoky one so you can actually watch it go. You see it actually bending the corner?",3,18,1265,1
wired,wired_laser_12,20,laser,0,child,partner,Yes.,1,19,1266,1
wired,wired_laser_12,21,laser,0,child,expert,"And that's because the light will go through this glass and, when it hits that corner, it has to bend. And we actually send laser beams down glass fibers, the size of your hair. Yeah. So this obviously is much bigger than our hair. Right?",5,20,1267,1
wired,wired_laser_12,22,laser,0,child,partner,Yes.,1,21,1268,1
wired,wired_laser_12,23,laser,0,child,expert,"So this is just a demonstration. If you have a laser like this, it actually bends and comes out, I'm gonna point it to you and you'll see it coming out the other end. It hits these walls, it has to go around and come out the other side. You wanna play? So is this the first time you've seen a laser or have you gotten to play with lasers somewhere else?",5,22,1269,2
wired,wired_laser_12,24,laser,0,child,partner,I don't have a cat or--,1,23,1270,2
wired,wired_laser_12,25,laser,0,child,expert,You don't have a cat. So you don't need a cat toy no. Have you ever gone to a grocery store and just scanned your objects over?,3,24,1271,2
wired,wired_laser_12,26,laser,0,child,partner,Yes.,1,25,1272,2
wired,wired_laser_12,27,laser,0,child,expert,Have you ever seen that maybe there's a little bit of a red light when you do that?,1,26,1273,2
wired,wired_laser_12,28,laser,0,child,partner,Yes.,1,27,1274,2
wired,wired_laser_12,29,laser,0,child,expert,"That's a laser. We cut steel with them now. We actually do surgery with lasers. You know when some people have either scars or birth marks that they don't want to see? We can actually remove those with lasers now. Never seen a laser light show? When they light up the sky with lasers, it's almost like fireworks.",7,28,1275,2
wired,wired_laser_12,30,laser,0,child,partner,Well I saw a shooting star before.,1,29,1276,2
wired,wired_laser_12,31,laser,0,child,expert,"Oh you got to see a shooting star? Well that's cool, that's nature giving you the show there. So what do you think about lasers? You think they're fun?",4,30,1277,2
wired,wired_laser_12,32,laser,0,child,partner,Yes they're very cool. I like the one where you did the green one.,2,31,1278,2
wired,wired_laser_12,33,laser,0,child,expert,"The green one. And the next time you go to a grocery store, take a peek at the red.",2,32,1279,2
wired,wired_laser_12,34,laser,0,child,partner,Okay.,1,33,1280,2
wired,wired_laser_12,35,laser,0,child,expert,Okay.,1,34,1281,2
wired,wired_laser_13,1,laser,1,teenager,expert,Today we're here to talk about lasers. So what do you think about lasers?,2,0,1282,0
wired,wired_laser_13,2,laser,1,teenager,partner,I think they're pretty cool. They show up in a lot of my favorite books and movies. Like Star Wars or just a bunch of different sci-fi movies and books.,3,1,1283,0
wired,wired_laser_13,3,laser,1,teenager,expert,Do you know anything about lasers? What makes a laser special kind of light.,2,2,1284,0
wired,wired_laser_13,4,laser,1,teenager,partner,All I really know is from sci-fi books and movies and like the factory cutting lasers that they use to cut steel and stuff.,1,3,1285,0
wired,wired_laser_13,5,laser,1,teenager,expert,Do you even know maybe how to make a laser that it would be strong enough to cut steel?,1,4,1286,0
wired,wired_laser_13,6,laser,1,teenager,partner,No.,1,5,1287,0
wired,wired_laser_13,7,laser,1,teenager,expert,"Okay. [laughing] So one of the things about lasers is, if you've ever seen a laser beam, you know it's very directed.",2,6,1288,0
wired,wired_laser_13,8,laser,1,teenager,partner,Like what are they made out of?,1,7,1289,0
wired,wired_laser_13,9,laser,1,teenager,expert,What is a laser made out of? Well really it's sort of the same thing as a light bulb. Right?,3,8,1290,0
wired,wired_laser_13,10,laser,1,teenager,partner,So it's a beam?,1,9,1291,0
wired,wired_laser_13,11,laser,1,teenager,expert,"So yeah it's a light bulb and there's a couple of mirrors. Now the light bulb has to be a little bit special. It has to be a type of material that can store the energy in an excited state right? It has to stay up there really energetic and sit there for a while so that when the light comes along, it takes that energy and becomes stronger light and then the mirror sends it back and it does it again and again and again and between these two mirrors, it makes the light come out in a nice beam. In a laser, it comes out as a single color. They all come out with their waves at the same time. Every wave peaks at the same time which then makes it a giant wave and it's this giant wave that has a tremendous amount of power. So it can do something like cutting steel. But when you cut steel, or if you were cutting this floor, it's gray, it actually will absorb the light. That's why the light, you don't see it because the light isn't bouncing back or through it. So I like to use demos to explain how my laser works. So I've brought basically a hammer and a nail. I'm sure you've probably hammered a nail before into a piece of wood but the question is, if you asked yourself why it is we hit the big end and it's the tiny end that we put on the piece of wood. We could never pick up a hammer and hit the sharp end and hope this would go in to the piece of wood.",14,10,1292,0
wired,wired_laser_13,12,laser,1,teenager,partner,Because it needs to be centered so it can more easily just go in.,1,11,1293,1
wired,wired_laser_13,13,laser,1,teenager,expert,"That's right. All the force that we apply here, goes all the way through but then it can only basically come out when it contacts the wood in that one tiny spot. And so sometimes it's the force that you push something with but sometimes it is that force per unit area. But sometimes it's not even the force per unit area 'cos, you know, push down as hard as you can on that and see if we can get it pushed in. See it doesn't really work does it?",5,12,1294,1
wired,wired_laser_13,14,laser,1,teenager,partner,"So the laser needs ultimately many things. It needs to be centered, it needs time to actually penetrate and then it needs--",2,13,1295,1
wired,wired_laser_13,15,laser,1,teenager,expert,"Well it depends. So if you're cutting steel, you need to have the nail. You need to have it concentrated all of the light, not going in all directions but you need it into as small a point as possible. And for that we use a lens. For a lens, the light's coming down as a column, you put in a lens, it all focuses it down in the same way as the nail and then it starts cutting that steel. Okay so that force per unit area--",6,14,1296,1
wired,wired_laser_13,16,laser,1,teenager,partner,So it's kind of like a magnifying glass? Like it magnifies the light down to a point?,2,15,1297,1
wired,wired_laser_13,17,laser,1,teenager,expert,"Exactly. You know sometimes you want to have all of your energy not just in a small area but in the small volume and so one of the other dimensions is time or length. But with light, time and length are the same thing because light always travels at the speed of light.",3,16,1298,1
wired,wired_laser_13,18,laser,1,teenager,partner,Exactly.,1,17,1299,1
wired,wired_laser_13,19,laser,1,teenager,expert,"But if you send a one second long light pulse out into the skies there, the beginning of the pulse is actually two thirds of the way to the moon. It's 300,000 kilometers long. So now, if you talk about light being concentrated, that doesn't seem very concentrated. The type of lasers I play with in my lab will be no thicker than this piece of paper. So we take that energy that might be in three hundred thousand kilometers and we squeeze it all the way down into just this piece of paper and actually the beams are more the size of this piece of paper and so, in my lab, pieces of paper like this would be flying through the sky but we can't see them. 'Cos they don't come in our eyes, they fly by us and they're infra red.",6,18,1300,1
wired,wired_laser_13,20,laser,1,teenager,partner,There'd be like little concentrated beams of light just flying everywhere?,1,19,1301,1
wired,wired_laser_13,21,laser,1,teenager,expert,"Exactly. And so now, if we have light like that that we wanna machine with. I bring this funnel and so, if we had a lens here and the light was coming down--",3,20,1302,1
wired,wired_laser_13,22,laser,1,teenager,partner,It funnels into--,1,21,1303,1
wired,wired_laser_13,23,laser,1,teenager,expert,"Into a spot. So here would be my light coming from my laser and it would just be coming down, down, down, down, down. Hit a lens and it would have to focus down. But now, all the light started out with this big of a spread so concentrated this much. Eventually it would be here, more concentrated. But by the end, right at the focal spot, that's when I get all of my light, all of the energy has been squeezed down into fitting inside this piece of paper and that's why I say that I built a laser hammer. Because when this hits a piece of glass, it just smacks those electrons right off the atoms and there's nothing else for them to do, they have to fly away. So can you tell me what you learned and maybe about the focusing of the light?",8,22,1304,1
wired,wired_laser_13,24,laser,1,teenager,partner,"Well what I learned, lasers they aren't like particles. They're more like a super concentrated beam of light that can be any color. They get really concentrated and that's what makes them lasers and that's why they cut things and break things because they just move the electrons out of the way.",3,23,1305,1
wired,wired_laser_13,25,laser,1,teenager,expert,So do you think that lasers are fun enough to talk with your friends about or?,1,24,1306,1
wired,wired_laser_13,26,laser,1,teenager,partner,Of course I'm gonna have to share something about my experience. Learning about lasers with an expert like you.,2,25,1307,1
wired,wired_laser_14,1,laser,2,undergraduate,expert,So you're a college student?,1,0,1308,0
wired,wired_laser_14,2,laser,2,undergraduate,partner,Yes.,1,1,1309,0
wired,wired_laser_14,3,laser,2,undergraduate,expert,And what's your major?,1,2,1310,0
wired,wired_laser_14,4,laser,2,undergraduate,partner,"I'm an engineering physics major with a minor in math. I'm in the three, two program for biomedical engineering.",2,3,1311,0
wired,wired_laser_14,5,laser,2,undergraduate,expert,"Excellent. I got an engineering physics degree. There you go, something in common. We're here today talking about lasers. So have you have had much exposure to lasers yet at school?",5,4,1312,0
wired,wired_laser_14,6,laser,2,undergraduate,partner,Not yet. I'm really hoping that we will. I think it's super interesting just the field in general because I really do enjoy examining all the calculations and being able to do a little bit more of the math side of physics.,3,5,1313,0
wired,wired_laser_14,7,laser,2,undergraduate,expert,"Okay. As opposed to the experimental side and seeing things? Okay so I'm much more, I like to see the things happening. So then the question is, what's so special about making a light that's intense enough to actually possibly blow things up? Certainly we can blow atoms up with the laser hammer and when the laser light comes in and just smacks the electrons right off the atom. And so the question really is how do you make that? Back in the 70s and into the 80s, I know that was a long time ago for you, we had big energy lasers and we had short pulse lasers, we couldn't have big energy, short pulse lasers and actually it was my supervisor and I that figured the way around that and we got something called chirped pulse amplification. Have you heard of chirped pulse amplification by any chance?",8,6,1314,0
wired,wired_laser_14,8,laser,2,undergraduate,partner,Vaguely.,1,7,1315,0
wired,wired_laser_14,9,laser,2,undergraduate,expert,"Well I brought a little bit of a prop to explain how chirped pulse amplification works. Our short pulses are made of different colors. So I've got a colored slinky here. We probably could've called it stretched pulse amplification but that's kind of boring so we used the word chirped. The word chirped comes around because birds chirp. When the birds are singing, the notes are actually changing audio frequency with time and that's a chirp. The point is is that when all the light is squeezed together like this, it's a short pulse. And that's when it's a hammer because all of the light is now concentrated and you can imagine if this was coming along and also using a lens to focus it small, then all of that light at the focal spot, concentrate. And so that was the laser hammer. So we can't have that in the laser. So the question is what could we do? The fact that it's different colors and different colors because of dispersion, travel different speeds inside material. So we used a long fiber, 1.4 kilometers of fiber but, in fiber, the red colors really haven't got that much in common with the glass atoms and so they spend very little time interacting and they travel fast. The red is going to start traveling faster than the green, faster than the blue and, as you travel down the fiber, next thing you know, you have a long pulse and it's chirped from red at the beginning to blue at the back. And so the frequencies go hoo! Like this okay? So this is a chirped pulse and now it's a long pulse. And so, first this is what we did, we chirped it, we stretched it, then we can safely amplify it because it's not all concentrated and, after we amplify it, then we use something called a compressor and we put all of the colors back together and it was back being a short pulse but a high energy pulse. And then we really had what I like to call a laser hammer. When this laser pulse goes inside, it smacks those electrons right off the atom.",20,8,1316,0
wired,wired_laser_14,10,laser,2,undergraduate,partner,So the laser hammer that you were describing with other types of lasers and the one in the chirped is it still the same premise?,1,9,1317,0
wired,wired_laser_14,11,laser,2,undergraduate,expert,"Well a lot of lasers and when lasers first came along, they were only single color. Your cat toy, would only be a single color, probably a red one and so that's just one color. And one color means that it has to really be there for the whole time. One color is one wave length of light and so it's just one wave that goes on and on and on. If you want a short pulse, you actually have to have all the colors. And if you can imagine that one point in time, and I like to say it's like a conductor of an orchestra. When you're listening to an orchestra warm up, they sound terrible, they're all playing their own notes. But when the conductor conducts them, they all play different notes but, together, it's beautiful music. So we have something in the laser called a mode locker and it's like the conductor and it says go now. And all the colors will start together but some colors are long wave length and others are shorter. So next thing you know, you have peaks meeting valleys and they cancel each other. The more colors you can bring in, the faster that happens and the shorter the pulse you can make.",12,10,1318,0
wired,wired_laser_14,12,laser,2,undergraduate,partner,What's the pendant?,1,11,1319,0
wired,wired_laser_14,13,laser,2,undergraduate,expert,"The necklace is something that was designed for my Nobel prize. It's sold at the Nobel museum and it is a chirped pulse. So we've been talking a lot about lasers and applications, what have you learned about chirped pulses?",3,12,1320,0
wired,wired_laser_14,14,laser,2,undergraduate,partner,"I learned that it all stretches, which is super cool, because red moves the fastest and so it kinda tugs around blue. It really threw me off just how fast. It's hard to imagine things happening that fast. And I also learned how many of the things that I know are lasers. Like how many of the things that I've been looking for, like, the answers to, it is in lasers.",5,13,1321,0
wired,wired_laser_15,1,laser,3,graduate,expert,So I understand you're in grad school. Where?,2,0,1322,0
wired,wired_laser_15,2,laser,3,graduate,partner,At NYU.,1,1,1323,0
wired,wired_laser_15,3,laser,3,graduate,expert,And what are you studying?,1,2,1324,0
wired,wired_laser_15,4,laser,3,graduate,partner,"I'm studying soft matter physics, which involves the physics of squishy stuff. We make microswimmers in the laboratory, and we drive them with a laser.",2,3,1325,0
wired,wired_laser_15,5,laser,3,graduate,expert,And what kind of laser do you use?,1,4,1326,0
wired,wired_laser_15,6,laser,3,graduate,partner,"We use a 10 watt laser, it's a fiber laser.",1,5,1327,0
wired,wired_laser_15,7,laser,3,graduate,expert,Do you know a lot about lasers? Or just about the laser that you use.,2,6,1328,0
wired,wired_laser_15,8,laser,3,graduate,partner,"Not a lot, just a little bit.",1,7,1329,0
wired,wired_laser_15,9,laser,3,graduate,expert,"Okay. So this is about high intensity lasers. Not only how do you make them, but what was really stopping them being made in both cases is non linear optics. We wanna do something that requires a huge photon density application, and so that's how come we came up with chirped pulse amplification, so that we could stretch the pulse, safely amplify it, then compress it at the end, and then we're ready to do whatever we want at the end. So what do you think the main difference is between the continuous wave laser that you have that runs at 10 watts and a chirped pulse amplifier?",5,8,1330,0
wired,wired_laser_15,10,laser,3,graduate,partner,"I feel like the continuous laser delivers power at a continuous rate, whereas you want all that power to be delivered in a really, really short time with your amplification.",1,9,1331,0
wired,wired_laser_15,11,laser,3,graduate,expert,"And so we get the power with a lot less energy 'cause its power is energy per unit time. So we aren't depositing much energy in comparison. Can I just ask, 'cause you are using the thermal process of it heating up, but have you ever had the opportunity to use laser tweezers?",3,10,1332,0
wired,wired_laser_15,12,laser,3,graduate,partner,"I have, yeah. We use optical tweezers to trap particles in solution.",2,11,1333,0
wired,wired_laser_15,13,laser,3,graduate,expert,And twirl the motors or not twirl the motors?,1,12,1334,0
wired,wired_laser_15,14,laser,3,graduate,partner,"No, I haven't worked with that.",1,13,1335,0
wired,wired_laser_15,15,laser,3,graduate,expert,You haven't? Okay.,2,14,1336,0
wired,wired_laser_15,16,laser,3,graduate,partner,"So I was always curious, how much further, like what higher power can we go now?",1,15,1337,0
wired,wired_laser_15,17,laser,3,graduate,expert,"So chirped pulse amplification took us sort of from, we were at 10 to the 12, but when I was working the 10 to the 12 sort of sat on a football sized field. It was a kilojoule laser with a nanosecond pulse. And we brought it down to something we call tabletop terawatt. So it was the same terawatt but now it was one joule and one picosecond, so it could fit on a basic optical bench like you would have in your lab. We were able to take that up to, I think the record is right around somewhere between 10 to the 22 and 10 to the 23 watts per square centimeter. So then in going forward, one of the holy grails is can we reach 10 to the 29 watts per square centimeter? So we still have six orders. So we've gone from 10 to the 12 to 10 to the 23. So we've done 11 orders, so you think six isn't so much harder. I have to tell you, over time, it's rolling over. We need another Nobel Prize winning idea. But if we get out there, that's where, if you focus the intensity, the energy in that volume is enough to break the vacuum.",12,16,1338,0
wired,wired_laser_15,18,laser,3,graduate,partner,"We could probably use this to drive chemical reactions at a very, very specific spot. Like if we want to target just a single cell in the body.",2,17,1339,1
wired,wired_laser_15,19,laser,3,graduate,expert,"Yes. And maybe what, do pump-probe spectroscopy and watch the cell? Or to ionize it?",3,18,1340,1
wired,wired_laser_15,20,laser,3,graduate,partner,"I mean I was thinking more on the lines of if we want to, let's say destroy one cell, like a tumor cell or something like that. So that the neighboring areas are not affected but just the cell burns.",2,19,1341,1
wired,wired_laser_15,21,laser,3,graduate,expert,"I don't know if people are working on that because I'm not so much in the medical field, but I should look into that and see if that's a possibility. So after hearing about high intensity lasers, can you think about next time you go back to the lab and you're wondering how to do something in the lab with lasers, can you see how short pulses might help you?",2,20,1342,1
wired,wired_laser_15,22,laser,3,graduate,partner,"I think short pulses might help in my experiment in the sense that if I drive my swimmers with a continuous wave as opposed to a pulsed wave, maybe a continuous wave would heat up the sample too much, and a pulse laser would deliver power exactly where I need it so that I could run my experiment longer.",1,21,1343,1
wired,wired_laser_15,23,laser,3,graduate,expert,That's true. Thank you very much.,2,22,1344,1
wired,wired_laser_15,24,laser,3,graduate,partner,"Thank you, Donna. It was really nice to meet you.",2,23,1345,1
wired,wired_laser_16,1,laser,4,expert,partner,"Hello Donna, good to see you.",1,0,1346,0
wired,wired_laser_16,2,laser,4,expert,expert,"Good to see you Mike, nice to have you here with me. So we go way back. 1991, the year I got married, I moved across the country, left my husband in New Jersey, to work with you in Livermore.",3,1,1347,0
wired,wired_laser_16,3,laser,4,expert,partner,"I remember very much and how hard it was, to convince you to travel across the country, and work at the lab.",1,2,1348,0
wired,wired_laser_16,4,laser,4,expert,expert,And stay there.,1,3,1349,0
wired,wired_laser_16,5,laser,4,expert,partner,And stay there.,1,4,1350,0
wired,wired_laser_16,6,laser,4,expert,expert,[laughing],1,5,1351,0
wired,wired_laser_16,7,laser,4,expert,partner,I couldn't convince you to stay.,1,6,1352,0
wired,wired_laser_16,8,laser,4,expert,expert,"You could not convince me to stay, no.",1,7,1353,0
wired,wired_laser_16,9,laser,4,expert,partner,"But you were there long enough to make a big impression, and get some good work done.",1,8,1354,0
wired,wired_laser_16,10,laser,4,expert,expert,"And I've been talking sort of, started with sort of what is a laser, through linear optics, non linear optics, high intensity laser physics, and saying that you know, we're trying to get to that Schwinger limit of 10 to the 29 watts per square centimeter. We're about somewhere just shy of 10 to the 23, I think at this point. But even if we get to 100 petawatts and focus that down to a wavelength, we're not at 10 to the 29. So you're hoping to build the biggest laser.",4,9,1355,1
wired,wired_laser_16,11,laser,4,expert,partner,Yes.,1,10,1356,1
wired,wired_laser_16,12,laser,4,expert,expert,At Rochester. But we're still not gonna get to the Schwinger limit isn't that right?,2,11,1357,1
wired,wired_laser_16,13,laser,4,expert,partner,"So just a little bit of back history again. After you demonstrated CPA, I was intrigued by how powerful could we make lasers? And then how lasers are wonderful because they allow you to take energy and compress it in space and time. So having high P power is something, it's been a motivator for me for a long time. And so we at the university are making proposals to build two 25 petawatt lasers, maybe 30 petawatt lasers. We'll use them to be able to get combined power of over 10 to the 24 watts per square center. Still far from the Schwinger limit. But we have a trick. We're going to use one of these petawatt lasers to make an electron beam. And this electron beam will be relativistic. We actually think we could make electron beam, maybe even 100s of GeV up to TeV. Which would be another Nobel Prize if we did that.",12,12,1358,1
wired,wired_laser_16,14,laser,4,expert,expert,"That's right, if you can do that, go for it.",1,13,1359,1
wired,wired_laser_16,15,laser,4,expert,partner,"And then we will shine that laser onto that electron beam, and the electron's rest frame, we beat the Schwinger limit.",1,14,1360,1
wired,wired_laser_16,16,laser,4,expert,expert,"Okay, but that's kind of cheating. That's not getting to 10 to the 29.",2,15,1361,1
wired,wired_laser_16,17,laser,4,expert,partner,"If you could do it with 100% efficiency, that's all we need.",1,16,1362,1
wired,wired_laser_16,18,laser,4,expert,expert,That's why I wanna cheat.,1,17,1363,1
wired,wired_laser_16,19,laser,4,expert,partner,"That's the Nobel Prize winning idea though, if we can come up with it. Because again, if we're able to do this, with ways I can see today. Right? I can see us doing it today, by just exploiting what we already know, and taking it to a limit, then that would be a real motivator, I think, to be able to even take these techniques further. Cheating's not the right exact word, as taking advantage of relativity. Take advantage of all physics not just optical physics. So that's why we wanna do it this way.",7,18,1364,1
wired,wired_laser_16,20,laser,4,expert,expert,We have to get into entertainment. When is the high intensity laser gonna get into entertainment so then there's real money?,2,19,1365,1
wired,wired_laser_16,21,laser,4,expert,partner,"Yes, yes, well we have Star Trek, we had the photon torpedoes. I always thought they actually knew what you were doing, there's a photon torpedo. Have you ever seen that in--",3,20,1366,1
wired,wired_laser_16,22,laser,4,expert,expert,No.,1,21,1367,1
wired,wired_laser_16,23,laser,4,expert,partner,Oh.,1,22,1368,1
wired,wired_laser_16,24,laser,4,expert,expert,I don't like science fiction.,1,23,1369,1
wired,wired_laser_16,25,laser,4,expert,partner,"Oh no, Star Trek had photon torpedoes and they showed bursts of light about this long. It was a CPA, it was a few nanosecond pulse. Didn't say how much energy it carried, and you could see it. I don't know what it was gathering off of but you could see it, so it was a great thing.",4,24,1370,1
wired,wired_laser_16,26,laser,4,expert,expert,"So we can either cheat by doing laser accelerating, and going into that rest frame.",1,25,1371,1
wired,wired_laser_16,27,laser,4,expert,partner,Yes.,1,26,1372,1
wired,wired_laser_16,28,laser,4,expert,expert,"And that's, like you said, we're stuck a little bit, we're not up to that kind of acceleration, so that would be a Nobel Prize winning possible idea.",1,27,1373,1
wired,wired_laser_16,29,laser,4,expert,partner,Absolutely.,1,28,1374,1
wired,wired_laser_16,30,laser,4,expert,expert,"Or we need, going around and giving my talks now, I show how we're plateauing. I showed how there was a plateau, CPA raises it up, but we're sort of starting to plateau again and we need another Nobel Prize winning idea. And so do you think it's on the horizon? Do you see anything out there that really says, oh yeah that's a good way to go? 'Cos we're gonna have to get out to the x-rays right? We can't stay in the visual.",6,29,1375,1
wired,wired_laser_16,31,laser,4,expert,partner,"So actually there's a potential ways, of doing it with optical or near optical radiation. And there's been a lot of work done in the defense department and so on, how do I combine laser beams together?",2,30,1376,1
wired,wired_laser_16,32,laser,4,expert,expert,Okay.,1,31,1377,1
wired,wired_laser_16,33,laser,4,expert,partner,"And make them act as one coherent source. So one of the things that we'll be doing with our two petawatts, we're going to see if we can actually combine them into a 50. If you can do that, you can begin to imagine doing this with many lasers. Many petawatt lasers of the scale we're talking about. So one could possibly see an exawatt from that. People have been able to combine 10s of lasers together for a coherent source so you have to be able to phase lock them. You have to be able to make their phases be exactly connected and related and be able, as they propagate through all the different optical components, whatever it may be--",7,32,1378,1
wired,wired_laser_16,34,laser,4,expert,expert,And right across the beam. Don't you think that's gonna be the challenge? 'Cos it's not like our beams are as perfect as we like to think they are.,3,33,1379,1
wired,wired_laser_16,35,laser,4,expert,partner,"So that's right so you have to have the aperture size, you have to have them phase locked across the entire aperture. Which will be a great challenge and people have done it, again, with small lasers. The lasers we'll be trying to do is about a 40cm aperture. So we'll begin to start looking at this. And actually wavelength control and then be able to adaptive optics other ways which you can control the uniformity of the phase is something that's been developed in lots of ways now. For defense applications, for science applications. So we will do our best to make use of all these technologies. Lasers I think have progressed so much. Just like the semi conductor did, 'cos there's such a market for it, there were so many different applications for that.",9,34,1380,1
wired,wired_laser_16,36,laser,4,expert,expert,"Okay so there's a lot of us working around the world on these high intensity lasers and so, what do you think the real fun is? What do you see the real excitement being?",2,35,1381,1
wired,wired_laser_16,37,laser,4,expert,partner,"I remember when laser was first demonstrated 1960, what could we do with this? We already got light. Now we can't live without lasers. My cell phone, that is in my pocket, has billions of transistors. How is that made? With lasers. All of the greatest circuitry is done with lasers. Actually now it's using x-rays, made from laser heated matter. That came out of the laser fusion program.",9,36,1382,1
wired,wired_laser_16,38,laser,4,expert,expert,"So it is amazing, the parallels. And optics is used everywhere. We're gonna possibly take over from CERN, we'll just do high energy physics with lasers, we're looking at gravity waves with lasers, we wanna do black holes with lasers, we wanna machine with lasers, we wanna do medicine with lasers. It's everywhere. And now, with the Nobel prize, people are hearing more about it so they know lasers are everywhere.",5,37,1383,1
wired,wired_laser_16,39,laser,4,expert,partner,"I couldn't agree with you more, and you winning the Nobel prize has been an inspiration to lots of people. Only three women have won the Nobel prize in physics and only one educated in the United States. You.",3,38,1384,1
wired,wired_laser_16,40,laser,4,expert,expert,There you go.,1,39,1385,1
wired,wired_laser_16,41,laser,4,expert,partner,And I use that every place.,1,40,1386,1
wired,wired_laser_16,42,laser,4,expert,expert,Okay. And only one Canadian. There you go!,3,41,1387,1
wired,wired_machine_12,1,machine,0,child,expert,Hi.,1,0,1388,0
wired,wired_machine_12,2,machine,0,child,partner,Hi.,1,1,1389,0
wired,wired_machine_12,3,machine,0,child,expert,"I'm Hilary, what's your name?",1,2,1390,0
wired,wired_machine_12,4,machine,0,child,partner,I'm Brynn.,1,3,1391,0
wired,wired_machine_12,5,machine,0,child,expert,Do you know what machine learning means? Have you heard that before?,2,4,1392,0
wired,wired_machine_12,6,machine,0,child,partner,No.,1,5,1393,0
wired,wired_machine_12,7,machine,0,child,expert,So machine learning is a way that we teach computers to learn things about the world by looking at patterns and looking at examples of things. So can I show you an example of how a machine might learn something?,2,6,1394,0
wired,wired_machine_12,8,machine,0,child,partner,Sure.,1,7,1395,0
wired,wired_machine_12,9,machine,0,child,expert,So is this a dog or a cat?,1,8,1396,0
wired,wired_machine_12,10,machine,0,child,partner,It's a dog.,1,9,1397,0
wired,wired_machine_12,11,machine,0,child,expert,And this one?,1,10,1398,0
wired,wired_machine_12,12,machine,0,child,partner,A cat.,1,11,1399,0
wired,wired_machine_12,13,machine,0,child,expert,"And what makes a dog, a dog and a cat, a cat?",1,12,1400,0
wired,wired_machine_12,14,machine,0,child,partner,"Well, dogs are very playful, I think, more than cats. Cats lick themselves more than dogs, I think.",2,13,1401,0
wired,wired_machine_12,15,machine,0,child,expert,"That's true. Do you think, if we look at these pictures, do you think maybe we could say, Well, they both have pointy ears, but the dogs have a different kind of body and the cats like to stand up a little different.? Do you think that makes sense?",3,14,1402,1
wired,wired_machine_12,16,machine,0,child,partner,Yeah.,1,15,1403,1
wired,wired_machine_12,17,machine,0,child,expert,Yeah. What about this one?,2,16,1404,1
wired,wired_machine_12,18,machine,0,child,partner,"A dog. A cat. I think, a cat? Because it's more skinny. And also, its legs are like really tall and its ears are a little pointy.",5,17,1405,1
wired,wired_machine_12,19,machine,0,child,expert,This one's a jackal. And it's actually a kind of dog. But you made a good guess. That's what machines do too. They make guesses. Is this a cat or a dog?,6,18,1406,1
wired,wired_machine_12,20,machine,0,child,partner,None.,1,19,1407,1
wired,wired_machine_12,21,machine,0,child,expert,None. What is it?,2,20,1408,1
wired,wired_machine_12,22,machine,0,child,partner,It's humans.,1,21,1409,1
wired,wired_machine_12,23,machine,0,child,expert,And how did you know that it's not a cat or a dog?,1,22,1410,1
wired,wired_machine_12,24,machine,0,child,partner,"Because cats and dogs... Because they walk on their paws and their ears are like right here, not right here, and they don't wear watches.",2,23,1411,1
wired,wired_machine_12,25,machine,0,child,expert,"And so, you did something pretty amazing there. Because we asked the question, Is it a cat or a dog? And you said, I disagree with your question. It's a human. So machine learning is when we teach machines to make guesses about what things are based on looking at a lot of different examples. And I build products that use machine learning to learn about the world and make guesses about things in the world. When we try to teach machines to recognize things like cats and dogs, it takes a lot of examples. We have to show them tens of thousands or even millions of examples before they can get even close to as good at it as you are. Do you have tests in school?",8,24,1412,1
wired,wired_machine_12,26,machine,0,child,partner,"Yeah, I have. After every unit, we have a review and then we have a test.",2,25,1413,2
wired,wired_machine_12,27,machine,0,child,expert,Are those like the practice problems you do before the test?,1,26,1414,2
wired,wired_machine_12,28,machine,0,child,partner,"Well, just like everything that's gonna be on the test is on the review.",1,27,1415,2
wired,wired_machine_12,29,machine,0,child,expert,"Which means that in the test, you're not seeing any problems that you don't know how to solve. As long as you did all your practice, right?",2,28,1416,2
wired,wired_machine_12,30,machine,0,child,partner,Yeah.,1,29,1417,2
wired,wired_machine_12,31,machine,0,child,expert,"So machines work the same way. If you show them a lot of examples and give them practice, they'll learn how to guess. And then when you give them the test, they should be able to do that. So we looked at eight pictures and you were able to answer really quickly. But what would you do if I gave you 10 million examples? Would you be able to do that so quickly?",6,30,1418,2
wired,wired_machine_12,32,machine,0,child,partner,No.,1,31,1419,2
wired,wired_machine_12,33,machine,0,child,expert,"So one of the differences between people and machines is that people might be a little better at this, but can't look at 10 million different things. So now that we've been talking about machine learning, is this something you want to learn how to do?",2,32,1420,2
wired,wired_machine_12,34,machine,0,child,partner,"Kind of. Because I kind of want to become a spy. And we used to do coding, so I may be kind of good at it.",3,33,1421,2
wired,wired_machine_12,35,machine,0,child,expert,"And machine learning is a great way to use all those math skills, all those coding skills, and would be a super cool tool for a spy.",1,34,1422,2
wired,wired_machine_13,1,machine,1,teenager,partner,Hello.,1,0,1423,0
wired,wired_machine_13,2,machine,1,teenager,expert,"Hi. Are you a student, Lucy?",2,1,1424,0
wired,wired_machine_13,3,machine,1,teenager,partner,"Yes, I just finished ninth grade.",1,2,1425,0
wired,wired_machine_13,4,machine,1,teenager,expert,Congratulations.,1,3,1426,0
wired,wired_machine_13,5,machine,1,teenager,partner,Thank you. It's very exciting.,2,4,1427,0
wired,wired_machine_13,6,machine,1,teenager,expert,Have you ever heard of machine learning before?,1,5,1428,0
wired,wired_machine_13,7,machine,1,teenager,partner,I'm going to assume that it means humans being able to teach machines or robots how to learn themselves?,1,6,1429,0
wired,wired_machine_13,8,machine,1,teenager,expert,"That's right. When we teach machines to learn from data, to build a model from that data or a representation of that, and then to make a prediction. One of the places we often find machine learning in the real world is in things like recommendation systems. So do you have an artist that you really like?",4,7,1430,0
wired,wired_machine_13,9,machine,1,teenager,partner,"Yeah, Melanie Martinez.",1,8,1431,1
wired,wired_machine_13,10,machine,1,teenager,expert,"So I'm gonna look up Melanie Martinez. And it says here, If you like Melanie Martinez, one of the other songs you might like is by AuRa. Do you know who that is?",3,9,1432,1
wired,wired_machine_13,11,machine,1,teenager,partner,I do not.,1,10,1433,1
wired,wired_machine_13,12,machine,1,teenager,expert,So let's listen to a hint of this song. Okay. All right. So why do you think Spotify might've recommended that song?,4,11,1434,1
wired,wired_machine_13,13,machine,1,teenager,partner,"Well, I know that in Melanie Martinez's music, she used a lot of the filtered voice to make it sound very deep and low and that song had that.",1,12,1435,1
wired,wired_machine_13,14,machine,1,teenager,expert,"And that's actually a really interesting thing to think about because that creepy vibe is something that you can perceive and I can perceive, but it's actually really hard to describe to a machine. What do you think might go into that?",2,13,1436,1
wired,wired_machine_13,15,machine,1,teenager,partner,"Pitch of the music. If it's really low or if it's super high, it could know that. What can the machine understand?",3,14,1437,1
wired,wired_machine_13,16,machine,1,teenager,expert,"It's a great question. The machine can understand whatever we tell it to understand. So there might be a person thinking about things, like the pitch or the pacing or the tone, or sometimes machines can figure out things about music or images or videos that we don't tell it to discover, but that it can learn from looking at a lot of different examples. Why do you think companies might use machine learning?",4,15,1438,1
wired,wired_machine_13,17,machine,1,teenager,partner,"Well, I think things like Facebook or Instagram, they probably use it to target ads. Sometimes, the ads you see are really uncanny. And I think that's because they're based on so much data. They know where you live. They know where your device is. It's also important to realize that people in aggregate are actually pretty predictable. Like when we talk to each other, we like to talk about the novel things, like here, we're having this conversation. We don't do this every day. But we probably still eat breakfast. We're gonna eat lunch. We're gonna eat dinner. You probably are going to the same home you go to most of the time. And so, they're able to take that data that we already give them and make predictions based on that as to what ads they should show us. So, you're saying I give them enough data as it is about what I might be talking about or thinking about that they can read my mind, but just use the data that I've already given them. And it almost seems like they're watching us.",15,16,1439,1
wired,wired_machine_13,18,machine,1,teenager,expert,"That's right. To do machine learning, we use something called algorithms. Have you heard of algorithms before?",3,17,1440,1
wired,wired_machine_13,19,machine,1,teenager,partner,A set of steps or a process carried out to complete something?,1,18,1441,1
wired,wired_machine_13,20,machine,1,teenager,expert,That's right.,1,19,1442,1
wired,wired_machine_13,21,machine,1,teenager,partner,"So do you think that we've been able to teach machines enough so that they can do things that even we can't do? And on the opposite side of that, do you think there are things that we can do that a machine might never be able to do?",2,20,1443,1
wired,wired_machine_13,22,machine,1,teenager,expert,"So there are things that machines are really great at that humans are actually not great at. And imagine watching every video posted to TikTok every day. So we just don't have enough time to do that at the rate at which we can actually watch those videos. But a machine can analyze all of them and then make recommendations to us. And then thinking about things that machines are bad at and people are good at, people are really great with only one or two examples of learning something new and incorporating that into our model of the world to make good decisions. Whereas machines often need tens of thousands of examples, and that's not even getting into things like good judgment because we care about people, because we can imagine a future that we want to live in that doesn't exist today. And that's something that is still uniquely human. Machines are great at predicting based on what they've seen in the past, but they're not creative. They're not going to invent. They're not gonna, you know, really change where we're gonna go. That's up to us.",11,21,1444,1
wired,wired_machine_14,1,machine,2,undergraduate,partner,I'm Sunny.,1,0,1445,0
wired,wired_machine_14,2,machine,2,undergraduate,expert,And what are you majoring in?,1,1,1446,0
wired,wired_machine_14,3,machine,2,undergraduate,partner,I study Math and Computer Science.,1,2,1447,0
wired,wired_machine_14,4,machine,2,undergraduate,expert,"So in your studies, have you learned about machine learning?",1,3,1448,0
wired,wired_machine_14,5,machine,2,undergraduate,partner,"Yeah, I have. So to me, machine learning is essentially exactly what it sounds like. It's trying to teach a machine specifics about something by inputting a lot of data points and slowly, the machine will build up knowledge about it over time. For example, my Gmail program, I assume that there would be a lot of, like, machine learning models happening at once, right?",4,4,1449,0
wired,wired_machine_14,6,machine,2,undergraduate,expert,Absolutely. And that's a great example because you have models that are operating to do things like figure out if a new email is spam or not. So what would you think about if you were looking at an email and trying to decide if it went in one category or another?,3,5,1450,0
wired,wired_machine_14,7,machine,2,undergraduate,partner,"I'd probably look at certain keywords. Maybe if the recipient and the sender had exchanged emails before and generally, those fell into in the past.",2,6,1451,0
wired,wired_machine_14,8,machine,2,undergraduate,expert,"So these are things we would call features. And we go through a process where we do feature engineering, where somebody looks at the example and says, Okay, these are the things that I think might allow us to statistically tell the difference from something in one category versus another. So for example, perhaps you don't speak Russian, you start getting a lot of email in Russian.",3,7,1452,0
wired,wired_machine_14,9,machine,2,undergraduate,partner,"Obviously, like, the features that you just described are features which a person would have had to think about. Are there features which, like, the machine itself could learn?",2,8,1453,0
wired,wired_machine_14,10,machine,2,undergraduate,expert,"This is a great question because it really gets to the difference between some of our different tools in our machine learning tool belt in addressing problems like this. So if we were to use a supervised learning classic classification approach, a person would need to think about those features and creatively come up with them in approach we call the kitchen sink approach, which is just try everything you can possibly think of and see what works. Unsupervised learning, where we don't have labeled data and we're trying to infer some structure out of the data is you're projecting that data into a space and looking for things like clusters. And there's a bunch of really fun math about how you do that, how you think about distance and by distance, I mean that if we have two data points in space, how do we decide if they're similar or not?",4,9,1454,1
wired,wired_machine_14,11,machine,2,undergraduate,partner,And how do the algorithms themselves usually differ between unsupervised and supervised learning.,1,10,1455,1
wired,wired_machine_14,12,machine,2,undergraduate,expert,"Supervised learning, we have our labels and we're trying to figure out what statistically indicates if something matches one label or another label. Unsupervised learning, we don't necessarily have those labels. That's the thing we're trying to discover. So reinforcement learning is another technique that we use sometimes. You can think about it like a turn in a game and you can play, you know, millions and millions of trials so that you're able to develop a system that by experimenting with reinforcement learning can eventually learn to play these games pretty successfully. Deep learning, which is essentially using neural networks and very large amounts of data to eventually iterate on a network structure that can make predictions.",6,11,1456,1
wired,wired_machine_14,13,machine,2,undergraduate,partner,"With reinforcement learning versus deep learning, it seems to me that reinforcement learning, is it sort of like the kitchen sink approach that you were talking about earlier, where you're just kind of trying everything?",1,12,1457,1
wired,wired_machine_14,14,machine,2,undergraduate,expert,"It is, but it also thrives in environments where you have a decision point, a pallet of actions to choose from. And it actually comes historically from trying to train a robot to navigate a room. If it bonks into this chair, it can't go forward anymore. And if it falls into that pit, you know, it's not going to succeed. But if it keeps exploring, it'll eventually get to the goal.",5,13,1458,1
wired,wired_machine_14,15,machine,2,undergraduate,partner,"Oh, like roombas?",1,14,1459,1
wired,wired_machine_14,16,machine,2,undergraduate,expert,Yes.,1,15,1460,1
wired,wired_machine_14,17,machine,2,undergraduate,partner,"Oh, I didn't realize it was that deep, almost. Is there a situation which you'd want to use a deep learning algorithm over a reinforcement learning algorithm?",2,16,1461,1
wired,wired_machine_14,18,machine,2,undergraduate,expert,"So typically, you would choose deep learning if you have sufficient high quality data, hopefully labeled in a useful way. If you really are happy not to necessarily understand or be able to interpret what your system is doing or you're willing to invest in another set of work afterwards to understand what the system is doing once you've already trained it. And this also comes down to the fact that some things are actually really easy to solve with linear regression or simple statistical approaches. And some things are impossible.",4,17,1462,1
wired,wired_machine_14,19,machine,2,undergraduate,partner,"What would be the outcome if you were to choose the, quote-unquote, wrong approach? You build a system that could actually be useless. So years ago, I had a client that was a big telecom company and they had a data scientist who built a deep learning system to predict customer churn. It actually was very accurate, but it wasn't useful because nobody knew why the prediction was what it was. So they could say, you know, Sunny, you're likely to quit next month. But they had no idea what to do about it. And so, I think there are a bunch of failure modes. Would that be an example of, like, linear regression where the regression is accurate, but, you know, for marketing purposes, it's like, if you don't know why I'm quitting the service, then how can we fix this?",8,18,1463,1
wired,wired_machine_14,20,machine,2,undergraduate,expert,"Yeah. This is actually a good example of a very real world kind of machine learning problem where the solution to this was to build an interpretable system on top of the accurate predictions not to throw it away, but to do a bunch more work to figure out the why.",2,19,1464,1
wired,wired_machine_14,21,machine,2,undergraduate,partner,How can we improve machine learning algorithms?,1,20,1465,1
wired,wired_machine_14,22,machine,2,undergraduate,expert,"It's actually fairly new that we're able to solve all of these problems and start to build these products and apply it in businesses and apply it, you know, everywhere. And so, we're still developing good practices and what it means to be a professional in machine learning. We're really developing a notion of what good looks like.",3,21,1466,1
wired,wired_machine_15,1,machine,3,graduate,partner,I'm in my first year of a PhD in Computer Science and I'm studying natural language processing and machine learning.,1,0,1467,0
wired,wired_machine_15,2,machine,3,graduate,expert,So would you mind telling me a bit about what you've been working on or interested in lately?,1,1,1468,0
wired,wired_machine_15,3,machine,3,graduate,partner,I've been looking at understanding persuasion in online text and the ways that we might be able to automatically detect the intent behind that persuasion or who it's targeted at and what makes effective persuasive techniques.,1,2,1469,0
wired,wired_machine_15,4,machine,3,graduate,expert,So what are some of the techniques you're applying to look at that debate data?,1,3,1470,0
wired,wired_machine_15,5,machine,3,graduate,partner,"Something I'm interested in exploring is how well it works to use deep learning and sort of automatically extracted features from this text versus using some of the more traditional techniques that we have, things like lexicons or some sort of template matching techniques for extracting features from texts. That's a question I'm just interested in, in general. When do we really need deep learning versus when can we use something that's a little bit more interpretable, something that's been around for a while?",3,4,1471,0
wired,wired_machine_15,6,machine,3,graduate,expert,"Do you think there are going to be general principles that guide those decisions? Because right now, it's generally up to the machine learning engineer to decide what tools they want to apply.",2,5,1472,0
wired,wired_machine_15,7,machine,3,graduate,partner,"I definitely think there is, but I also, sort of, see it varying a lot based on the use case, something that, kind of, works out of the box and maybe works a little bit more automatically might be better. And in other cases, you do, sort of, kind of, you want a lot of fine grain control.",2,6,1473,0
wired,wired_machine_15,8,machine,3,graduate,expert,So is that where some of that frustration around the lack of controllability and interpretability comes from?,1,7,1474,0
wired,wired_machine_15,9,machine,3,graduate,partner,"Yeah, if you're building a model that just predicts the next thing based off of everything it's seen from texts online, then yeah, you're really gonna be replicating whatever that distribution online is.",1,8,1475,0
wired,wired_machine_15,10,machine,3,graduate,expert,"If you train a model off of language off the internet, it sometimes says uncomfortable things or inappropriate things and sometimes really biased things. Have you ever run into this yourself? And then how do you think about that problem of potentially even measuring the bias in a model that we've trained?",3,9,1476,0
wired,wired_machine_15,11,machine,3,graduate,partner,"Yeah, it's a really tricky question. As you said, these models are trained to, sort of, predict the next sequence of words, given a certain sequence of words. So we could start with just, sort of, prompts like the woman was versus the man was, and, kind of, pull out common words that are, sort of, more used with one phrase versus the other. So that's, sort of, a qualitative way of looking at it. It's not ever kind of a guarantee of how the model is gonna behave in one particular instance. And I think that's what's really tricky and that's why I, sort of, think it's really good for creators of systems to just be honest about, This is, sort of, what we have seen. And so then, someone can make their own judgment about, Is this gonna be too high risk for, sort of, my particular use case?",7,10,1477,0
wired,wired_machine_15,12,machine,3,graduate,expert,"I imagine in the last few years, we've seen a lot of changes and improvements in the capabilities of NLP systems. So is there anything in that that you're particularly excited about exploring further?",2,11,1478,0
wired,wired_machine_15,13,machine,3,graduate,partner,"I'm really interested in, sort of, the creative potential that we've started to see from NLP systems with things like GPT-3 and other really powerful language models. It's really easy to write long grammatical passages thinking about the way that we can then harness, like, the human ability to actually give meaning to those words and, sort of, provide structure and how we can combine those things with the, kind of like, generative capabilities of these models now is really interesting.",2,12,1479,0
wired,wired_machine_15,14,machine,3,graduate,expert,"Yeah, I agree.",1,13,1480,0
wired,wired_machine_16,1,machine,4,expert,expert,"So, hi Claudia. It's so great to see you.",2,0,1481,0
wired,wired_machine_16,2,machine,4,expert,partner,It has been far too long.,1,1,1482,0
wired,wired_machine_16,3,machine,4,expert,expert,"You know, we first met 10, 11 years ago and machine learning has changed a lot since then.",1,2,1483,0
wired,wired_machine_16,4,machine,4,expert,partner,"Tooling that we now have, the capacity, and also, an elevation of the problem sets that we're dealing with and how to frame the problem. And I'm almost struggling to figure out whether it's a blessing or curse that it has become as accessible and as democratized and as easy to execute and you just build another new company from scratch. And so, what's been, kind of, your reflection on that?",3,3,1484,0
wired,wired_machine_16,5,machine,4,expert,expert,"Well, you're absolutely right that the attention machine learning gets has grown dramatically. 20 years ago, going to gatherings and telling people what I was working on and seeing the blank face or the like, Where's the turn? and walk away. Like, Oh, no. The accessibility of the tooling, like, we can now do in, like, five lines of code something that would have taken 500 lines of very mathematical, messy, gnarly code even, you know, five years ago. And that's not an exaggeration. And there are tools that mean that pretty much anyone can pick this up and start playing with it and start to build with it. And that is also really exciting.",7,4,1485,0
wired,wired_machine_16,6,machine,4,expert,partner,"In contrast, what I'm struggling with, the friend of mine who asked me to look at some health care data for him. And despite the capabilities that we're having in all of the, kind of, bigger societal problems alongside with data collection engineering, all the gnarly stuff, that is actually not the machine learning itself, it's the rest of it where certain data isn't available. And to me, it's staggering how difficult it is to get it off the ground and actually use.",3,5,1486,0
wired,wired_machine_16,7,machine,4,expert,expert,"And part of the challenge of it is not the mathematics of building models, but the challenge is making sure that the data is sufficiently representative, potentially high quality.",1,6,1487,0
wired,wired_machine_16,8,machine,4,expert,partner,"And how transparent do I need to build it for it to be adopted at some point? What types of biases in the data collection, and then also in the usage? We now call it the bias, but we're still struggling with the society not really living up to its expectations and then machine learning, bringing it to the forefront.",3,7,1488,0
wired,wired_machine_16,9,machine,4,expert,expert,"Right. And so, to say that another way, when you're collecting data from the real world and then building machine learning systems that automate decisions based on that data, all of the biases and problems that are already in the real world then can be magnified through that machine learning system. And so, it can make many of these problems much worse.",3,8,1489,0
wired,wired_machine_16,10,machine,4,expert,partner,"Feeling increasingly challenged that my skillset of being very good at programming has become somewhat secondary. And it's feeling... It's really the bigger picture understanding of Who would be using that? How transparent do I need to build it for it to be adopted at some point? What types of biases in the data collection and then also in the usage? I think, in certain areas, we have societal expectations as to what is fair and what isn't.",6,9,1490,0
wired,wired_machine_16,11,machine,4,expert,expert,"And so, it's not just the provenance of that data, but it's, sort of, deeply understanding, Why does it look the way it looks? Why was it collected this way? What are the limitations of it? We need to think about that in entire process, how we document that process. This is an issue in companies where somebody might create something that even their peers can't recreate.",5,10,1491,0
wired,wired_machine_16,12,machine,4,expert,partner,"What have you seen in terms of which industries, where they stand, like who is adopting now? Who is ready to utilize it? Where would you maybe wish that didn't even try?",3,11,1492,0
wired,wired_machine_16,13,machine,4,expert,expert,"These are great questions. So things like actuarial science, operations research, where they actually are not using machine learning as much as you might think. And then you have other sorts of companies or on the FinTech side, or even the ad tech side of things where they perhaps are using machine learning to the point of even absurdity.",3,12,1493,0
wired,wired_machine_16,14,machine,4,expert,partner,"So I spent about eight years working in ad tech. And the motivation was really because it was such an amazingly exciting playground to push that technology that used to largely live in academia, really, out in the world and see, kind of, what it can achieve. It has created such a hunger for data that now everything is being collected. I'm curious, when are we going to make a foray into things like agriculture about smart production of the things we eat? You see and hear these interesting stories, but I feel like we're not ready yet to put that into a economically viable situation.",5,13,1494,0
wired,wired_machine_16,15,machine,4,expert,expert,"So when we think about the next five to 10 years, the things that are really still holding us back are these uneven applications of resources to problems because the problems that get attention are the high value ones in terms of how much money you can make or the things that are fashionable enough that you can publish a paper on it. So what do you think is holding us back?",2,14,1495,0
wired,wired_machine_16,16,machine,4,expert,partner,"I fully agree on the steps you pointed out and the processes. I think there is a chicken and egg problem, like your former example, that these areas that need to wait for data, the value of the data collection is then also slightly less apparent. And so, it gets delayed further and you'll see that happening. But what my experience has been, there's unfortunately, I feel a drifting apart between academia and the uses of AI, but I am somewhat frustrated with a generation of students who have standard data sets that they never think about what the model needs to be used for, that they never have to think about how the data was collected. So with all of these challenges ahead of us, how optimistic are you about this world that I deeply believe we can create and the steps towards it?",5,15,1496,0
wired,wired_machine_16,17,machine,4,expert,expert,"I am incredibly optimistic and not... Perhaps it's a personality flaw, but I can't help but look at the potential of the technology to reduce harm, to give us information that help us make better decisions. And to think that we would choose to address the big problems ahead of us. I don't think we have a hope of addressing them without figuring out the role that machine learning will play. And to think that we would then choose not to do that is just unthinkable.",5,16,1497,0
wired,wired_machine_16,18,machine,4,expert,partner,"Despite that the rightfully raised concerns about the challenges ahead, but I think they also make us as a society better. They challenge us to be a lot clearer of what fairness means to all of us. So with all of the setbacks, I think we have exciting years to come. And I am looking forward to a world where a lot more of that is used for the right purposes.",4,17,1498,0
wired,wired_memory_12,1,memory,0,child,expert,We're here today to talk about memory. When I say the word memory what comes to your mind?,2,0,1499,0
wired,wired_memory_12,2,memory,0,child,partner,Like I once went on vacation to Dominican Republic. I think I was like six or five years old.,2,1,1500,0
wired,wired_memory_12,3,memory,0,child,expert,So on your trip what was the funnest day ever?,1,2,1501,0
wired,wired_memory_12,4,memory,0,child,partner,"There was this pool, I love pools. And then there's a slide you go down and there's pool noodles in there too. And then there's a little tiny sandbox.",3,3,1502,0
wired,wired_memory_12,5,memory,0,child,expert,"It's pretty amazing, right? Because it happened like a year or two ago. Our memory is basically a record in our brain of something that happened in the past, but that record it created isn't perfect. So that day, do you remember was the pool at your hotel?",4,4,1503,0
wired,wired_memory_12,6,memory,0,child,partner,I don't really remember.,1,5,1504,0
wired,wired_memory_12,7,memory,0,child,expert,Do you remember from that day what color towel you used when you got out of the pool?,1,6,1505,0
wired,wired_memory_12,8,memory,0,child,partner,"I think the one I used was a dark blue or a light blue or, or like sort of a teal.",1,7,1506,0
wired,wired_memory_12,9,memory,0,child,expert,"When you were telling me about the sandbox, it felt like you didn't have to make that guess, that you could just see the sandbox in your eyes. I asked you about the towel. It doesn't come to mind immediately, but you can stop and think about it and kind of make a good guess because there are things you know about the world. And for those of us who study memory that's a really strong hint as to how memory works. And so for you your memory kept all the fun stuff and all the stuff that was important to you, but the details like did you have to have a ticket to get in or how you got there, all these other less interesting, less exciting aspects, your brain kind of decided letting go of all that information.",5,8,1507,1
wired,wired_memory_12,10,memory,0,child,partner,"I think as you get older you start forgetting things more because you have to make space for new things, which is why you forget stuff.",1,9,1508,1
wired,wired_memory_12,11,memory,0,child,expert,"Yeah, that's a great insight. Basically we can't remember everything. So when you tell us this memory of that vacation and your brain is able to kind of play almost this movie of a memory, a moment, a day that you had in your life a while ago, where do those memories come from?",3,10,1509,1
wired,wired_memory_12,12,memory,0,child,partner,I do know that there's different parts of the brain. So there's probably a part of your brain that remembers a bunch of stuff.,2,11,1510,1
wired,wired_memory_12,13,memory,0,child,expert,"The hippocampus is a part of your brain that if you kind of took it out and looked at it, it looks a lot like a seahorse and it plays a really important role in creating those kinds of memories that help you two years after your vacation share with me what happened that day, all these details of that day. There's another part of the brain. It's actually also important for memory and it's called the amygdala and it is important for keeping all the kind of emotional processing going for memory. So memory for things that are really scary, it's gonna talk to the hippocampus now and get that memory to be really strong. Why do you think it might be important to remember scary things?",5,12,1511,1
wired,wired_memory_12,14,memory,0,child,partner,"Let's say you, you accidentally cut yourself. Then your brain makes a note and says don't get too close to sharp things, or you're going to cut yourself again.",2,13,1512,1
wired,wired_memory_12,15,memory,0,child,expert,"You got it. And so we don't just remember everything and we don't remember random things. We remember the things that matter to us the most. So Abigail based on our conversation today, can you tell me what is a memory?",4,14,1513,1
wired,wired_memory_12,16,memory,0,child,partner,A memory is something stored in your hippocampus and your hippocampus is a part of your brain. It's just a big record. And sometimes you can forget parts of the record that's not that important to you.,3,15,1514,1
wired,wired_memory_12,17,memory,0,child,expert,You got it.,1,16,1515,1
wired,wired_memory_13,1,memory,1,teenager,expert,What do you know about memory?,1,0,1516,0
wired,wired_memory_13,2,memory,1,teenager,partner,"I know when you see something you could like kind of like picture it, like in your head you can imagine it. I remember yesterday I got like orange juice, but let's say like a year or two, you might think like, oh, that day I got water.",2,1,1517,0
wired,wired_memory_13,3,memory,1,teenager,expert,On one hand memory is like a record of something that happened in the past that we can carry with us and we can like bring it back to mind. And on the other hand we need to be a little bit suspicious sometimes because we might get it wrong. In what world would that memory of the orange juice maybe be useful?,3,2,1518,0
wired,wired_memory_13,4,memory,1,teenager,partner,"Let's say you grew up in a place that the orange juice is just meh, and then you go on vacation going somewhere and then it might change how you feel about orange juice.",1,3,1519,0
wired,wired_memory_13,5,memory,1,teenager,expert,"Sometimes, you know, memory is doing something much simpler but no less important for us, which is it's helping us figure out what's good and what's bad. And if we can remember what's good and what's bad from what we did in the past, that can help us make decisions about what to do next time. So Dylan, you may be surprised to learn this, but we asked your mom what some of your favorite candies are. So you have to make a decision between these two candies and whichever one you pick, you actually get to take with you.",4,4,1520,0
wired,wired_memory_13,6,memory,1,teenager,partner,"I wish I could say both, but I guess I'll go with pixie sticks.",1,5,1521,0
wired,wired_memory_13,7,memory,1,teenager,expert,"There you go, there is your decision. Okay, you can take those. It took you some time there. You looked like you were really working hard at that problem. And that's interesting because actually we know that from research that when people have to make a decision between two things they like equally, some people like economists think oh those are the easiest decisions because they're both good options. But as psychologists and neuroscientists we know it's the opposite. One of the reasons is because there's no simple answer of like I know that one's better I'm just gonna go with it. And so we think that that's the kind of decision where memory is especially important because you have to kind of come up with more information.",8,6,1522,0
wired,wired_memory_13,8,memory,1,teenager,partner,"Exactly, and then also like after it was like, maybe like I would've, enjoyed this more than that and like maybe I should've chose the other one. And you don't know.",2,7,1523,0
wired,wired_memory_13,9,memory,1,teenager,expert,"Everything you just said is exactly what we know from research. All the thoughts running through your mind, were really at kind of about a prediction into the future, right? You're like, how, how will this taste if, when it's in my mouth or how will I feel about my decision down the road? You know we think of memory as something in the past, but it's an example of how you use your memories of these two candies to predict what's gonna happen in the future so that you can make a decision in the present. But you did it, you made your way through that torture. And now you've got to keep the candy.",6,8,1524,0
wired,wired_memory_13,10,memory,1,teenager,partner,Am I always gonna like choose pixie sticks or sour patch kids? What's gonna like change that?,2,9,1525,0
wired,wired_memory_13,11,memory,1,teenager,expert,"We fluctuate a lot because we use different kinds of memory to kind of resolve the uncertainty basically every time. But also the way we make decisions will change because our memories change. What's interesting about your brain as a teenager is that we know it's actually a phase of life where the brain is especially sensitive to rewards, to things that are exciting and positive. It's a phase of life where those rewards, whether it's candy or your friends or whatever it is that's exciting can have an especially powerful control over the decisions you make and the memories you create.",4,10,1526,0
wired,wired_memory_14,1,memory,2,undergraduate,expert,"Is there any particular memory for you that you feel has been either kind of influential in your, in deciding which areas to pursue or that you feel is sort of emblematic of what it is to have a memory?",1,0,1527,0
wired,wired_memory_14,2,memory,2,undergraduate,partner,"I was probably six years old and my aunt who had stage four ovarian cancer, she battled it for 20 years. She got me my first science kit and she asked me to cure cancer and I will never forget running into my aunt's room and just opening up the box and seeing that microscope, it was a tiny little blue one and the little microscope slides and the little pipettes. So they just, that memory will never be forgotten my whole life.",3,1,1528,0
wired,wired_memory_14,3,memory,2,undergraduate,expert,"I've got one too. I was nine and we were at the science expo in San Francisco. Two scientists were dissecting an eye, a cow's eye. And I was like that is the coolest thing I've ever seen. And something about that that carried me forward. Something happened so long ago, it left some long lasting trace through neural circuits and it continues to shape the decisions we make about what to study and what to do.",6,2,1529,0
wired,wired_memory_14,4,memory,2,undergraduate,partner,Just being able to apply those memories in the future is just so crucial in everyday life of the humans and the fact that we're learning how that works. And I would love to hear more about your side of memory and the mechanisms that you're studying.,2,3,1530,0
wired,wired_memory_14,5,memory,2,undergraduate,expert,So we're interested in the idea that memory is kind of a pervasive force that shapes all our behaviors. And we're trying to understand how different kinds of memory are organized in different structures of the brain. And then to understand how those different structures work together to orchestrate complex cognitive behaviors like decision-making or reasoning and thinking.,3,4,1531,0
wired,wired_memory_14,6,memory,2,undergraduate,partner,So in your research or you focus more on implicit or explicit memory?,1,5,1532,0
wired,wired_memory_14,7,memory,2,undergraduate,expert,My work has actually kind of pushed against that distinction between memories that kind of are consciously accessible versus unconscious.,1,6,1533,0
wired,wired_memory_14,8,memory,2,undergraduate,partner,"When you say that you don't necessarily look at implicit and explicit memory as anything different, if you were to take a step back, what would you define as implicit and explicit memory?",1,7,1534,0
wired,wired_memory_14,9,memory,2,undergraduate,expert,"The best way to kind of think about that distinction really goes back historically to one of the most important discoveries in memory research. The patient was referred to famously as patient HM. The neurosurgeon went in and removed the tissue that happened to be right around the hippocampus on both the left side and the right side of HM's brain. But then they started noticing something odd in his behavior. He was not able to create new memories of the experiences he had after the surgery. And that led Brenda Milner and her colleagues to report that the hippocampus was very important for memory, but a one particular kind, these sort of explicit, or as now referred to them episodic memories. But the hippocampus was not necessary for learning skills like mirror tracing, things that you can't necessarily articulate but you just get better at over time. And it really led to a couple of decades or more even of an enormous amount of very important work that kind of kept on breaking memory down further and further into different types. Episodic and semantic as both forms of explicit memory where episodic refers to memory for an event that happened like what you did yesterday morning and semantic refers to general knowledge about the world. Implicit memory is being broken down into a bunch of different kinds like skills or habits or conditioning. And when I started graduate school, many of us felt kind of the next question was really to understand how do we now understand how they work together. This was right around when functional magnetic resonance imaging started becoming a popular tool for measuring brain activity. We could scan the entire brain and we could ask questions about multiple brain regions at once. And we discovered that what we might expect during a skill learning task that only the striatum might show activity, that we also saw the activity in the hippocampus. Or when we asked someone to form an episodic memory that we thought might depend only on the hippocampus we suddenly also saw activity in the prefrontal cortex. And so the confluence of these new ideas and questions about how different forms of memory interact together with the development of new tools for studying the human mind and brain allowed us to kind of adjust our view of memory systems, to think of them less as multiple completely separate independent systems and instead to try to understand how they really work in concert with each other and give rise to all kinds of behaviors that might not fit neatly into one category or another.",16,8,1535,0
wired,wired_memory_14,10,memory,2,undergraduate,partner,"Are the connectivities that you're seeing using the FMRI in your studies, are they different when you look at the implicit and explicit memories? Are you seeing more activity in the striatum in comparison to the hippocampus or the prefrontal cortex?",2,9,1536,0
wired,wired_memory_14,11,memory,2,undergraduate,expert,"Yeah, you know things are kind of breaking down in unexpected ways I'd say. I think there's been a lot of really great work out of multiple labs showing hippocampal activity related to behaviors that don't look anything like episodic memories, but which might depend on episodic memories right? So for example also when you're making a decision about how to choose between two good options that suddenly you might see activity in the hippocampus related to the choice itself, others have found that you find activity in the hippocampus not only when people are forming memories, but also when they're imagining events that are gonna happen in the future. So it kind of forced us to rethink the way we define what the hippocampus might be doing in a way that can account for creating memories, thinking about the future, making decisions and other kinds of behaviors that involve what we would refer to you in the field as relational processing. And that raises all kinds of new questions about what memory really is. Reminiscing about our early influences that made us want to be scientists is that, you know, of course we know, we know better than to think that those are necessarily accurate memories. You know this reminds me of sort of the classic example from literature when people talk about memory of course is Marcel Proust's Madeleine in Remembrance of Things Past. Where in the book it's this taste for the, for the protagonist this taste of the crumbs of the Madeleine cookie and the tea that bring him back to his childhood. You know, seven volumes then emerge of memories of, of that childhood. Digging further into earlier drafts of Proust's novel that initially it didn't describe a Madeleine at all.",10,10,1537,0
wired,wired_memory_14,12,memory,2,undergraduate,partner,It's very interesting to see the imperfections of the human brain and being able to rewrite something that happened to you and fully believe it yourself. I think that that's one of the coolest errors and faults in the human brain that could exist.,2,11,1538,0
wired,wired_memory_14,13,memory,2,undergraduate,expert,"You know I think these imperfections, I interpret them as an indication that the role of memory is much less about being accurate representation of the past and much more about being kind of a flexible compass into the future.",1,12,1539,0
wired,wired_memory_15,1,memory,3,graduate,expert,So what are you studying these days?,1,0,1540,0
wired,wired_memory_15,2,memory,3,graduate,partner,"Well, I'm preparing my dissertation. The general topic is going to be how we perceive different types of social stimuli, like different people's faces and make judgements about them and how the way that we report on what we are experiencing tells us about what's actually going on inside our heads.",2,1,1541,0
wired,wired_memory_15,3,memory,3,graduate,expert,"What I love about what you were describing is like you didn't use the word memory, were how you were talking about kind of perceptions and social judgments but I think probably we'd both agree that memory is a big part of that.",1,2,1542,0
wired,wired_memory_15,4,memory,3,graduate,partner,Oh of course.,1,3,1543,0
wired,wired_memory_15,5,memory,3,graduate,expert,"Right, like it reminds me so much of, you know, what we in the field would refer to as statistical learning. On one hand we might have like a one-shot memory, a memory of something that we saw yesterday, like what we did or what we ate or where we were. But a lot of our memories and our knowledge instead are based on many, many, many experiences.",3,4,1544,0
wired,wired_memory_15,6,memory,3,graduate,partner,"Oh, absolutely. I think this sort of reminds me of another project that I'm doing. It's fairly easy to get different participants to experience consistent negative emotions to the same stimuli, but with positive emotions it's so much harder to study. I might not react the same to like this like cute cat video than someone else. And I definitely believe that people's memory that they're bringing up unconsciously when they're experiencing something to make an emotional judgment informs especially our experience with positive emotion possibly more than negative emotion.",5,5,1545,0
wired,wired_memory_15,7,memory,3,graduate,expert,"Some of those examples really remind me also some of the questions about kind of abnormalities in, in memory or trauma or disruptions in memory and how they also play out in terms of not just what people remember but what they do with those memories right?",1,6,1546,0
wired,wired_memory_15,8,memory,3,graduate,partner,As far as the way that my research plays into it is like the first step in making a judgment about what to do based on an experience we're calling from memory is deciding what your emotional response was.,1,7,1547,0
wired,wired_memory_15,9,memory,3,graduate,expert,"I think what we're still kind of trying to understand as a field is the more kind of detailed and bigger picture of where does this model live? How does it get updated based on experiences? Why does that sometimes happen and sometimes not? There are actually people who are born without a hippocampus. They have disruptions to episodic memories. They have trouble after this conversation remembering what the conversation was about, but they do have pretty good semantic information. They have a good sense of knowledge about the world. And that's interesting for two reasons. One, it shows this association between the role of the hippocampus and these two forms of memory, episodic memories and semantic memory. The other reason it's interesting is that people often assume that we get to semantic memory through episodic memory, that we encounter one dog and then another dog, and then another dog and then we learned the concept, the semantic notion of a dog. And these people, their profile suggests that you can learn semantic information. You can learn general knowledge about the world, even without ever having the capacity to build those individual memories.",12,8,1548,0
wired,wired_memory_15,10,memory,3,graduate,partner,"In people with intact brains, you might use a particular process, but if that brain region that subserves that process is damaged, that it's not that you can't do it anymore you just now do it a different way. Right. It's really hard to tell people like, just don't use your memory to do this. And we just sort of have to infer and guess at what strategies that they're doing. Is there's a particular research question that the answer you think is gonna inform the research in your lab and perhaps in the rest of your field?",5,9,1549,0
wired,wired_memory_15,11,memory,3,graduate,expert,"You know when I look back at, some of the work for my own lab and in the field in general, I really feel like some of the most exciting discoveries were not an answer to a question that was around before, but they were discoveries that made us realize we weren't asking the right question. I think one example of that even has to do with the connection between memory and decision-making. There was a discovery about how the striatum responds to rewards and to learning that just all of a sudden flipped the way we thought about the role of reward and learning and memory, and may force us to realize there was something fundamentally connected between these processes. And that discovery just raised a whole new set of questions that didn't exist before.",4,10,1550,0
wired,wired_memory_15,12,memory,3,graduate,partner,"Yeah, I guess then the trick is we need to be designing studies that will make us most likely to find those sort of unexpected things, which is kind of funny. It's like how do you look for something that you don't know what it is?",2,11,1551,0
wired,wired_memory_15,13,memory,3,graduate,expert,"Each project should be very focused and rigorous and know what a study is designed for. But at the same time we have to keep our minds open, our eyes open for what else is happening. Some of the most interesting discoveries didn't make sense at first.",3,12,1552,0
wired,wired_memory_15,14,memory,3,graduate,partner,As someone who is studying social phenomena I like to hear that.,1,13,1553,0
wired,wired_memory_15,15,memory,3,graduate,expert,"There you go, exactly.",1,14,1554,0
wired,wired_memory_16,1,memory,4,expert,expert,"Thanks so much for coming, it's great to see you. It's been a while.",2,0,1555,0
wired,wired_memory_16,2,memory,4,expert,partner,"It has been awhile, I'm really excited to be here.",1,1,1556,0
wired,wired_memory_16,3,memory,4,expert,expert,It'd be great to just start by talking about your work at the broadest level. To my mind your work has really revolutionized the field of cognitive neuroscience more broadly.,2,2,1557,0
wired,wired_memory_16,4,memory,4,expert,partner,"I've been really interested in how past understandings of the brain have really focused on, on pinpointing exactly what each piece of the brain does. But I think that there's also a broader conversation happening in the brain, which is between one region and another. So it's actually the pattern of connections between these regions that would allow for the flow of information. But I think the tools that have become widely available now from the physics community and mathematics and computer science are under the umbrella of, of network science. So that is a science of networks, a science of understanding how bits of a system are interconnected with one another. Not just comparing two groups of people or two kinds of two species, but we can ask even within a single person, how does the pattern of connectivity in my brain change as we talk with one another? How does the information flow change? I think a lot about traffic on roadway networks as a good example of this. Which is, you know, we can understand where the roads are and perhaps the roads are relatively fixed. They change over long timescales and it's similar to the brain. We really only create large scale connections over long timescales. But we can alter the traffic on the roadways really easily. And that's similar to what we do in the brain is that we change the way that information is flowing to allow us to respond to our environment.",13,3,1558,0
wired,wired_memory_16,5,memory,4,expert,expert,"It's a great analogy. You know I remember when I first learned of your work, for me as somebody who studies learning and memory, which are processes that are all about rapid updating that to me was really mind blowing that we can now start asking questions about dynamics of circuits on a timescale that's much closer to the timescale of human thought than anything we had before.",2,4,1559,0
wired,wired_memory_16,6,memory,4,expert,partner,"The field is definitely opening up in the kinds of questions that can be asked now with these approaches. And I think what you're pointing out is that conceptually it's where we wanted to go anyway. So if there's so much orchestration that happens and a symphony is not a single piece, it's not a single pattern of, of harmony between instruments and, and similar to the brain, symphony of your brain is not a single pattern. It's a very dynamically changing pattern.",4,5,1560,0
wired,wired_memory_16,7,memory,4,expert,expert,"In the field we often talk of have having a mental model that we use to make predictions about what's about to happen and really use that to mean kind of a general understanding of what's going on. What does that look like in terms that come from your world of like the configuration of, of a circuit?",2,6,1561,0
wired,wired_memory_16,8,memory,4,expert,partner,"I think this is the most exciting area of memory research right now I think, which is how people build and remember, you know, and keep with them models of the world over long periods of time. When I think about a mental model, I think about ideas, potential outcomes, potential events, potential actions, and how they all depend on one another. So when we predict what will happen next it would be, I am currently sitting at this piece of the network and I know that there are, there are these possible outcomes. And so I have to get ready for those, you know, four possible outcomes. But that brings this interesting question to the fore, I think which is how does a network system in our mind and our brain create a network model of the world outside? It's almost like there's a reflection in the structure of what's inside in the hardware and what we're building in a very abstract way. And I think that relates to some interesting work that's coming out about the hippocampus too.",7,7,1562,0
wired,wired_memory_16,9,memory,4,expert,expert,"We now think of the hippocampus so much in terms of memory but really some of the earliest work in neuroscience on the hippocampus talked about the role of the hippocampus in spatial navigation. And it really exposed I think one of the deepest questions in memory research, or at least from the neuroscience perspective is like, well what is the connection? What is the connection between spatial processing and memory? And why is it that neurons in the hippocampus when an animal is navigating a maze, why is it that there's spatial specialization there? I really do think that this notion of a mental model, a generative model is where those, where memory and space meet.",5,8,1563,0
wired,wired_memory_16,10,memory,4,expert,partner,"That makes a lot of sense. And I think that it makes me wonder how we think about places in the abstract, what is a cognitive place, right? And what is, how do we map out the cognitive spaces that we, that our mind moves within in the same way or in a similar way to the spaces that we physically walk in. But I think it opens a lot up, a lot of questions about how individuals make their own maps, right? And then how the way that they choose to make that map will then affect the way that they may respond in the future to a new context or environment.",5,9,1564,0
wired,wired_memory_16,11,memory,4,expert,expert,"It's really interesting. And I think it also really speaks to the kind of pervasive and circular role of memory, right? Because the maps are dependent on memories, they're built from memories and experiences. So there's this kind of dialogue with memory creating maps, maps creating experiences, experiences creating memories, affecting the maps, and really makes me think even of a question a friend asked me recently about moods and mental health and this feeling of like how do some people get kind of trapped in a state of mind where all they can see is a particular way forward. But then something happens in the world that shifts them to another model. Which is actually really interesting because you can make different maps in different physical spaces too, right? As you walk into a new room you make a new map of that room.",7,10,1565,0
wired,wired_memory_16,12,memory,4,expert,partner,"So what are the doorways basically for mental models? And I think that often we sort of fall into this pattern of, of thinking about memory as, as always additive, that we always just keep gathering more information and update what we currently have. We don't as often speak about deleting pieces of information or, or perceptions or something that we thought was a, was a useful fact but actually it's not a fact.",3,11,1566,0
wired,wired_memory_16,13,memory,4,expert,expert,"Memories as models or models first and memory as part of what helps build the model starts generating new predictions. Exactly the kind you just brought up or other ways of thinking about things because an efficient model needs to let go of information, right? I just heard a colleague of mine joking about the fact that the principles of neuroscience textbook keeps growing and growing. And that if we had enough strength in theoretical neuroscience, if our models of neuroscience were good enough, that book should shrink back. We know that memory retrieval is essentially construction. And so you don't need to store all those separate memories. You need to construct them. But if you have a good model, let go of all those details and just construct them to feel as if it's a memory. But really all you're doing is using the model to fill the details. It's kind of like the matrix, you know.",10,12,1567,0
wired,wired_memory_16,14,memory,4,expert,partner,Right.,1,13,1568,0
wired,wired_memory_16,15,memory,4,expert,expert,"Getting way out there, but, but it is a way in which if you have the right model, it should be an efficient one. I'm wondering what you, what you think about what all this means for kind of a redefinition of what memory is, in many ways a revision or expansion of that notion. Would you be willing to try to help me think about how to define it?",3,14,1569,0
wired,wired_memory_16,16,memory,4,expert,partner,"I think it's information certainly that, that is stored in the brain and that can then affect our behavior. I think getting your behavior in there somewhere seems, seems important. But also is it just a record of the past or is it, you know, our perceptions of, of what happened in the past, or how we've changed how we think about that past event or have we deleted that event completely and then gathered this higher level structure or mental model that then allows us to behave differently in the future? So it's more alive, it's more changing. It's more, I think it's bubbling out and gathering, gathering and growing and becoming more flexible, but it's also sort of bubbling in, in the sense of deleting and removing and forgetting. So yes, I think that what we need to add perhaps is that changeability and perhaps the behavioral relevance of that changeability. I don't know, what do you think?",7,15,1570,0
wired,wired_memory_16,17,memory,4,expert,expert,"I agree. I think, you know, as you were speaking I was thinking maybe the most important word to replace there is record. Record implies an etching of something as it was. And maybe what we need instead is that it's a model, it's an approximation, it's an abstraction that can help us create the illusion of constructing your record. But that it's the model that's the important thing that drives the whole thing.",5,16,1571,0
wired,wired_memory_16,18,memory,4,expert,partner,"Yeah, yeah I agree. I think that's perfect.",2,17,1572,0
wired,wired_moravec_12,1,moravec,0,child,expert,"Hi, I'm Chelsea, what's your name?",1,0,1573,0
wired,wired_moravec_12,2,moravec,0,child,partner,Juliette.,1,1,1574,0
wired,wired_moravec_12,3,moravec,0,child,expert,"Nice to meet you, Juliette. Today, we'll talk a little bit about a concept called Moravec's paradox.",2,2,1575,0
wired,wired_moravec_12,4,moravec,0,child,partner,What's that?,1,3,1576,0
wired,wired_moravec_12,5,moravec,0,child,expert,Something that explains what's hard and what's easy for a robot. Something like stacking these two cups. Do you think that's easy or hard?,3,4,1577,0
wired,wired_moravec_12,6,moravec,0,child,partner,"If it's this way, then it's easy, but if it's this way, you need to balance it or, oh-",1,5,1578,0
wired,wired_moravec_12,7,moravec,0,child,expert,"It's still pretty easy, right? It turns out that stacking these two cups, it's actually really hard for robots to do that. So, let's think about how we might have a robot stack these two cups. You could program the robot to move its hand right here and then program the robot to close its hand around the cup.",4,6,1579,0
wired,wired_moravec_12,8,moravec,0,child,partner,Okay.,1,7,1580,0
wired,wired_moravec_12,9,moravec,0,child,expert,And then program the robot to move over here and open the-,1,8,1581,0
wired,wired_moravec_12,10,moravec,0,child,partner,And drop it.,1,9,1582,0
wired,wired_moravec_12,11,moravec,0,child,expert,"Exactly, right? That seemed pretty simple for the robot to do. Say we even just move the cup over here. Do you think the robot would still be able to stack the cups?",4,10,1583,0
wired,wired_moravec_12,12,moravec,0,child,partner,Yes.,1,11,1584,0
wired,wired_moravec_12,13,moravec,0,child,expert,"We can see what happens. So it's gonna, we programed the robot to move to the same exact position as before.",2,12,1585,0
wired,wired_moravec_12,14,moravec,0,child,partner,Oh yeah. So it goes to the same place.,2,13,1586,0
wired,wired_moravec_12,15,moravec,0,child,expert,"When we gave it instructions, did we tell it to look at where the cup was? Or did we tell it to just move over here?",2,14,1587,0
wired,wired_moravec_12,16,moravec,0,child,partner,We told it to just move over here.,1,15,1588,0
wired,wired_moravec_12,17,moravec,0,child,expert,"Exactly. So, Moravec's paradox is something that means that these really simple things, like stacking cups, is really, really hard for robots, even though it's really easy for us. While robots are actually really good at really complicated and really difficult things. Think about the task of multiplying two really big numbers together.",4,16,1589,0
wired,wired_moravec_12,18,moravec,0,child,partner,Okay.,1,17,1590,0
wired,wired_moravec_12,19,moravec,0,child,expert,Does that seem like a hard task or an easy task?,1,18,1591,0
wired,wired_moravec_12,20,moravec,0,child,partner,It's easy for me.,1,19,1592,0
wired,wired_moravec_12,21,moravec,0,child,expert,You're good at multiplying big numbers together?,1,20,1593,0
wired,wired_moravec_12,22,moravec,0,child,partner,Yes.,1,21,1594,0
wired,wired_moravec_12,23,moravec,0,child,expert,"Could you multiply 4,100 by-",1,22,1595,0
wired,wired_moravec_12,24,moravec,0,child,partner,"No, I can't do that.",1,23,1596,0
wired,wired_moravec_12,25,moravec,0,child,expert,But it's actually really easy for a computer to do that. So how fast were you able to stack the two cups?,2,24,1597,0
wired,wired_moravec_12,26,moravec,0,child,partner,Like two seconds. It took me like a couple days when I learned how to stack cups.,2,25,1598,0
wired,wired_moravec_12,27,moravec,0,child,expert,"Yeah. But so it took you a couple days when you learned how to stack cups, but before that, you already knew how to grasp objects, right? You already knew how to pick up cups.",3,26,1599,0
wired,wired_moravec_12,28,moravec,0,child,partner,Yeah.,1,27,1600,0
wired,wired_moravec_12,29,moravec,0,child,expert,"And so you could use that when you were learning to stack cups. We're trying to be inspired by how humans learn to do tasks, to allow robots to do the same kind of things that are very simple for people, like stacking cups. We want robots to be able to do something like that too.",3,28,1601,0
wired,wired_moravec_13,1,moravec,1,teenager,expert,What grade are you in?,1,0,1602,0
wired,wired_moravec_13,2,moravec,1,teenager,partner,I am about to be a junior.,1,1,1603,0
wired,wired_moravec_13,3,moravec,1,teenager,expert,Have you heard of something called Moravec's paradox?,1,2,1604,0
wired,wired_moravec_13,4,moravec,1,teenager,partner,Never heard of it.,1,3,1605,0
wired,wired_moravec_13,5,moravec,1,teenager,expert,"Typically you would think that things that are easy for humans, are also easy for robots and computers to do.",1,4,1606,0
wired,wired_moravec_13,6,moravec,1,teenager,partner,Right.,1,5,1607,0
wired,wired_moravec_13,7,moravec,1,teenager,expert,And things that are hard for humans should also be hard for robots and humans to do. But it turns out that it's actually the opposite. I wanna try a little demo.,3,6,1608,0
wired,wired_moravec_13,8,moravec,1,teenager,partner,Okay.,1,7,1609,0
wired,wired_moravec_13,9,moravec,1,teenager,expert,"So I have a penny in my hand and I'd like you to pick it up with your right hand and put it into your left hand. So that was pretty easy, right?",2,8,1610,0
wired,wired_moravec_13,10,moravec,1,teenager,partner,Yeah.,1,9,1611,0
wired,wired_moravec_13,11,moravec,1,teenager,expert,"We're gonna make this a little bit harder now. So, can you put these on? And we'll try to do the same thing again with your eyes closed. There you go. Let's try that one more time, and see if you can do any better. So close your eyes.",6,10,1612,0
wired,wired_moravec_13,12,moravec,1,teenager,partner,"Oh, there we go.",1,11,1613,0
wired,wired_moravec_13,13,moravec,1,teenager,expert,"Yeah. So that you're able, with a bit more practice, you're able to figure it out. When it fell on the ground, how did you know to pick it up off the ground?",3,12,1614,0
wired,wired_moravec_13,14,moravec,1,teenager,partner,From the sound.,1,13,1615,0
wired,wired_moravec_13,15,moravec,1,teenager,expert,"So when a robot tries to do something, like pick up an object, not only do you need to program exactly like what the motors should do, the robot also needs to be able to see where the object is. Then this is what's called a perception action loop in robotics. So if the object moves, the robot can then adapt what it's doing and change what it's doing to successfully pick up the object. It's really important for robots to be able to leverage, not just like the past hour of experience, but also ideally many years of experience, in order to do the kinds of things that you did.",4,14,1616,1
wired,wired_moravec_13,16,moravec,1,teenager,partner,"It's kind of hard for me to understand why like robots can do like all these crazy calculations, but they can't do like all the simple stuff, so.",1,15,1617,1
wired,wired_moravec_13,17,moravec,1,teenager,expert,"Yeah. It's really unintuitive. In order to survive, we need to pick up objects and everything. Basically many, many, like billions of years of evolution actually created humans and the ability to manipulate objects like that. So, it actually turns out that things that are really basic for us are actually just really complex tasks in general.",5,16,1618,1
wired,wired_moravec_13,18,moravec,1,teenager,partner,"So do robots know, like, they messed up? They know.",1,17,1619,1
wired,wired_moravec_13,19,moravec,1,teenager,expert,"That's a great question. So in reinforcement learning, the robot tries the task, and then it gets some sort of reinforcement, some sort of feedback. It's similar to how you might train a dog.",3,18,1620,1
wired,wired_moravec_13,20,moravec,1,teenager,partner,Yeah.,1,19,1621,1
wired,wired_moravec_13,21,moravec,1,teenager,expert,"So you could give it feedback like that. So it won't necessarily know itself, especially on the first few tries, but it's trying to figure out what the task is even.",2,20,1622,1
wired,wired_moravec_13,22,moravec,1,teenager,partner,"Does a robot see like how we see or does it like, just see like a program or something?",1,21,1623,1
wired,wired_moravec_13,23,moravec,1,teenager,expert,"We give robots a camera and the camera produces this array of numbers. Basically, each pixel has three different numbers, one for R, for G and for B. And so the robot sees this really massive set of numbers. And it has to be able to figure out, from that massive set of numbers, what is in the world. There is a number of different ways to have the robot see, but we use a technique called neural networks, that tries to take out in those big numbers and form representations of the objects in the world, and where those objects are.",5,22,1624,1
wired,wired_moravec_13,24,moravec,1,teenager,partner,Can a robot ever go off the program?,1,23,1625,1
wired,wired_moravec_13,25,moravec,1,teenager,expert,"It depends on how you program the robot. If you program the robot to follow exact motions and follow a very specific program, then it won't go off that program. It will always do those actions. But if something unexpected happens, that the program wasn't designed to handle, then the robot might go off court.",4,24,1626,1
wired,wired_moravec_13,26,moravec,1,teenager,partner,Do you think robots will take over the world? Just being honest.,1,25,1627,1
wired,wired_moravec_13,27,moravec,1,teenager,expert,"I think that robotics is really, really hard. Having robots do even really basic stuff, like pick up objects, is really, really hard. So if they do take over the world, I think it'll be a very, very, very, very long time from now.",3,26,1628,1
wired,wired_moravec_13,28,moravec,1,teenager,partner,Very long time. Yeah.,2,27,1629,1
wired,wired_moravec_14,1,moravec,2,undergraduate,expert,So today we'll talk a bit about robotics and machine learning and artificial intelligence. So have you heard of Moravec's paradox?,2,0,1630,0
wired,wired_moravec_14,2,moravec,2,undergraduate,partner,I haven't heard of Moravec's paradox?,1,1,1631,0
wired,wired_moravec_14,3,moravec,2,undergraduate,expert,Yeah. That's what it's called. Yeah.,3,2,1632,0
wired,wired_moravec_14,4,moravec,2,undergraduate,partner,"yeah, I haven't heard of it before.",1,3,1633,0
wired,wired_moravec_14,5,moravec,2,undergraduate,expert,"It describes something in AI, which is that things that are really intuitive and easy for humans, are actually really difficult to build into AI systems. And on the flip side, picking up an object, really simple for people, but it's actually really difficult to build that into robotic systems. So do you have any experience working with robots or other AI systems?",3,4,1634,0
wired,wired_moravec_14,6,moravec,2,undergraduate,partner,"Yeah, I did work with robots, but they weren't doing like artificial intelligence type of stuff. We were just sending like instructions and the robot would do, like, perform like a simple task. I wasn't so used to the aspect of, like, teaching a computer how to do stuff. So I'm always on that other end of like giving instructions, more focused on the data analysis and machine learning aspect of it.",4,5,1635,0
wired,wired_moravec_14,7,moravec,2,undergraduate,expert,"And how would you just describe machine learning, like in one sentence?",1,6,1636,0
wired,wired_moravec_14,8,moravec,2,undergraduate,partner,I'd say machine learning is giving like feeding data to a program or to a machine and they start to learn based off of that data.,1,7,1637,0
wired,wired_moravec_14,9,moravec,2,undergraduate,expert,"Do you have any thoughts on like what the data might look like in a robotic setting, if you were to apply machine learning to robots?",1,8,1638,0
wired,wired_moravec_14,10,moravec,2,undergraduate,partner,I think of like coordinates.,1,9,1639,0
wired,wired_moravec_14,11,moravec,2,undergraduate,expert,"Yeah, exactly. One thing that my research has been looking into is, if we can have robots learn from data, we'll collect data from the robot sensors. And if the robot has sensors in its arm, to figure out the angle of one of its wrist, for example, then we'll record that angle. And all of the robots experience will go into a data set, that if we wanted a robot to solve a task, like, I don't know, picking up a cup, and then maybe you want to pick up a different cup, if it only had the data of picking up the first cup, do you think it would be able to perform well on the second cup?",4,10,1640,0
wired,wired_moravec_14,12,moravec,2,undergraduate,partner,I don't think so. I feel like that might be a problem.,2,11,1641,0
wired,wired_moravec_14,13,moravec,2,undergraduate,expert,"Yeah, so there's this generalization gap, this gap between what it was trained to do and the new thing.",1,12,1642,0
wired,wired_moravec_14,14,moravec,2,undergraduate,partner,"So what's like the most complicated thing for a robot to learn, is it motion?",1,13,1643,0
wired,wired_moravec_14,15,moravec,2,undergraduate,expert,"So you can think of robotics as having two core components. One is perception, being able to see and feel and so forth, and action, where the robot actually figures out how to move its arm. And both components are really essential, and both components are quite difficult. If you train a perception system independently of how to choose actions, then it might make errors in a way that mess up the system that selects actions. And so if you instead try to train these two systems together, to have it learn perception action for the goal of solving these different tasks, then the robot can be more successful. One thing that's really difficult about robotics is, there actually isn't that much data of robots in the world. On the internet, there's all sorts of text data, all sorts of image data that people upload and write. But there isn't a lot of data of doing a simple thing, like tying your shoe, for example, because it's so basic. One challenge is even just getting data sets that allow us to teach robots to do these simple kinds of tasks.",9,14,1644,0
wired,wired_moravec_14,16,moravec,2,undergraduate,partner,"Do you think that we'd be able to kind of accelerate that process of collecting data? Or do you think, is it the way that we've been collecting those types of data sets? Is that what's keeping us behind?",3,15,1645,0
wired,wired_moravec_14,17,moravec,2,undergraduate,expert,"That's a great question. I think we should be able to accelerate the data collection process by having robots collect more data autonomously on their own. And by doing that, we might be able to overcome some of the challenges of Moravec's paradox.",3,16,1646,0
wired,wired_moravec_14,18,moravec,2,undergraduate,partner,What are some common algorithms that are used in these types of techniques as the robot is learning?,1,17,1647,0
wired,wired_moravec_14,19,moravec,2,undergraduate,expert,"Deep learning is a common toolbox for addressing some of these challenges, because it allows us to leverage large data sets. And so, deep learning is basically, corresponds to methods for training these artificial neural networks. Another common method that comes up is reinforcement learning. A third kind of algorithm is meta learning algorithms. And these algorithms learn not just from the most recent experience on the current task, but leverage experience from other task in the past. And they're not just completely separate. We can combine the aspects of these algorithms into a single method that gets the benefits of each of them.",7,18,1648,0
wired,wired_moravec_15,1,moravec,3,graduate,expert,What year are you in your PhD?,1,0,1649,0
wired,wired_moravec_15,2,moravec,3,graduate,partner,"I'm just finishing up my first year. Studying food manipulation and also bimanual manipulations, and just enabling robots to have these capabilities, so that, eventually, we can use it in like a home robot use case, for example.",2,1,1650,0
wired,wired_moravec_15,3,moravec,3,graduate,expert,What are some of the challenges that you've run into when trying to work with robots and do these tasks?,1,2,1651,0
wired,wired_moravec_15,4,moravec,3,graduate,partner,"So, I was really interested in the problem of scooping peas on a plate. They're relatively homogenous, but when it came to more complex foods, like broccoli, or deformable foods, like tofu, that can crumble, that gets a lot more complex to simulate.",2,3,1652,0
wired,wired_moravec_15,5,moravec,3,graduate,expert,"One thing I find really fascinating about robotics is that the things that are so simple for us, like feeding yourself broccoli, so second nature to us, are really hard for robotics. When you try to take a robot and train it to do a task and simulation, and the simulation isn't perfectly accurate, it's really hard to actually model the physics of how tofu crumbles.",2,4,1653,0
wired,wired_moravec_15,6,moravec,3,graduate,partner,Right.,1,5,1654,0
wired,wired_moravec_15,7,moravec,3,graduate,expert,What algorithms do you think are most promising for handling non-rigid deformable objects and the other things you've been looking at?,1,6,1655,0
wired,wired_moravec_15,8,moravec,3,graduate,partner,"For most of my past work, which have been relatively more complex tasks, I lean towards the imitation learning type of algorithm approach, behavioral clonning and all that. Mostly because, if it's hard to simulate an interaction with an object, then I think RL is harder to go with, because it's not as sample efficient as imitation learning can be. And a lot of the times I'll be learning some high level policy of what to do, and then hard coding a lot of the, like action primitives that I want to select between my task.",3,7,1656,0
wired,wired_moravec_15,9,moravec,3,graduate,expert,How can we get robots to learn more efficiently or learn faster?,1,8,1657,0
wired,wired_moravec_15,10,moravec,3,graduate,partner,"From my experience, it's a matter of how much support you give the, like, robot when it's learning. One could be like a narrower task range. Another is maybe like also biasing the types of samples that you're collecting can bias towards interactions that are gonna be useful where the hands actually interact with each other, rather than just off doing their own things. What have you found to be like your go-tos between the different styles?",4,9,1658,0
wired,wired_moravec_15,11,moravec,3,graduate,expert,"I think I have a somewhat similar perspective to you in that, if we provide more structure and support, and sort of forms of prior knowledge or experience in the algorithm, that should make it more efficient. And so if we can acquire those kinds of priors about the world and about interaction from previous data, maybe offline data, then I think we should be able to make learning of new tasks more efficient.",2,10,1659,0
wired,wired_moravec_15,12,moravec,3,graduate,partner,"It's similar to like skill transfer style of things, because some skills are just repeatable. Like if I know how to pick up a cylinder, then maybe I know also how to pick up a mug.",2,11,1660,0
wired,wired_moravec_15,13,moravec,3,graduate,expert,"Yeah. So you may not transfer the exact strategy or the exact policy that the robot takes, but you should be able to learn some general heuristics about performing manipulation.",2,12,1661,0
wired,wired_moravec_15,14,moravec,3,graduate,partner,There's this gap between the simulators that we have now and what we actually experience in reality. So what do you think are promising directions to try out for actually making our simulations match reality more closely?,2,13,1662,0
wired,wired_moravec_15,15,moravec,3,graduate,expert,"It's a really, really hard problem. A lot of simulators, they don't simulate the world as a fine enough time granularity to really accurately capture things like skewing an object, for example. One thing that I think is promising is to try to not build simulators entirely from first principles, from our knowledge of physics. But instead to look at real data and see how real data might inform our simulations and try to build, allow robots to build models of the world, build simulators of the world, based on data and based on experiences. There's a little bit of a chicken and egg problem, because if we wanna use simulators to get lots of data, and we also need data to get good simulators, then there's no way to get around this.",5,14,1663,0
wired,wired_moravec_15,16,moravec,3,graduate,partner,"So when you say building simulators that don't rely on first principles, are you saying like, kind of like a learn simulator? We have all these videos of humans interacting with the world, and that can be your, like, physics data that you then use to inform when you're building a simulator, that's learning based on those videos.",2,15,1664,0
wired,wired_moravec_15,17,moravec,3,graduate,expert,Exactly. I think we can use machine learning to learn about physics and to build these kinds of physics simulators.,2,16,1665,0
wired,wired_moravec_15,18,moravec,3,graduate,partner,That's really cool. That's a cool idea.,2,17,1666,0
wired,wired_moravec_16,1,moravec,4,expert,expert,"So great to see you, Michael. Thanks for coming.",2,0,1667,0
wired,wired_moravec_16,2,moravec,4,expert,partner,It's my pleasure.,1,1,1668,0
wired,wired_moravec_16,3,moravec,4,expert,expert,"So over the past four levels, we've been talking about Moravec's paradox. I'm curious to get your perspective. There are still a lot of open questions for how to leverage previous experience and learn cumulatively over time.",3,2,1669,0
wired,wired_moravec_16,4,moravec,4,expert,partner,"It's funny because I'm kind of at the heart, a developmental psychologist. And so when we talk about babies, a lot of what we're talking about is how they become human. I started to try to build computer models of little tiny bits of babies cognition. And I would ask people, and they'd say, ""You have to assume that you can recognize objects, because actually recognizing objects is impossible."" And I was like, ""Wait, it's impossible? What about AI?"" And they're like, ""That's, that's really hard.""",6,3,1670,0
wired,wired_moravec_16,5,moravec,4,expert,expert,Why do you think it's so hard to build these things into AI systems and robots?,1,4,1671,0
wired,wired_moravec_16,6,moravec,4,expert,partner,"I guess if you think about a quintessentially human task, like playing chess or solving arithmetic problem, things that other creatures just don't do, when you're a human being, you have to learn that in cultural time. And so there's a limited amount of data you have. But if you're talking about seeing the world interacting with the world, using your effectors properly, that's the combination of this massive amount of evolutionary time. When you look at that, it's like the 56 games of chess I played in chess club that doesn't look like a lot of training data. You work so hard to make a robot, do one particular thing or one class of task, and then seems like people must always come up to you and say, ""So, okay, but what about my other task?"" ""Okay. You can fold the sock or stack a cup. How about my dishes?"" Is that frustrating? Is that a challenge? Is it interesting?",9,5,1672,0
wired,wired_moravec_16,7,moravec,4,expert,expert,"I think it's interesting. And also a huge challenge. I think that it's interesting that if a person sees a robot doing something that seems very capable, they assume that the robot can do all sorts of other capable things. It's a huge challenge, because that's actually not the case.",4,6,1673,0
wired,wired_moravec_16,8,moravec,4,expert,partner,"When we think about babies on their social cognition, we actually start from the idea that they have a notion of what an agent is. An agent is something that's self-propelled, that has its own internal states, like goals and beliefs. And so, it's very natural to imagine that when you see a seemingly, they call it propulsive, action by a robot, you're thinking, ""Hey, this thing has a desire."" ""It has a goal. It's accomplishing it with its. So what if I give it a different goal? Why couldn't it do that?"" They call it promiscuous generalization about agents, right? I think that the electrical outlet looks like a face. I think that my computer's mad at me. And so I think it, the challenge actually is to stop people from doing that, and to recognize limitations where there are some. Or we bring to bear our knowledge, sometimes incredibly quickly, to parse an uncertain image. So our experiences go all the way down to our very first impressions of the sensory signal.",10,7,1674,0
wired,wired_moravec_16,9,moravec,4,expert,expert,"I like that description, because it conveys how much complexity there is to these really basic tasks that we're doing. Is there a definition for the simple tasks that we do versus things that are more complex, like playing chess?",2,8,1675,0
wired,wired_moravec_16,10,moravec,4,expert,partner,"I guess I like to think about this hierarchical cascade, where, at first, vision starts with the sensory signal and parses it into gradually more complex units. I think it does make sense to talk about lower level, meaning closer to sensation and perception and action, and higher level meaning more deliberative, more mediated by memory and language and judgment.",2,9,1676,0
wired,wired_moravec_16,11,moravec,4,expert,expert,"That notion of hierarchy is really interesting, because it is these higher level things, like playing chess, for example, that are easier for AI systems. And the reason why they're easier is that we're providing the abstraction for the system already. Then when we give the game of chess to an AI system, we abstract away all the challenges of like picking up pieces and moving them, and we say, ""Okay, there's this board of however many boxes on it."" And you just need to figure out within that very narrow, small world, what to do. But handling and learning what those abstractions should be and handling everything from low level sensory inputs to that higher level processing is really, really hard.",5,10,1677,0
wired,wired_moravec_16,12,moravec,4,expert,partner,"Our impression that it's purely discrete and symbolic might be, just that might be an impression, because we talk about it in a language. And actually, the fact that it's connected up to all these perception and sensation and action systems means that it's probably grounded in a more continuous set of representations. I wonder, is there gonna be a point where what you really want to know is what are the experiences that a human has? [indistinct] human speech own project. His idea was, ""Well, I need the exact data that my son gets in order to train my robot to be like my son."" Or do you think that we're gonna end up in a world that's more like the large language models and that'll have to do?",6,11,1678,0
wired,wired_moravec_16,13,moravec,4,expert,expert,"I suspect that we'll start by doing whatever is most convenient, 'cause that's whatever we can get. But I think that for robots to be capable alongside humans, in a world with humans, I think that we may need to actually use human experience, human learning, to inform how robots learn, if we want them to follow the same kind of mistake pattern as humans, so that humans can interpret robots, and humans can understand what robots will and will not do.",2,12,1679,0
wired,wired_nano_12,1,nano,0,child,expert,"Hi, are you Bella?",1,0,1680,0
wired,wired_nano_12,2,nano,0,child,partner,Yes.,1,1,1681,0
wired,wired_nano_12,3,nano,0,child,expert,"Bella, I'm George, nice to meet you.",1,2,1682,0
wired,wired_nano_12,4,nano,0,child,partner,Nice to meet you too.,1,3,1683,0
wired,wired_nano_12,5,nano,0,child,expert,I'm a research scientist. Do you like science?,2,4,1684,0
wired,wired_nano_12,6,nano,0,child,partner,Yeah.,1,5,1685,0
wired,wired_nano_12,7,nano,0,child,expert,I wanted to talk to you about a specific type of science called nanotechnology. Have you ever heard of this word before?,2,6,1686,0
wired,wired_nano_12,8,nano,0,child,partner,Nhn nhn.,1,7,1687,0
wired,wired_nano_12,9,nano,0,child,expert,"Nano is kind of a funny word, right? It's a word that's used before another word, and it means one billion. What's the smallest object you can think of?",3,8,1688,0
wired,wired_nano_12,10,nano,0,child,partner,A baby ant?,1,9,1689,0
wired,wired_nano_12,11,nano,0,child,expert,"A baby ant? Very good. So I have over here a meter stick, let me show it to you. And so that's a meter and if I divide it by 1000, I get a millimeter. So milli just means 1000. There's all these little lines on the ruler. And each of those little lines is one millimeter. So a baby ant is probably a couple of millimeters. So even the thing that's the smallest thing you can think of, it's a million times bigger than a nanometer. Tiny, tiny, tiny.",10,10,1690,0
wired,wired_nano_12,12,nano,0,child,partner,"Tiny, tiny, tiny, tiny.",1,11,1691,0
wired,wired_nano_12,13,nano,0,child,expert,"If I took this stick and I was to draw 1 billion lines, the distance between those two lines would be one nanometer. So that's really all it is. It's just a measure of size. But it's really, really, really tiny, smaller than anything that we can see with our eyes. The reason why, in nanotechnology, scientists, we care about things that are that small, is because there are objects called atoms. Have you ever heard of atoms before?",6,12,1692,0
wired,wired_nano_12,14,nano,0,child,partner,"Yes. I first heard of them on a show I watched called StoryBots. They're just little things that make up everything on Earth, even earth.",3,13,1693,1
wired,wired_nano_12,15,nano,0,child,expert,"That was a perfect explanation. But what if I told you that scientists invented a special type of microscope that not only lets you see atoms, but also lets you move them around and build things with them. Would you think that would be pretty cool?",3,14,1694,1
wired,wired_nano_12,16,nano,0,child,partner,Yeah.,1,15,1695,1
wired,wired_nano_12,17,nano,0,child,expert,"So it's called a scanning tunneling microscope. And not only can you see the atoms, but you can move them around. Atoms are kind of sticky. You can actually build things using this instrument with actual individual atoms. So if I gave you that machine, would you want to make something? Would you want to look at something very carefully?",6,16,1696,1
wired,wired_nano_12,18,nano,0,child,partner,I would want to make a unicorn out of atoms.,1,17,1697,1
wired,wired_nano_12,19,nano,0,child,expert,You are definitely a second grader. My daughter would probably answer the exact same way. A unicorn would be awesome.,3,18,1698,1
wired,wired_nano_12,20,nano,0,child,partner,Why do you study stuff so small?,1,19,1699,1
wired,wired_nano_12,21,nano,0,child,expert,"I study it because objects that are that small have really interesting properties. They behave completely different than objects that are big. And because of that, we can build really cool things with them. Like really fast computers, for example, or new types of batteries or new types of solar cells. And a lot of nanotechnology is kind of like playing with Legos. You take these small objects and you put them together to build something new. Something interesting that no one's built before. It's like Legos for scientists.",8,20,1700,1
wired,wired_nano_12,22,nano,0,child,partner,Cool.,1,21,1701,1
wired,wired_nano_13,1,nano,1,teenager,expert,So how old are you?,1,0,1702,0
wired,wired_nano_13,2,nano,1,teenager,partner,I'm 16.,1,1,1703,0
wired,wired_nano_13,3,nano,1,teenager,expert,"So what is that, you're in 10th grade?",1,2,1704,0
wired,wired_nano_13,4,nano,1,teenager,partner,Junior year. So 11th grade.,2,3,1705,0
wired,wired_nano_13,5,nano,1,teenager,expert,Have you heard of nanotechnology? Have you heard of this term before?,2,4,1706,0
wired,wired_nano_13,6,nano,1,teenager,partner,"Yeah, I've heard of it.",1,5,1707,0
wired,wired_nano_13,7,nano,1,teenager,expert,What do you think of when you think of nanotechnology?,1,6,1708,0
wired,wired_nano_13,8,nano,1,teenager,partner,It kind of seems very science fiction.,1,7,1709,0
wired,wired_nano_13,9,nano,1,teenager,expert,"You know, you're right. When you read about some of these technologies, it does feel like science fiction. But the part of nanotechnology I wanted to talk to you about is stuff that you probably use every day, most of your day, all of the time. Can you guess what aspect of nanotechnology I'm gonna talk to you about?",4,8,1710,0
wired,wired_nano_13,10,nano,1,teenager,partner,My phone?,1,9,1711,1
wired,wired_nano_13,11,nano,1,teenager,expert,"Yeah, so modern computer chips rely heavily on nanotechnology. Does this look familiar to you? Can you guess what this might be?",3,10,1712,1
wired,wired_nano_13,12,nano,1,teenager,partner,I don't know.,1,11,1713,1
wired,wired_nano_13,13,nano,1,teenager,expert,"So this is a silicon wafer, and they're embedded in basically almost every object that you use, from a laptop, to a phone, to cars, television sets, appliances. We ended up cutting these into little squares and those repeating patterns, each of those is a processor. And those chips are what goes into all of these objects. What I want to talk to you about is how we got from where we started, and how we're able to actually fit 18 billion of these little devices in a little one inch by one inch area. They're called transistors. It's a switch. Very simply, think of it as a light switch that turns on and turns off using an electric field by applying a voltage.",7,12,1714,1
wired,wired_nano_13,14,nano,1,teenager,partner,OK.,1,13,1715,1
wired,wired_nano_13,15,nano,1,teenager,expert,"I went through my kid's Lego bins to build a very simple model of a transistor. And these are wired together in circuits so that you can do computation. You can do logic with them. Where nanotechnology comes into play, the way you double the number of transistors on a chip. Can you guess what you would have to do to this transistor?",5,14,1716,1
wired,wired_nano_13,16,nano,1,teenager,partner,You make it smaller?,1,15,1717,1
wired,wired_nano_13,17,nano,1,teenager,expert,"You have to make it smaller. Exactly. But here's the problem. So about 10 to 15 years ago, the devices got so small that if you shrunk them this gate, that actually turns it on and off loses its ability to control the channel. And so what they did, was they took devices like this into these things, we call them FinFETs, kind of like a fin on a fish. So they're very thin transistors. The width of these fins is only six nanometers. So 6 nanometers is 25 to 30 atoms across. And they repeat this over the entire wafer just about perfectly. It's just a huge feat in engineering. But these types of devices are exactly the kind of devices that your phones and computers either have, or will have in the near future. And it's a way that nanotechnology is directly impacting you right now.",12,16,1718,1
wired,wired_nano_13,18,nano,1,teenager,partner,"How do you make stuff that small? Obviously it's not handmade, so is it factories and stuff?",2,17,1719,1
wired,wired_nano_13,19,nano,1,teenager,expert,"Exactly. So these are made using a technique called lithography. You basically coat the silicon wafer with a polymer. Then you put a mask on it and then you shine light through it. And the features of the mask, the size of those holes determine the feature size in the chip. It's not just the size of the mask that matters. It's the wavelength of the light that's used. We talked about nanotechnology being science fiction before, but this is real stuff that's being produced, that's being made, that's being used every day by people.",8,18,1720,1
wired,wired_nano_13,20,nano,1,teenager,partner,"In middle school, I built all of the little switches where you turn the electricity on, and it goes from one thing to the other. But those are the really big, comical, like plugging in Legos and stuff. When we saw the picture of all of the little ones, it's like a city, it's crazy how simple and complex it is at the same time.",3,19,1721,1
wired,wired_nano_13,21,nano,1,teenager,expert,Exactly. I couldn't put it any better. That's right.,3,20,1722,1
wired,wired_nano_14,1,nano,2,undergraduate,expert,So what's your major?,1,0,1723,0
wired,wired_nano_14,2,nano,2,undergraduate,partner,Chemical engineering.,1,1,1724,0
wired,wired_nano_14,3,nano,2,undergraduate,expert,What made you choose that?,1,2,1725,0
wired,wired_nano_14,4,nano,2,undergraduate,partner,"Like any freshman, going into chemical engineering, I was like, I like chemistry. So I'm gonna go into chemical engineering. But luckily I also like all the math and all the science too.",3,3,1726,0
wired,wired_nano_14,5,nano,2,undergraduate,expert,So have you taken a quantum mechanics course?,1,4,1727,0
wired,wired_nano_14,6,nano,2,undergraduate,partner,I have. I took that last year.,2,5,1728,0
wired,wired_nano_14,7,nano,2,undergraduate,expert,"I think to really get deep into nanomaterials and nanoscale devices, you really have to understand to some level, quantum mechanics. What it teaches us as we make these devices smaller and smaller, their properties begin to now depend on the size and the orientation of these devices. There are materials that are intrinsically thin. As they're grown, as they're fabricated, they're already at the nanoscale and they possess these quantum confinement properties that as a nanotechnologist, you try to exploit. And so the first ones I wanted to talk to you about are quantum dots. Have you heard of quantum dots before?",6,6,1729,0
wired,wired_nano_14,8,nano,2,undergraduate,partner,Yes.,1,7,1730,0
wired,wired_nano_14,9,nano,2,undergraduate,expert,"So these are typically semiconductors. They can be cadmium selenide, cadmium sulfide, zinc selenide and they're small clusters of atoms. They can be from 2 to 10 nanometers. What's interesting about these materials?",4,8,1731,0
wired,wired_nano_14,10,nano,2,undergraduate,partner,"Well, the other day we were talking about the different dimensions you can have of nanotechnology. So all the way from like 0D to 3D. If I remember correctly, my professor labeled it as 0D.",3,9,1732,0
wired,wired_nano_14,11,nano,2,undergraduate,expert,"That's correct. Yeah. Because of quantum confinement, once you get below this 15 nanometer range, the band gap of the material depends completely on the size of the material. So in bulk materials, if you want to change the band gap, you have to change the material. But in these quantum dots specifically, just by changing the size, you can change their band gap. And because their band gap is changing, their optical properties are different. And you can precisely tune the wavelength of light that they emit just by changing their size.",7,10,1733,0
wired,wired_nano_14,12,nano,2,undergraduate,partner,What are the applications of these quantum dots?,1,11,1734,0
wired,wired_nano_14,13,nano,2,undergraduate,expert,"There are people that are exploring using these materials for diode lasers. There are companies that are building displays from these materials. And there're even people thinking about if I take these quantum dots, and I change the chemistry on the outside so they stick to specific types of cells or tissue, that I could really do some interesting imaging and therapeutic work to track disease, even maybe to treat disease, if you can very precisely control the chemistry.",3,12,1735,0
wired,wired_nano_14,14,nano,2,undergraduate,partner,How far away is this from being actually used on an industrial level?,1,13,1736,0
wired,wired_nano_14,15,nano,2,undergraduate,expert,"The optical applications are in development. The science has really been worked out. The health stuff is definitely further out there. For example, some of them are made from cadmium. Cadmium's toxic. You would never put that in someone's body. But there are other materials like gold and silver and titanium dioxide, which are less toxic and people are exploring using those. So have you learned about graphene?",8,14,1737,0
wired,wired_nano_14,16,nano,2,undergraduate,partner,Yeah.,1,15,1738,0
wired,wired_nano_14,17,nano,2,undergraduate,expert,Do you know what this is?,1,16,1739,0
wired,wired_nano_14,18,nano,2,undergraduate,partner,"Carbon nanotube. Carbon nanotube, right. So if you roll up graphene, depending on how you roll it and the angle, it has different properties. If I roll it one way, it'll act like a metal. If I roll it a different way, it'll act like a semiconductor. The one that gets everyone most excited is that the electrons and holes move very fast through graphene. And so there's a lot of interest in using these for certain types of high speed electronics. The other interesting application is because it's one atom thin, it's very sensitive to changes in the environment. And so there's a lot of interest in using them as diagnostics. It's on us researchers to find ways to control that process and to actually build some sort of interesting technology from them. So you've been talking about the different ways you can roll these nanotubes. So how do you go about building and controlling these nanotubes in terms of their diameter?",12,17,1740,0
wired,wired_nano_14,19,nano,2,undergraduate,expert,"You're speaking my language. This is what I spent many years of my life working on. You don't physically roll up graphene. You grow nanotubes by basically taking nanocrystals and you deposit them on a surface. And then you do a CVD process, chemical vapor deposition. You basically flow in a carbon source, the carbon dissolves in a nanocrystal and then once the nanocrystal is saturated, the nanotubes precipitate out of them in tubes. Then you have to develop ways to go into this pile of nanotubes and pull out exactly the ones that you want. So I have to find ways to program them to go exactly in the places that I want. I modify the surface of the nanotube with specific molecules that recognize one type of surface over another. And then I just pattern the surface and the tubes just land exactly where we want them to. And it's still very much in the research stage. The ultimate goal is to build functional high-speed electronics using these new materials.",12,18,1741,0
wired,wired_nano_14,20,nano,2,undergraduate,partner,"In my nanomaterials class, we were talking about different applications of nanotechnology and things we know. And we touched on the topic that right now, silicon is down to the smallest level that it can get. And so we have scientists out there researching other materials to replace silicon.",3,19,1742,0
wired,wired_nano_14,21,nano,2,undergraduate,expert,"Yeah. That's right. And that's the motivation for looking at these emerging materials. But I would never bet against the innovation and the creativity in this nano electronic space. Tens of thousands of scientists, every time they hit a barrier, at least historically as a guide, have found a way to overcome it. It's a real marvel in ingenuity.",6,20,1743,0
wired,wired_nano_14,22,nano,2,undergraduate,partner,"I gotta ask. The lights that are behind you, is that related to the quantum dots that you work with at all?",2,21,1744,0
wired,wired_nano_14,23,nano,2,undergraduate,expert,"It's just pretty lights. But now that you suggested it, these were inspired by the array of quantum dots that we showed earlier. So that's the story I'm going to stick with. I like it.",4,22,1745,0
wired,wired_nano_14,24,nano,2,undergraduate,partner,"Well, thank you so much. This was all so very interesting.",2,23,1746,0
wired,wired_nano_15,1,nano,3,graduate,expert,So you're a graduate student. And so tell me a bit about your work.,2,0,1747,0
wired,wired_nano_15,2,nano,3,graduate,partner,I've been working on energy storage materials. And the most popular are batteries that we work on. A lot of the revolution that's come in electronics is kind of our model to try and use some nanoscale advances and put them into batteries.,3,1,1748,0
wired,wired_nano_15,3,nano,3,graduate,expert,"What is it about nanomaterials, that scale and the properties of these materials that make them uniquely promising to incorporate into battery technology?",1,2,1749,0
wired,wired_nano_15,4,nano,3,graduate,partner,"So for batteries, one of the main constraints when we're designing batteries is trying to maintain or reduce the volume and mass of the components. And nanomaterials are particularly well suited to adding functionality while having this negligible increase in volume. So we get a huge benefit from using nano materials without sacrificing the volume of the battery.",3,3,1750,0
wired,wired_nano_15,5,nano,3,graduate,expert,What is it exactly that you're trying to tease out of these materials to improve the battery's performance?,1,4,1751,0
wired,wired_nano_15,6,nano,3,graduate,partner,"At first, one of the main things that we did was use nanomaterials to add conductivity. And so carbon anodes and graphene are really good at adding conductivity to batteries. And then in the subsequent years, nanomaterials have been really interesting from things like incorporating sensors into batteries, to increasing the functionality of batteries, having some responsive materials that use things like graphene sheets that are incorporated into a matrix, and then you add a safety functionality to a battery. We're trying to squeeze out almost all the functionality that we can. And as new nano materials are being discovered and there're new properties being discovered, a lot of the time that someone tries to think of a way to translate that into a battery.",5,5,1752,0
wired,wired_nano_15,7,nano,3,graduate,expert,"Because the materials are so small, they're at the nanoscale, their properties are dominated by quantum mechanics, which means that even slight changes in their size, in their orientation give profound changes in their properties. And while that's very scientifically interesting, and it allows you to tune their properties by making subtle changes, from a technology point of view, it's a bit of a headache in the sense that in technology want to optimize for a property and then repeat that over and over again. So what are some of the challenges that you face in the lab related to working with these materials and then trying to incorporate them into the batteries?",3,6,1753,0
wired,wired_nano_15,8,nano,3,graduate,partner,"I think every step of a process in a battery is something where you have to think about how would this translate to making a battery in terms of the production? One thing that I think is very interesting about the field of nanoscale materials in general, is that how you make the material changes the properties a lot. And so we claim that this 2D material has this property, then tying that to the battery performance is something that's pretty difficult to do. It takes a few steps in between. So we have to think kind of creatively with how we can do that.",5,7,1754,0
wired,wired_nano_15,9,nano,3,graduate,expert,"That's actually, I think a very common problem. We can build a device in the lab it could be a transistor, can be a battery. And then you ask the question, okay, so what's the next step? How do we take it from that lab demonstration into a technology? The kind of work that I'm very interested in is developing tools to make the exact type of materials that you want. The tools that we've used in the past for conventional fabrication just don't work with these materials because they're all grown from the bottom up. They're intrinsically small, and you have to find ways to either use chemistry or some other means to get them to assemble into the structures that you want to actually either grow specifically what you want or after you grow them, to pull out the ones that you want. You need to be able to build that same thing over and over again, with the exact same properties. No one institution, no one research lab, no one national lab is gonna solve all of these problems on their own because they are difficult problems. And there is a real important payoff at the end. And it's gonna take all of us, making our contributions to push this field forward.",11,8,1755,0
wired,wired_nano_16,1,nano,4,expert,expert,"I remember reading your papers when I was a student and we're all trying to create these materials and finding ways to exploit their properties. What I love, and I'm delighted that you're here to talk to us about is how you took inspiration from nature and sort of recognize that nature's figured out a way to both synthesize incredibly complex nanostructures with high functionality and how you sort of were inspired by that to do the research that you're doing now.",2,0,1756,0
wired,wired_nano_16,2,nano,4,expert,partner,"Life gave us this toolkit that is already on the nanoscale. So we think that that's a great place to think about making materials on the nano scale and manipulating materials on the nano scale, and wiring them together as well. This abalone shell, you can see the exquisite beautiful colors and structures of it. This is a nano composite material. If you take this and fracture it, and you look at it in a scanning electron microscope, what you'll see is that it's made out of these beautiful tablets. And I studied that as a graduate student. I looked at that and I said, that is completely amazing. You have an organism in the ocean, that takes what's in its environment, which is calcium and carbonate. That's dissolved in the water and templates it into this really exquisite structure. And so you think that's great. Calcium carbonate is great, but what if we wanted to make a solar cell or a another electronic device or a battery, how would you get an organism to do that? And you say, okay, that's a really crazy idea. But is it really that crazy if this abalone, already figured out how to do it, 500 million years ago? So we're saying, okay, abalones build shells. Can viruses build solar cells, can viruses build catalysts? Can they build batteries using the same kind of idea?",16,1,1757,0
wired,wired_nano_16,3,nano,4,expert,expert,"It's really fascinating work, especially now we're all familiar with the viruses and how they act. And I'm not aware of any viruses that build nanostructures. So how did you come to that? And then how do you actually program a virus to do your bidding?",4,2,1758,0
wired,wired_nano_16,4,nano,4,expert,partner,"We work on something called bacteriophages, it's a virus with DNA. This particular bacteriophage called M13 bacteriophage is made up of single stranded DNA and proteins. It's long and thin. So it's 880 nanometers in length, and it's about 9 nanometers in diameter. And so one of the reasons I love it is it spans the nanoscale and almost the micron scale at the same time. Take the single strand DNAs, obviously a model, and you can cut it with molecular scissors. And you can put a new piece of DNA in between. And so you put a small piece of DNA in there that doesn't belong there. And that piece of DNA is going to randomly code for a protein. Now, the next time that that virus is replicated within a bacterial host, it'll be able to put a new protein sequence on the coat, just a short protein sequence on the coat, maybe like 8 or 12 amino acids in length. And just like that abalone is going to grab calcium and build calcium carbonate. We're going to have our viruses build iron phosphate for a battery electrode material or Gallium arsenide or cad sulfide for a semiconductor material.",12,3,1759,0
wired,wired_nano_16,5,nano,4,expert,expert,"So you've evolved, and I suppose, trained these viruses to build the materials that you want them to build by exposing them to the raw materials and then evolving their function. We're talking about the electronics from nanomaterials. That critical issue that we're facing is how do you go from those single experiments with a single material, understanding its properties, how do you scale that to the billions of devices that you need in a technology? It is a chemistry driven approach. We're not going to grow them exactly where we want them, but to take that one step, and to tie into what you're doing, it sounds like there could be an area of collaboration where instead of using conventional chemistry, that we can train some of these biological elements to do that work work for us.",5,4,1760,0
wired,wired_nano_16,6,nano,4,expert,partner,"Biology is chemistry. Molecules, proteins, and DNA work with all the same kinds of bonding and things that the chemicals that you're gonna be looking for in these processes. It's put together in a way that when a protein or enzyme folds, it almost always folds correctly. That's kind of the beauty of it, the predictable aspect of it encoded in its DNA. If we need to make it the same over and over again, then as long as you have the right DNA sequence, DNA is a beautiful structure on the nanoscale. And there's really, really cool, incredible work on DNA origami, when DNA can fold into just the right structure. And so I can see that as an interface, that would be really cool and interesting in your work. And you can have the virus make the DNA for the DNA origami, and then you use DNA to assemble your beautiful structures.",8,5,1761,0
wired,wired_nano_16,7,nano,4,expert,expert,It's really fascinating. You have all these little worker viruses building the materials for you. How are you then applying these materials that you're building?,3,6,1762,0
wired,wired_nano_16,8,nano,4,expert,partner,"We started thinking about how can we make an impact in cancer? We do it mostly in imaging technology to look deep inside the body noninvasively with light. And the way that we came about that was through solar cells and batteries. We trained our viruses to pick up carbon nanotubes and hold onto them very, very tightly. And then we'll give a virus a second gene, decode for a protein, to grow, in a case of a battery, a battery electrode material. It allows it to weave together a good electrical conductor and a good ionic conductor at the same time, all within this really, really small space. And the optical properties of these carbon nanotubes are in the wavelength. That is interesting for imaging deep inside the body. We started building a bunch of imaging tools that could image above a thousand nanometers, a wave length. And so this is in and that's a really special window where you have some optical transparency of tissue in the body. The other gene, we engineered to find ovarian cancer. We developed imaging tools with Harvard Medical School and MIT Lincoln Labs to find tiny ovarian tumors. It's hard to see things less than a centimeter in size with ovarian cancer, just based on the location in the body. But with our imaging system, we could find tumors that were below a millimeter in size, actually.",14,7,1763,0
wired,wired_nano_16,9,nano,4,expert,expert,"Looking ahead, 5 years, 10 years, where do you see your own work, and maybe the field more broadly?",1,8,1764,0
wired,wired_nano_16,10,nano,4,expert,partner,"The future I'd like to see is environmentally friendly chemistry and materials synthesis. And I think that we're really going that way. If we think about batteries of the future, solar cells of the future, thinking about earth abundant materials and processes that are compatible with the earth and environment.",3,9,1765,0
wired,wired_nano_16,11,nano,4,expert,expert,"One of the things I love about about nanoscience is it tends to break up the silos between those traditional scientific disciplines. My training was in chemistry, but I had to very quickly merged chemistry and physics. And now I see an area where chemistry, physics, and biology are coming together to produce new materials and new technology, and to advance the field forward. And so being in this field, you kind of have to cross pollinate between these different disciplines and kind of advance the field together.",4,10,1766,0
wired,wired_nano_16,12,nano,4,expert,partner,"I agree completely. We like to solve problems. Nano bio is the toolkit that we bring a lot. It happens to be a very strong and evolving toolkit. That's another thing that I love about biology is if you can come up with a solution that's not perfect at all to begin with when you're making a battery electrode material or any kind of material you're making, you have evolution on your side to try to make it better and better as a function of time. That can be quite rapid.",6,11,1767,0
wired,wired_nano_16,13,nano,4,expert,expert,"So Angela, thank you so much for joining us. And I look forward to seeing more work coming out of your lab in the future.",2,12,1768,0
wired,wired_nano_16,14,nano,4,expert,partner,"Thanks for having me, George, it was really fun to interact, and I'm very excited about our future collaborations.",1,13,1769,0
wired,wired_nano_16,15,nano,4,expert,expert,Me too. Absolutely.,2,14,1770,0
wired,wired_neuro_12,1,neuro,0,child,expert,do you know why we're here today,1,0,1771,0
wired,wired_neuro_12,2,neuro,0,child,partner,because we're talking about science,1,1,1772,0
wired,wired_neuro_12,3,neuro,0,child,expert,yes we're going to talk about science and we're going to talk about a very specific kind of science about people who study brains do you know what a brain is what is it and,2,2,1773,0
wired,wired_neuro_12,4,neuro,0,child,partner,something that helps you remember things,1,3,1774,0
wired,wired_neuro_12,5,neuro,0,child,expert,definitely so what we're going to talk about about is is something that people study in a brain called the connectone do you know that your body is made up of really tiny things called cells,2,4,1775,0
wired,wired_neuro_12,6,neuro,0,child,partner,um yes I know that okay,1,5,1776,0
wired,wired_neuro_12,7,neuro,0,child,expert,well there's more cells in your brain like way more cells than than all the stars we can see. and so what the connectome is is we'd like to know where every cell in your brain is and how it talks to every other cell in your brain,2,6,1777,0
wired,wired_neuro_12,8,neuro,0,child,partner,Oh.,1,7,1778,0
wired,wired_neuro_12,9,neuro,0,child,expert,that was awesome Daniel thank you,1,8,1779,0
wired,wired_neuro_13,1,neuro,1,teenager,partner,connect tone,1,0,1780,0
wired,wired_neuro_13,2,neuro,1,teenager,expert,connectome.,1,1,1781,0
wired,wired_neuro_13,3,neuro,1,teenager,partner,to be honest I have no idea.,1,2,1782,0
wired,wired_neuro_13,4,neuro,1,teenager,expert,that's good that's a great place to start. there are cells in your brain those brain cells are connected by wires to each other electricity travels down those wires and communicates from one part of the brain to the other part of the brain. and each of those brain cells makes you know a thousand connections something like a 100 trillion connections.,3,3,1783,0
wired,wired_neuro_13,5,neuro,1,teenager,partner,uh.,1,4,1784,0
wired,wired_neuro_13,6,neuro,1,teenager,expert,in one brain. in your brain if could I take all of that information and put it inside a computer would that computer then be you?,2,5,1785,0
wired,wired_neuro_13,7,neuro,1,teenager,partner,computers they don't have feelings. they won't have feelings and I think that's one thing that makes the human race wrong.,2,6,1786,0
wired,wired_neuro_13,8,neuro,1,teenager,expert,I would say that that map also has your feelings in it because here's why your feelings most neuro scientists think come from your brain anyway. and amazingly whether when you feel happy or sad or angry or scared that's just brain cells communicating with each other.,2,7,1787,0
wired,wired_neuro_14,1,neuro,2,undergraduate,expert,So I think today we're going to talk about a connectome. Do you have you ever heard of that?,2,0,1788,0
wired,wired_neuro_14,2,neuro,2,undergraduate,partner,A connectome?,1,1,1789,0
wired,wired_neuro_14,3,neuro,2,undergraduate,expert,Yeah.,1,2,1790,0
wired,wired_neuro_14,4,neuro,2,undergraduate,partner,No I I don't think so.,1,3,1791,0
wired,wired_neuro_14,5,neuro,2,undergraduate,expert,Awesome. Good. It's a map of all the connections between every neuron in your brain. Uh um literally in a human brain something like the map of the one quadrillion connections that 100 billion neurons make with each other.,4,4,1792,0
wired,wired_neuro_14,6,neuro,2,undergraduate,partner,Is this like a a a map where that's like an actual visual representation like using microscopy or just data? Wow wow. I'm understanding more so that it's these these the a mapping of the neuro the the circuitry the pathways between neurons that can lead to evidence of patterns in your brain that are common between different people.,3,5,1793,0
wired,wired_neuro_14,7,neuro,2,undergraduate,expert,We have to use electron microscopes and then we've been developing ways to slice the brain into really thin slices. Use an electron microscope to take a picture of each slice and then use computers to put it all back. Imagine that we could get the map of every connection right and we knew how neurons fired. Do you think we could put that in a computer that map and then therefore that computer should be able to think just like like the brain that we extracted it from?,4,6,1794,0
wired,wired_neuro_14,8,neuro,2,undergraduate,partner,Well the computer only communicates with itself in binary so it only has two options. It can only ask itself yes or no questions but a human brain has an infinity of directions that it can go.,2,7,1795,0
wired,wired_neuro_14,9,neuro,2,undergraduate,expert,"Neurons are also um uh digital uh meaning a neuron either fires or it doesn't fire so that's either one or a zero. And it's the combination of those ones or zeros that actually produce the 10,000 different answers that you said.",2,8,1796,0
wired,wired_neuro_15,1,neuro,3,graduate,partner,It's a large-scale attempt to understand the wiring map of the brain essentially.,1,0,1797,0
wired,wired_neuro_15,2,neuro,3,graduate,expert,Great.,1,1,1798,0
wired,wired_neuro_15,3,neuro,3,graduate,partner,I think that it's definitely needed um understanding the anatomy of the brain is definitely important but it doesn't necessarily tell us everything about the function. So there's some sort of temporal order from neuron to neuron and region to region that we may not be able to pick up.,2,2,1799,0
wired,wired_neuro_15,4,neuro,3,graduate,expert,This is where it gets really crazy mhm could we simulate that map inside a computer and would that computer then be thinking like that original brain for which we made the map?,1,3,1800,0
wired,wired_neuro_15,5,neuro,3,graduate,partner,I mean that's not that's not the person. I mean having a representation of someone's neural network is just that it's just a representation of their neural network.,2,4,1801,0
wired,wired_neuro_15,6,neuro,3,graduate,expert,Because there's more to the to you in here than just information passing between neurons.,1,5,1802,0
wired,wired_neuro_15,7,neuro,3,graduate,partner,I'd like to think so huh.,1,6,1803,0
wired,wired_neuro_15,8,neuro,3,graduate,expert,It would be like if you simulated a hurricane imagine we could keep track of every variable of a hurricane wind speed every water molecule etc etc temperature and we put that inside a super fast computer and we simulated it right. I don't think anyone would think that the inside of the computer would get wet uh uh even though we had simulated the hurricane perfectly. That wetness is consciousness is what we are are is it ethical to imagine mapping a a male brain versus a female brain to look for differences between those to explain alleged behavioral differences between them?,3,7,1804,0
wired,wired_neuro_15,9,neuro,3,graduate,partner,Every single person is different and so it should be okay to map every single person's brain. I mean I understand that there are that it's very sensitive you know wait.,2,8,1805,0
wired,wired_neuro_15,10,neuro,3,graduate,expert,What do you think is sensitive?,1,9,1806,0
wired,wired_neuro_15,11,neuro,3,graduate,partner,Mapping an Indian brain versus a Caucasian brain or politically I think that people may have some issue with mapping out what causes or what makes a difference between huh different types of people.,1,10,1807,0
wired,wired_neuro_16,1,neuro,4,expert,expert,Maybe a wiring diagram is not sufficient to understand a brain and it would be crazy to think that that would be sufficient actually.,1,0,1808,0
wired,wired_neuro_16,2,neuro,4,expert,partner,If you limit the connectum to be just the wiring diagram without you know more information about uh myelination or glial cells or all types of environmental features that surround you know the neurons and axons then you have an incomplete picture right no doubt.,1,1,1809,0
wired,wired_neuro_16,3,neuro,4,expert,expert,Sometimes when people get um they worry about connectomics. I think what they're actually worrying about is that it's the end of the way that we used to do neuroscience.,2,2,1810,0
wired,wired_neuro_16,4,neuro,4,expert,partner,What do you think about memory? Do you think that there's um ways of resolving what the substrate of human memory is? You know is it just LTP and LTD?,3,3,1811,0
wired,wired_neuro_16,5,neuro,4,expert,expert,I'm not sure if you had a connectome of a human brain of an adult human I would be able to read out memories from that.,1,4,1812,0
wired,wired_neuro_16,6,neuro,4,expert,partner,You don't think it's just the synaptic weights like an artificial neural network gets trained to do particular things?,1,5,1813,0
wired,wired_neuro_16,7,neuro,4,expert,expert,It could absolutely be but without knowing what the weights were before the memory was made.,1,6,1814,0
wired,wired_neuro_16,8,neuro,4,expert,partner,What if you had a violinist learn a piece of Bach music and could you find those notes somewhere in their brain they didn't know before? I'm a musician and I don't think it's possible. I think that there are too many you know so much of it is associative to what you already know.,3,7,1815,0
wired,wired_neuro_16,9,neuro,4,expert,expert,And as a musician how much of it do you think is in your hands versus in your brains? Meaning like you do have connections in your muscles from the nerves that are from your spinal cord. What if some of the learning is there?,3,8,1816,0
wired,wired_neuro_16,10,neuro,4,expert,partner,Are you still doing EM?,1,9,1817,0
wired,wired_neuro_16,11,neuro,4,expert,expert,Yeah I mean we do a lot of X-ray in addition to EM. And this is actually I'm not saying it's the only problem but it's the only problem that needs to be solved right away is the data analysis. In fact I think we calculated that there aren't enough humans ever to map a mouse brain where you collect every connection. So the problem is to get algorithms to trace and recognize things in brains the way humans recognize things in brains or map things trace things in brains. It's going to cost a lot of money to imagine setting the gold standard for the wiring diagram even once. And those are the kinds of ethical concerns that I'm worried about.,6,10,1818,0
wired,wired_nuclear_12,1,nuclear,0,child,expert,"What's your name, tell me a little bit about yourself.",1,0,1819,0
wired,wired_nuclear_12,2,nuclear,0,child,partner,"I'm Amelia, I'm nine years old. I'm in third grade, and my favorite subject at school is definitely science.",2,1,1820,0
wired,wired_nuclear_12,3,nuclear,0,child,expert,So my son is five years old. And he asked me what kind of science I do. And I said fusion. And I said I put a star in a jar. Does that make sense?,5,2,1821,0
wired,wired_nuclear_12,4,nuclear,0,child,partner,No.,1,3,1822,0
wired,wired_nuclear_12,5,nuclear,0,child,expert,"That's a good answer. Because it sounds a little ridiculous, right? How can we put a star in a jar? Well, we're not actually gonna put the sun, which is a star, inside a jar, but instead we're gonna take the same kind of material that the sun is made out of, and we're going to hold it for a really long time in some kind of container. So fusion is about bringing things together. That's what fusing means. When those fusion reactions occur, a new particle is created, and energy is also released. Do you know what an atom is?",8,4,1823,0
wired,wired_nuclear_12,6,nuclear,0,child,partner,No.,1,5,1824,0
wired,wired_nuclear_12,7,nuclear,0,child,expert,"All right, so an atom is what everything in our world is made of. And at the very center of the atom is what we call a nucleus. And inside that nucleus is a proton. We want to take those protons and push them together to make them combine and release energy, fusion energy, that we can use to make electricity. And there's a lot of different energies and forces that we have to think about. Have you heard of gravity?",6,6,1825,0
wired,wired_nuclear_12,8,nuclear,0,child,partner,Yes.,1,7,1826,0
wired,wired_nuclear_12,9,nuclear,0,child,expert,"Yes, okay. So that is a big important fundamental force. So another fun force to talk about that's important for fusion, you're familiar with electricity?",3,8,1827,0
wired,wired_nuclear_12,10,nuclear,0,child,partner,Yes.,1,9,1828,0
wired,wired_nuclear_12,11,nuclear,0,child,expert,"Right, and so there's also electric forces, electrostatic forces, and you've heard of static electricity. So now let's see about static electricity lifting my hair up.",2,10,1829,1
wired,wired_nuclear_12,12,nuclear,0,child,partner,"We can move this white strand, it's like hanging down. The balloon took on the force from like your hair and put in here, and I'll just like move it.",2,11,1830,1
wired,wired_nuclear_12,13,nuclear,0,child,expert,"There you go, yeah! And so if we want to take those protons and push them together to make them combine and release energy, fusion energy, that we can use to make electricity, then we have to actually overcome that strong electrostatic force that just want to make those balls bounce off of each other. There's another force which you might be familiar with, which is like a magnetic force.",3,12,1831,1
wired,wired_nuclear_12,14,nuclear,0,child,partner,"We just learned about that. Our teacher showed us putting one magnet on, and then flipping the other one around, and it made it the top one kind of bounce.",2,13,1832,1
wired,wired_nuclear_12,15,nuclear,0,child,expert,Yeah.,1,14,1833,1
wired,wired_nuclear_12,16,nuclear,0,child,partner,And I was also thinking on how can it do that.,1,15,1834,1
wired,wired_nuclear_12,17,nuclear,0,child,expert,"You know, scientists are still studying exactly how magnetism works, right? It'll still be there for you to tackle when you become a scientist. Have you ever seen one of these games?",3,16,1835,1
wired,wired_nuclear_12,18,nuclear,0,child,partner,Yes.,1,17,1836,1
wired,wired_nuclear_12,19,nuclear,0,child,expert,"With the iron filing. So if you take this and you take the magnetic end, and maybe you can show us what's gonna happen with it. While you move around those iron filings with the magnet, you're totally in control of that material. You're pushing, you're pulling it, you're moving it around. And so you're using this magnetic force to also do something useful for you. Have you learned about the states of matter?",6,18,1837,1
wired,wired_nuclear_12,20,nuclear,0,child,partner,Yes.,1,19,1838,1
wired,wired_nuclear_12,21,nuclear,0,child,expert,Tell me about that.,1,20,1839,1
wired,wired_nuclear_12,22,nuclear,0,child,partner,"So we were in second grade, and she put a picture on the board, three states of matter, she showed us a picture of ice, a picture of water, and a picture of gas.",1,21,1840,1
wired,wired_nuclear_12,23,nuclear,0,child,expert,Did you learn that there's also a fourth state of matter?,1,22,1841,1
wired,wired_nuclear_12,24,nuclear,0,child,partner,No.,1,23,1842,1
wired,wired_nuclear_12,25,nuclear,0,child,expert,"When you heat up a gas, you create a plasma. A plasma is the fourth state of matter. The plasma I study is actually invisible.",3,24,1843,1
wired,wired_nuclear_12,26,nuclear,0,child,partner,"That's gonna be hard science, you can't see it.",1,25,1844,1
wired,wired_nuclear_12,27,nuclear,0,child,expert,"And the plasmas I work with are so hot that I can't see with my eyes, but it's light that I can measure it with very, very special instruments.",1,26,1845,1
wired,wired_nuclear_12,28,nuclear,0,child,partner,What kinda instruments? Because instruments we use play music.,2,27,1846,1
wired,wired_nuclear_12,29,nuclear,0,child,expert,That's a really great point.,1,28,1847,1
wired,wired_nuclear_12,30,nuclear,0,child,partner,"How do you keep the invisible plasmas, because they're invisible? Do you keep 'em in one spot so you always know where they are.",2,29,1848,1
wired,wired_nuclear_12,31,nuclear,0,child,expert,"Yes, we absolutely do. We hold it inside the container with the magnetic fields. So you didn't have to actually touch the iron filings in the toy to move them around. You could pass the magnetic field through the plastic and control them with it. So it's the same thing. We don't have to touch this very, very hot plasma to control it and hold it in place because we use magnetic fields. You are so smart. I'm so glad that science is your favorite subject.",8,30,1849,1
wired,wired_nuclear_13,1,nuclear,1,teenager,partner,what is fusion energy,1,0,1850,0
wired,wired_nuclear_13,2,nuclear,1,teenager,expert,the way our sun generates energy is by Fusion reactions it fuses hydrogen the lightest element we know about into helium and that gets fused into heavier and heavier elements so here on Earth we're going to take some special kinds of hydrogen a special flavor of it if you will which we call an isotope and we're going to combine them to create new particles and we can only get that combination of particles to happen if they are in a plasma. what's your favorite exhibit the science museum,5,1,1851,0
wired,wired_nuclear_13,3,nuclear,1,teenager,partner,I love the lightning show like it's so cool,1,2,1852,0
wired,wired_nuclear_13,4,nuclear,1,teenager,expert,okay you probably have learned in school about three states of matter,1,3,1853,0
wired,wired_nuclear_13,5,nuclear,1,teenager,partner,solid liquid and gas,1,4,1854,0
wired,wired_nuclear_13,6,nuclear,1,teenager,expert,"absolutely. we take the gas and we add heat and we get a plasma and a plasma is a state of matter where you have an ionized gas if we break down that gas if we add enough energy to ionize it we can take the electrons and the ions and the atom and separate them. and now there's this soup of charged particles that are moving around, thats the plasma ""and it is what creates the beautiful light in lightning"" ""So you've already seen a plasma in fact"" So I'm gonna show you this fun demonstration. You've probably seen one of these before, right?",7,5,1855,0
wired,wired_nuclear_13,7,nuclear,1,teenager,partner,That's so cool.,1,6,1856,0
wired,wired_nuclear_13,8,nuclear,1,teenager,expert,"Yeah. So the way this is happening is this glass ball here is a container for our plasma. And we've taken most of the air out of the container, so there's not a lot of particles inside the glass ball, and very, very low temperature plasma. So it's continuously ionizing and then recombining, and becoming neutral again. And we see those energy transitions as the visible light. So if we're gonna put this plasma to use and do something helpful with it, like maybe make some clean electricity, we would have to control it. And another word for controlling it is confining it. So let me turn this off and set it back down. You're probably wondering what is this thing on this table? It's a model of a tokamak, and that's the name of a device that I work on with the goal of creating clean energy. Have you played with magnets in school?",11,7,1857,0
wired,wired_nuclear_13,9,nuclear,1,teenager,partner,Mhm.,1,8,1858,0
wired,wired_nuclear_13,10,nuclear,1,teenager,expert,Okay.,1,9,1859,0
wired,wired_nuclear_13,11,nuclear,1,teenager,partner,"We've learned about how it has to be a positive and negative charge. And we've done those things where you can like put 'em with something in between 'em, and just move one and the other will always follow.",2,10,1860,0
wired,wired_nuclear_13,12,nuclear,1,teenager,expert,This is all very important to sort of understand how we would create a container that would let us hold a plasma in place and control it. Have you ever played around with an electromagnet in class?,2,11,1861,0
wired,wired_nuclear_13,13,nuclear,1,teenager,partner,Mhm.,1,12,1862,0
wired,wired_nuclear_13,14,nuclear,1,teenager,expert,"It's a coil of wire, much like this big red coil of wire right here. And when we push an electrical current through this wire, it creates a magnetic field that goes around the wire perpendicular. So if you want to know the direction of the magnetic field that's being created by pushing the current through the wire, put your thumb in the direction of the current and then curl your fingers like this. Yeah, and that's the right hand rule. So if we push the current this way we're creating a magnetic field in this perpendicular direction. So if I drive a current in this red wire like this, which direction will the magnetic field go? Yeah, exactly, perpendicular. And if I drive the current in this green wire, which direction will it go? Exactly, yeah, the long way, perpendicular. Now this is a bit of a trickier one. The blue wire is gonna act like a transformer action. And so by changing the current in the blue coil, we are going to be able to run a current in this direction around the tokamak. And now think back to how the wires worked. If I have a current going like this, where's the magnetic field?",14,13,1863,0
wired,wired_nuclear_13,15,nuclear,1,teenager,partner,That way.,1,14,1864,0
wired,wired_nuclear_13,16,nuclear,1,teenager,expert,"Exactly, back this way, the short way around the tokamak. We can now put together the pieces and understand the three magnetic fields that we need to confine a plasma in our tokamak. So our plasma will be inside this vessel in the shape of a donut.",3,15,1865,0
wired,wired_nuclear_13,17,nuclear,1,teenager,partner,What could the tokamak be used for in like real life?,1,16,1866,0
wired,wired_nuclear_13,18,nuclear,1,teenager,expert,"I'm so glad you asked. So what we want to use the tokamak for in real life is to confine a super hot plasma, and we're talking a hundred million, 150 million degrees. Because the plasma is so very hot, the particles have enough energy to interact with one another and fuse. When those fusion reactions occur, we are releasing energy that's inside the nucleus, and we can harness that energy to make clean electricity.",4,17,1867,0
wired,wired_nuclear_14,1,nuclear,2,undergraduate,expert,So what have you heard about fusion already before today?,1,0,1868,0
wired,wired_nuclear_14,2,nuclear,2,undergraduate,partner,"The impeding joke is that, you know, we've looked forward to fusion for a long time, but you're not exactly, you're not in there yet. But if we do ever get there, it would solve a lot of our energy problems in a dramatic way.",7,1,1869,0
wired,wired_nuclear_14,3,nuclear,2,undergraduate,expert,Do you have any idea about any of the challenges? Like why has it taken us so long to get to fusion?,2,2,1870,0
wired,wired_nuclear_14,4,nuclear,2,undergraduate,partner,Making a star on earth is not easy.,1,3,1871,0
wired,wired_nuclear_14,5,nuclear,2,undergraduate,expert,"So we are trying to bring a star to earth. We are not going to be using hydrogen the way our star in our solar system, our sun, uses hydrogen to make helium and generates fusion energy that way. Instead on earth we're gonna be using isotopes of hydrogen, deuterium and tritium. What do you know about charged particles? If I want to try and push two positively charged particles together, two protons together, what do you think is gonna happen?",11,4,1872,0
wired,wired_nuclear_14,6,nuclear,2,undergraduate,partner,"They repel each other and they don't like being close together, so they push back by that force.",3,5,1873,0
wired,wired_nuclear_14,7,nuclear,2,undergraduate,expert,"What we're gonna call the pushback is a Coulomb interaction, or a Coulomb collision. So you can sort of imagine if I were to take a deuteron and a triton, and so those are the positively charged ions of deuterium and tritium, and I try and combine them together, those two positively charged particles just sort of bounce off of each other. So we have to give them enormous amounts of energy, and it has to do with getting up to very high temperatures. So we're talking about over 100 million degrees Celsius. And we typically put that into a an energy unit that we use a lot in plasma physics called an electron vault. And so we describe being up at 100 million degrees that we're at sort of 15 kiloelectron volts. So that's very, very hot temperature. But the other thing we need is a lot of particles. That's the density. We are able to combine a deuteron and a triton in a fusion reaction at lower temperatures, at lower energies than other fuel. And this has to do with some very nice properties of the deuteron and the triton that when we get them close enough to one another to fuse, there's actually a resonance which is predicted by quantum mechanics, and that really helps have a little bump up in the cross section for the deuterium-tritium fusion reaction.",26,6,1874,0
wired,wired_nuclear_14,8,nuclear,2,undergraduate,partner,Compared to just hydrogen.,1,7,1875,0
wired,wired_nuclear_14,9,nuclear,2,undergraduate,expert,"Yes, exactly, exactly. That little bump up is good for us. Because it means that we have a higher probability of getting the deuterium and the tritium to fuse than otherwise at those manageable temperatures. And when we say manageable, for fusion scientists, yeah, 50 million, a hundred million, 150 million Celsius.",12,8,1876,0
wired,wired_nuclear_14,10,nuclear,2,undergraduate,partner,"So the problem you described is that we get to those high temperatures, we have dense plasma, but the problem is the hotter the plasma is, the more likely it is the heat to get sucked out of it by.",4,9,1877,0
wired,wired_nuclear_14,11,nuclear,2,undergraduate,expert,"Absolutely, yeah, absolutely.",3,10,1878,0
wired,wired_nuclear_14,12,nuclear,2,undergraduate,partner,So that the plasma itself is not staying hot enough for the time we need it to stay.,1,11,1879,0
wired,wired_nuclear_14,13,nuclear,2,undergraduate,expert,"We've come so far in the study of magnetically confined plasmas, which is what I work on, that we sort of tamed all the other types of major instabilities that would cause loss of the plasma. So you might be asking yourself what is the energy that's coming out of the fusion reaction? So we've got the deuteron and we've got the triton, and so they combine in a fusion reaction, and that produces a neutron and a helium nucleus. But the neutron doesn't have any charge.",11,12,1880,0
wired,wired_nuclear_14,14,nuclear,2,undergraduate,partner,"Yeah, it comes out.",2,13,1881,0
wired,wired_nuclear_14,15,nuclear,2,undergraduate,expert,"Exactly. So it comes right out. And it's the kinetic energy of the neutron. And we want it to interact with our overall energy system. And as it interacts with that material, it heats the material up.",6,14,1882,0
wired,wired_nuclear_14,16,nuclear,2,undergraduate,partner,Yeah.,1,15,1883,0
wired,wired_nuclear_14,17,nuclear,2,undergraduate,expert,"It transfers its kinetic energy to this material. Take that thermal energy and run a turbine, run a generator, and convert it into electricity.",5,16,1884,0
wired,wired_nuclear_14,18,nuclear,2,undergraduate,partner,Mhm,1,17,1885,0
wired,wired_nuclear_14,19,nuclear,2,undergraduate,expert,"So once you get to that stage, it starts to look a lot like any other thermal power plant. Whether it's fission or natural gas. So a fusion plant could basically be the plasma core coming in, setting it in place, and driving your thermal system to make electricity. We often call it an alpha particle. And that is a charged particle, right.",9,18,1886,0
wired,wired_nuclear_14,20,nuclear,2,undergraduate,partner,Yeah,1,19,1887,0
wired,wired_nuclear_14,21,nuclear,2,undergraduate,expert,"So it's actually going to stay in the plasma. It's an energetic particle compared to the fuel. So it actually is going to give its kinetic energy back to the fuel via Coulomb collisions. So now they're good, now we like them.",5,20,1888,0
wired,wired_nuclear_14,22,nuclear,2,undergraduate,partner,So you get this kind of self-sustaining cycle.,1,21,1889,0
wired,wired_nuclear_14,23,nuclear,2,undergraduate,expert,"Yes, you you said exactly the right word, self-sustaining.",3,22,1890,0
wired,wired_nuclear_15,1,nuclear,3,graduate,partner,"So I am in soft condensed matter physics, and my research kind of dips into material science, but I feel like people are always asking me about fusion.",3,0,1891,0
wired,wired_nuclear_15,2,nuclear,3,graduate,expert,What are they asking you about fusion?,1,1,1892,0
wired,wired_nuclear_15,3,nuclear,3,graduate,partner,"So usually people ask me like, do you think that we'll ever really replace all of our other energy sources with fusion?",2,2,1893,0
wired,wired_nuclear_15,4,nuclear,3,graduate,expert,"I think that it actually has a lot of mystery around it, because the fuel for fusion is a plasma, and we don't experience plasmas on earth in our everyday life. They exist in space, at the event horizon of a black hole, in the solar wind, in our sun, or very rapid events, like lightning is also sort of a very weakly ionized plasma. Even among plasmas there are so many different kinds of plasmas. There are low temperature, higher density plasmas. There are of course the astrophysical plasmas, and space plasmas, and then there are fusion plasmas. They are predominantly fully ionized plasmas. They are also plasmas where we have a certain ability to basically kick up micro-instabilities.",16,3,1894,0
wired,wired_nuclear_15,5,nuclear,3,graduate,partner,right,1,4,1895,0
wired,wired_nuclear_15,6,nuclear,3,graduate,expert,"So they're plasmas which are held in a stable enough state by strong external magnetic fields confining the plasma into a donut shape. And this has a lot of advantages for us, because charged particles want to follow the magnetic field lines. But things start to get really interesting when we're no longer thinking about individual particle motions in the plasma. And instead we start to think about collective effects.",5,5,1896,0
wired,wired_nuclear_15,7,nuclear,3,graduate,partner,"It's never occupied any space in my mind to think about what happens when you have something so high temperature and like precisely confined, and now you have to deal with presumably turbulence.",2,6,1897,0
wired,wired_nuclear_15,8,nuclear,3,graduate,expert,"Plus magnetic fields. When we start thinking about turbulence in the plasma, we can no longer even think about the plasma as a single fluid. Instead we have to consider electron fluid and ion fluid separately. We have to use a full blown kinetic equation to explain how this state of matter is behaving. Because we have collisions. So we have to add collisions back in to understand and track how all the particles are moving, and how these collective motions, this turbulence can get kicked up. So that's pretty intractable, right. I mean if people talk about simulating that system and following those particles, it's probably gonna take millions and millions of years on even the fastest supercomputer.",12,7,1898,0
wired,wired_nuclear_15,9,nuclear,3,graduate,partner,mhm,1,8,1899,0
wired,wired_nuclear_15,10,nuclear,3,graduate,expert,"So one really big advance in plasma theory over the last I'd say three or four decades has been the development of a gyrokinetic theory that we use to model the micro-turbulence in the plasma and get that under control. And the reason it's so important to get the turbulence under control and understand it is because turbulence is the primary heat loss mechanism. The primary way that heat is transported from hot to cold across confining field lines in a magnetic confinement system. Being able to study it, measure it and predict how it's going to behave is really one of the big hurdles to overcome.",6,9,1900,0
wired,wired_nuclear_15,11,nuclear,3,graduate,partner,"Could you say the name of the model again? Absolutely, so it's a gyrokinetic model. Gyrokinetic.",4,10,1901,0
wired,wired_nuclear_15,12,nuclear,3,graduate,expert,"And we talked about how challenging it would be to follow every particle in space and know its position, and know its velocity at all times. So what gyrokinetics actually does as a theory is it takes advantage of the fact that when we drop a charged particle into a strong external magnetic field, the Lorentz force bends that particle's trajectory into a helix. And so now if we know that wherever the field line is going that particle is following it in this helical, in this corkscrew trajectory, we can say aha, I no longer have to worry about following that particle's velocity around in a circle, 'cause at every point in time I know it's going in a circle.",9,11,1902,0
wired,wired_nuclear_15,13,nuclear,3,graduate,partner,okay,1,12,1903,0
wired,wired_nuclear_15,14,nuclear,3,graduate,expert,"So we average that out, we do a gyro average, because the motion is typically called a gyro frequency. That's how fast it goes around the field line. And it has a particular radius of that helix called the gyro radius, because it's just gyrating. So what we know from studying the plasma and making direct measurements of the turbulence and also what comes from the simulations is the scale size of the turbulence is about five to 10 gyro radii.",7,13,1904,0
wired,wired_nuclear_15,15,nuclear,3,graduate,partner,"You said that density and temperature fluctuations are what drive these turbulent flows that end up reducing your heat transport. Is there anything that can be done to minimize those density and heat fluctuations, or is that just like down to the statistics of things?",3,14,1905,0
wired,wired_nuclear_15,16,nuclear,3,graduate,expert,"I love the way you framed it, because originally like in the '60s and '70s, people did not think that micro-turbulence would even be a problem. But as we started to make more and more measurements and build higher and higher basically performing devices, we started to see nothing is matching the expected performance. And that's because people thought that Coulomb collisions between the particles, just interactions of charged particles, would dominate cross-field transport, right. What happens with turbulence is it enhances the transport of particles, because now we're not just talking about this random walk of collisions, we're talking about conduction, convection, eddy structures, microstructures, flow generation, very complex soup of activity.",17,15,1906,0
wired,wired_nuclear_15,17,nuclear,3,graduate,partner,"Turbulence for me like really hits on one of the most beautiful parts about physics. Like it's so complex. And that's what makes it like visually beautiful. That's what makes it mathematically interesting, and it's also what keeps us so puzzled about it.",5,16,1907,0
wired,wired_nuclear_15,18,nuclear,3,graduate,expert,"Yeah, turbulence is beautiful and so fun to study.",2,17,1908,0
wired,wired_nuclear_16,1,nuclear,4,expert,partner,"I’m a research scientist at MIT, and I work on computational plasma physics, basically doing simulations that can accurately describe what’s going on inside these fusion reactors. Like tokamaks and accelerators, they have plasmas that are magnetically confined. So we’re trying to predict how the plasma behaves, so that we can build in the future better reactors.",3,0,1909,0
wired,wired_nuclear_16,2,nuclear,4,expert,expert,What’s one of the most exciting parts of your research right now?,1,1,1910,0
wired,wired_nuclear_16,3,nuclear,4,expert,partner,"Something that we were not able to do until very recently was actually using first principle simulations to predict the performance and efficiency of reactors. The developments in plasma theory and computation and simulation, that has been thoroughly validated over the years, in many experiments, and now we’re using those simulations to inform how to best operate our future reactors. It’s very exciting because so far we’ve been getting great results. It’s very, very promising.",4,2,1911,0
wired,wired_nuclear_16,4,nuclear,4,expert,expert,"Where we’re going with a lot of the experiments right now is trying to produce some maybe outside the box datasets that we haven’t seen before, and then of course ultimately compare them to the simulations and do a bit of this validation maybe where we’re not just looking under the lamppost, where we’re going a little bit outside the comfort zone. That means going from measurements really sort of more in the middle of the plasma, at about mid-radius, pushing all the way out to the edge, where the turbulence starts to become very different in its nature, it becomes a lot more electromagnetic, it becomes sometimes larger in scale, just physical scale size. And some of the things we’re starting to find was that turbulence features and turbulence characteristics in the edge of some of these high performance plasmas don’t always behave the way we think they do. So as we think about pushing our measurements and our study of the turbulence from the core to the edge, how does that influence what you’re working on now?",4,3,1912,0
wired,wired_nuclear_16,5,nuclear,4,expert,partner,"So the edge of the plasma gives you the boundary condition really for the simulations that then we do in the core. You need to start somewhere determining what is the temperature very close to the wall, really, of the machine. And when you get that temperature, then you can actually integrate inwards with the rest of core model. It’s gonna be very exciting in the next years, when we can actually make some measurements in those devices and compare them to simulations, so that we can have more trust in the predictions for the next step for the reactors, the power plants.",4,4,1913,0
wired,wired_nuclear_16,6,nuclear,4,expert,expert,"Maybe both of us in our own way answer the question that we always get asked, when is fusion gonna happen? When are we gonna have fusion electricity on the grids?",2,5,1914,0
wired,wired_nuclear_16,7,nuclear,4,expert,partner,"It’s hard to say when it’s gonna arrive. I think that with the arrival of private companies and then venture capital, that is accelerating things a lot. So I don’t think fusion is 30 years away and it will always be, I don’t think that’s true anymore.",3,6,1915,0
wired,wired_nuclear_16,8,nuclear,4,expert,expert,"So you’re saying lots of private companies have entered. And that’s injected a lot of private funding, not just government funding.",2,7,1916,0
wired,wired_nuclear_16,9,nuclear,4,expert,partner,"Oh Yeah. The nature of private ventures is, you know, you want to get commercial as soon as possible. So I think they’re accelerating things. They’re actually taking advantages of discoveries in other fields. Like in the case of High Field Fusion with Commonwealth Fusion Systems and Tokamak Energy, those companies, they’re using a high temperature superconductor. It’s an advancement that has come recently from material science, right. Or machine learning, artificial intelligence. Those breakthroughs in other fields I think can really accelerate fusion. So I think we’re seeing, the next decades are gonna be very exciting. We have to diversify the different research that we do so that at the end we come with the most optimum solution for our fusion power plant.",10,8,1917,0
wired,wired_nuclear_16,10,nuclear,4,expert,expert,"I agree, yeah, I think having multiple stakeholders who are all driven by different missions and different purposes working synergistically is exciting. When I’m asked like, okay, what’s the timeline for fusion and why is now any different than five years ago or 10 years ago, why is now that we want for fusion? My answer is it’s finally, for the first time, all the pieces of the puzzle are here. We’ve advanced really the basic physics understanding so far that we have got the predictive capabilities, but we also have alignment with policy and science drivers that we didn’t really have before. That’s I think what can get us there. Maybe a demonstration of net electricity in a decade. Is that the thing folks are pushing for?",7,9,1918,0
wired,wired_nuclear_16,11,nuclear,4,expert,partner,"We’re pushing for it. Yeah, there are challenges still to overcome, as you know. And hopefully we find solutions to those when we have new experiments and when we actually push forward, yeah. The potential is huge.",4,10,1919,0
wired,wired_sensing_12,1,sensing,0,child,expert,What's your name?,1,0,1920,0
wired,wired_sensing_12,2,sensing,0,child,partner,Namina.,1,1,1921,0
wired,wired_sensing_12,3,sensing,0,child,expert,"Our topic today is quantum sensing. So quantum is about the study of stuff that's really, really, really small and sensing is about measuring. So the word sensing comes from kind of like our senses. So do you know what your five senses are?",4,2,1922,0
wired,wired_sensing_12,4,sensing,0,child,partner,"Seeing, hearing, tasting and smelling.",1,3,1923,0
wired,wired_sensing_12,5,sensing,0,child,expert,Mm-hmm.,1,4,1924,0
wired,wired_sensing_12,6,sensing,0,child,partner,"Yeah, and touch.",1,5,1925,0
wired,wired_sensing_12,7,sensing,0,child,expert,"Touch, exactly. So it's kind of really important for us to be able to have these senses, so we know what's happening in the world around us, right? In doing quantum sensing is we're trying to measure things that can be hard to see. Let me show you. Can you see inside it with your eyes?",5,6,1926,0
wired,wired_sensing_12,8,sensing,0,child,partner,"No, I don't think so.",1,7,1927,0
wired,wired_sensing_12,9,sensing,0,child,expert,No? Okay. Can you bounce it for me?,2,8,1928,0
wired,wired_sensing_12,10,sensing,0,child,partner,Mm-hmm.,1,9,1929,0
wired,wired_sensing_12,11,sensing,0,child,expert,Do you know what makes it bounce?,1,10,1930,0
wired,wired_sensing_12,12,sensing,0,child,partner,"I think like inside of it, it's foam that's fluffy, but my second answer is, I think it's very soft.",1,11,1931,0
wired,wired_sensing_12,13,sensing,0,child,expert,That's a great description. Can we cut one open and see what it looks like?,2,12,1932,0
wired,wired_sensing_12,14,sensing,0,child,partner,Yeah.,1,13,1933,0
wired,wired_sensing_12,15,sensing,0,child,expert,You think that's a good idea? Here's a ball that's been cut straight in half and you look inside.,2,14,1934,0
wired,wired_sensing_12,16,sensing,0,child,partner,It's hard.,1,15,1935,0
wired,wired_sensing_12,17,sensing,0,child,expert,It is. What gives it a certain texture?,2,16,1936,0
wired,wired_sensing_12,18,sensing,0,child,partner,"It's like, the texture of like the top of a crayon.",1,17,1937,0
wired,wired_sensing_12,19,sensing,0,child,expert,"Oh, but you were right that it was like foam. It would be really cool if we could see inside the ball without cutting it open, right.",2,18,1938,1
wired,wired_sensing_12,20,sensing,0,child,partner,But you could use a magnifying glass and then look at the ball.,1,19,1939,1
wired,wired_sensing_12,21,sensing,0,child,expert,"But with the magnifying glass, you'd only be able to see what's right near the surface, right? Just.",2,20,1940,1
wired,wired_sensing_12,22,sensing,0,child,partner,Yeah.,1,21,1941,1
wired,wired_sensing_12,23,sensing,0,child,expert,"You wouldn't be able to see into the middle. If you had the right tools, you could start to think about ways to look inside the ball without cutting it open. That would then, you'd still have your ball. We could still play with it.",4,22,1942,1
wired,wired_sensing_12,24,sensing,0,child,partner,"Yeah, yeah, it would be cool if we like used something like an x-ray, we build an x-ray",1,23,1943,1
wired,wired_sensing_12,25,sensing,0,child,expert,Yeah.,1,24,1944,1
wired,wired_sensing_12,26,sensing,0,child,partner,"That was only made for balls and you could see everything inside it, every single detail, you could zoom in and out",1,25,1945,1
wired,wired_sensing_12,27,sensing,0,child,expert,Yeah.,1,26,1946,1
wired,wired_sensing_12,28,sensing,0,child,partner,"And you could draw it, print it out.",1,27,1947,1
wired,wired_sensing_12,29,sensing,0,child,expert,"That's exactly the type of thing that we're doing. We are sensing, is we're trying to measure what's inside, and do it without destroying the ball.",2,28,1948,1
wired,wired_sensing_12,30,sensing,0,child,partner,Yeah.,1,29,1949,1
wired,wired_sensing_12,31,sensing,0,child,expert,"For example, we want to go inside, let's say the human body and see what's happening. Sometimes we can look under the surface of the Earth and see what's underneath it. We can make really, really precise clocks that will tell us, that can measure time really, really accurately. And we can make very, very fine measurements that'll tell us about the rules of science and how the world works around us. But we need to build better tools that allow us to do that.",5,30,1950,1
wired,wired_sensing_13,1,sensing,1,teenager,expert,Our topic today is gonna be quantum sensing. Have you ever heard of it before?,2,0,1951,0
wired,wired_sensing_13,2,sensing,1,teenager,partner,No.,1,1,1952,0
wired,wired_sensing_13,3,sensing,1,teenager,expert,"No. Okay, what do you think it might mean, if you just break down the words?",2,2,1953,0
wired,wired_sensing_13,4,sensing,1,teenager,partner,Something on a very small scale because of the word quantum.,1,3,1954,0
wired,wired_sensing_13,5,sensing,1,teenager,expert,Yeah.,1,4,1955,0
wired,wired_sensing_13,6,sensing,1,teenager,partner,"The sensing part, I'm not sure.",1,5,1956,0
wired,wired_sensing_13,7,sensing,1,teenager,expert,So sensing is really just about measuring stuff.,1,6,1957,0
wired,wired_sensing_13,8,sensing,1,teenager,partner,Okay.,1,7,1958,0
wired,wired_sensing_13,9,sensing,1,teenager,expert,"And at some level, there's different set of rules that seem to come into play 'cause you can have particles at very microscopic scales seem to do really strange things. But one of the quests of quantum sensing is to harvest some of these unique properties at the micro scale. We are really interested in quantum sensors because we think they can give us the ultimate limit of sensitivity. So they're really, really sensitive to small changes, but they're also gonna be really reliable. Every time I make that measurement, I'll always get the same results.",5,8,1959,0
wired,wired_sensing_13,10,sensing,1,teenager,partner,"Okay, measurements on like what kinds of things?",1,9,1960,0
wired,wired_sensing_13,11,sensing,1,teenager,expert,Could be on almost anything you want. Have you ever broken a bone?,2,10,1961,0
wired,wired_sensing_13,12,sensing,1,teenager,partner,"Well, I fractured something though.",1,11,1962,0
wired,wired_sensing_13,13,sensing,1,teenager,expert,"Okay, do you remember having an x-ray?",1,12,1963,1
wired,wired_sensing_13,14,sensing,1,teenager,partner,"Yeah, x-ray and I have had a few MRIs before too.",1,13,1964,1
wired,wired_sensing_13,15,sensing,1,teenager,expert,You've had a few MRIs before.,1,14,1965,1
wired,wired_sensing_13,16,sensing,1,teenager,partner,Yeah.,1,15,1966,1
wired,wired_sensing_13,17,sensing,1,teenager,expert,"And so, both of those are in some ways a form of sensing and they rely on different types of sensing. Do you know what this image is?",2,16,1967,1
wired,wired_sensing_13,18,sensing,1,teenager,partner,Maybe an MRI.,1,17,1968,1
wired,wired_sensing_13,19,sensing,1,teenager,expert,Exactly.,1,18,1969,1
wired,wired_sensing_13,20,sensing,1,teenager,partner,Yeah.,1,19,1970,1
wired,wired_sensing_13,21,sensing,1,teenager,expert,"Do you know what an MRI, how an MRI works?",1,20,1971,1
wired,wired_sensing_13,22,sensing,1,teenager,partner,"No, I don't and I feel like I should because I've gotten them millions of times.",1,21,1972,1
wired,wired_sensing_13,23,sensing,1,teenager,expert,"And what the MRI scanner is doing is, it's measuring the signal from all the water molecules that are present and specifically the hydrogen atom. In our bodies, we have these hydrogen atoms that are essentially spinning around magnetic fields all the time and we just don't know them. So in some sense, you've already used a quantum sensor.",3,22,1973,1
wired,wired_sensing_13,24,sensing,1,teenager,partner,"Yeah, so are MRIs essentially more detailed x-rays?",1,23,1974,1
wired,wired_sensing_13,25,sensing,1,teenager,expert,They're not. So they're giving us different types of information.,2,24,1975,1
wired,wired_sensing_13,26,sensing,1,teenager,partner,Okay.,1,25,1976,1
wired,wired_sensing_13,27,sensing,1,teenager,expert,So this is an x-ray. You don't see any of the soft tissue. The x-ray gave us information about the bone.,3,26,1977,1
wired,wired_sensing_13,28,sensing,1,teenager,partner,Yeah.,1,27,1978,1
wired,wired_sensing_13,29,sensing,1,teenager,expert,Whereas MRIs giving us information about things like the softer tissues.,1,28,1979,1
wired,wired_sensing_13,30,sensing,1,teenager,partner,Yeah.,1,29,1980,1
wired,wired_sensing_13,31,sensing,1,teenager,expert,"And in fact, we don't see the bone very well in the MRI.",1,30,1981,1
wired,wired_sensing_13,32,sensing,1,teenager,partner,Yeah.,1,31,1982,1
wired,wired_sensing_13,33,sensing,1,teenager,expert,So there are slightly different reasons why you would choose the two different things. Suppose I could get a higher resolution.,2,32,1983,1
wired,wired_sensing_13,34,sensing,1,teenager,partner,Mm-hmm.,1,33,1984,1
wired,wired_sensing_13,35,sensing,1,teenager,expert,What do you think I would be able to see?,1,34,1985,1
wired,wired_sensing_13,36,sensing,1,teenager,partner,The different atoms and the structures of the particles. Yeah.,2,35,1986,1
wired,wired_sensing_13,37,sensing,1,teenager,expert,Start to see the different cells,1,36,1987,1
wired,wired_sensing_13,38,sensing,1,teenager,partner,Yeah.,1,37,1988,1
wired,wired_sensing_13,39,sensing,1,teenager,expert,"And then the different chemicals in the cells. If you look at the MRI images, you can see that they give you the broad features of what the tissue looks like. But if you wanna zoom in a little bit more and see what's actually happening inside a tissue or inside a cell and you need a different type of sensor that's gonna be more sensitive and for something like that, you're gonna need a quantum sensor.",3,38,1989,2
wired,wired_sensing_13,40,sensing,1,teenager,partner,Are there different types of quantum sensors for different things?,1,39,1990,2
wired,wired_sensing_13,41,sensing,1,teenager,expert,So one of the quantum sensors that's related to the work that I do is based on these defects that are called nitrogen-vacancy centers,1,40,1991,2
wired,wired_sensing_13,42,sensing,1,teenager,partner,Okay.,1,41,1992,2
wired,wired_sensing_13,43,sensing,1,teenager,expert,In a diamond and people actually now make nano diamonds that they can try to put inside the human body to look at the chemistry inside the cells.,2,42,1993,2
wired,wired_sensing_13,44,sensing,1,teenager,partner,So is that used for drug trials and when testing out new treatments?,1,43,1994,2
wired,wired_sensing_13,45,sensing,1,teenager,expert,"We can do it on tissues right now or on the surface, but we can't actually do it inside the body. So right now, we're struggling to figure out which scenarios can we use this to get better information and when can we not do it.",2,44,1995,2
wired,wired_sensing_13,46,sensing,1,teenager,partner,Are there any other quantum sensors at the moment that are in the developmental stage anymore that we are using?,1,45,1996,2
wired,wired_sensing_13,47,sensing,1,teenager,expert,"So there are quantum sensors that are sold for very specific applications, one of them is a magnetometer and those can be really, really sensitive to measure small variations in magnetic fields. They are trying to develop sensors that are gravitational sensors. Right now, we have no way of probing what's under the ground without digging into the ground.",4,46,1997,2
wired,wired_sensing_13,48,sensing,1,teenager,partner,You talked about a sensor measuring magnetic fields.,1,47,1998,2
wired,wired_sensing_13,49,sensing,1,teenager,expert,Yeah.,1,48,1999,2
wired,wired_sensing_13,50,sensing,1,teenager,partner,What does that help us learn? What is that good for?,2,49,2000,2
wired,wired_sensing_13,51,sensing,1,teenager,expert,"Well, if I wanna navigate, and I know what the structure of the Earth's magnetic fields are, in some ways, that's how birds navigate.",1,50,2001,2
wired,wired_sensing_13,52,sensing,1,teenager,partner,Okay.,1,51,2002,2
wired,wired_sensing_13,53,sensing,1,teenager,expert,The avian compass.,1,52,2003,2
wired,wired_sensing_13,54,sensing,1,teenager,partner,Yeah.,1,53,2004,2
wired,wired_sensing_13,55,sensing,1,teenager,expert,"In fact, people think of that as a quantum sensor.",1,54,2005,2
wired,wired_sensing_13,56,sensing,1,teenager,partner,"Okay, so they've got like built-in.",1,55,2006,2
wired,wired_sensing_13,57,sensing,1,teenager,expert,A biological quantum sensor.,1,56,2007,2
wired,wired_sensing_13,58,sensing,1,teenager,partner,Yeah.,1,57,2008,2
wired,wired_sensing_13,59,sensing,1,teenager,expert,"They have a built-in sensor and one of the ideas is that, they're using quantum phenomena",1,58,2009,2
wired,wired_sensing_13,60,sensing,1,teenager,partner,Yeah.,1,59,2010,2
wired,wired_sensing_13,61,sensing,1,teenager,expert,To figure out what the direction of the Earth's magnetic field is.,1,60,2011,2
wired,wired_sensing_13,62,sensing,1,teenager,partner,Okay.,1,61,2012,2
wired,wired_sensing_13,63,sensing,1,teenager,expert,"That's why they're able to be, homing pigeons are able to come back",1,62,2013,2
wired,wired_sensing_13,64,sensing,1,teenager,partner,Yeah.,1,63,2014,2
wired,wired_sensing_13,65,sensing,1,teenager,expert,To their original location.,1,64,2015,2
wired,wired_sensing_13,66,sensing,1,teenager,partner,"Oh, that's cool.",1,65,2016,2
wired,wired_sensing_13,67,sensing,1,teenager,expert,Yeah.,1,66,2017,2
wired,wired_sensing_14,1,sensing,2,undergraduate,expert,What year are you in?,1,0,2018,0
wired,wired_sensing_14,2,sensing,2,undergraduate,partner,"I'm a senior, I'm studying physics right now.",1,1,2019,0
wired,wired_sensing_14,3,sensing,2,undergraduate,expert,Cool. What do you think of when you hear the words quantum sensing?,2,2,2020,0
wired,wired_sensing_14,4,sensing,2,undergraduate,partner,"I think that using some sort of quantum computing to sense some quantum level molecules or particles, like interactions and stuff, maybe.",1,3,2021,0
wired,wired_sensing_14,5,sensing,2,undergraduate,expert,"Yeah. It is exactly using quantum phenomena to sense and measure things and the idea is that, if I can harness quantum phenomena and I can push the limits that are possible, I can get something that's ultimately more precise and potentially more accurate over time too.",2,4,2022,0
wired,wired_sensing_14,6,sensing,2,undergraduate,partner,Okay. How is it more precise?,2,5,2023,0
wired,wired_sensing_14,7,sensing,2,undergraduate,expert,"We believe quantum mechanics tells us what the true laws of physics are, and so a quantum sensor, in that sense, would reach the limits of what's attainable.",1,6,2024,0
wired,wired_sensing_14,8,sensing,2,undergraduate,partner,It would be the top tier.,1,7,2025,1
wired,wired_sensing_14,9,sensing,2,undergraduate,expert,It would be the top tier.,1,8,2026,1
wired,wired_sensing_14,10,sensing,2,undergraduate,partner,"What are you doing? Like, what are you studying?",2,9,2027,1
wired,wired_sensing_14,11,sensing,2,undergraduate,expert,"So I study spins. And so, spins are one of the platforms that people have suggested is a useful platform for building quantum technologies and I study spins on the solid state. And one of the platforms I work on is nitrogen-vacancy centers in diamond.",3,10,2028,1
wired,wired_sensing_14,12,sensing,2,undergraduate,partner,Okay.,1,11,2029,1
wired,wired_sensing_14,13,sensing,2,undergraduate,expert,"Which is a really nice platform because the spins show their quantum properties, even at room temperature.",1,12,2030,1
wired,wired_sensing_14,14,sensing,2,undergraduate,partner,"So, are you studying the spins of the electrons?",1,13,2031,1
wired,wired_sensing_14,15,sensing,2,undergraduate,expert,"So in some sense, the phenomena we're studying essentially is nuclear magnetic resonance or electron spin resonance which is a very similar phenomena, but uses the spin of the electron rather than the spin of the nuclei.",1,14,2032,1
wired,wired_sensing_14,16,sensing,2,undergraduate,partner,So you mentioned the diamonds that are used to create the sensors.,1,15,2033,2
wired,wired_sensing_14,17,sensing,2,undergraduate,expert,Right.,1,16,2034,2
wired,wired_sensing_14,18,sensing,2,undergraduate,partner,"So how long does it take to make a sensor and to make that diamond? Is that created? Do you like, put energy into it or?",3,17,2035,2
wired,wired_sensing_14,19,sensing,2,undergraduate,expert,"So you can implant nitrogen into a diamond and then you bombard it with electrons to create the vacancies and then you heat it up and anneal it, and then you get these nitrogen-vacancy centers in your system. So you mentioned quantum computing earlier. So have you heard of the idea of superposition?",3,18,2036,2
wired,wired_sensing_14,20,sensing,2,undergraduate,partner,"Mm-hmm, yeah.",1,19,2037,2
wired,wired_sensing_14,21,sensing,2,undergraduate,expert,"So that's in some ways the key to both quantum sensing, as well as quantum computing. It's the idea that you can take a system and put it in a superposition of two states. Normally we think of classically a bit can be a zero or a one. So switch is either on or off. Whereas in a quantum system, it can be in what's called a superposition. So it can be partially on and partially off. But one of the challenges with quantum systems is that these superpositions are really hard to maintain because we don't see superpositions in the world around us. In quantum computing, you try really hard to isolate everything so that you can maintain this quantum property. And the fact that it's actually going to lose its quantum properties as it interacts with the world also makes it a great sensor. Because now you're actually, you're using that fact that it's interacting with the world to say, wait, it's sensing something.",10,20,2038,2
wired,wired_sensing_14,22,sensing,2,undergraduate,partner,"Okay, so it's like using like, the quantum computer would be kind of like the base level and then like you take it out into the world and see how like it differs?",1,21,2039,2
wired,wired_sensing_14,23,sensing,2,undergraduate,expert,"So rather than trying to build a lot of complex algorithms and gates with it, what you do is, you take these quantum bits and you take them out into the world and say, what do you see? What are you sensitive to? So you can use an idea called entanglement to make an even more sensitive quantum sensor, but it's even more fragile.",3,22,2040,2
wired,wired_sensing_14,24,sensing,2,undergraduate,partner,How does entanglement work into it?,1,23,2041,2
wired,wired_sensing_14,25,sensing,2,undergraduate,expert,"So entanglement is the idea that two particles are correlated. They're essentially in the same quantum state, so that you can't disturb one particle without disturbing the second particle. And so, if I have a large number of quantum sensors that are entangled, then they're all going to interact much more strongly than if I just had one of them interact at a time.",3,24,2042,2
wired,wired_sensing_14,26,sensing,2,undergraduate,partner,Okay.,1,25,2043,2
wired,wired_sensing_14,27,sensing,2,undergraduate,expert,And so that gives you a boost in sensitivity when you have an entangled.,1,26,2044,2
wired,wired_sensing_14,28,sensing,2,undergraduate,partner,"And so, it's more precise.",1,27,2045,2
wired,wired_sensing_14,29,sensing,2,undergraduate,expert,It's more precise.,1,28,2046,2
wired,wired_sensing_14,30,sensing,2,undergraduate,partner,If you have it entangled.,1,29,2047,2
wired,wired_sensing_14,31,sensing,2,undergraduate,expert,Absolutely.,1,30,2048,2
wired,wired_sensing_14,32,sensing,2,undergraduate,partner,Okay. Is an atomic clock a quantum sensor?,2,31,2049,2
wired,wired_sensing_14,33,sensing,2,undergraduate,expert,"In some ways, it is. And you know, atomic clocks are remarkable devices and being able to measure time that precisely has really important consequences. In fact, our old GPS system is based on the accuracy of atomic clocks. They’re a set of satellites, each of which has an atomic clock on board and they send out a timestamp, and so, once it gets a signal from three different satellites, it can triangulate and figure out exactly where you are. Now, if you could make those clocks even more precise, you could actually accurately position where you are even more accurately.",5,32,2050,2
wired,wired_sensing_14,34,sensing,2,undergraduate,partner,"Okay, that’s really cool.",1,33,2051,2
wired,wired_sensing_14,35,sensing,2,undergraduate,expert,"So some ways, you know, when atomic clocks were designed and built, we didn’t necessarily think of GPS, but technology often works that way is that there are new discoveries and then someone else comes along and says, hey, this is a great tool for some other application.",1,34,2052,2
wired,wired_sensing_15,1,sensing,3,graduate,expert,So what drew you into quantum computing?,1,0,2053,0
wired,wired_sensing_15,2,sensing,3,graduate,partner,I think what got me into material science was actually making semiconductors. For solar panels.,2,1,2054,0
wired,wired_sensing_15,3,sensing,3,graduate,expert,Okay.,1,2,2055,0
wired,wired_sensing_15,4,sensing,3,graduate,partner,"Then, that drew me into new types of technology that used semiconductors with the one that's very popular now is quantum computings. And what about you? What got you interested in quantum sensing?",3,3,2056,0
wired,wired_sensing_15,5,sensing,3,graduate,expert,"Yeah, I started out doing magnetic resonance, studying things like bone and biomedical magnetic resonance. Ended up playing with spins for a long time and the physics of spins just fascinated me.",2,4,2057,0
wired,wired_sensing_15,6,sensing,3,graduate,partner,"So what do you think is a big difference between imaging large biological objects versus sensing very small quantum objects, I guess?",1,5,2058,0
wired,wired_sensing_15,7,sensing,3,graduate,expert,"In a way, it's part of the same continuum. What you're doing is changing the technological platform and you're actually able to probe it more sensitively. The resolution you're able to get is much higher, so you can see smaller signals in a much smaller volume.",3,6,2059,0
wired,wired_sensing_15,8,sensing,3,graduate,partner,How is the resolution higher?,1,7,2060,0
wired,wired_sensing_15,9,sensing,3,graduate,expert,"So it's because the nitrogen-vacancy center is a single defect. So you can actually see a single electron. In normal magnetic resonance, you don't have the sensitivity.",3,8,2061,1
wired,wired_sensing_15,10,sensing,3,graduate,partner,"In order to be sensitive to like a single electron, do you have to be really close to it?",1,9,2062,1
wired,wired_sensing_15,11,sensing,3,graduate,expert,"You have to be close to it. You can detect it optically because if we tried to detect the magnetic moment of the electron, we wouldn't be able to do that because there, the energy is too low compared to thermal energies. But what the diamond system gives you is a natural up conversion in energy. So you can couple into an optical photon, which is then much easier to detect a single optical photon than it is to detect a microwave.",4,10,2063,1
wired,wired_sensing_15,12,sensing,3,graduate,partner,"Okay, I see.",1,11,2064,1
wired,wired_sensing_15,13,sensing,3,graduate,expert,Yeah. And that's why you're able to do it at room temperature as well.,2,12,2065,1
wired,wired_sensing_15,14,sensing,3,graduate,partner,What are some of the challenges you face when trying to do quantum sensing with this platform?,1,13,2066,1
wired,wired_sensing_15,15,sensing,3,graduate,expert,"One of the key challenges, I think for all, any quantum technology is really understanding what limits your coherence times. And then the next question that comes up often is how do we make this better? So if I take a single qubit or a single spin, there's a certain limit up to its sensitivity. But if I can take entangled spins, in principle, I could make the system much more sensitive, but it usually comes at a cost because when I entangle something, it's much more sensitive to decoherence as well.",4,14,2067,1
wired,wired_sensing_15,16,sensing,3,graduate,partner,"In a similar way, but maybe even in the opposite way where we want to figure out how to be as resilient from noise and all the kinds of noise sources.",1,15,2068,1
wired,wired_sensing_15,17,sensing,3,graduate,expert,Exactly.,1,16,2069,1
wired,wired_sensing_15,18,sensing,3,graduate,partner,Okay.,1,17,2070,1
wired,wired_sensing_15,19,sensing,3,graduate,expert,What are you studying?,1,18,2071,1
wired,wired_sensing_15,20,sensing,3,graduate,partner,"I'm studying superconducting qubits that use hybrids, semiconductor, superconductor structures.",1,19,2072,2
wired,wired_sensing_15,21,sensing,3,graduate,expert,"Yeah, semiconductors, are you introducing new noise sources potentially that might affect the coherence times?",1,20,2073,2
wired,wired_sensing_15,22,sensing,3,graduate,partner,"Yeah, yeah, so the big one is charge noise, because I guess a lot of the superconducting qubits, they have made them in such a way that they're insensitive to charge.",1,21,2074,2
wired,wired_sensing_15,23,sensing,3,graduate,expert,"Exactly. So when you think of noise, in what way is a noise bad for your system?",2,22,2075,2
wired,wired_sensing_15,24,sensing,3,graduate,partner,"I usually think of it like, well, we work with quantum systems. And those are very sensitive to fluctuations.",2,23,2076,2
wired,wired_sensing_15,25,sensing,3,graduate,expert,Yeah.,1,24,2077,2
wired,wired_sensing_15,26,sensing,3,graduate,partner,I guess any fluctuations can kick your quantum system either out of the state that it's in to another state.,1,25,2078,2
wired,wired_sensing_15,27,sensing,3,graduate,expert,"I think as you said, anything that interferes with my signal is noise, but it can come from different sources. In some ways, the operation of the quantum system itself, as it's sensitive to different physical phenomena, the ones that I don't like, I call noise. The ones I do like, I call signal and that's an artificial definition that I'm making when I choose to build a sensor. One of the challenges we have is we're trying to figure out if I wanna control it, where is it coming from? I remember we had experiments running in our lab one day and we were running these experiments about 100 megahertz. All of a sudden, we saw these big spikes coming in and we realized we're picking up the local FM stations.",6,26,2079,2
wired,wired_sensing_15,28,sensing,3,graduate,partner,"Oh, yeah.",1,27,2080,2
wired,wired_sensing_15,29,sensing,3,graduate,expert,"And that was a source of noise, like it's completely random, but it is still there. And then the other form is very much what is intrinsically within your experiment itself because some of the materials that you have have defects that are coupling into your sensor, into your quantum system and are also producing noise.",2,28,2081,2
wired,wired_sensing_15,30,sensing,3,graduate,partner,"But yeah, the interesting stuff really is where you're picking up the quantum noise intrinsically from whatever.",1,29,2082,2
wired,wired_sensing_15,31,sensing,3,graduate,expert,"Right, it could give you information if you read it out, about what's happening or you have to find smart ways to suppress it so that you can focus on what you really do care about.",1,30,2083,2
wired,wired_sensing_15,32,sensing,3,graduate,partner,So what are the kind of noise and fluctuations that you're worried about?,1,31,2084,2
wired,wired_sensing_15,33,sensing,3,graduate,expert,"So one of the things that we're interested in is looking at, suppose, I want to build an entangled quantum sensor. When I put a number of spins together, in addition to being sensitive to an external field, they're sensitive to each other and they start talking to each other. You don't just see the external spins, you see the fluctuations of all the other spins in your system. So what you wanna do is make sure that they don't interact with each other, but they still stay sensitive to everything else. And there, you could think about the local interactions, the magnetic interactions between the spins as a form of noise. In some ways, it's interfering with what you wanna measure, which is the magnetic field outside the sample.",6,32,2085,2
wired,wired_sensing_16,1,sensing,4,expert,expert,"So our topic today is quantum sensing, which you are an expert on. Can you recap for us in your perspective, what is quantum sensing?",2,0,2086,0
wired,wired_sensing_16,2,sensing,4,expert,partner,[laughs] That's a million dollar or maybe a billion dollar question.,1,1,2087,0
wired,wired_sensing_16,3,sensing,4,expert,expert,"Question, exactly yeah.",1,2,2088,0
wired,wired_sensing_16,4,sensing,4,expert,partner,I think a lot of people in the field have different definitions for it.,1,3,2089,0
wired,wired_sensing_16,5,sensing,4,expert,expert,"Absolutely, what would you want to be like the smoking gun of a quantum sensor?",1,4,2090,0
wired,wired_sensing_16,6,sensing,4,expert,partner,"Depends on who I'm talking to, right. You know, trying to talk to students and get them excited or, you know, try to talk about the elements of quantum mechanics, I think maybe we could agree that, you know, things that use superposition have a certain degree of quantum mechanics, quantumness involved.",2,5,2091,0
wired,wired_sensing_16,7,sensing,4,expert,expert,Right.,1,6,2092,0
wired,wired_sensing_16,8,sensing,4,expert,partner,"Maybe they should be using elements of quantum computation. So I don't have a strong view on it, but I do think it's an interesting question.",2,7,2093,0
wired,wired_sensing_16,9,sensing,4,expert,expert,"I would tend to agree that I think, in some sense, anything that uses superposition could be a quantum sensor, but then spectroscopy uses superpositions and has been around for 60, 70 years. I think what excites me most now is the idea that can we push the boundaries of how sensitive one can make this technique? How improving sensitivity, specificity, what other limits and we define it better, are there fundamental physical limits?",3,8,2094,0
wired,wired_sensing_16,10,sensing,4,expert,partner,"That's where the excitement lies, is when we really start to leverage having, you know, access to individual quantum degrees of freedom, whether that's a single photon or a single spin and in principle then, you could also imagine entangling it and you know, doing some quantum computations on it in order to make it an even better sensor.",2,9,2095,0
wired,wired_sensing_16,11,sensing,4,expert,expert,So do you think there's a maximum number of spins you can have if I think about a single NV as a register?,1,10,2096,0
wired,wired_sensing_16,12,sensing,4,expert,partner,"Right, I mean, people have thought about this, it's an interesting question. You can think about, you have the electron and it's surrounded by some nuclei and you could change the density of those nuclei and so, if it's a lot more dense, then you have a lot more that are strongly coupled. But you also have a lot more noise. But I don't know that there's necessarily a limit. I mean, it keeps expanding. I mean, I think that there are some groups that are able to identify, you know, 30, 40 individual nuclear spins around a single electron and control 10 or 15 of them.",7,11,2097,0
wired,wired_sensing_16,13,sensing,4,expert,expert,So do you think you can integrate multiple NV centers or multiple optical sensors? So are there ways in which you can overcome this question of there's a spot size and that limits how many NVs I can pack into a certain region?,2,12,2098,0
wired,wired_sensing_16,14,sensing,4,expert,partner,"That's another great question. A couple of groups actually that are working on trying to read out the spin state of NV centers electrically, instead of optically. If you could do that, then you could pack a whole lot more into a smaller space using tiny electrodes.",3,13,2099,0
wired,wired_sensing_16,15,sensing,4,expert,expert,Right.,1,14,2100,1
wired,wired_sensing_16,16,sensing,4,expert,partner,And you could possibly have them spaced at nanometer scales instead of at micron skills and I think the application there is clearly sensing.,1,15,2101,1
wired,wired_sensing_16,17,sensing,4,expert,expert,Right.,1,16,2102,1
wired,wired_sensing_16,18,sensing,4,expert,partner,Right.,1,17,2103,1
wired,wired_sensing_16,19,sensing,4,expert,expert,So you think they'd retain their coherence times if you pack them in?,1,18,2104,1
wired,wired_sensing_16,20,sensing,4,expert,partner,"Yeah, what's limiting the coherence is really local.",1,19,2105,1
wired,wired_sensing_16,21,sensing,4,expert,expert,"Local, right.",1,20,2106,1
wired,wired_sensing_16,22,sensing,4,expert,partner,"Right, you know, nanometer scale. But it happens to be that most of the time when we try to read them out with light, well then, the trouble is that the defraction limit of light is, you know, hundreds of nanometers and so, then we need them to be apart. But you know, if you have two NV centers that are more than a couple tens of nanometers away from each other, they just don't talk to each other.",3,21,2107,1
wired,wired_sensing_16,23,sensing,4,expert,expert,"Too much isolated, yeah.",1,22,2108,1
wired,wired_sensing_16,24,sensing,4,expert,partner,"Yeah. So from that point of view, the technology could be really dense, right? Which is why, you know, some companies or groups are trying to make quantum computers based on spins and semiconductors 'cause they could be really densely integrated using modern technology. But the question for a sensor is, as you say, how do you address it? How do you initialize it? How do you read it out? And is optics the best way to go? And it may not be. If we think about quantum sensing in particular, it really involves understanding materials, solid state materials, chemicals, you know, chemistry, biology, engineering, electrical engineering, optics, photonics, I mean so many different areas. And I think that that's one of the most exciting things about that is the degree to which it's engaging a much larger cross section of scientists. They're the ones that I think are gonna come up with the breakthroughs of saying, oh wait, I could design this molecule to do this thing.",11,23,2109,1
wired,wired_sensing_16,25,sensing,4,expert,expert,Yeah.,1,24,2110,1
wired,wired_sensing_16,26,sensing,4,expert,partner,"And that I think is gonna make real breakthroughs in the next 10 years, is the fact that we're just having this much larger group of scientists.",1,25,2111,1
wired,wired_sensing_16,27,sensing,4,expert,expert,"Right. People bring in very different perspectives into what used to be a very niche field. I remember in physics, you'd only talk to people in your subfield and now we're picking up the phone and talking to people in the different departments, completely different areas and we're forced to learn different languages.",3,26,2112,1
wired,wired_sleep_12,1,sleep,0,child,partner,"Nice to meet you, my name's Christopher.",1,0,2113,0
wired,wired_sleep_12,2,sleep,0,child,expert,Hey Christopher. And how old are you?,2,1,2114,0
wired,wired_sleep_12,3,sleep,0,child,partner,I'm ten.,1,2,2115,0
wired,wired_sleep_12,4,sleep,0,child,expert,What grade is that?,1,3,2116,0
wired,wired_sleep_12,5,sleep,0,child,partner,I think fifth.,1,4,2117,0
wired,wired_sleep_12,6,sleep,0,child,expert,You think fifth? What is your favorite subject?,2,5,2118,0
wired,wired_sleep_12,7,sleep,0,child,partner,Math and science.,1,6,2119,0
wired,wired_sleep_12,8,sleep,0,child,expert,"Well that's awesome, because we're going to be talking about science today.",1,7,2120,0
wired,wired_sleep_12,9,sleep,0,child,partner,Cool.,1,8,2121,0
wired,wired_sleep_12,10,sleep,0,child,expert,And you know what we're going to be talking about?,1,9,2122,0
wired,wired_sleep_12,11,sleep,0,child,partner,What?,1,10,2123,0
wired,wired_sleep_12,12,sleep,0,child,expert,Sleep.,1,11,2124,1
wired,wired_sleep_12,13,sleep,0,child,partner,Favorite part of the day.,1,12,2125,1
wired,wired_sleep_12,14,sleep,0,child,expert,"Mine too, because I get to spend all day studying it. Because you know what sleep does for you?",2,13,2126,1
wired,wired_sleep_12,15,sleep,0,child,partner,"It rests your body, like an electric car.",1,14,2127,1
wired,wired_sleep_12,16,sleep,0,child,expert,"That's exactly right. It kinda is like recharging your battery, right? And sleep is so critical for so many parts of our body and our mind, right? It plays a really important way that we learn, and it helps us kind of recover from the day before. It affects our immune system and our metabolism, all of these things that we need to kinda be healthy.",5,15,2128,1
wired,wired_sleep_12,17,sleep,0,child,partner,Whoa.,1,16,2129,1
wired,wired_sleep_12,18,sleep,0,child,expert,"So today, we're going to talk about some animals and how they sleep. So here's the first one. What's that?",3,17,2130,1
wired,wired_sleep_12,19,sleep,0,child,partner,A giraffe.,1,18,2131,1
wired,wired_sleep_12,20,sleep,0,child,expert,Have you ever seen a giraffe in person?,1,19,2132,1
wired,wired_sleep_12,21,sleep,0,child,partner,Uh yeah.,1,20,2133,2
wired,wired_sleep_12,22,sleep,0,child,expert,"They're pretty cool, right?",1,21,2134,2
wired,wired_sleep_12,23,sleep,0,child,partner,Mhm.,1,22,2135,2
wired,wired_sleep_12,24,sleep,0,child,expert,"And so what's really cool about this is that giraffes need to sleep like everybody else, and so the way that it does is it kind of slumps over and it gets down on its legs and it kind of becomes this ball, but what's crazy about the whole thing is they only sleep for like 30 minutes a day. 30 minutes! Because it can't waste any more time, because it can't be vulnerable for any longer. It can get eaten by lions and that kind of thing. It has kind of evolved in a way that it can still survive and still get all the restoration it needs under such a short period of time.",5,23,2136,2
wired,wired_sleep_12,25,sleep,0,child,partner,"And how does it like recharge, like humans?",1,24,2137,2
wired,wired_sleep_12,26,sleep,0,child,expert,"So we think it works the same way, but maybe just like more efficiently. And so we're still really learning about how this works. Sleep science itself is kind of a new field.",3,25,2138,2
wired,wired_sleep_12,27,sleep,0,child,partner,"I had a sleepover on Saturday, and I didn't sleep at all.",1,26,2139,2
wired,wired_sleep_12,28,sleep,0,child,expert,And how did you feel?,1,27,2140,2
wired,wired_sleep_12,29,sleep,0,child,partner,Really tired.,1,28,2141,2
wired,wired_sleep_12,30,sleep,0,child,expert,Really tired. Do you think you were a little crankier than usual?,2,29,2142,2
wired,wired_sleep_12,31,sleep,0,child,partner,Yeah.,1,30,2143,2
wired,wired_sleep_12,32,sleep,0,child,expert,"Yeah, that's actually really interesting, because what happens is humans and everything needs to sleep eventually, and so you can't stay up indefinitely, right? What do you think happens if you don't sleep?",2,31,2144,2
wired,wired_sleep_12,33,sleep,0,child,partner,It affects what you can do in your daily life.,1,32,2145,2
wired,wired_sleep_12,34,sleep,0,child,expert,"Excellent. So now I want to tell you about another animal and how they sleep, okay? So we have this one. What's that?",4,33,2146,2
wired,wired_sleep_12,35,sleep,0,child,partner,A hippo.,1,34,2147,2
wired,wired_sleep_12,36,sleep,0,child,expert,A hippopotamus. They have a different challenge. They sleep underwater.,3,35,2148,2
wired,wired_sleep_12,37,sleep,0,child,partner,"I could never do that, I would pass out.",1,36,2149,2
wired,wired_sleep_12,38,sleep,0,child,expert,"Right, right! So how do they do it? In the area that they live in, they need to stay cool, right? And so they spend a lot of time in the water, and so then as a consequence, they need to sleep in the water, but how do they do it? So it's really fascinating. What they do is while they're sleeping, they actually float back up to the surface and breathe without waking up. They're able to go about their whole sleep cycles but still able to breathe, because their body has adapted in a way that they can still get the oxygen that they need. It's a really amazing thing. What do you think?",9,37,2150,2
wired,wired_sleep_12,39,sleep,0,child,partner,That's cool.,1,38,2151,2
wired,wired_sleep_12,40,sleep,0,child,expert,Would it be cool to have that power?,1,39,2152,2
wired,wired_sleep_12,41,sleep,0,child,partner,Uh yeah.,1,40,2153,2
wired,wired_sleep_12,42,sleep,0,child,expert,"So now I want to talk about our last animal, and I think this one is probably the most amazing of all. Okay, so what's this?",2,41,2154,2
wired,wired_sleep_12,43,sleep,0,child,partner,Aww a dolphin.,1,42,2155,2
wired,wired_sleep_12,44,sleep,0,child,expert,"A dolphin! Yes. So dolphins, kind of like hippos, have to sleep in the water, okay? But because they're mammals, right, they need to breathe. Dolphins breathe air. They have to go up to the surface and breathe, right? And for an animal like that, it needs to figure out a way that it can sleep but also still survive, right? You know how dolphins sleep?",8,43,2156,2
wired,wired_sleep_12,45,sleep,0,child,partner,How?,1,44,2157,2
wired,wired_sleep_12,46,sleep,0,child,expert,"One half of their brain at a time. So half of their brain goes to sleep, and the other half stays awake, so that they can continue to breathe and swim, and they do it in this four hours a time. So like their right part of their brain sleeps, they're able to go up to the surface and breathe. Then their left part of their brain sleeps for four hours, and it goes back and forth, back and forth, so they can kind of maintain alertness, still breathe, and survive. Is that amazing or what?",5,45,2158,2
wired,wired_sleep_12,47,sleep,0,child,partner,That's cool.,1,46,2159,2
wired,wired_sleep_12,48,sleep,0,child,expert,So what'd you learn today?,1,47,2160,2
wired,wired_sleep_12,49,sleep,0,child,partner,I learned how other animals sleep.,1,48,2161,2
wired,wired_sleep_12,50,sleep,0,child,expert,What is important about sleeping?,1,49,2162,2
wired,wired_sleep_12,51,sleep,0,child,partner,"Sleep rests your body, and you have to rest your body in order to do your daily things in life.",1,50,2163,2
wired,wired_sleep_13,1,sleep,1,teenager,expert,"Hey, I'm Aric.",1,0,2164,0
wired,wired_sleep_13,2,sleep,1,teenager,partner,"I'm Dwayne. Nice to meet you, Aric.",2,1,2165,0
wired,wired_sleep_13,3,sleep,1,teenager,expert,"And how old are you, Dwayne?",1,2,2166,0
wired,wired_sleep_13,4,sleep,1,teenager,partner,I'm 16 years old.,1,3,2167,0
wired,wired_sleep_13,5,sleep,1,teenager,expert,"Okay, and where do you go to school?",1,4,2168,0
wired,wired_sleep_13,6,sleep,1,teenager,partner,"McClymonds High School in Oakland, California.",1,5,2169,0
wired,wired_sleep_13,7,sleep,1,teenager,expert,"Excellent, and what's your favorite subject?",1,6,2170,0
wired,wired_sleep_13,8,sleep,1,teenager,partner,AP Chemistry.,1,7,2171,0
wired,wired_sleep_13,9,sleep,1,teenager,expert,That's a serious science.,1,8,2172,0
wired,wired_sleep_13,10,sleep,1,teenager,partner,It is.,1,9,2173,0
wired,wired_sleep_13,11,sleep,1,teenager,expert,"And good news, we're talking about science today. In fact, we're talking about sleep.",2,10,2174,0
wired,wired_sleep_13,12,sleep,1,teenager,partner,Oh okay.,1,11,2175,0
wired,wired_sleep_13,13,sleep,1,teenager,expert,And sleep science. Do you sleep?,2,12,2176,0
wired,wired_sleep_13,14,sleep,1,teenager,partner,"I do, I try. [laughs]",2,13,2177,0
wired,wired_sleep_13,15,sleep,1,teenager,expert,"You try, we all gotta try. You've probably heard about sleep as this kind of, you know, it's a biological process that happens in your brain. It's really important for your body, but it's a lot more complex than that. Sleep is made up of different parts. You know, when you think about sleep, what do you think about?",5,14,2178,0
wired,wired_sleep_13,16,sleep,1,teenager,partner,"Resting, relaxing, really shutting down your brain, taking some time off of a busy schedule and work day.",1,15,2179,0
wired,wired_sleep_13,17,sleep,1,teenager,expert,But being off is not just being off. There's lots of things that are happening. We're gonna kind of talk about those different pieces of sleep.,3,16,2180,0
wired,wired_sleep_13,18,sleep,1,teenager,partner,Okay.,1,17,2181,0
wired,wired_sleep_13,19,sleep,1,teenager,expert,"So our sleep is made up of different types, okay? The first one is called non-rapid eye movement sleep, or non-REM, okay? Or NREM. And then the other one, which might not be a surprise, is called REM. Rapid eye movement sleep. And those are the two main types of sleep that happen. The way that we measure that as a sleep scientist is that we'll actually bring people into the lab where they can do this at home, where we put electrodes on their scalp while they're sleeping, and that allows us to measure the brain activity that's going on during the night.",7,18,2182,0
wired,wired_sleep_13,20,sleep,1,teenager,partner,Okay. Are you like able to tell how much sleep someone's getting or what their sleep schedule is by REM?,2,19,2183,0
wired,wired_sleep_13,21,sleep,1,teenager,expert,"When we measure all of that, we're able to see how much time someone's asleep, and how many times they wake up and stuff during the night. You know, we're also really interested in kind of, the amount of non-REM sleep someone gets and the amount of REM sleep that someone gets, because each part of those types of sleep do different things for the body. And so it's important to get both of those. And so within non-REM sleep, there are three stages ranging from N-1 to N-2 to N-3. So not particularly clever in our naming, but that's how we know what stages they are. And what they do is it moves from lightest to deepest sleep, okay? N-1, it's more kind of light, wakefulness sleep, kind of in and out of sleeping. Then you go into N-2, which is where we spend 45 to 55 percent of our sleep. And it's more this kind of light sleep, but then we get into kind of the really restorative sleep, and that's N-3. And in N-3, when we look at someone's EEG wave, we see these big slow waves, and it's called slow wave sleep. And so we spend about 20% of our sleep in slow wave sleep, though it can vary on a day to day.",11,20,2184,0
wired,wired_sleep_13,22,sleep,1,teenager,partner,Oh wow.,1,21,2185,0
wired,wired_sleep_13,23,sleep,1,teenager,expert,Okay? When do you think you experience the most REM?,2,22,2186,0
wired,wired_sleep_13,24,sleep,1,teenager,partner,"Well I've heard that you don't really go into like a deeper sleep, so I'm guessing like N-3, or really any of the N's at all, really, if you are on technology right before you sleep. And also if there's too much light, or if you're listening to music while you're asleep or anything like that, you're not experiencing deep sleep, right?",2,23,2187,0
wired,wired_sleep_13,25,sleep,1,teenager,expert,"You know, some of that is totally accurate, that like when your brain's more engaged by being on your phone or doing things that you really enjoy or things that stress you out or any of those types of things, it's harder to get to sleep and to kind of fall into that deeper levels of sleep. Most of the REM sleep, this dreaming sleep, happens in the second half of the night.",2,24,2188,0
wired,wired_sleep_13,26,sleep,1,teenager,partner,Oh.,1,25,2189,0
wired,wired_sleep_13,27,sleep,1,teenager,expert,"Okay? So we wake up a lot during the night, and we just don't remember it. And you'll go back down into deep sleep, and then up again into REM, you know, in kinda these cycles.",3,26,2190,0
wired,wired_sleep_13,28,sleep,1,teenager,partner,Oh wow.,1,27,2191,0
wired,wired_sleep_13,29,sleep,1,teenager,expert,Do you ever take naps?,1,28,2192,0
wired,wired_sleep_13,30,sleep,1,teenager,partner,I do.,1,29,2193,0
wired,wired_sleep_13,31,sleep,1,teenager,expert,Okay. How long are the naps that you take?,2,30,2194,0
wired,wired_sleep_13,32,sleep,1,teenager,partner,Anywhere from between one to six hours.,1,31,2195,0
wired,wired_sleep_13,33,sleep,1,teenager,expert,One to six hours? That's a long nap.,2,32,2196,0
wired,wired_sleep_13,34,sleep,1,teenager,partner,It is a long nap.,1,33,2197,0
wired,wired_sleep_13,35,sleep,1,teenager,expert,"Okay. Usually we want to keep naps, like 20 to 30 minutes. When people drop into deep sleep, and then they're woken up out of a nap, most people report that they feel way worse than they did before they took the nap, and that's because you've been in deep sleep, and it's this term called sleep inertia. So what are the stages of sleep?",4,34,2198,0
wired,wired_sleep_13,36,sleep,1,teenager,partner,"So N-1 being like light sleep, still a lot of brain activity going on. I can imagine that happens right after you fall asleep. 'Asleep.' And then N-2 being light, moderate activity in your brain, still sleep, but still kind of consciously aware, and N-3 being the deepest form of sleep.",4,35,2199,0
wired,wired_sleep_13,37,sleep,1,teenager,expert,"I want to know if you agree, sleep is the coolest thing you've ever heard of.",1,36,2200,0
wired,wired_sleep_13,38,sleep,1,teenager,partner,"It really is. [laughs] Right now, it definitely is the coolest thing I've ever heard of.",3,37,2201,0
wired,wired_sleep_14,1,sleep,2,undergraduate,expert,"So tell me, where are you in school? What do you study?",2,0,2202,0
wired,wired_sleep_14,2,sleep,2,undergraduate,partner,I'm a fourth year Chemistry student at USF.,1,1,2203,0
wired,wired_sleep_14,3,sleep,2,undergraduate,expert,So pretty science-y.,1,2,2204,0
wired,wired_sleep_14,4,sleep,2,undergraduate,partner,"Yes, pretty science-y.",1,3,2205,0
wired,wired_sleep_14,5,sleep,2,undergraduate,expert,"Excellent, because today for this level, we're talking about sleep.",1,4,2206,0
wired,wired_sleep_14,6,sleep,2,undergraduate,partner,Great.,1,5,2207,0
wired,wired_sleep_14,7,sleep,2,undergraduate,expert,"How much sleep do you get, typically?",1,6,2208,0
wired,wired_sleep_14,8,sleep,2,undergraduate,partner,During the summer? Like 10 hours.,2,7,2209,0
wired,wired_sleep_14,9,sleep,2,undergraduate,expert,10 hours?,1,8,2210,0
wired,wired_sleep_14,10,sleep,2,undergraduate,partner,"And during the school year, maybe five?",1,9,2211,0
wired,wired_sleep_14,11,sleep,2,undergraduate,expert,Wow.,1,10,2212,0
wired,wired_sleep_14,12,sleep,2,undergraduate,partner,Yeah.,1,11,2213,0
wired,wired_sleep_14,13,sleep,2,undergraduate,expert,"And so, how much do you think you need?",1,12,2214,0
wired,wired_sleep_14,14,sleep,2,undergraduate,partner,"I mean, I've read that six is ideal for people in my age range.",1,13,2215,0
wired,wired_sleep_14,15,sleep,2,undergraduate,expert,"It turns out, for people that are between the ages of 18 and 65, the agreed upon amount of sleep that people should get is between seven and nine hours, and it's really at least seven hours per night, to maintain optimal health as an adult. So at least seven hours. When we look at across all of the data that is available on like sleep and health, and sleep and psychiatric illness and those types of things, the largest risk is when people get five hours or less. What do you think is responsible for driving how much sleep you need, and things like that?",4,14,2216,0
wired,wired_sleep_14,16,sleep,2,undergraduate,partner,"I mean, I know sleep is kind of regulated by the thalamus and the suprachiasmatic nucleus sending signals to the pineal gland to which kind of secretes melatonin, which tells us when it's time to go to sleep.",1,15,2217,1
wired,wired_sleep_14,17,sleep,2,undergraduate,expert,"Right. You can do part of this level, and you can do the other part, clearly. Got some expertise under your belt, and that's awesome, because I think that everyone should know more about sleep. And so the way that we think about what drives sleep are two independent but related processes and so they have kind of lame names. Process S and process C, and what you've kind of described is process C, and that's the master clock, right? And it helps regulate kind of the rhythms like all over your body, all your cells, and all those kind of things. It drives the release of melatonin from the pineal gland, and melatonin comes online under darkness, so when the sun goes down, your brain knows okay it's time to start getting ready for sleep, and so you start releasing melatonin, which really kind of sets the table for sleeping.",7,16,2218,1
wired,wired_sleep_14,18,sleep,2,undergraduate,partner,"I'm from Hoi, so we have very long days. We have early sunrises, late sunsets. Does that signify less sleep, because we have a shorter amount of time for melatonin to be released?",3,17,2219,1
wired,wired_sleep_14,19,sleep,2,undergraduate,expert,"Yeah, no, that's a really great question, and the same is true in places where the sun never goes down during the summer, and when it's dark all the time during the winter, and it turns out light isn't the only thing that kind of gates your circadian rhythm. But I think the thing that's really important, again there are two processes, that the other one is the S process, and that one's just kind of a really important driver of sleep. One name we call it is the homeostatic sleep drive. Kind of the longer you're awake, the sleepier you get. You stay up, you get sleepy. Time goes by, you get sleepier. But it's actually kind of a fundamental principle for how sleep is regulated, and it's really kind of akin to like a balloon, okay? So you wake up in the morning and your balloon is flat. You've kind of like drained out all of the sleepiness. But then as you kind of go throughout the day, it kind of fills up, so you use your energy, it gets filled up. And then it gets filled up more as you get towards nighttime, right? And then when it's at this optimal amount is when you kind of go to sleep and let out all of the sleepiness again. And this is really what underlies why napping can also be bad for you. So napping's not inherently bad, but if you actually let out some of this air during the day, it's going to take longer for the balloon to get bigger, right, to where you feel sleepy, right?",14,18,2220,1
wired,wired_sleep_14,20,sleep,2,undergraduate,partner,Right.,1,19,2221,1
wired,wired_sleep_14,21,sleep,2,undergraduate,expert,What did you learn about sleep today?,1,20,2222,1
wired,wired_sleep_14,22,sleep,2,undergraduate,partner,"I learned about the two processes, process S and process C. I learned about the circadian rhythm, and it doesn't only rely on melatonin, but it also relies on your eating and a whole bunch of other factors that affect your circadian rhythm.",2,21,2223,1
wired,wired_sleep_15,1,sleep,3,graduate,expert,"Hi, I'm Aric.",1,0,2224,0
wired,wired_sleep_15,2,sleep,3,graduate,partner,Mave.,1,1,2225,0
wired,wired_sleep_15,3,sleep,3,graduate,expert,Thank you for joining us. What do you do? Where are you at in school?,3,2,2226,0
wired,wired_sleep_15,4,sleep,3,graduate,partner,"So I'm at UC Berkeley, I'm a psychology student studying cognitive neuro-science and I just started my third year.",1,3,2227,0
wired,wired_sleep_15,5,sleep,3,graduate,expert,Congratulations.,1,4,2228,0
wired,wired_sleep_15,6,sleep,3,graduate,partner,Thank you.,1,5,2229,0
wired,wired_sleep_15,7,sleep,3,graduate,expert,So a lot of brain stuff.,1,6,2230,0
wired,wired_sleep_15,8,sleep,3,graduate,partner,A lot of brain stuff.,1,7,2231,0
wired,wired_sleep_15,9,sleep,3,graduate,expert,"I'm biased because I study one of the other sub-critical parts of the brain, the cerebellum.",1,8,2232,1
wired,wired_sleep_15,10,sleep,3,graduate,partner,I study the cerebellum too!,1,9,2233,1
wired,wired_sleep_15,11,sleep,3,graduate,expert,"So that's good, because that's why you're here, and so we're talking about sleep today, and really about kind of what is the brain machinery through which we go through consciousness to unconsciousness and that transition.",1,10,2234,1
wired,wired_sleep_15,12,sleep,3,graduate,partner,Great.,1,11,2235,1
wired,wired_sleep_15,13,sleep,3,graduate,expert,"The best way to think about this transition is really called, it's a flip flop switch, okay? So this term comes from engineering, and the idea is that in sleep, you basically have kind of this all or nothing experience. Certainly people kind of drift off to sleep, but then all of a sudden you're unconscious, right? So it seems like it's this flip flop between the arousal system and the sleep promoting system, and it's certainly regulated, and we'll get a little bit into that, but they're certainly kind of made up of two reciprocally inhibitory processes. Okay, so we have the ascending reticular activating system. It originates in the brain stem, and there's a dorsal and a ventral arm to this, and so the dorsal arm has neurons, cholinergic neurons, that go up to the thalamus and then it projections into the fore brain. And then there's the ventral arm, and this is comprised of a whole bunch of different types of neurons, so there are monominergic—so there's kind of dopaminergic neurons that come from the periaqueductal gray, serotonergic ones from the dorsal raphae nuclei, histaminergic neurons that come from the tuberomammillary nucleus of the hypothalamus, and then noradrenergic neurons from the locus coeruleus. And so all of those are kind of working in tandem to kind of drive wake within the brain. So if we just think about drugs that are available inducing wakefulness, we can certainly, kind of the dopaminergic ones jump out, right? So we have amphetamines that kind of drive those signaling, and then modafinil, which is a wake promoting drug for people that have kind of excessive day-time sleepiness that maintains alertness throughout the day.",10,12,2236,1
wired,wired_sleep_15,14,sleep,3,graduate,partner,"In terms of the dopamine, if you're taking amphetamines, that's usually to promote, as you said, wakefulness, but does that actually improve the quality of your sleep? How reliable are those kinds of interventions?",2,13,2237,1
wired,wired_sleep_15,15,sleep,3,graduate,expert,"For the role that they play with respect to the sleep-wake system is really kind of amping up the wake system, right? And so certainly that has like down stream consequences for the sleep system, because now the flip flop switch is kind of pushed in a much stronger direction, and we have to kind of rely on what regulates sleep to get it pushed back to sleep.",2,14,2238,1
wired,wired_sleep_15,16,sleep,3,graduate,partner,"And do we know much about why, or which stages of the sleep cycle are affected? You know, if you take amphetamines, is it then when you go to sleep, that you're not able to transition through each of the sleep periods, or is that less clear?",2,15,2239,1
wired,wired_sleep_15,17,sleep,3,graduate,expert,"You know, so I think that's less clear. In some ways, getting back to this idea of this wake-sleep system, we have this sleep system that is kind of the counterpoint to this wake arousal system, and so the primary nucleus region is the ventral lateral pre-optic nucleus, also called VLPO. And that has particular neuron outputs that release GABA and galanin, which work in an inhibitory way on kind of the wake promoting ones. And so, it's kind of this delicate balance of these two systems that are ongoing. In your cognitive neuro-science training, right, it sounds like it's pretty specific and focused in a particular part of the brain, the cerebellum, and one thing that I'm interested in is you bring a participant into the study, have you ensured that they got a good night's sleep? Have you asked them about their sleep?",6,16,2240,1
wired,wired_sleep_15,18,sleep,3,graduate,partner,"Well in most studies, probably it is advised for your participants before they come in to get a good night's sleep, so those would be recommendations that you would lay out, you know, in communication with the participant, before they come in.",1,17,2241,1
wired,wired_sleep_15,19,sleep,3,graduate,expert,"You know, what we do in our studies, is we actually track people, for say a week, and they have to get in within this range of amount of sleep and then it has to be both amount of sleep and how stable it is. That variability can kind of impact it and certainly might have an impact on the machinery that's happening in the brain.",2,18,2242,1
wired,wired_sleep_15,20,sleep,3,graduate,partner,"I often think that people, many people think that they can get by on very little sleep or less than average amount of sleep, from what I know from the research, you know if you actually test those people on different batteries of cognitive tasks, you often find that their performance is slightly worse than they had anticipated.",1,19,2243,1
wired,wired_sleep_15,21,sleep,3,graduate,expert,Yeah. So what did you learn about sleep today?,2,20,2244,1
wired,wired_sleep_15,22,sleep,3,graduate,partner,"I guess I learned its a system that is, you know, very heavily regulated and influenced by some of these older more conserved sub-cortical systems in the brain, and that there's, as you called it, like a flip flop function between wakefulness and sleep that's regulated by these specific dopaminergic, noradrenergic, like neurotransmitters, that manifest in different sub-cortical parts of the brain.",1,21,2245,1
wired,wired_sleep_15,23,sleep,3,graduate,expert,So now we have sleep on your brain. That was all I wanted to hear.,2,22,2246,1
wired,wired_sleep_16,1,sleep,4,expert,expert,"Good to see you again, Yue.",1,0,2247,0
wired,wired_sleep_16,2,sleep,4,expert,partner,"Yes, good to see you.",1,1,2248,0
wired,wired_sleep_16,3,sleep,4,expert,expert,"Really glad that you could join us. So we've been talking about sleep today, various levels of complexity. But now with you, I really want to talk about what do we know about sleep and the aging brain. Can you tell me a little bit about some of the work that you've been doing in that area?",4,2,2249,0
wired,wired_sleep_16,4,sleep,4,expert,partner,"So I'm an epidemiologist, so we do a lot of work on the epidemiology of sleep and development of neurodegenerative diseases including both Alzheimer's and Parkinson's disease, so AD and PD. We mainly work on population studies. We work on thousands and even millions of population, and we use statistical modeling to find out the association between different sleep disturbances and also genetics related to sleep disturbances and link that to their risk of developing AD and PD.",3,3,2250,0
wired,wired_sleep_16,5,sleep,4,expert,expert,So how strong is the link?,1,4,2251,0
wired,wired_sleep_16,6,sleep,4,expert,partner,"Our study has found really strong associations looking at these populations, for example, with sleep apnea. We've done one meta-analysis and it's showed that those with sleep apnea, they have a ratio of 1.26, which means that those who have sleep apnea have 26% elevated risk of developing Alzheimer's compared to those without sleep apnea.",2,5,2252,0
wired,wired_sleep_16,7,sleep,4,expert,expert,"So it's interesting, so I also saw that there was also a recent meta-analysis around sleep disturbances and dementia risk, and in that study, they looked about 250,000 people in this meta-analysis, and they followed them around for 10 years. And you know, when they pulled all the samples together, they found there was a 1.2 fold increased risk for developing all-caused dementia, so it sounds like both sleep apnea and then maybe sleep disturbances more generally are associated with increased risk for dementia. When I think about that, I think about how sleep lives in the brain, these neurodegenerative diseases live in the brain, and so what do we know about the causality of this? Could it be that individuals who have early onset of say, Alzheimer's, have then poor sleep kind of as a consequence of that?",4,6,2253,0
wired,wired_sleep_16,8,sleep,4,expert,partner,"Yeah, so I think what's really fascinating is all these bi-directional relationships that's being identified in animal studies especially, showing that sleep changes actually occur very early on in the disease process. So it could be a prodromal stage of Parkinson's, and also in transgenic model of AD, they're already showing a lot of circadian abnormalities in this mouse.",2,7,2254,0
wired,wired_sleep_16,9,sleep,4,expert,expert,"So within dementia risk in particular, Alzheimer's for instance, there are kind of two clear features that seem to be part of the pathology, right? So there's beta-amyloid which accumulates in the brain, and then there's kind of these tangles, this tauopathies, right? And so it sounds like sleep seems to be related to the tauopathies. What about kind of beta-amyloid?",4,8,2255,0
wired,wired_sleep_16,10,sleep,4,expert,partner,"Yes, in the transgenic mouse models of AD, including those expressing human mutant amyloid precursor protein, APP type or both, so that's kind of showing the sleep changes in both of these pathologies.",1,9,2256,0
wired,wired_sleep_16,11,sleep,4,expert,expert,"Okay, so there is this bi-directional piece, but I think perhaps the most exciting thing that happened in the sleep field, at least in my view, has been understanding the role of sleep and its clearance of beta-amyloid in the brain. This idea that sleep is kind of the dishwasher of the brain, it seems like, that you know A-beta accumulates as we kind of use energy, and you know it's kind of a waste product, and the idea that if you don't clear it out, that it's going to build up and accumulate.",2,10,2257,0
wired,wired_sleep_16,12,sleep,4,expert,partner,"So the thing I'm most excited about sleep research is, I think, first of all, this complexity of the daytime/nighttime sleep, what sleep is really doing to our body and to our brain, and then is really from the epidemiologic or public health perspective, how we can best use sleep as a tool for the detection and prevention of neurodegeneration in the long-term.",1,11,2258,0
wired,wired_sleep_16,13,sleep,4,expert,expert,"I'm excited about the future of sleep medicine. I think there are incredible innovations that are happening in the basic sciences, kind of really starting to understand what are the clear biological processes that underly some of these things as they relate to disease risk, and what is the true function of sleep, kind of the why we sleep phenomenon, right? So this was certainly a challenge today. Everyone knew a little bit about sleep, and I think that's great, because sleep is incredibly important, but there was also a lot of misinformation around kind of how sleep works, and people doing sleep behaviors that may not be the most adaptive for them. We're still uncovering new things every day about how sleep works, but despite that, all of us know that sleep is fundamental to our health, and so I'm excited for sleep to kind of raise its profile among other health behaviors and get the investment and care that it needs.",5,12,2259,0
wired,wired_time_12,1,time,0,child,expert,Hello.,1,0,2260,0
wired,wired_time_12,2,time,0,child,partner,Hello.,1,1,2261,0
wired,wired_time_12,3,time,0,child,expert,What's your name?,1,2,2262,0
wired,wired_time_12,4,time,0,child,partner,Kayla.,1,3,2263,0
wired,wired_time_12,5,time,0,child,expert,"How old are you, Kayla?",1,4,2264,0
wired,wired_time_12,6,time,0,child,partner,I am nine years old.,1,5,2265,0
wired,wired_time_12,7,time,0,child,expert,"So, if you are nine years old, what does that mean about the Earth? How many times has it gone around the sun?",2,6,2266,0
wired,wired_time_12,8,time,0,child,partner,Nine times.,1,7,2267,0
wired,wired_time_12,9,time,0,child,expert,"Nine times. So, there's a relationship between motion through space, the Earth is going through space, and the passage of time. They're kind of connected.",3,8,2268,0
wired,wired_time_12,10,time,0,child,partner,Yeah.,1,9,2269,1
wired,wired_time_12,11,time,0,child,expert,"In some way. But there are differences, right? If I asked you to move through space, you could do it freely, right? Can you get up? And let's see how easy it is to move through space. Can you move over to that location? And can you come back? Anything getting in your way? Easy to do?",9,10,2270,1
wired,wired_time_12,12,time,0,child,partner,Yep.,1,11,2271,1
wired,wired_time_12,13,time,0,child,expert,"If I were to ask you to sit perfectly still in space, can you do that? I mean, hold perfectly still. That's good. But if I ask you to hold still in time, to not go to the next second or the next second. Can you do that?",5,12,2272,1
wired,wired_time_12,14,time,0,child,partner,No.,1,13,2273,1
wired,wired_time_12,15,time,0,child,expert,So there's definitely this difference between space and time. Some fundamental quality that distinguishes how freely we can move through space versus how freely we can move through time. Have you heard of Albert Einstein?,3,14,2274,1
wired,wired_time_12,16,time,0,child,partner,Yes.,1,15,2275,1
wired,wired_time_12,17,time,0,child,expert,What do you know about him?,1,16,2276,1
wired,wired_time_12,18,time,0,child,partner,He has crazy hair.,1,17,2277,1
wired,wired_time_12,19,time,0,child,expert,"He does have crazy hair. And I think I may be heading in that direction actually. He showed us an approach to travel to the future. You want me to tell you how you do it? You build a spaceship, you go out into space really quickly, you turn around and you come back to planet Earth. And he showed us that when you're on that ship, your clock will tick off time more slowly. You will age more slowly. So that journey may only take you say a year, six months out and six months back. But you know what? When you step out of the ship, it'll be a hundred years into the future or a thousand years, a million years into the future. Would you do that if you could?",11,18,2278,2
wired,wired_time_12,20,time,0,child,partner,I would probably be dead by then.,1,19,2279,2
wired,wired_time_12,21,time,0,child,expert,"No, you'd be alive. That's the amazing thing. I'd be dead. Everybody else would be dead who stayed on Earth. But your body would only age one year, and yet it would be a thousand years into the future. The question though is, could you get back? And I don't know the answer to that. Nobody does. We don't know if you can travel back, but we certainly know that you can travel forward.",9,20,2280,2
wired,wired_time_12,22,time,0,child,partner,Has anyone ever tried to go forward and back?,1,21,2281,2
wired,wired_time_12,23,time,0,child,expert,"I don't think so. That same guy with the crazy hair, Albert Einstein showed that there's actually a limit to how fast things can go. And you know what the limit is? The limit is the speed of light. Because light travels 671 million miles per hour. That is fast enough to go around the entire Earth seven times in one second. So if we could build a spaceship that would go as fast as light, we'd be able to do what Einstein noted. There's something else that's really curious about time. Things tend to go in one direction, and we call it the arrow of time. It sort of points from the past into what we call the future. If you were to ask me why is there an arrow to time? Ask me.",12,22,2282,2
wired,wired_time_12,24,time,0,child,partner,Why is there an arrow to time?,1,23,2283,2
wired,wired_time_12,25,time,0,child,expert,"I'm not really sure. I have some ideas, but I'd say we've still not completely nailed it down. Kayla, what have you learned about time from talking about it here?",3,24,2284,2
wired,wired_time_12,26,time,0,child,partner,That you can't really travel back through time.,1,25,2285,2
wired,wired_time_12,27,time,0,child,expert,And can you travel to the future in principle?,1,26,2286,2
wired,wired_time_12,28,time,0,child,partner,Maybe.,1,27,2287,2
wired,wired_time_12,29,time,0,child,expert,"Maybe. That's absolutely right. I think it's unlikely we'll learn how to travel to the past, but it's not been ruled out. That's kind of exciting that it's still at least an open possibility.",4,28,2288,2
wired,wired_time_13,1,time,1,teenager,expert,"If I was to ask you, what is time? What would you say?",2,0,2289,0
wired,wired_time_13,2,time,1,teenager,partner,"Time is kind of strange because it's almost a man-made idea. There is the tangible of, you know, how the Earth revolves around the sun or how we orbit around ourselves. It's almost in a way, does it exist if the way that we measure it is man-made?",3,1,2290,0
wired,wired_time_13,3,time,1,teenager,expert,"Before there was any life on planet Earth, I think we all agree the universe existed. Did things change before there was life on Earth? And how would you talk about that change without invoking this concept of time?",3,2,2291,0
wired,wired_time_13,4,time,1,teenager,partner,It's difficult to talk about something without adding time into it.,1,3,2292,0
wired,wired_time_13,5,time,1,teenager,expert,"Even if it is a human-made concept, that the universe evolved, developed, changed through time ultimately giving rise to galaxies, stars, planets, and on this particular planet, life. That conception of time gives a feel that it's like universal, that it's out there. It's the same for everybody. It's independent of our actions or activities. Do you know that Albert Einstein shattered that view of time? He found that if you and I, say have identical wristwatches, I'm sitting still and I'm watching you move, I will find that your clock is ticking off time more slowly than my clock. But you know it's really remarkable? You can figure out this quality of time if you know one fact, that the speed of light is constant. Have you ever heard that phrase?",9,4,2293,0
wired,wired_time_13,6,time,1,teenager,partner,My freshman year physics class.,1,5,2294,0
wired,wired_time_13,7,time,1,teenager,expert,"Yeah. And if you're clever, you can use that with high school algebra, maybe even a little high school trigonometry to make it even easier, to derive that clocks tick off time at a different rate. Do you want me to show you how that goes?",3,6,2295,0
wired,wired_time_13,8,time,1,teenager,partner,"Yes, please.",1,7,2296,0
wired,wired_time_13,9,time,1,teenager,expert,"All right. So, to figure out the effect of motion on time, I'm going to use a really simple clock. It's called a light clock. It's two mirrors that are facing each other. And what we do is we have a little ball of light, called a photon, right, that goes up, hits the top mirror, then comes back down and hits the bottom mirror. And every time it does that, we go tick tock. That's one unit of time. Imagine now, we have another one of these light clocks, but I'm going to have it in motion. Now, what do you notice about that path?",9,8,2297,0
wired,wired_time_13,10,time,1,teenager,partner,It's much longer.,1,9,2298,0
wired,wired_time_13,11,time,1,teenager,expert,"It's much longer, right? This one's going tick tock. This one's going to go tick tock. In fact, we can figure out the ratio. Let's consider time on the stationary clock compared to time on this moving clock. Well, that ratio is going to be the ratio of the lengths. Then this would be given by D over L. More time on the stationary because it's longer distance on the moving clock. Well, this length over here, that's the same as this L over here. All right? So we want D over L. Now, you may have recalled that in trigonometry, there's a name for L over D. Sin of theta, opposite is L, hypotenuse is D, right? And so, this ratio is just 1 over sin of theta. So if we can figure out 1 over sin theta, we'll have our beautiful formula for the ratio of time on the stationary clock to time on the moving clock. We just need one other fact. The speed of light along this diagonal is equal to what we call C. C equals speed of light. But in order for this ball of light to hit that point on the mirror, the component of the speed of light in the horizontal direction better be keeping perfect pace with the speed of the clock itself. So let's assume that this clock is moving in this direction with the speed equal to V. So C times cosine theta must be equal to V, the speed of the clock. And from this, we learn that cosine theta is equal to V over C. There's another beautiful identity you may recall from your study of trigonometry, that sin squared theta plus cosine squared theta is equal to one. This is really just the Pythagorean theorem in disguise. Sin squared theta plus (V/C) squared is 1. And from that, we can now solve for sin squared theta equals 1 minus V over C squared. And now for sin theta is the square root of this. And now we're basically done because we already had over here that this ratio is 1 over sin theta, which now is 1 over the square root of 1 minus V over C squared. So you see, as V gets very close to C, this gets very close to one. 1 minus something very close to one is very close to zero. 1 over something close to zero is huge! Which means the ratio of time on the stationary to time on the moving, that can be a huge number as the speed of the moving clock approaches the speed of light. Now, I did this for a light clock, but it's true for any clock. And this is what Einstein discovered in 1905 with his special theory of relativity.",34,10,2299,0
wired,wired_time_13,12,time,1,teenager,partner,"Do you think that in the near or foreseeable future of humans as we know ourselves now, will there be a time where we are using these formulas and these concepts in our daily lives?",1,11,2300,0
wired,wired_time_13,13,time,1,teenager,expert,"As technology progresses, the barrier between the limitations of experience and the truth of how the world behaves in extreme environments will be moved in the very same way that, you know, we can toss a pack of gum and we know where to put our other hand to catch it. Will we have that kind of intuition about these ideas? I think it's quite possible.",3,12,2301,0
wired,wired_time_14,1,time,2,undergraduate,expert,What are you studying right now?,1,0,2302,0
wired,wired_time_14,2,time,2,undergraduate,partner,I'm doing physics and computer science.,1,1,2303,0
wired,wired_time_14,3,time,2,undergraduate,expert,"So, have you spent any time thinking about this weird quality of the laws of physics that there's no mathematical distinction in the laws between forward in time and backward in time? Is that something you're familiar with?",2,2,2304,0
wired,wired_time_14,4,time,2,undergraduate,partner,"Yeah. And the one thing that really confuses me there, I'm thinking about uh, one of the most basic things we learn I guess from Interstellar is that the universe is expanding, or space is expanding. And so I'm thinking, how does that square with gravity and electromagnetism, which is like kind of predicated on the density of charges or masses?",3,3,2305,0
wired,wired_time_14,5,time,2,undergraduate,expert,"The fact that space expands is perfectly compatible with our understanding of all the forces of nature. Because all of them continue to operate in a somewhat more subtle way. But we have a beautiful prescription for taking any law that we understand in the simpler context of flat spacetime and juicing it up so that it works in a curved spacetime. The more philosophical question is in any of those formulations, if you replace T by minus T, and you do it properly in the equations, the equations still work. But if past and future are kind of treated on equal footing in the fundamental equations, why are they so different from the perspective of experience?",5,4,2306,0
wired,wired_time_14,6,time,2,undergraduate,partner,"And when you're talking about the perspective of experience, could you, is that just human subjective experience or actual observation for physics?",1,5,2307,0
wired,wired_time_14,7,time,2,undergraduate,expert,"Well, certainly it starts with human subjective experience, but then we are able to elevate it to a more objective description, for instance, when we introduce words like disorder and order and entropy and the Second Law of Thermodynamics. And the equation usually the way we say it is S equals K log W. Entropy equals Boltzmann constant times log of a particular quantity, which is ultimately counting the number of distinct configurations that a system can be in. What Boltzmann and others showed is that entropy tends to increase toward the future. But the key word there is tends to increase. So this arrow of time going from the past to the future rests on a curious foundation. It's a statistical foundation, which says that it's more likely for eggs to splatter than unsplatter. It's more likely for glasses to smash than unsmash, but not that it's impossible for things to happen. You just have to wait a really long time for there to be a reasonable chance of it ever taking place.",9,6,2308,0
wired,wired_time_14,8,time,2,undergraduate,partner,"When you said that, um, you know, it's more likely for an egg to, you know, smash or for glass to smash. And that's probably because there's so many atoms, so much stuff going on. But I'm thinking if we zoom in on like a single thing, I guess, do we have variations that are extremely unintuitive because, you know, things can happen in a way that isn't the statistical average?",3,7,2309,0
wired,wired_time_14,9,time,2,undergraduate,expert,"Yes. If I take a film of that electron, it's a little fanciful to describe it in that language because you know about quantum mechanics and so forth, but I take a film of a little particle moving around, and I show you that film, you'll be really hard pressed to determine whether I've shown you the film running forward in time or whether I've shown you the film going in reverse time. If I had two or three or four or a gazillion particles into the mix, then it will be much easier for you to determine whether the film is going forward in time or backward in time. But order and disorder don't have much meaning if there's only one particle. And that's why the fundamental laws don't draw a distinction, but the macroscopic experience does. But it raises a key question, where did the order of the egg come from? If everything goes toward disorder, how did I get this orderly collection of atoms called an egg? Well, you probably would say from a chicken. But then I say to you, where did the chicken come from? And you'd say from an egg. But there's actually some real insight we can draw from this because if we keep going back with the chicken and egg story, we'll go back through the evolutionary lineage of life. We'll go back to early moments of the sun and the galaxy and ultimately the universe. Each step taking us to greater and greater order. So we believe that the ultimate source of order is the Big Bang itself. Highly ordered beginning called the Bang. And we have been living through the degradation of that order ever since. We still don't really have a solid explanation for why the Big Bang had to be or was highly ordered. At the moment, it's really a deep assumption.",19,8,2310,0
wired,wired_time_14,10,time,2,undergraduate,partner,"Back ways, Einstein know we wondered, uh, does time change with speed? And that’s another change with what before, we didn’t think was possible, but I guess we found out eventually some of the fanciful ideas. I guess there’s just a tiny sliver of hope.",3,9,2311,0
wired,wired_time_14,11,time,2,undergraduate,expert,"Yes. Not only did we find that time changes with speed in special relativity, but we also found that time changes with gravity. Einstein showed that the rate at which a clock ticks slows down based upon the stronger gravitational field or gravitational potential actually that it is experiencing. You think, you mentioned Interstellar before. Do you remember the scene in Interstellar? They're going to a planet that's near a black hole. They go down to the planet and they spend just a couple hours there. But when they go back to the ship, it's 23 years later on the ship because time was elapsing slowly near the strong gravitational field, comparatively quickly far away. And that's not science fiction. That's actually how time behaves.",10,10,2312,0
wired,wired_time_14,12,time,2,undergraduate,partner,"I've also heard people say, oh, general relativity, you know, it might not seem applicable, but, you know, GPS due to satellites, we could synchronize those clocks by accounting for relativity.",1,11,2313,0
wired,wired_time_14,13,time,2,undergraduate,expert,"But, but that's even a really, really good point. The GPS would become completely inaccurate in a very short period of time if the satellites weren't taking account of, or the software wasn't taking account of the fact that time elapses differently for the clocks on the satellite compared to the clocks down here on Earth. So we walk around with general relativity in our pockets, even though most of us perhaps don't really know that.",3,12,2314,0
wired,wired_time_15,1,time,3,graduate,expert,"Have you started any projects yet, or that's",1,0,2315,0
wired,wired_time_15,2,time,3,graduate,partner,I'm just starting one right now.,1,1,2316,0
wired,wired_time_15,3,time,3,graduate,expert,What's it on?,1,2,2317,0
wired,wired_time_15,4,time,3,graduate,partner,"I'm trying to figure out how stars in the galaxy are moving based on what they're made of, which is interesting.",1,3,2318,0
wired,wired_time_15,5,time,3,graduate,expert,Clearly time comes in to what you're doing. To what extent do you have to grapple with some of the subtle features of time?,2,4,2319,0
wired,wired_time_15,6,time,3,graduate,partner,"Yeah, with my research in particular, I really want to know what happened in the past and what happened in the future, but you only get a single snapshot when you look up at the night sky.",1,5,2320,0
wired,wired_time_15,7,time,3,graduate,expert,"Right, but if it’s sufficiently far back, you’re",1,6,2321,0
wired,wired_time_15,8,time,3,graduate,partner,"And so we can learn a lot by looking at other galaxies and seeing what they were doing in in their present, I suppose. Yeah. Just figuring out what's going to happen next is is part of part of the issue, right? That's looking into the future, I suppose.",4,7,2322,0
wired,wired_time_15,9,time,3,graduate,expert,"And so, have you taken General Relativity, or you taking that now, or?",1,8,2323,1
wired,wired_time_15,10,time,3,graduate,partner,"I took a course on General Relativity, yeah.",1,9,2324,1
wired,wired_time_15,11,time,3,graduate,expert,But you learned about black holes?,1,10,2325,1
wired,wired_time_15,12,time,3,graduate,partner,Sure.,1,11,2326,1
wired,wired_time_15,13,time,3,graduate,expert,"One of the weird things, and wonderful things about wormholes is that they are tunnels, if you will, shortcuts from one point in space to another point in space. But once you have a shortcut from here to there, the beautiful thing is, if you move the openings, time will elapse differently at the different openings. So there's a possibility of wormholes as time machines. Go one direction, you're going into the future, go the other direction, you'd be going into the past. But that of course raises philosophical and logical paradoxes and sorts. So what do you think? What do you I throw it to you.",7,12,2327,1
wired,wired_time_15,14,time,3,graduate,partner,"Yeah, I I've heard a few different theories that people posit. Like, maybe it is back to the future and you really change your own universe. I've also heard people say that you could have multiple universes spawn from this event or something along these lines.",3,13,2328,1
wired,wired_time_15,15,time,3,graduate,expert,"Yeah, that's if you're going to be able to change the past. That's the one that resonates most with me.",2,14,2329,1
wired,wired_time_15,16,time,3,graduate,partner,I think the same.,1,15,2330,1
wired,wired_time_15,17,time,3,graduate,expert,"Yeah. So you go into the past, and maybe you can prevent your parents from meeting, but you're preventing them from meeting in a parallel reality, which means that you will never be born in that reality. But the origin of your birth is still completely understood. It was in the universe from which you originated. Another one that's more subtle is the laws of physics may prevent you from interceding.",5,16,2331,1
wired,wired_time_15,18,time,3,graduate,partner,Right.,1,17,2332,1
wired,wired_time_15,19,time,3,graduate,expert,And that raises uncomfortable issues for many people having to do with like free will.,1,18,2333,1
wired,wired_time_15,20,time,3,graduate,partner,I'm immediately uncomfortable.,1,19,2334,1
wired,wired_time_15,21,time,3,graduate,expert,"Yeah. So that one, there's actually some people like Joe Polchinski, who did some wonderful studies of billiard ball tables where you imagine a billiard ball goes into a wormhole, comes out, and hits the very ball that was going into the hole. And in that way, if it could knock it off course, we seem to be in some logical paradox.",3,20,2335,1
wired,wired_time_15,22,time,3,graduate,partner,Absolutely.,1,21,2336,1
wired,wired_time_15,23,time,3,graduate,expert,"But the finding was the ball can come out and just sort of graze the other one, but it can't affect it enough to prevent the sequence of events from happening. And the way I like to think about it frankly is if there's one universe, not parallel universes like in the other solution, moments in time just are. They don't change. The whole point of time is the variable along which change can happen. So if you have the atoms of time, the individual events, there's no conception of them changing. So whatever collection of influences were in play that allowed your parents to meet, they will always be in play because you were always part of that moment.",6,22,2337,1
wired,wired_time_15,24,time,3,graduate,partner,Do you think travel back to the past is impossible because of of a deep physical like mathematical reasoning or just because of all of these problems that that you've been talking about?,1,23,2338,1
wired,wired_time_15,25,time,3,graduate,expert,"I suspect that when we fully understand the mathematics of the final physical laws, if we ever come upon them, I think there's going to be something built in",1,24,2339,1
wired,wired_time_15,26,time,3,graduate,partner,Okay.,1,25,2340,1
wired,wired_time_15,27,time,3,graduate,expert,"that prevents this kind of free travel to the past. But sometimes I I wonder if that's just coming from a more emotional place where I sort of want the world to be safe from these kind of paradoxes. So, what’s pretty clear based on any of the hypothetical proposals for traveling to the past that have come out of physics, you can’t travel to a moment in the past before the first time travel machine is built.",3,26,2341,1
wired,wired_time_15,28,time,3,graduate,partner,"You know the twin paradox? Where, you know, you fly off, looks like you’re moving fast, but to you it looks like the other guy’s moving fast. So who actually ages more? Who ages less? A resolution I’ve heard is that because you have to be going away and then coming back, you had to accelerate at some point, and this breaks the ambiguity.",5,27,2342,1
wired,wired_time_15,29,time,3,graduate,expert,Yeah.,1,28,2343,1
wired,wired_time_15,30,time,3,graduate,partner,"What if, say, the universe isn’t flat? what if the universe is curved, and you go off in one direction and then you come back in the same direction, you pass by the earth, who’s older then?",2,29,2344,1
wired,wired_time_15,31,time,3,graduate,expert,Yeah.,1,30,2345,1
wired,wired_time_15,32,time,3,graduate,partner,Do we have an answer?,1,31,2346,1
wired,wired_time_15,33,time,3,graduate,expert,"Yeah we do have an answer. So the simplest version of that is, imagine that the universe has a shape of a donut. Imagine I'm on the circular part of this donut universe.",3,32,2347,1
wired,wired_time_15,34,time,3,graduate,partner,All right.,1,33,2348,1
wired,wired_time_15,35,time,3,graduate,expert,"And imagine I turn on two laser beams, sending a beam of light going to my right and to my left. And these beams will go around the entirety of space, and they'll both come back, and at some point, they will hit me. Imagine they hit me at the same moment from my perspective. Now imagine someone's moving relative to my frame of reference, say, to my left, they do the same experiment. They fire the beam of light left and right. Notice that the beam that they fire to their left will have to travel farther to reach them because they're moving away from it. Whereas the beam that they fired to their right will not have to travel as far because in some sense, they're moving toward it. The two beams of light will not hit that moving observer at the same moment.",8,34,2349,1
wired,wired_time_15,36,time,3,graduate,partner,To you or to them?,1,35,2350,1
wired,wired_time_15,37,time,3,graduate,expert,To them.,1,36,2351,1
wired,wired_time_15,38,time,3,graduate,partner,Wow.,1,37,2352,1
wired,wired_time_15,39,time,3,graduate,expert,Which means that there's a preferred frame of reference in this universe. Everybody is not on equal footing.,2,38,2353,1
wired,wired_time_15,40,time,3,graduate,partner,Fascinating.,1,39,2354,1
wired,wired_time_15,41,time,3,graduate,expert,as they are when we teach to freshmen the special theory of relativity.,1,40,2355,1
wired,wired_time_15,42,time,3,graduate,partner,"Me, for example",1,41,2356,1
wired,wired_time_15,43,time,3,graduate,expert,"No, everybody else is moving relative to me, and it's real motion. So everybody else will be like the moving twin. They will be younger and I will be older. And when you think about past and future on a cosmological scale, there was a long period when there were no human beings in the universe. The fact of the matter is there will be these two long stretches with our presence being sort of a flicker in between, does that thought inform anything about how you live in your brief flicker within that brief flicker?",5,42,2357,1
wired,wired_time_15,44,time,3,graduate,partner,I rage against thinking like that.,1,43,2358,1
wired,wired_time_15,45,time,3,graduate,expert,Too defeatist?,1,44,2359,1
wired,wired_time_15,46,time,3,graduate,partner,I think it’s too defeatist I think that's the perfect way to put it. Because it might be a brief flicker on a single mote of dust like floating in a cosmic eternity.,2,45,2360,1
wired,wired_time_15,47,time,3,graduate,expert,Yeah.,1,46,2361,1
wired,wired_time_15,48,time,3,graduate,partner,But it's everything.,1,47,2362,1
wired,wired_time_15,49,time,3,graduate,expert,Yeah.,1,48,2363,1
wired,wired_time_15,50,time,3,graduate,partner,"There's nothing else that I'll ever experience. And so in a way, there's there's nothing else to me. Yeah.",3,49,2364,1
wired,wired_time_15,51,time,3,graduate,expert,"It can be debilitating to imagine an eternal future of sort of nothing where none of what we do sort of persists. On the other hand, if you flip your perspective around and say, how remarkable is it that we have this brief moment that allows us to think and feel. and love and explore and illuminate. Wow. How wonderful is that?",5,50,2365,1
wired,wired_time_16,1,time,4,expert,expert,So often when we try to give the basic idea of what time is. I'm fond of saying look space is the language that allows us to say where events take place. And time is the language that allows us to specify when they take place. Where would you jump off from there and trying to give a deeper understanding of the basics of time?,4,0,2366,0
wired,wired_time_16,2,time,4,expert,partner,Maybe part of the distinction in between time and space it's that you have a clear irreversible evolution. So how to explain what time is? Well it's a parameter that is measured by clocks. I mean at the end this is what we know.,4,1,2367,0
wired,wired_time_16,3,time,4,expert,expert,And allows us to talk about change.,1,2,2368,0
wired,wired_time_16,4,time,4,expert,partner,And also that we know how to describe in terms of some set of equations.,1,3,2369,0
wired,wired_time_16,5,time,4,expert,expert,Which gives a clear sense of causality. To note our recent paper where we were thinking about Einstein's ideas of special relativity but in a setting where the global shape of the spacetime suppose imagine there might be a curled up dimension of space a circular dimension and thought about how special relativity works in that setting. We came to the result in this very basic setting you can send signals into the past not in a way that will violate causality. Did that surprise you that by going from the usual topology that doesn't have a closed part of space? But making that one change you could have this radical impact.,5,4,2370,0
wired,wired_time_16,6,time,4,expert,partner,I found quite surprising that you could have this exotic behavior of signal propagation in a system that was extremely simple totally classical. There was nothing weird except one dimension that was compactified identified on a circle. Actually even the standard vanilla causal structure of special relativity may give some very unexpected behaviors when you combine it with other simple modifications of just the flat spacetime.,3,5,2371,0
wired,wired_time_16,7,time,4,expert,expert,And the beauty of it is it's not like there was some high powered mathematical methodology. Straightforward algebra that a high school kid would know is all that you need to extract these unusual results.,2,6,2372,0
wired,wired_time_16,8,time,4,expert,partner,And they were unusual because even if you do not violate causality we discovered that a fast moving observer that could be us on a rocket could send signals very far and then back in a very small time.,1,7,2373,0
wired,wired_time_16,9,time,4,expert,expert,And so the old idea that of course we always hear about that if we ever make contact with extraterrestrial life if they're far away we can't really have a conversation because we'll say hello and then like ten thousand years or one hundred thousand years later they'll answer us because they'll take that long for the signals. But at least in this setup which we don't know is true about our universe but if it were then you could have a real time conversation over arbitrarily large distances.,2,8,2374,0
wired,wired_time_16,10,time,4,expert,partner,Which is that was unexpected. And so that shows how even ideas that seem to be well settled and well understood have surprises.,2,9,2375,0
wired,wired_time_16,11,time,4,expert,expert,Like why didn't Einstein realize this?,1,10,2376,0
wired,wired_time_16,12,time,4,expert,partner,Yeah maybe the idea of living on a subspace of being confined in this extra dimension on a surface may have been looked exotic but definitely did not look exotic after the nineteen nineties.,1,11,2377,0
wired,wired_time_16,13,time,4,expert,expert,Many people have begun thinking about the possibility that space and time may be so called emergent quantities that they're not as fundamental as perhaps Newton or Einstein would've thought. Where do you stand on that idea?,2,12,2378,0
wired,wired_time_16,14,time,4,expert,partner,It seems not unthinkable. Saying that something is emergent will make full sense only when we have some concrete model in which space and time emerge in which we make sense of this non space non time description of a theory. I don't know if we are still at this stage in which I would say we begin to understand this scenario because often I tell my students the greatest scientific revolution has been not in the twentieth century. Has not been quantum mechanics nor general relativity nor special relativity. That's been the passage from qualitative description of nature the quantitative one. When you pass from asking how to how much then you understand something.,6,13,2379,0
wired,wired_time_16,15,time,4,expert,expert,And who do you credit with that? Is that Newton? Do you go Newton or a little bit below? Do you Galileo?,4,14,2380,0
wired,wired_time_16,16,time,4,expert,partner,I would say Galileo Newton. Of course the completion of this idea is Newton.,2,15,2381,0
wired,wired_time_16,17,time,4,expert,expert,One of the things that relativity also sheds a light on is what exists that if someone's moving relative to me what they consider now might be in my past what they consider now might be in my future which would suggest that all of time exists much as we're willing to accept that all of space exists. Is that cold water?,2,16,2382,0
wired,wired_time_16,18,time,4,expert,partner,Actually it resonates with me for various reasons. One is that professionally we use spacetime diagrams Penrose diagrams a lot of diagrams where space and time are just two axes on a board. And when we describe a particle we have a line that goes up in time. By the way this image also is the last image in Proust the last page there is this beautiful sentence which is also true saying that if he has the time he would like to describe people as being monstrous beings that extending time much longer than in space. If c equals one that's very true. So this idea that you have a continuum and time should not be made to disappear as soon as it's gone is very practical. It's also what is behind the idea of histories in quantum mechanics. When in the approach of various people including Hartle that collaborated a lot with Hawking. There is this idea that what you describe is a history it's not a particular moment in time but it's an evolution. This history treats space and time on a more equal basis.,10,17,2383,0
wired,wired_time_16,19,time,4,expert,expert,But would you say there's more to it than the technical more to it than the diagrams more to it than sort of an interpretation of the mathematical equations? Would you go so far as to take solace in the fact that in a sense that you will always exist because you will always be at the moments of space and time that you have occupied throughout your life?,2,18,2384,0
wired,wired_time_16,20,time,4,expert,partner,Well actually that's probably the only way in which you can take solace because all the rest is almost children's stories. Yeah. I mean of course it's something that you come by yourself and you arrive at this conclusion which is totally not objective and is part of your personal history by yourself. But it was interesting to see that for instance Kurt Vonnegut had exactly the same take. He said no I mean the only thing that really makes you not fear what will happen or your own mortality is that every instant is a turn of instances exactly as each point in space is nothing space disappears.,5,19,2385,0
wired,wired_time_16,21,time,4,expert,expert,It will always be there.,1,20,2386,0
wired,wired_time_16,22,time,4,expert,partner,Yeah the idea that something is irretrievable maybe is an accident and we go back again to all the initial conditions in which we started.,1,21,2387,0
wired,wired_time_16,23,time,4,expert,expert,Absolutely.,1,22,2388,0
wired,wired_zero_12,1,zero,0,child,expert,What's your favorite subject?,1,0,2389,0
wired,wired_zero_12,2,zero,0,child,partner,I'd say math. Some of the small problems can actually be really big and complicated. It's like a puzzle.,3,1,2390,0
wired,wired_zero_12,3,zero,0,child,expert,"I love math for the same reason. Today, I'm gonna tell you about a thing called zero-knowledge proof. So in a zero-knowledge proof, there are two people. There's a prover and a verifier. And I wanna prove that something is true to you. But the weird thing is, I wanna prove to you that it's true without telling you any reasons why. I remember when I first heard about it, I was like, wait, what? How can that possibly be? Right?",9,2,2391,0
wired,wired_zero_12,4,zero,0,child,partner,Yeah.,1,3,2392,0
wired,wired_zero_12,5,zero,0,child,expert,"So what do you see in this photo? A lot of penguins. Yeah. Hidden along all these penguins is a puffin. Do you wanna try to look for it? Do you see where it is? Hmm. I know where it is, but I don't wanna tell you. Do you believe me? You're not sure to believe me. Right?",11,4,2393,0
wired,wired_zero_12,6,zero,0,child,partner,Yeah.,1,5,2394,0
wired,wired_zero_12,7,zero,0,child,expert,But what if I could prove to you that I know where the puffin is without revealing to you where it is? Let me show you. I took that photo that we showed you. And I put it behind this poster here. Why don't you go take a look through that hole?,5,6,2395,0
wired,wired_zero_12,8,zero,0,child,partner,I see the puffin.,1,7,2396,0
wired,wired_zero_12,9,zero,0,child,expert,"So when you look at this board, we don't know where the photo was, right? Was the photo like with the corner here? In which case the puffin would be all the way at this side. Or was the photo with the corner here? In which case the puffin would be on the other side. So this is a really simple example of a zero-knowledge proof. I convinced you that I knew where the puffin was, but you didn't learn anything else.",7,8,2397,0
wired,wired_zero_12,10,zero,0,child,partner,Why do you study zero-knowledge proof?,1,9,2398,0
wired,wired_zero_12,11,zero,0,child,expert,"When I first learned about them, I just thought they were so cool. But it turns out they're also really useful, not just for finding like, puffins. If you just type in your password and the hacker hacks into the computer, they can just get your password. Right?",4,10,2399,0
wired,wired_zero_12,12,zero,0,child,partner,Yeah.,1,11,2400,0
wired,wired_zero_12,13,zero,0,child,expert,"What if instead, we could somehow use a zero-knowledge proof to log in. You would just be able to prove that, hey, I'm Chelsea, without revealing anything to them. If you could do that, then it would be amazing, right?",3,12,2401,0
wired,wired_zero_12,14,zero,0,child,partner,Yeah.,1,13,2402,0
wired,wired_zero_12,15,zero,0,child,expert,"Because then even if the hacker hacked into the computer, he wouldn't learn anything. Because even the computer doesn't learn anything. So Chelsea, in your own words, what is a zero-knowledge proof?",3,14,2403,0
wired,wired_zero_12,16,zero,0,child,partner,"Zero-knowledge proof is proof to a statement. You don't show them why or what. You just show them a tiny segment. Or just do some sort of, weird magic trick that's not really a magic trick, and they will be convinced. And you didn't show them why, or anything like that.",5,15,2404,0
wired,wired_zero_13,1,zero,1,teenager,expert,So have you ever heard the term zero-knowledge proof before?,1,0,2405,0
wired,wired_zero_13,2,zero,1,teenager,partner,I have not. No.,2,1,2406,0
wired,wired_zero_13,3,zero,1,teenager,expert,"You have not. Right. It's a way for a prover to convince a verifier that something is true without revealing anything about why it's true, which sounds totally bizarre. Right?",4,2,2407,0
wired,wired_zero_13,4,zero,1,teenager,partner,Yeah.,1,3,2408,0
wired,wired_zero_13,5,zero,1,teenager,expert,"Like how can that possibly be? What I wanna do is prove to you that I know this combination without revealing the combination to you. And what you could do is you could write a little note, a secret that I definitely wouldn't know. Fold it up, stick it in here. And then, if I know the combination, I should be able to open it and tell you what you wrote. All right. All right. There we go. All right. So, \My dog is named Doug.\"""" Did you figure out what the combination was?",11,4,2409,0
wired,wired_zero_13,6,zero,1,teenager,partner,No.,1,5,2410,0
wired,wired_zero_13,7,zero,1,teenager,expert,"So nowhere in this interaction, did you see any information that you didn't already know. And yet I convinced you that I know the combination. Right?",3,6,2411,0
wired,wired_zero_13,8,zero,1,teenager,partner,Yeah. So what's the exact purpose of a zero-knowledge proof? Is it like proving something but without giving enough information that could endanger whatever it is that you're proving?,3,7,2412,0
wired,wired_zero_13,9,zero,1,teenager,expert,"So you're asking like, why shouldn't I just share my secrets with somebody? People don't trust each other. And if I was able to prove that I've done something correctly to someone without having to reveal my secrets, then that person would trust me more.",3,8,2413,0
wired,wired_zero_13,10,zero,1,teenager,partner,"How does this relate to computer technology? Like, do you type it into a computer and somebody else receives it? Or is it an in-person interaction?",3,9,2414,0
wired,wired_zero_13,11,zero,1,teenager,expert,"Suppose you wanted to exchange messages with someone that you knew. Mm-hmm. What would you guys do? You'd probably first get together and like, figure out some secret code, right? And then like, write messages to each other in that code. But what if you've never met the person before? What if you wanna exchange secret messages with me and we've never met each other before? How could we possibly do that?",8,10,2415,0
wired,wired_zero_13,12,zero,1,teenager,partner,I have no idea.,1,11,2416,0
wired,wired_zero_13,13,zero,1,teenager,expert,It sounds impossible. Right?,2,12,2417,0
wired,wired_zero_13,14,zero,1,teenager,partner,It does.,1,13,2418,0
wired,wired_zero_13,15,zero,1,teenager,expert,"But it's not. You wouldn't use like, a physical lock, or a physical box. We would instead use mathematics to do these kinds of things. You could take a message and encrypt it using mathematics. And then, I could prove to you that I know the key, I could open it up, and send it back to you. That way I would be proving to you that I know the mathematical key to the mathematical lockbox. So based on what we've discussed today, in your own words, what is a zero-knowledge proof.",7,14,2419,0
wired,wired_zero_13,16,zero,1,teenager,partner,"It's like, if you have this really important secret that you want somebody to know about, but you don't want to tell them everything. You can use a zero-knowledge proof to prove to them that secret, but not give away all of it.",2,15,2420,0
wired,wired_zero_14,1,zero,2,undergraduate,expert,What are you studying?,1,0,2421,0
wired,wired_zero_14,2,zero,2,undergraduate,partner,"I'm a first-year computer science student at USC Viterbi. I'm interested in all things like, data and internet and blockchain and cryptocurrency.",2,1,2422,0
wired,wired_zero_14,3,zero,2,undergraduate,expert,Have you ever heard of zero-knowledge proofs?,1,2,2423,0
wired,wired_zero_14,4,zero,2,undergraduate,partner,Only in passing.,1,3,2424,0
wired,wired_zero_14,5,zero,2,undergraduate,expert,"So actually, in the blockchain space is one of the spaces where we are seeing zero-knowledge proofs being implemented. And I think it's just the beginning. Let's talk about zero-knowledge proofs. At its core, a zero-knowledge proof is an interaction between two people. Then I should be able to convince you that some statement is true, but you won't have any idea why it's true.",5,4,2425,0
wired,wired_zero_14,6,zero,2,undergraduate,partner,"Will I, like, understand that it's true because like, you know, the operations performed in the proof are like, of a certain, like, you know, they have like, certain attributes that would make them true?",1,5,2426,0
wired,wired_zero_14,7,zero,2,undergraduate,expert,"What you're basically asking is, wait, what? Right?",2,6,2427,0
wired,wired_zero_14,8,zero,2,undergraduate,partner,Right.,1,7,2428,0
wired,wired_zero_14,9,zero,2,undergraduate,expert,"So this is what makes zero-knowledge proof so fascinating, and so counter-intuitive. And I think the best way I can explain it to you is by means of an example. But before we do that, I have to decide what I'm gonna prove to you in a, with a zero-knowledge proof.",3,8,2429,0
wired,wired_zero_14,10,zero,2,undergraduate,partner,Sounds good.,1,9,2430,0
wired,wired_zero_14,11,zero,2,undergraduate,expert,"And the way we're gonna approach this is through something called NP-completeness. What an NP-complete problem is, it's a problem that's really hard to solve. But if you can solve it, you can solve any problem that's in the class NP. And that includes a vast number of problems. And what we're gonna do is we're gonna use an NP-complete problem to actually prove an incredible variety of statements through a zero-knowledge proof. And the specific Np-complete problem that we're gonna be looking at is called map three-coloring. Okay, so here we have a map. Okay. And these are a bunch of countries. And we've arranged them so that no countries that have the same color share a border. That's what makes a map like this validly colored. And now you might think, well, why should we care? It turns out that whether or not a map can be three-colored in this way is an example of an NP-complete problem. And it turns out that, you know, maybe what you really wanna do, is you wanna give a zero-knowledge proof that you have at least 0.3 Bitcoins, right? That would be cool.",15,10,2431,0
wired,wired_zero_14,12,zero,2,undergraduate,partner,Yeah.,1,11,2432,0
wired,wired_zero_14,13,zero,2,undergraduate,expert,"Without revealing what the address is of your account. It turns out I can take that statement that I have at least 0.2 Bitcoins, and convert it into a map of countries. And that map of countries will be three-colorable like this only if you have at least 0.2 Bitcoins.",3,12,2433,0
wired,wired_zero_14,14,zero,2,undergraduate,partner,How would we turn something like this into a zero-knowledge proof?,1,13,2434,0
wired,wired_zero_14,15,zero,2,undergraduate,expert,"Of course, the first step is we have to erase all the colors. What I've done is I've put a color inside each of these envelopes. Now, how do you know that it's a valid coloring? You don't. Right? You have to pick any two neighboring countries. You can pick them however you like. At random.",8,14,2435,0
wired,wired_zero_14,16,zero,2,undergraduate,partner,Can I get these two?,1,15,2436,1
wired,wired_zero_14,17,zero,2,undergraduate,expert,These two?,1,16,2437,1
wired,wired_zero_14,18,zero,2,undergraduate,partner,Yeah.,1,17,2438,1
wired,wired_zero_14,19,zero,2,undergraduate,expert,"All right. Sounds good. Right? Here we have green, right? And over here, we have blue. Okay. And as you can see, they're two different colors.",7,18,2439,1
wired,wired_zero_14,20,zero,2,undergraduate,partner,Mm-hmm.,1,19,2440,1
wired,wired_zero_14,21,zero,2,undergraduate,expert,"Right? So you have a little bit of confidence, right, that I have managed to color this correctly. but not that much confidence. 'Cause I've only shown you two of the countries.",4,20,2441,1
wired,wired_zero_14,22,zero,2,undergraduate,partner,Yeah.,1,21,2442,1
wired,wired_zero_14,23,zero,2,undergraduate,expert,"Right? So now, of course, one way to get more confidence is to open up more of them for you, but that would be revealing information to you. I don't wanna do that. So instead, I'm gonna ask you to please turn around. And now, let's change up these colors. Can you pick two countries at random and we'll reveal two of the colors again.",6,22,2443,1
wired,wired_zero_14,24,zero,2,undergraduate,partner,I'll take this one and this one.,1,23,2444,1
wired,wired_zero_14,25,zero,2,undergraduate,expert,Nice. And that's smart of you to check with the same one of the ones you already had. Right?,3,24,2445,1
wired,wired_zero_14,26,zero,2,undergraduate,partner,Mm-hmm.,1,25,2446,1
wired,wired_zero_14,27,zero,2,undergraduate,expert,"But as you'll see, now it's not green, it's blue. And this one on the other hand, is green. Okay. The colors I showed you last time, don't work with these new colors, right? This wouldn't have worked before.",5,26,2447,1
wired,wired_zero_14,28,zero,2,undergraduate,partner,"Yeah, because of this one, right?",1,27,2448,1
wired,wired_zero_14,29,zero,2,undergraduate,expert,"Exactly. Right. But it works for this coloring that I'm showing you right now. So what we've done is we've made it impossible for you to put the pieces together. And if you do this, let's say, a thousand times. And if I correctly showed you different colors, each thousand times, you'd be really convinced. And that's it. That's the entire zero-knowledge proof.",8,28,2449,1
wired,wired_zero_14,30,zero,2,undergraduate,partner,"Oh, okay. Okay? So is it like, there's no actual, like, explicit, like, step one, step two, step three. No. It's just like, a probabilistic proof all.",5,29,2450,1
wired,wired_zero_14,31,zero,2,undergraduate,expert,"Yeah, in actual implementations we wouldn't use envelopes. Yeah. You would use encryption. Right. But it's really, this is the protocol.",5,30,2451,1
wired,wired_zero_14,32,zero,2,undergraduate,partner,"So what are the broader implications of like, zero-knowledge proofs. Are they supposed to be like, more practical for like, implementation, and or, are they supposed to like, structurally prove something?",2,31,2452,1
wired,wired_zero_14,33,zero,2,undergraduate,expert,"It's not about making something more efficient. It's about doing things that we just didn't know how to do before. I can actually prove to you without revealing to you any of my secrets that I use to behave honestly. Right? I could prove to you that I signed some encrypted document correctly. Right? Without revealing to you what that secret document was. That ability to change the game. Like, really just change what we can do is what zero-knowledge brings to the table.",9,32,2453,1
wired,wired_zero_14,34,zero,2,undergraduate,partner,"Where do you think we could build like, more trust using like, zero-knowledge proofs? Right. And it's implementations?",3,33,2454,1
wired,wired_zero_14,35,zero,2,undergraduate,expert,"One great example is like in elections. If you could prove that an election was correctly conducted. That every vote was counted, and it all added up to one person winning with a particular total, in zero-knowledge, then you don't have to give up the actual votes of any person. And yet everyone could see that, hey, yeah, it was done correctly.",4,34,2455,1
wired,wired_zero_15,1,zero,3,graduate,expert,"It's so great to have you here and to talk with you, Eli. Can you tell me a little bit about your research?",2,0,2456,0
wired,wired_zero_15,2,zero,3,graduate,partner,"My research is in cryptography. Specifically, I'm working on some various multi-party computation protocols. The one I'm working on right now is a system for computing aggregate statistics. So that service providers like, Google Chrome or Tesla, can collect those statistics without learning anything about individual user's data.",4,1,2457,0
wired,wired_zero_15,3,zero,3,graduate,expert,"That's awesome. I, as a user, don't have to let Firefox know that my favorite website is mylittlepony.com. But they can know how many users go to mylittlepony.com every day. That's near and dear to my heart. Multi-party computations.",5,2,2458,0
wired,wired_zero_15,4,zero,3,graduate,partner,"Obviously, zero-knowledge proofs are about proving things to another person without revealing the details of what it is that you're proving. But, you know, in my mind, zero-knowledge actually goes even further beyond that. It's like this overarching concept that you can see a lot in multi-party computation, where you wanna accomplish some sort of task without revealing anything more than exactly what you need to accomplish that task.",3,3,2459,0
wired,wired_zero_15,5,zero,3,graduate,expert,"Right, and it allows you to prove that you've been behaving honestly, without revealing any of the secrets involved that you use to actually behave honestly. So we of course know that zero-knowledge proofs for NP-complete languages plays such a huge role in cryptography. I'm curious. What was your first experience with Np-completeness like?",4,4,2460,0
wired,wired_zero_15,6,zero,3,graduate,partner,"Yeah, so my first encounter with NP-completeness was in my very first algorithms class that I took as an undergraduate. So that was my first introduction. Is that an NP-complete language is this amazing problem that not only tells you about itself, but solving this problem can actually tell you about an entire class of really interesting problems.",3,5,2461,0
wired,wired_zero_15,7,zero,3,graduate,expert,"When you first start to think about proofs as an interactive game where we're talking to each other, did that make zero-knowledge possible?",1,6,2462,0
wired,wired_zero_15,8,zero,3,graduate,partner,Absolutely.,1,7,2463,1
wired,wired_zero_15,9,zero,3,graduate,expert,Right.,1,8,2464,1
wired,wired_zero_15,10,zero,3,graduate,partner,Yeah.,1,9,2465,1
wired,wired_zero_15,11,zero,3,graduate,expert,"And the idea that randomness could be useful for proving something. Again, seems so counter-intuitive if we think about this platonic ideal of a proof, right? There's no randomness, there's no non-determinism that's present there.",3,10,2466,1
wired,wired_zero_15,12,zero,3,graduate,partner,"Yeah. And it has to do with, you know, this whole idea of flipping a proof on its head. You know, in an old classical proof, randomness is specifically against the goal of what you're trying to do.",3,11,2467,1
wired,wired_zero_15,13,zero,3,graduate,expert,Right.,1,12,2468,1
wired,wired_zero_15,14,zero,3,graduate,partner,"Because you're trying to make everything obvious, and you're trying to reveal the flow of information.",1,13,2469,1
wired,wired_zero_15,15,zero,3,graduate,expert,Indeed.,1,14,2470,1
wired,wired_zero_15,16,zero,3,graduate,partner,"But once you flip that on its head and you're no longer trying to do that, suddenly all of the bad properties of randomness become good.",1,15,2471,1
wired,wired_zero_15,17,zero,3,graduate,expert,"Exactly. Right. Because random is unpredictable and that's what we want. Right. We want that unpredictability around us to be utilized, to actually hide the information that we wanna hide. How have you used your knowledge in the projects that you've worked on? What are the challenges that you find?",7,16,2472,1
wired,wired_zero_15,18,zero,3,graduate,partner,"In my experience, usually the hardest part is figuring out exactly where the best place is to use it. I've written some papers in the past that have used zero-knowledge in a more theoretical way. But when it comes to applications, some of the most exciting applications that I've seen so far have been in the blockchain space.",3,17,2473,1
wired,wired_zero_15,19,zero,3,graduate,expert,So what are some of the efficiency bottlenecks that you find?,1,18,2474,1
wired,wired_zero_15,20,zero,3,graduate,partner,"In terms of efficiency, one of the coolest things about zero-knowledge proofs is that there's so many kinds.",1,19,2475,1
wired,wired_zero_15,21,zero,3,graduate,expert,Right.,1,20,2476,1
wired,wired_zero_15,22,zero,3,graduate,partner,"I like to call them flavors. I think that in general, when you're using zero-knowledge proofs in application, the main bottleneck tends to lie on the prover.",2,21,2477,1
wired,wired_zero_15,23,zero,3,graduate,expert,Can you take the prover's job and split it up into lots of parallel computations?,1,22,2478,1
wired,wired_zero_15,24,zero,3,graduate,partner,Ooh. That's such a fun question.,2,23,2479,1
wired,wired_zero_15,25,zero,3,graduate,expert,"It's such a great question. And yeah, I think we still don't know the answer to that, as a field.",2,24,2480,1
wired,wired_zero_15,26,zero,3,graduate,partner,"One of the coolest things I've seen over the past, you know, three or four years, when I've been working on this kind of stuff, is the transition from theoretical to applied.",1,25,2481,1
wired,wired_zero_15,27,zero,3,graduate,expert,Right.,1,26,2482,1
wired,wired_zero_15,28,zero,3,graduate,partner,"And seeing all of these amazing systems that people have thought of in the past 30 years, start to actually get efficient enough to be actually made.",1,27,2483,1
wired,wired_zero_15,29,zero,3,graduate,expert,"No doubt. And especially with cloud computing, exploiting the power of the cloud to enable zero-knowledge proofs, and to make use of zero-knowledge proofs, would be amazing.",2,28,2484,1
wired,wired_zero_15,30,zero,3,graduate,partner,Yeah. Absolutely.,2,29,2485,1
wired,wired_zero_15,31,zero,3,graduate,expert,"And also in the blockchain space, for example, if you wanna speed up the generation of proofs, if that could be done in a distributed way, then that would be great. One of the hopes that I have is that the power of multi-party computation is about bringing people together who are mutually distrustful.",2,30,2486,1
wired,wired_zero_15,32,zero,3,graduate,partner,Yeah.,1,31,2487,1
wired,wired_zero_15,33,zero,3,graduate,expert,"Right. So can we take that power that's there in the cryptography, and use it to somehow help with the tremendous level of mistrust that exists in society right now, in helping to bring groups of people together?",2,32,2488,1
wired,wired_zero_15,34,zero,3,graduate,partner,"I think that's one of the reasons that I was so drawn to multi-party computation in the first place. In my mind, one of the most important problems in the world is the fact that so many people don't trust each other. And to be able to actually use math to create technology that can allow people to work together without having to trust each other, is a really cool and awesome mission, I think.",3,33,2489,1
wired,wired_zero_16,1,zero,4,expert,expert,"Shang-Hua, it's so great to see you again. I think last time we met was in 2017 or something like that.",2,0,2490,0
wired,wired_zero_16,2,zero,4,expert,partner,"I think we Zoomed once during the pandemic, but it's good to see you in person.",1,1,2491,0
wired,wired_zero_16,3,zero,4,expert,expert,Right. Absolutely.,2,2,2492,0
wired,wired_zero_16,4,zero,4,expert,partner,"And actually, in '86 I was taking a crypto class with Professor Leonard Edelman, the A of RSA. And he assigned me the paper by Goldwasser, Micali, and Charlie Rackoff on zero-knowledge proof. So that's indeed my first ever presentation, ever, in this country.",3,3,2493,0
wired,wired_zero_16,5,zero,4,expert,expert,Was about zero-knowledge. That's awesome.,2,4,2494,0
wired,wired_zero_16,6,zero,4,expert,partner,"Was about zero-knowledge, yes.",1,5,2495,0
wired,wired_zero_16,7,zero,4,expert,expert,It's such a almost hypnotic concept.,1,6,2496,0
wired,wired_zero_16,8,zero,4,expert,partner,"It's also an interesting way how mathematically to formulate those concepts, right. For example, we have data. Then eventually we started from data, like data mining, you can get the information, and then you have this word called knowledge.",3,7,2497,0
wired,wired_zero_16,9,zero,4,expert,expert,Right.,1,8,2498,0
wired,wired_zero_16,10,zero,4,expert,partner,"Right. So knowledge has been long debated, even in philosophy. What is knowledge?",3,9,2499,0
wired,wired_zero_16,11,zero,4,expert,expert,Indeed.,1,10,2500,0
wired,wired_zero_16,12,zero,4,expert,partner,"But here is a very fascinating way mathematicians or computer scientists want to somehow capture this knowledge. It didn't say zero-information proof. Right. So what's your take on why knowledge is, rather than information, or zero-data proof. Clearly, there's data there. So can't be zero-data.",6,11,2501,0
wired,wired_zero_16,13,zero,4,expert,expert,"Absolutely. I don't think we still have a completely satisfactory answer to that question. What was so, such a beautiful insight, as I'm sure you know, is that the idea of zero-knowledge being something that you can already predict.",3,12,2502,0
wired,wired_zero_16,14,zero,4,expert,partner,Mm-hmm.,1,13,2503,0
wired,wired_zero_16,15,zero,4,expert,expert,Right.,1,14,2504,0
wired,wired_zero_16,16,zero,4,expert,partner,Mm-hmm.,1,15,2505,0
wired,wired_zero_16,17,zero,4,expert,expert,"If you can already predict the answer, then you must not be gaining any knowledge by that interaction. This insight of being able to predict the future accurately, and that being an evidence of a lack of new knowledge, Mm-hmm. was such a beautiful insight, such an amazing insight.",3,16,2506,1
wired,wired_zero_16,18,zero,4,expert,partner,"Well there's not zero-information here. Fundamentally I, clearly from computing perspective, security perspective, is how much knowledge you're gaining, I guess. More than how much information you've gained. Indeed. And how much data you have. Right. Right. So that data then immediately imply, a knowledge. But people can't, sometimes.",9,17,2507,1
wired,wired_zero_16,19,zero,4,expert,expert,"Right. Sometimes. I mean, for example, in medical research, how amazing would it be, right, to be able to have a drug, and be able to prove that my drug works in this model.",3,18,2508,1
wired,wired_zero_16,20,zero,4,expert,partner,Mm-hmm.,1,19,2509,1
wired,wired_zero_16,21,zero,4,expert,expert,"And yet, not have to actually reveal the structure of the compound.",1,20,2510,1
wired,wired_zero_16,22,zero,4,expert,partner,"What, currently, you're saying it would be the next directions in this space.",1,21,2511,1
wired,wired_zero_16,23,zero,4,expert,expert,What's the next big things? Yes. Yeah. This concept of zero-knowledge programs would allow you to carry out completely arbitrary computations.,4,22,2512,1
wired,wired_zero_16,24,zero,4,expert,partner,Mm-hmm.,1,23,2513,1
wired,wired_zero_16,25,zero,4,expert,expert,"in a zero-knowledge way, without any interaction, right. I can just take the program, convert it to a zero-knowledge program, or an obfuscated program, and then just send it to you.",2,24,2514,1
wired,wired_zero_16,26,zero,4,expert,partner,Mm-hmm.,1,25,2515,1
wired,wired_zero_16,27,zero,4,expert,expert,And then you can run it and gain the benefit of that computation without having to talk to me anymore.,1,26,2516,1
wired,wired_zero_16,28,zero,4,expert,partner,That's right. There's a non-interactive nature.,2,27,2517,1
wired,wired_zero_16,29,zero,4,expert,expert,The non-interactive nature.,1,28,2518,1
wired,wired_zero_16,30,zero,4,expert,partner,But there's verifiability in it.,1,29,2519,1
wired,wired_zero_16,31,zero,4,expert,expert,Indeed.,1,30,2520,1
wired,wired_zero_16,32,zero,4,expert,partner,"Sometimes when, for example, when you have multi-protocol exchange that, you know, just like a random number showed up, you have to enter the random number. As authentication, yes.",2,31,2521,1
wired,wired_zero_16,33,zero,4,expert,expert,"Authentication, right.",1,32,2522,1
wired,wired_zero_16,34,zero,4,expert,partner,"Now clearly I think in block chain, they also began to incorporate a more general knowledge of proof in the ledger.",1,33,2523,1
wired,wired_zero_16,35,zero,4,expert,expert,"Indeed. We're definitely at this moment now, where zero-knowledge is gonna be used more and more. There are so many conferences and meetings that occur in the zero-knowledge space, where you and I are not invited. Because it's for the people who are developing. You know, the people who are programming, not us mathematicians.",5,34,2524,1
wired,wired_zero_16,36,zero,4,expert,partner,"Yes, yes.",1,35,2525,1
wired,wired_zero_16,37,zero,4,expert,expert,"And I think that's a sign. That's a sign that our baby has grown up and, you know, it's time for it to be developed.",2,36,2526,1
wired,wired_zero_16,38,zero,4,expert,partner,"I think, profoundly, the students often also ask me, what are the future direction, both in terms of crypto, zero-knowledge proof, in the real world and how mathematical you see in computing.",1,37,2527,1
wired,wired_zero_16,39,zero,4,expert,expert,"It's a great question. I wish I could see the future. I can't actually, but let me try. The part of that that I'm the most comfortable answering is of course the mathematical side.",4,38,2528,1
wired,wired_zero_16,40,zero,4,expert,partner,Mm-hmm.,1,39,2529,1
wired,wired_zero_16,41,zero,4,expert,expert,"I think that there is, you know, we've done so much in cryptography over the last few decades, but we understand so little. You know, even today we understand so little. And I think the most fundamental aspect of that is understanding hardness. How do we get hard problems? How do we actually build mathematically hard problems so that we can then use them to build efficient zero-knowledge programs. And efficient zero-knowledge proofs, right?",6,40,2530,1
wired,wired_zero_16,42,zero,4,expert,partner,"I guess also, in quantum computing, you need even harder problems.",1,41,2531,1
wired,wired_zero_16,43,zero,4,expert,expert,"Indeed. Absolutely. You know, now that we have the specter of quantum computing coming at us and we all know that quantum computers can break a lot of cryptographic systems. Yes. A profound challenge. It's a profound challenge. So can we find new sources of hardness that are quantum-resistant?",7,42,2532,1
wired,wired_zero_16,44,zero,4,expert,partner,That's right.,1,43,2533,1
wired,wired_zero_16,45,zero,4,expert,expert,That even quantum computers can't break. And that's something I've been working on for the last several years. But I'd be very excited to see what happens in that space.,3,44,2534,1
wired,wired_zero_16,46,zero,4,expert,partner,But I'm sure they will motivate beautiful mathematics.,1,45,2535,1
wired,wired_zero_16,47,zero,4,expert,expert,"Yes, that's right. You know, one of the great things about the real world is that people in the real world have demands.",2,46,2536,1
wired,wired_zero_16,48,zero,4,expert,partner,That's right.,1,47,2537,1
wired,wired_zero_16,49,zero,4,expert,expert,And those demands often sound impossible. And that's where we come in. It's our job to make the impossible possible.,3,48,2538,1
